source_order,source_bq,source_artno,link_code,model_number,buyer_intent,keyword_cluster,title,primary_color,hero_angle,hero_source_anchor,main_image_roles,detail_focus,source_main_count,source_detail_count,source_color_count,facts_source,asset_folder,image_status,cdn_status,excel_status
1,BQ001,BQ001,BQ001-W1,BQ001-W1 / BQ001,Importer and wholesaler core sourcing,wholesale walking shoes; factory shoe supplier; bulk casual footwear,Wholesale Breathable Knit Slip-On Wide Toe Box Walking Shoes Lightweight EVA Sole for Importers and Wholesalers,Black White,"clean white background, three-quarter front view, one complete pair",E:\贝强大文件\01_产品资产\02_可发布素材\00_最终上传\BQ001_数据包1\01_主图\01_main.jpg,hero | differentiator | construction | use scene | color | order support,"product overview, verified construction, size/color range, wholesale ordering",5,7,3,E:\贝强大文件\01_产品资产\02_可发布素材\00_最终上传\BQ001_数据包1\00_上架填写表.md,E:\贝强大文件\01_产品资产\02_可发布素材\00_最终上传\BQ001_数据包1,NEEDS_6_UNIQUE_MAIN_AND_4_UNIQUE_DETAIL,PENDING_ALIBABA_IMAGE_BANK,PENDING_IMAGE_URLS
1,BQ001,BQ001,BQ001-R1,BQ001-R1 / BQ001,Travel and Commuting Collection,daily walking shoes; casual shoe collection; footwear for online sellers,Factory Direct Breathable Knit Slip-On Wide Toe Box Walking Travel and Commuting Collection for Online Sellers,All Black,"light neutral background, distinct side-profile composition, one complete pair",E:\贝强大文件\01_产品资产\02_可发布素材\00_最终上传\BQ001_数据包1\01_主图\02_toe.jpg,hero | differentiator | construction | use scene | color | order support,"travel, commuting and daily-casual footwear buyers, use scenario, visible comfort structure, color collection",5,7,3,E:\贝强大文件\01_产品资产\02_可发布素材\00_最终上传\BQ001_数据包1\00_上架填写表.md,E:\贝强大文件\01_产品资产\02_可发布素材\00_最终上传\BQ001_数据包1,NEEDS_6_UNIQUE_MAIN_AND_4_UNIQUE_DETAIL,PENDING_ALIBABA_IMAGE_BANK,PENDING_IMAGE_URLS
1,BQ001,BQ001,BQ001-O1,BQ001-O1 / BQ001,OEM ODM and private-label development,OEM shoes; private label footwear; custom logo shoe factory,OEM ODM Private Label Breathable Knit Slip-On Wide Toe Box Walking Shoes Factory Supply for Brand Buyers,White,"clean studio background, distinct low three-quarter angle, one complete pair",E:\贝强大文件\01_产品资产\02_可发布素材\00_最终上传\BQ001_数据包1\01_主图\03_walk.jpg,hero | differentiator | construction | use scene | color | order support,"verified product construction, sample discussion, logo/color/packing development scope",5,7,3,E:\贝强大文件\01_产品资产\02_可发布素材\00_最终上传\BQ001_数据包1\00_上架填写表.md,E:\贝强大文件\01_产品资产\02_可发布素材\00_最终上传\BQ001_数据包1,NEEDS_6_UNIQUE_MAIN_AND_4_UNIQUE_DETAIL,PENDING_ALIBABA_IMAGE_BANK,PENDING_IMAGE_URLS
2,BQ002,BQ002,BQ002-W1,BQ002-W1 / BQ002,Importer and wholesaler core sourcing,wholesale walking shoes; factory shoe supplier; bulk casual footwear,Wholesale Lightweight Knit Slip-On Wide Toe Box Walking Shoes EVA Sole Casual for Importers and Wholesalers,Grey White,"clean white background, three-quarter front view, one complete pair",E:\贝强大文件\01_产品资产\02_可发布素材\00_最终上传\BQ002_数据包2\01_主图\01_main.jpg,hero | differentiator | construction | use scene | color | order support,"product overview, verified construction, size/color range, wholesale ordering",5,7,3,E:\贝强大文件\01_产品资产\02_可发布素材\00_最终上传\BQ002_数据包2\00_上架填写表.md,E:\贝强大文件\01_产品资产\02_可发布素材\00_最终上传\BQ002_数据包2,NEEDS_6_UNIQUE_MAIN_AND_4_UNIQUE_DETAIL,PENDING_ALIBABA_IMAGE_BANK,PENDING_IMAGE_URLS
2,BQ002,BQ002,BQ002-R1,BQ002-R1 / BQ002,Travel and Commuting Collection,daily walking shoes; casual shoe collection; footwear for online sellers,Factory Direct Lightweight Knit Slip-On Wide Toe Box Walking Travel and Commuting Collection for Online Sellers,Grey Black,"light neutral background, distinct side-profile composition, one complete pair",E:\贝强大文件\01_产品资产\02_可发布素材\00_最终上传\BQ002_数据包2\01_主图\02_toe.jpg,hero | differentiator | construction | use scene | color | order support,"travel, commuting and daily-casual footwear buyers, use scenario, visible comfort structure, color collection",5,7,3,E:\贝强大文件\01_产品资产\02_可发布素材\00_最终上传\BQ002_数据包2\00_上架填写表.md,E:\贝强大文件\01_产品资产\02_可发布素材\00_最终上传\BQ002_数据包2,NEEDS_6_UNIQUE_MAIN_AND_4_UNIQUE_DETAIL,PENDING_ALIBABA_IMAGE_BANK,PENDING_IMAGE_URLS
2,BQ002,BQ002,BQ002-O1,BQ002-O1 / BQ002,OEM ODM and private-label development,OEM shoes; private label footwear; custom logo shoe factory,OEM ODM Private Label Lightweight Knit Slip-On Wide Toe Box Walking Shoes EVA Sole Factory Supply for Brand Buyers,Grey Khaki,"clean studio background, distinct low three-quarter angle, one complete pair",E:\贝强大文件\01_产品资产\02_可发布素材\00_最终上传\BQ002_数据包2\01_主图\03_walk.jpg,hero | differentiator | construction | use scene | color | order support,"verified product construction, sample discussion, logo/color/packing development scope",5,7,3,E:\贝强大文件\01_产品资产\02_可发布素材\00_最终上传\BQ002_数据包2\00_上架填写表.md,E:\贝强大文件\01_产品资产\02_可发布素材\00_最终上传\BQ002_数据包2,NEEDS_6_UNIQUE_MAIN_AND_4_UNIQUE_DETAIL,PENDING_ALIBABA_IMAGE_BANK,PENDING_IMAGE_URLS
3,BQ003,R1218,BQ003-W1,BQ003-W1 / R1218,Importer and wholesaler core sourcing,wholesale walking shoes; factory shoe supplier; bulk casual footwear,Wholesale Breathable Knit Lace-Up Walking Shoes R1218 Lightweight EVA Sole Casual for Importers and Wholesalers,White,"clean white background, three-quarter front view, one complete pair",E:\贝强大文件\01_产品资产\02_可发布素材\00_最终上传\BQ003_R1218\01_主图\01_main.jpg,hero | differentiator | construction | use scene | color | order support,"product overview, verified construction, size/color range, wholesale ordering",5,4,0,E:\贝强大文件\01_产品资产\02_可发布素材\00_最终上传\BQ003_R1218\00_上架填写表.md,E:\贝强大文件\01_产品资产\02_可发布素材\00_最终上传\BQ003_R1218,NEEDS_6_UNIQUE_MAIN_AND_4_UNIQUE_DETAIL,PENDING_ALIBABA_IMAGE_BANK,PENDING_IMAGE_URLS
3,BQ003,R1218,BQ003-R1,BQ003-R1 / R1218,Daily Walking Collection,daily walking shoes; casual shoe collection; footwear for online sellers,Factory Direct Breathable Knit Lace-Up Walking Shoes R1218 Lightweight Daily Walking Collection for Online Sellers,Grey,"light neutral background, distinct side-profile composition, one complete pair",E:\贝强大文件\01_产品资产\02_可发布素材\00_最终上传\BQ003_R1218\01_主图\02_grey.jpg,hero | differentiator | construction | use scene | color | order support,"walking, commuting and casual footwear buyers, use scenario, visible comfort structure, color collection",5,4,0,E:\贝强大文件\01_产品资产\02_可发布素材\00_最终上传\BQ003_R1218\00_上架填写表.md,E:\贝强大文件\01_产品资产\02_可发布素材\00_最终上传\BQ003_R1218,NEEDS_6_UNIQUE_MAIN_AND_4_UNIQUE_DETAIL,PENDING_ALIBABA_IMAGE_BANK,PENDING_IMAGE_URLS
3,BQ003,R1218,BQ003-O1,BQ003-O1 / R1218,OEM ODM and private-label development,OEM shoes; private label footwear; custom logo shoe factory,OEM ODM Private Label Breathable Knit Lace-Up Walking Shoes R1218 Lightweight EVA Factory Supply for Brand Buyers,Pink,"clean studio background, distinct low three-quarter angle, one complete pair",E:\贝强大文件\01_产品资产\02_可发布素材\00_最终上传\BQ003_R1218\01_主图\03_pink.jpg,hero | differentiator | construction | use scene | color | order support,"verified product construction, sample discussion, logo/color/packing development scope",5,4,0,E:\贝强大文件\01_产品资产\02_可发布素材\00_最终上传\BQ003_R1218\00_上架填写表.md,E:\贝强大文件\01_产品资产\02_可发布素材\00_最终上传\BQ003_R1218,NEEDS_6_UNIQUE_MAIN_AND_4_UNIQUE_DETAIL,PENDING_ALIBABA_IMAGE_BANK,PENDING_IMAGE_URLS
4,BQ004,A502,BQ004-W1,BQ004-W1 / A502,Importer and wholesaler core sourcing,wholesale walking shoes; factory shoe supplier; bulk casual footwear,Wholesale Breathable Knit Casual Walking Shoes Model A502 for Importers and Wholesalers,Grey Black,"clean white background, three-quarter front view, one complete pair",E:\贝强大文件\01_产品资产\02_可发布素材\00_最终上传\BQ004_A502\01_主图\01_main.jpg,hero | differentiator | construction | use scene | color | order support,"product overview, verified construction, size/color range, wholesale ordering",6,6,0,E:\贝强大文件\01_产品资产\02_可发布素材\00_最终上传\BQ004_A502\00_上架填写表.md,E:\贝强大文件\01_产品资产\02_可发布素材\00_最终上传\BQ004_A502,NEEDS_6_UNIQUE_MAIN_AND_4_UNIQUE_DETAIL,PENDING_ALIBABA_IMAGE_BANK,PENDING_IMAGE_URLS
4,BQ004,A502,BQ004-R1,BQ004-R1 / A502,Casual Walking Collection,daily walking shoes; casual shoe collection; footwear for online sellers,Factory Direct Breathable Knit Casual Walking Shoes Model A502 Casual Walking Collection for Online Sellers,Grey Black,"light neutral background, distinct side-profile composition, one complete pair",E:\贝强大文件\01_产品资产\02_可发布素材\00_最终上传\BQ004_A502\01_主图\02_orange.jpg,hero | differentiator | construction | use scene | color | order support,"importers, wholesalers and online sellers, use scenario, visible comfort structure, color collection",6,6,0,E:\贝强大文件\01_产品资产\02_可发布素材\00_最终上传\BQ004_A502\00_上架填写表.md,E:\贝强大文件\01_产品资产\02_可发布素材\00_最终上传\BQ004_A502,NEEDS_6_UNIQUE_MAIN_AND_4_UNIQUE_DETAIL,PENDING_ALIBABA_IMAGE_BANK,PENDING_IMAGE_URLS
4,BQ004,A502,BQ004-O1,BQ004-O1 / A502,OEM ODM and private-label development,OEM shoes; private label footwear; custom logo shoe factory,OEM ODM Private Label Breathable Knit Casual Walking Shoes Model A502 Factory Supply for Brand Buyers,Grey Black,"clean studio background, distinct low three-quarter angle, one complete pair",E:\贝强大文件\01_产品资产\02_可发布素材\00_最终上传\BQ004_A502\01_主图\03_blue.jpg,hero | differentiator | construction | use scene | color | order support,"verified product construction, sample discussion, logo/color/packing development scope",6,6,0,E:\贝强大文件\01_产品资产\02_可发布素材\00_最终上传\BQ004_A502\00_上架填写表.md,E:\贝强大文件\01_产品资产\02_可发布素材\00_最终上传\BQ004_A502,NEEDS_6_UNIQUE_MAIN_AND_4_UNIQUE_DETAIL,PENDING_ALIBABA_IMAGE_BANK,PENDING_IMAGE_URLS
5,BQ005,A503,BQ005-W1,BQ005-W1 / A503,Importer and wholesaler core sourcing,wholesale walking shoes; factory shoe supplier; bulk casual footwear,Wholesale Breathable Knit Casual Walking Shoes Model A503 for Importers and Wholesalers,Black,"clean white background, three-quarter front view, one complete pair",E:\贝强大文件\01_产品资产\02_可发布素材\00_最终上传\BQ005_A503\01_主图\01_main.jpg,hero | differentiator | construction | use scene | color | order support,"product overview, verified construction, size/color range, wholesale ordering",6,5,0,E:\贝强大文件\01_产品资产\02_可发布素材\00_最终上传\BQ005_A503\00_上架填写表.md,E:\贝强大文件\01_产品资产\02_可发布素材\00_最终上传\BQ005_A503,NEEDS_6_UNIQUE_MAIN_AND_4_UNIQUE_DETAIL,PENDING_ALIBABA_IMAGE_BANK,PENDING_IMAGE_URLS
5,BQ005,A503,BQ005-R1,BQ005-R1 / A503,Casual Walking Collection,daily walking shoes; casual shoe collection; footwear for online sellers,Factory Direct Breathable Knit Casual Walking Shoes Model A503 Casual Walking Collection for Online Sellers,Black,"light neutral background, distinct side-profile composition, one complete pair",E:\贝强大文件\01_产品资产\02_可发布素材\00_最终上传\BQ005_A503\01_主图\02_colors.jpg,hero | differentiator | construction | use scene | color | order support,"importers, wholesalers and online sellers, use scenario, visible comfort structure, color collection",6,5,0,E:\贝强大文件\01_产品资产\02_可发布素材\00_最终上传\BQ005_A503\00_上架填写表.md,E:\贝强大文件\01_产品资产\02_可发布素材\00_最终上传\BQ005_A503,NEEDS_6_UNIQUE_MAIN_AND_4_UNIQUE_DETAIL,PENDING_ALIBABA_IMAGE_BANK,PENDING_IMAGE_URLS
5,BQ005,A503,BQ005-O1,BQ005-O1 / A503,OEM ODM and private-label development,OEM shoes; private label footwear; custom logo shoe factory,OEM ODM Private Label Breathable Knit Casual Walking Shoes Model A503 Factory Supply for Brand Buyers,Black,"clean studio background, distinct low three-quarter angle, one complete pair",E:\贝强大文件\01_产品资产\02_可发布素材\00_最终上传\BQ005_A503\01_主图\03_white.jpg,hero | differentiator | construction | use scene | color | order support,"verified product construction, sample discussion, logo/color/packing development scope",6,5,0,E:\贝强大文件\01_产品资产\02_可发布素材\00_最终上传\BQ005_A503\00_上架填写表.md,E:\贝强大文件\01_产品资产\02_可发布素材\00_最终上传\BQ005_A503,NEEDS_6_UNIQUE_MAIN_AND_4_UNIQUE_DETAIL,PENDING_ALIBABA_IMAGE_BANK,PENDING_IMAGE_URLS
6,BQ006,M8811,BQ006-W1,BQ006-W1 / M8811,Importer and wholesaler core sourcing,wholesale walking shoes; factory shoe supplier; bulk casual footwear,Wholesale Breathable Knit Casual Walking Shoes Model M8811 for Importers and Wholesalers,Black White,"clean white background, three-quarter front view, one complete pair",E:\贝强大文件\01_产品资产\02_可发布素材\00_最终上传\BQ006_M8811\01_主图\01_main.jpg,hero | differentiator | construction | use scene | color | order support,"product overview, verified construction, size/color range, wholesale ordering",7,5,0,E:\贝强大文件\01_产品资产\02_可发布素材\00_最终上传\BQ006_M8811\00_上架填写表.md,E:\贝强大文件\01_产品资产\02_可发布素材\00_最终上传\BQ006_M8811,NEEDS_6_UNIQUE_MAIN_AND_4_UNIQUE_DETAIL,PENDING_ALIBABA_IMAGE_BANK,PENDING_IMAGE_URLS
6,BQ006,M8811,BQ006-R1,BQ006-R1 / M8811,Casual Walking Collection,daily walking shoes; casual shoe collection; footwear for online sellers,Factory Direct Breathable Knit Casual Walking Shoes Model M8811 Casual Walking Collection for Online Sellers,Black White,"light neutral background, distinct side-profile composition, one complete pair",E:\贝强大文件\01_产品资产\02_可发布素材\00_最终上传\BQ006_M8811\01_主图\02_white.jpg,hero | differentiator | construction | use scene | color | order support,"importers, wholesalers and online sellers, use scenario, visible comfort structure, color collection",7,5,0,E:\贝强大文件\01_产品资产\02_可发布素材\00_最终上传\BQ006_M8811\00_上架填写表.md,E:\贝强大文件\01_产品资产\02_可发布素材\00_最终上传\BQ006_M8811,NEEDS_6_UNIQUE_MAIN_AND_4_UNIQUE_DETAIL,PENDING_ALIBABA_IMAGE_BANK,PENDING_IMAGE_URLS
6,BQ006,M8811,BQ006-O1,BQ006-O1 / M8811,OEM ODM and private-label development,OEM shoes; private label footwear; custom logo shoe factory,OEM ODM Private Label Breathable Knit Casual Walking Shoes Model M8811 Factory Supply for Brand Buyers,Black White,"clean studio background, distinct low three-quarter angle, one complete pair",E:\贝强大文件\01_产品资产\02_可发布素材\00_最终上传\BQ006_M8811\01_主图\03_grey.jpg,hero | differentiator | construction | use scene | color | order support,"verified product construction, sample discussion, logo/color/packing development scope",7,5,0,E:\贝强大文件\01_产品资产\02_可发布素材\00_最终上传\BQ006_M8811\00_上架填写表.md,E:\贝强大文件\01_产品资产\02_可发布素材\00_最终上传\BQ006_M8811,NEEDS_6_UNIQUE_MAIN_AND_4_UNIQUE_DETAIL,PENDING_ALIBABA_IMAGE_BANK,PENDING_IMAGE_URLS
7,BQ007,L0017,BQ007-W1,BQ007-W1 / L0017,Importer and wholesaler core sourcing,wholesale walking shoes; factory shoe supplier; bulk casual footwear,Wholesale Breathable Knit Casual Walking Shoes Model L0017 for Importers and Wholesalers,White,"clean white background, three-quarter front view, one complete pair",E:\贝强大文件\01_产品资产\02_可发布素材\00_最终上传\BQ007_L0017\01_主图\01_main.jpg,hero | differentiator | construction | use scene | color | order support,"product overview, verified construction, size/color range, wholesale ordering",5,5,0,E:\贝强大文件\01_产品资产\02_可发布素材\00_最终上传\BQ007_L0017\00_上架填写表.md,E:\贝强大文件\01_产品资产\02_可发布素材\00_最终上传\BQ007_L0017,NEEDS_6_UNIQUE_MAIN_AND_4_UNIQUE_DETAIL,PENDING_ALIBABA_IMAGE_BANK,PENDING_IMAGE_URLS
7,BQ007,L0017,BQ007-R1,BQ007-R1 / L0017,Casual Walking Collection,daily walking shoes; casual shoe collection; footwear for online sellers,Factory Direct Breathable Knit Casual Walking Shoes Model L0017 Casual Walking Collection for Online Sellers,White,"light neutral background, distinct side-profile composition, one complete pair",E:\贝强大文件\01_产品资产\02_可发布素材\00_最终上传\BQ007_L0017\01_主图\02_black.jpg,hero | differentiator | construction | use scene | color | order support,"importers, wholesalers and online sellers, use scenario, visible comfort structure, color collection",5,5,0,E:\贝强大文件\01_产品资产\02_可发布素材\00_最终上传\BQ007_L0017\00_上架填写表.md,E:\贝强大文件\01_产品资产\02_可发布素材\00_最终上传\BQ007_L0017,NEEDS_6_UNIQUE_MAIN_AND_4_UNIQUE_DETAIL,PENDING_ALIBABA_IMAGE_BANK,PENDING_IMAGE_URLS
7,BQ007,L0017,BQ007-O1,BQ007-O1 / L0017,OEM ODM and private-label development,OEM shoes; private label footwear; custom logo shoe factory,OEM ODM Private Label Breathable Knit Casual Walking Shoes Model L0017 Factory Supply for Brand Buyers,White,"clean studio background, distinct low three-quarter angle, one complete pair",E:\贝强大文件\01_产品资产\02_可发布素材\00_最终上传\BQ007_L0017\01_主图\03_blackw.jpg,hero | differentiator | construction | use scene | color | order support,"verified product construction, sample discussion, logo/color/packing development scope",5,5,0,E:\贝强大文件\01_产品资产\02_可发布素材\00_最终上传\BQ007_L0017\00_上架填写表.md,E:\贝强大文件\01_产品资产\02_可发布素材\00_最终上传\BQ007_L0017,NEEDS_6_UNIQUE_MAIN_AND_4_UNIQUE_DETAIL,PENDING_ALIBABA_IMAGE_BANK,PENDING_IMAGE_URLS
8,BQ008,L1009,BQ008-W1,BQ008-W1 / L1009,Importer and wholesaler core sourcing,wholesale walking shoes; factory shoe supplier; bulk casual footwear,Wholesale Breathable Knit Casual Walking Shoes Model L1009 for Importers and Wholesalers,Black White,"clean white background, three-quarter front view, one complete pair",E:\贝强大文件\01_产品资产\02_可发布素材\00_最终上传\BQ008_L1009\01_主图\00_main_clean.png,hero | differentiator | construction | use scene | color | order support,"product overview, verified construction, size/color range, wholesale ordering",10,5,0,E:\贝强大文件\01_产品资产\02_可发布素材\00_最终上传\BQ008_L1009\00_上架填写表.md,E:\贝强大文件\01_产品资产\02_可发布素材\00_最终上传\BQ008_L1009,NEEDS_6_UNIQUE_MAIN_AND_4_UNIQUE_DETAIL,PENDING_ALIBABA_IMAGE_BANK,PENDING_IMAGE_URLS
8,BQ008,L1009,BQ008-R1,BQ008-R1 / L1009,Casual Walking Collection,daily walking shoes; casual shoe collection; footwear for online sellers,Factory Direct Breathable Knit Casual Walking Shoes Model L1009 Casual Walking Collection for Online Sellers,Black Sole,"light neutral background, distinct side-profile composition, one complete pair",E:\贝强大文件\01_产品资产\02_可发布素材\00_最终上传\BQ008_L1009\01_主图\01_main.jpg,hero | differentiator | construction | use scene | color | order support,"importers, wholesalers and online sellers, use scenario, visible comfort structure, color collection",10,5,0,E:\贝强大文件\01_产品资产\02_可发布素材\00_最终上传\BQ008_L1009\00_上架填写表.md,E:\贝强大文件\01_产品资产\02_可发布素材\00_最终上传\BQ008_L1009,NEEDS_6_UNIQUE_MAIN_AND_4_UNIQUE_DETAIL,PENDING_ALIBABA_IMAGE_BANK,PENDING_IMAGE_URLS
8,BQ008,L1009,BQ008-O1,BQ008-O1 / L1009,OEM ODM and private-label development,OEM shoes; private label footwear; custom logo shoe factory,OEM ODM Private Label Breathable Knit Casual Walking Shoes Model L1009 Factory Supply for Brand Buyers,Black White,"clean studio background, distinct low three-quarter angle, one complete pair",E:\贝强大文件\01_产品资产\02_可发布素材\00_最终上传\BQ008_L1009\01_主图\02_greeng.jpg,hero | differentiator | construction | use scene | color | order support,"verified product construction, sample discussion, logo/color/packing development scope",10,5,0,E:\贝强大文件\01_产品资产\02_可发布素材\00_最终上传\BQ008_L1009\00_上架填写表.md,E:\贝强大文件\01_产品资产\02_可发布素材\00_最终上传\BQ008_L1009,NEEDS_6_UNIQUE_MAIN_AND_4_UNIQUE_DETAIL,PENDING_ALIBABA_IMAGE_BANK,PENDING_IMAGE_URLS
9,BQ009,L1026,BQ009-W1,BQ009-W1 / L1026,Importer and wholesaler core sourcing,wholesale walking shoes; factory shoe supplier; bulk casual footwear,Wholesale Breathable Knit Casual Walking Shoes Model L1026 for Importers and Wholesalers,Black White,"clean white background, three-quarter front view, one complete pair",E:\贝强大文件\01_产品资产\02_可发布素材\00_最终上传\BQ009_L1026\01_主图\01_main.jpg,hero | differentiator | construction | use scene | color | order support,"product overview, verified construction, size/color range, wholesale ordering",5,5,0,E:\贝强大文件\01_产品资产\02_可发布素材\00_最终上传\BQ009_L1026\00_上架填写表.md,E:\贝强大文件\01_产品资产\02_可发布素材\00_最终上传\BQ009_L1026,NEEDS_6_UNIQUE_MAIN_AND_4_UNIQUE_DETAIL,PENDING_ALIBABA_IMAGE_BANK,PENDING_IMAGE_URLS
9,BQ009,L1026,BQ009-R1,BQ009-R1 / L1026,Casual Walking Collection,daily walking shoes; casual shoe collection; footwear for online sellers,Factory Direct Breathable Knit Casual Walking Shoes Model L1026 Casual Walking Collection for Online Sellers,Black White,"light neutral background, distinct side-profile composition, one complete pair",E:\贝强大文件\01_产品资产\02_可发布素材\00_最终上传\BQ009_L1026\01_主图\02_orange.jpg,hero | differentiator | construction | use scene | color | order support,"importers, wholesalers and online sellers, use scenario, visible comfort structure, color collection",5,5,0,E:\贝强大文件\01_产品资产\02_可发布素材\00_最终上传\BQ009_L1026\00_上架填写表.md,E:\贝强大文件\01_产品资产\02_可发布素材\00_最终上传\BQ009_L1026,NEEDS_6_UNIQUE_MAIN_AND_4_UNIQUE_DETAIL,PENDING_ALIBABA_IMAGE_BANK,PENDING_IMAGE_URLS
9,BQ009,L1026,BQ009-O1,BQ009-O1 / L1026,OEM ODM and private-label development,OEM shoes; private label footwear; custom logo shoe factory,OEM ODM Private Label Breathable Knit Casual Walking Shoes Model L1026 Factory Supply for Brand Buyers,Black White,"clean studio background, distinct low three-quarter angle, one complete pair",E:\贝强大文件\01_产品资产\02_可发布素材\00_最终上传\BQ009_L1026\01_主图\03_mint.jpg,hero | differentiator | construction | use scene | color | order support,"verified product construction, sample discussion, logo/color/packing development scope",5,5,0,E:\贝强大文件\01_产品资产\02_可发布素材\00_最终上传\BQ009_L1026\00_上架填写表.md,E:\贝强大文件\01_产品资产\02_可发布素材\00_最终上传\BQ009_L1026,NEEDS_6_UNIQUE_MAIN_AND_4_UNIQUE_DETAIL,PENDING_ALIBABA_IMAGE_BANK,PENDING_IMAGE_URLS
10,BQ010,R1601,BQ010-W1,BQ010-W1 / R1601,Importer and wholesaler core sourcing,wholesale walking shoes; factory shoe supplier; bulk casual footwear,Wholesale Breathable Knit Casual Walking Shoes Model R1601 for Importers and Wholesalers,White Sole Black,"clean white background, three-quarter front view, one complete pair",E:\贝强大文件\01_产品资产\02_可发布素材\00_最终上传\BQ010_R1601\01_主图\01_main.jpg,hero | differentiator | construction | use scene | color | order support,"product overview, verified construction, size/color range, wholesale ordering",5,7,0,E:\贝强大文件\01_产品资产\02_可发布素材\00_最终上传\BQ010_R1601\00_上架填写表.md,E:\贝强大文件\01_产品资产\02_可发布素材\00_最终上传\BQ010_R1601,NEEDS_6_UNIQUE_MAIN_AND_4_UNIQUE_DETAIL,PENDING_ALIBABA_IMAGE_BANK,PENDING_IMAGE_URLS
10,BQ010,R1601,BQ010-R1,BQ010-R1 / R1601,Casual Walking Collection,daily walking shoes; casual shoe collection; footwear for online sellers,Factory Direct Breathable Knit Casual Walking Shoes Model R1601 Casual Walking Collection for Online Sellers,White Sole Black,"light neutral background, distinct side-profile composition, one complete pair",E:\贝强大文件\01_产品资产\02_可发布素材\00_最终上传\BQ010_R1601\01_主图\02_black.jpg,hero | differentiator | construction | use scene | color | order support,"importers, wholesalers and online sellers, use scenario, visible comfort structure, color collection",5,7,0,E:\贝强大文件\01_产品资产\02_可发布素材\00_最终上传\BQ010_R1601\00_上架填写表.md,E:\贝强大文件\01_产品资产\02_可发布素材\00_最终上传\BQ010_R1601,NEEDS_6_UNIQUE_MAIN_AND_4_UNIQUE_DETAIL,PENDING_ALIBABA_IMAGE_BANK,PENDING_IMAGE_URLS
10,BQ010,R1601,BQ010-O1,BQ010-O1 / R1601,OEM ODM and private-label development,OEM shoes; private label footwear; custom logo shoe factory,OEM ODM Private Label Breathable Knit Casual Walking Shoes Model R1601 Factory Supply for Brand Buyers,White Sole Black,"clean studio background, distinct low three-quarter angle, one complete pair",E:\贝强大文件\01_产品资产\02_可发布素材\00_最终上传\BQ010_R1601\01_主图\03_scene.jpg,hero | differentiator | construction | use scene | color | order support,"verified product construction, sample discussion, logo/color/packing development scope",5,7,0,E:\贝强大文件\01_产品资产\02_可发布素材\00_最终上传\BQ010_R1601\00_上架填写表.md,E:\贝强大文件\01_产品资产\02_可发布素材\00_最终上传\BQ010_R1601,NEEDS_6_UNIQUE_MAIN_AND_4_UNIQUE_DETAIL,PENDING_ALIBABA_IMAGE_BANK,PENDING_IMAGE_URLS
11,BQ011,A002,BQ011-W1,BQ011-W1 / A002,Importer and wholesaler core sourcing,wholesale walking shoes; factory shoe supplier; bulk casual footwear,Wholesale Breathable Knit Casual Walking Shoes Model A002 for Importers and Wholesalers,Grey Green,"clean white background, three-quarter front view, one complete pair",E:\贝强大文件\01_产品资产\02_可发布素材\00_最终上传\BQ011_A002\01_主图\01_main.jpg,hero | differentiator | construction | use scene | color | order support,"product overview, verified construction, size/color range, wholesale ordering",6,5,3,E:\贝强大文件\01_产品资产\02_可发布素材\00_最终上传\BQ011_A002\00_上架填写表.md,E:\贝强大文件\01_产品资产\02_可发布素材\00_最终上传\BQ011_A002,NEEDS_6_UNIQUE_MAIN_AND_4_UNIQUE_DETAIL,PENDING_ALIBABA_IMAGE_BANK,PENDING_IMAGE_URLS
11,BQ011,A002,BQ011-R1,BQ011-R1 / A002,Casual Walking Collection,daily walking shoes; casual shoe collection; footwear for online sellers,Factory Direct Breathable Knit Casual Walking Shoes Model A002 Casual Walking Collection for Online Sellers,Grey Green,"light neutral background, distinct side-profile composition, one complete pair",E:\贝强大文件\01_产品资产\02_可发布素材\00_最终上传\BQ011_A002\01_主图\02_upper.jpg,hero | differentiator | construction | use scene | color | order support,"importers, wholesalers and online sellers, use scenario, visible comfort structure, color collection",6,5,3,E:\贝强大文件\01_产品资产\02_可发布素材\00_最终上传\BQ011_A002\00_上架填写表.md,E:\贝强大文件\01_产品资产\02_可发布素材\00_最终上传\BQ011_A002,NEEDS_6_UNIQUE_MAIN_AND_4_UNIQUE_DETAIL,PENDING_ALIBABA_IMAGE_BANK,PENDING_IMAGE_URLS
11,BQ011,A002,BQ011-O1,BQ011-O1 / A002,OEM ODM and private-label development,OEM shoes; private label footwear; custom logo shoe factory,OEM ODM Private Label Breathable Knit Casual Walking Shoes Model A002 Factory Supply for Brand Buyers,Grey Green,"clean studio background, distinct low three-quarter angle, one complete pair",E:\贝强大文件\01_产品资产\02_可发布素材\00_最终上传\BQ011_A002\01_主图\03_slip.jpg,hero | differentiator | construction | use scene | color | order support,"verified product construction, sample discussion, logo/color/packing development scope",6,5,3,E:\贝强大文件\01_产品资产\02_可发布素材\00_最终上传\BQ011_A002\00_上架填写表.md,E:\贝强大文件\01_产品资产\02_可发布素材\00_最终上传\BQ011_A002,NEEDS_6_UNIQUE_MAIN_AND_4_UNIQUE_DETAIL,PENDING_ALIBABA_IMAGE_BANK,PENDING_IMAGE_URLS
12,BQ012,M8506,BQ012-W1,BQ012-W1 / M8506,Importer and wholesaler core sourcing,wholesale walking shoes; factory shoe supplier; bulk casual footwear,Wholesale Breathable Knit Casual Walking Shoes Model M8506 for Importers and Wholesalers,White Red,"clean white background, three-quarter front view, one complete pair",E:\贝强大文件\01_产品资产\02_可发布素材\00_最终上传\BQ012_M8506\01_主图\01_main.jpg,hero | differentiator | construction | use scene | color | order support,"product overview, verified construction, size/color range, wholesale ordering",6,7,3,E:\贝强大文件\01_产品资产\02_可发布素材\00_最终上传\BQ012_M8506\00_上架填写表.md,E:\贝强大文件\01_产品资产\02_可发布素材\00_最终上传\BQ012_M8506,NEEDS_6_UNIQUE_MAIN_AND_4_UNIQUE_DETAIL,PENDING_ALIBABA_IMAGE_BANK,PENDING_IMAGE_URLS
12,BQ012,M8506,BQ012-R1,BQ012-R1 / M8506,Casual Walking Collection,daily walking shoes; casual shoe collection; footwear for online sellers,Factory Direct Breathable Knit Casual Walking Shoes Model M8506 Casual Walking Collection for Online Sellers,White Red,"light neutral background, distinct side-profile composition, one complete pair",E:\贝强大文件\01_产品资产\02_可发布素材\00_最终上传\BQ012_M8506\01_主图\02_upper.jpg,hero | differentiator | construction | use scene | color | order support,"importers, wholesalers and online sellers, use scenario, visible comfort structure, color collection",6,7,3,E:\贝强大文件\01_产品资产\02_可发布素材\00_最终上传\BQ012_M8506\00_上架填写表.md,E:\贝强大文件\01_产品资产\02_可发布素材\00_最终上传\BQ012_M8506,NEEDS_6_UNIQUE_MAIN_AND_4_UNIQUE_DETAIL,PENDING_ALIBABA_IMAGE_BANK,PENDING_IMAGE_URLS
12,BQ012,M8506,BQ012-O1,BQ012-O1 / M8506,OEM ODM and private-label development,OEM shoes; private label footwear; custom logo shoe factory,OEM ODM Private Label Breathable Knit Casual Walking Shoes Model M8506 Factory Supply for Brand Buyers,White Red,"clean studio background, distinct low three-quarter angle, one complete pair",E:\贝强大文件\01_产品资产\02_可发布素材\00_最终上传\BQ012_M8506\01_主图\03_fit.jpg,hero | differentiator | construction | use scene | color | order support,"verified product construction, sample discussion, logo/color/packing development scope",6,7,3,E:\贝强大文件\01_产品资产\02_可发布素材\00_最终上传\BQ012_M8506\00_上架填写表.md,E:\贝强大文件\01_产品资产\02_可发布素材\00_最终上传\BQ012_M8506,NEEDS_6_UNIQUE_MAIN_AND_4_UNIQUE_DETAIL,PENDING_ALIBABA_IMAGE_BANK,PENDING_IMAGE_URLS
13,BQ013,T55836,BQ013-W1,BQ013-W1 / T55836,Importer and wholesaler core sourcing,wholesale walking shoes; factory shoe supplier; bulk casual footwear,Wholesale Breathable Knit Casual Walking Shoes Model T55836 for Importers and Wholesalers,Black,"clean white background, three-quarter front view, one complete pair",E:\贝强大文件\01_产品资产\02_可发布素材\00_最终上传\BQ013_T55836\01_主图\01_main.jpg,hero | differentiator | construction | use scene | color | order support,"product overview, verified construction, size/color range, wholesale ordering",6,7,3,E:\贝强大文件\01_产品资产\02_可发布素材\00_最终上传\BQ013_T55836\00_上架填写表.md,E:\贝强大文件\01_产品资产\02_可发布素材\00_最终上传\BQ013_T55836,NEEDS_6_UNIQUE_MAIN_AND_4_UNIQUE_DETAIL,PENDING_ALIBABA_IMAGE_BANK,PENDING_IMAGE_URLS
13,BQ013,T55836,BQ013-R1,BQ013-R1 / T55836,Casual Walking Collection,daily walking shoes; casual shoe collection; footwear for online sellers,Factory Direct Breathable Knit Casual Walking Shoes Model T55836 Casual Walking Collection for Online Sellers,Black,"light neutral background, distinct side-profile composition, one complete pair",E:\贝强大文件\01_产品资产\02_可发布素材\00_最终上传\BQ013_T55836\01_主图\02_upper.jpg,hero | differentiator | construction | use scene | color | order support,"importers, wholesalers and online sellers, use scenario, visible comfort structure, color collection",6,7,3,E:\贝强大文件\01_产品资产\02_可发布素材\00_最终上传\BQ013_T55836\00_上架填写表.md,E:\贝强大文件\01_产品资产\02_可发布素材\00_最终上传\BQ013_T55836,NEEDS_6_UNIQUE_MAIN_AND_4_UNIQUE_DETAIL,PENDING_ALIBABA_IMAGE_BANK,PENDING_IMAGE_URLS
13,BQ013,T55836,BQ013-O1,BQ013-O1 / T55836,OEM ODM and private-label development,OEM shoes; private label footwear; custom logo shoe factory,OEM ODM Private Label Breathable Knit Casual Walking Shoes Model T55836 Factory Supply for Brand Buyers,Black,"clean studio background, distinct low three-quarter angle, one complete pair",E:\贝强大文件\01_产品资产\02_可发布素材\00_最终上传\BQ013_T55836\01_主图\03_fit.jpg,hero | differentiator | construction | use scene | color | order support,"verified product construction, sample discussion, logo/color/packing development scope",6,7,3,E:\贝强大文件\01_产品资产\02_可发布素材\00_最终上传\BQ013_T55836\00_上架填写表.md,E:\贝强大文件\01_产品资产\02_可发布素材\00_最终上传\BQ013_T55836,NEEDS_6_UNIQUE_MAIN_AND_4_UNIQUE_DETAIL,PENDING_ALIBABA_IMAGE_BANK,PENDING_IMAGE_URLS
14,BQ014,A507,BQ014-W1,BQ014-W1 / A507,Importer and wholesaler core sourcing,wholesale walking shoes; factory shoe supplier; bulk casual footwear,Wholesale Breathable Knit Casual Walking Shoes Model A507 for Importers and Wholesalers,Black White,"clean white background, three-quarter front view, one complete pair",E:\贝强大文件\01_产品资产\02_可发布素材\00_最终上传\BQ014_A507\01_主图\01_main.jpg,hero | differentiator | construction | use scene | color | order support,"product overview, verified construction, size/color range, wholesale ordering",6,7,3,E:\贝强大文件\01_产品资产\02_可发布素材\00_最终上传\BQ014_A507\00_上架填写表.md,E:\贝强大文件\01_产品资产\02_可发布素材\00_最终上传\BQ014_A507,NEEDS_6_UNIQUE_MAIN_AND_4_UNIQUE_DETAIL,PENDING_ALIBABA_IMAGE_BANK,PENDING_IMAGE_URLS
14,BQ014,A507,BQ014-R1,BQ014-R1 / A507,Casual Walking Collection,daily walking shoes; casual shoe collection; footwear for online sellers,Factory Direct Breathable Knit Casual Walking Shoes Model A507 Casual Walking Collection for Online Sellers,Black White,"light neutral background, distinct side-profile composition, one complete pair",E:\贝强大文件\01_产品资产\02_可发布素材\00_最终上传\BQ014_A507\01_主图\02_upper.jpg,hero | differentiator | construction | use scene | color | order support,"importers, wholesalers and online sellers, use scenario, visible comfort structure, color collection",6,7,3,E:\贝强大文件\01_产品资产\02_可发布素材\00_最终上传\BQ014_A507\00_上架填写表.md,E:\贝强大文件\01_产品资产\02_可发布素材\00_最终上传\BQ014_A507,NEEDS_6_UNIQUE_MAIN_AND_4_UNIQUE_DETAIL,PENDING_ALIBABA_IMAGE_BANK,PENDING_IMAGE_URLS
14,BQ014,A507,BQ014-O1,BQ014-O1 / A507,OEM ODM and private-label development,OEM shoes; private label footwear; custom logo shoe factory,OEM ODM Private Label Breathable Knit Casual Walking Shoes Model A507 Factory Supply for Brand Buyers,Black White,"clean studio background, distinct low three-quarter angle, one complete pair",E:\贝强大文件\01_产品资产\02_可发布素材\00_最终上传\BQ014_A507\01_主图\03_fit.jpg,hero | differentiator | construction | use scene | color | order support,"verified product construction, sample discussion, logo/color/packing development scope",6,7,3,E:\贝强大文件\01_产品资产\02_可发布素材\00_最终上传\BQ014_A507\00_上架填写表.md,E:\贝强大文件\01_产品资产\02_可发布素材\00_最终上传\BQ014_A507,NEEDS_6_UNIQUE_MAIN_AND_4_UNIQUE_DETAIL,PENDING_ALIBABA_IMAGE_BANK,PENDING_IMAGE_URLS
15,BQ015,R1811,BQ015-W1,BQ015-W1 / R1811,Importer and wholesaler core sourcing,wholesale walking shoes; factory shoe supplier; bulk casual footwear,Wholesale Breathable Knit Casual Walking Shoes Model R1811 for Importers and Wholesalers,real photographed color 1,"clean white background, three-quarter front view, one complete pair",E:\贝强大文件\01_产品资产\02_可发布素材\00_最终上传\BQ015_R1811\01_主图\01_main.jpg,hero | differentiator | construction | use scene | color | order support,"product overview, verified construction, size/color range, wholesale ordering",6,7,3,E:\贝强大文件\01_产品资产\02_可发布素材\00_最终上传\BQ015_R1811\00_上架填写表.md,E:\贝强大文件\01_产品资产\02_可发布素材\00_最终上传\BQ015_R1811,NEEDS_6_UNIQUE_MAIN_AND_4_UNIQUE_DETAIL,PENDING_ALIBABA_IMAGE_BANK,PENDING_IMAGE_URLS
15,BQ015,R1811,BQ015-R1,BQ015-R1 / R1811,Casual Walking Collection,daily walking shoes; casual shoe collection; footwear for online sellers,Factory Direct Breathable Knit Casual Walking Shoes Model R1811 Casual Walking Collection for Online Sellers,real photographed color 2,"light neutral background, distinct side-profile composition, one complete pair",E:\贝强大文件\01_产品资产\02_可发布素材\00_最终上传\BQ015_R1811\01_主图\02_upper.jpg,hero | differentiator | construction | use scene | color | order support,"importers, wholesalers and online sellers, use scenario, visible comfort structure, color collection",6,7,3,E:\贝强大文件\01_产品资产\02_可发布素材\00_最终上传\BQ015_R1811\00_上架填写表.md,E:\贝强大文件\01_产品资产\02_可发布素材\00_最终上传\BQ015_R1811,NEEDS_6_UNIQUE_MAIN_AND_4_UNIQUE_DETAIL,PENDING_ALIBABA_IMAGE_BANK,PENDING_IMAGE_URLS
15,BQ015,R1811,BQ015-O1,BQ015-O1 / R1811,OEM ODM and private-label development,OEM shoes; private label footwear; custom logo shoe factory,OEM ODM Private Label Breathable Knit Casual Walking Shoes Model R1811 Factory Supply for Brand Buyers,real photographed color 3,"clean studio background, distinct low three-quarter angle, one complete pair",E:\贝强大文件\01_产品资产\02_可发布素材\00_最终上传\BQ015_R1811\01_主图\03_fit.jpg,hero | differentiator | construction | use scene | color | order support,"verified product construction, sample discussion, logo/color/packing development scope",6,7,3,E:\贝强大文件\01_产品资产\02_可发布素材\00_最终上传\BQ015_R1811\00_上架填写表.md,E:\贝强大文件\01_产品资产\02_可发布素材\00_最终上传\BQ015_R1811,NEEDS_6_UNIQUE_MAIN_AND_4_UNIQUE_DETAIL,PENDING_ALIBABA_IMAGE_BANK,PENDING_IMAGE_URLS
16,BQ016,201,BQ016-W1,BQ016-W1 / 201,Importer and wholesaler core sourcing,wholesale walking shoes; factory shoe supplier; bulk casual footwear,Wholesale Breathable Knit Casual Walking Shoes Model 201 for Importers and Wholesalers,Black,"clean white background, three-quarter front view, one complete pair",E:\贝强大文件\01_产品资产\02_可发布素材\00_最终上传\BQ016_201\01_主图\01_main.jpg,hero | differentiator | construction | use scene | color | order support,"product overview, verified construction, size/color range, wholesale ordering",6,6,3,E:\贝强大文件\01_产品资产\02_可发布素材\00_最终上传\BQ016_201\00_上架填写表.md,E:\贝强大文件\01_产品资产\02_可发布素材\00_最终上传\BQ016_201,NEEDS_6_UNIQUE_MAIN_AND_4_UNIQUE_DETAIL,PENDING_ALIBABA_IMAGE_BANK,PENDING_IMAGE_URLS
16,BQ016,201,BQ016-R1,BQ016-R1 / 201,Casual Walking Collection,daily walking shoes; casual shoe collection; footwear for online sellers,Factory Direct Breathable Knit Casual Walking Shoes Model 201 Casual Walking Collection for Online Sellers,Black,"light neutral background, distinct side-profile composition, one complete pair",E:\贝强大文件\01_产品资产\02_可发布素材\00_最终上传\BQ016_201\01_主图\02_upper.jpg,hero | differentiator | construction | use scene | color | order support,"importers, wholesalers and online sellers, use scenario, visible comfort structure, color collection",6,6,3,E:\贝强大文件\01_产品资产\02_可发布素材\00_最终上传\BQ016_201\00_上架填写表.md,E:\贝强大文件\01_产品资产\02_可发布素材\00_最终上传\BQ016_201,NEEDS_6_UNIQUE_MAIN_AND_4_UNIQUE_DETAIL,PENDING_ALIBABA_IMAGE_BANK,PENDING_IMAGE_URLS
16,BQ016,201,BQ016-O1,BQ016-O1 / 201,OEM ODM and private-label development,OEM shoes; private label footwear; custom logo shoe factory,OEM ODM Private Label Breathable Knit Casual Walking Shoes Model 201 Factory Supply for Brand Buyers,Black,"clean studio background, distinct low three-quarter angle, one complete pair",E:\贝强大文件\01_产品资产\02_可发布素材\00_最终上传\BQ016_201\01_主图\03_fit.jpg,hero | differentiator | construction | use scene | color | order support,"verified product construction, sample discussion, logo/color/packing development scope",6,6,3,E:\贝强大文件\01_产品资产\02_可发布素材\00_最终上传\BQ016_201\00_上架填写表.md,E:\贝强大文件\01_产品资产\02_可发布素材\00_最终上传\BQ016_201,NEEDS_6_UNIQUE_MAIN_AND_4_UNIQUE_DETAIL,PENDING_ALIBABA_IMAGE_BANK,PENDING_IMAGE_URLS
17,BQ017,A008,BQ017-W1,BQ017-W1 / A008,Importer and wholesaler core sourcing,wholesale walking shoes; factory shoe supplier; bulk casual footwear,Wholesale Breathable Knit Casual Walking Shoes Model A008 for Importers and Wholesalers,Grey,"clean white background, three-quarter front view, one complete pair",E:\贝强大文件\01_产品资产\02_可发布素材\00_最终上传\BQ017_A008\01_主图\01_main.jpg,hero | differentiator | construction | use scene | color | order support,"product overview, verified construction, size/color range, wholesale ordering",6,6,4,E:\贝强大文件\01_产品资产\02_可发布素材\00_最终上传\BQ017_A008\00_上架填写表.md,E:\贝强大文件\01_产品资产\02_可发布素材\00_最终上传\BQ017_A008,NEEDS_6_UNIQUE_MAIN_AND_4_UNIQUE_DETAIL,PENDING_ALIBABA_IMAGE_BANK,PENDING_IMAGE_URLS
17,BQ017,A008,BQ017-R1,BQ017-R1 / A008,Casual Walking Collection,daily walking shoes; casual shoe collection; footwear for online sellers,Factory Direct Breathable Knit Casual Walking Shoes Model A008 Casual Walking Collection for Online Sellers,Grey,"light neutral background, distinct side-profile composition, one complete pair",E:\贝强大文件\01_产品资产\02_可发布素材\00_最终上传\BQ017_A008\01_主图\02_upper.jpg,hero | differentiator | construction | use scene | color | order support,"importers, wholesalers and online sellers, use scenario, visible comfort structure, color collection",6,6,4,E:\贝强大文件\01_产品资产\02_可发布素材\00_最终上传\BQ017_A008\00_上架填写表.md,E:\贝强大文件\01_产品资产\02_可发布素材\00_最终上传\BQ017_A008,NEEDS_6_UNIQUE_MAIN_AND_4_UNIQUE_DETAIL,PENDING_ALIBABA_IMAGE_BANK,PENDING_IMAGE_URLS
17,BQ017,A008,BQ017-O1,BQ017-O1 / A008,OEM ODM and private-label development,OEM shoes; private label footwear; custom logo shoe factory,OEM ODM Private Label Breathable Knit Casual Walking Shoes Model A008 Factory Supply for Brand Buyers,Grey,"clean studio background, distinct low three-quarter angle, one complete pair",E:\贝强大文件\01_产品资产\02_可发布素材\00_最终上传\BQ017_A008\01_主图\03_fit.jpg,hero | differentiator | construction | use scene | color | order support,"verified product construction, sample discussion, logo/color/packing development scope",6,6,4,E:\贝强大文件\01_产品资产\02_可发布素材\00_最终上传\BQ017_A008\00_上架填写表.md,E:\贝强大文件\01_产品资产\02_可发布素材\00_最终上传\BQ017_A008,NEEDS_6_UNIQUE_MAIN_AND_4_UNIQUE_DETAIL,PENDING_ALIBABA_IMAGE_BANK,PENDING_IMAGE_URLS
18,BQ018,A116,BQ018-W1,BQ018-W1 / A116,Importer and wholesaler core sourcing,wholesale walking shoes; factory shoe supplier; bulk casual footwear,Wholesale Breathable Knit Casual Walking Shoes Model A116 for Importers and Wholesalers,real photographed color 1,"clean white background, three-quarter front view, one complete pair",E:\贝强大文件\01_产品资产\02_可发布素材\00_最终上传\BQ018_A116\01_主图\01_main.jpg,hero | differentiator | construction | use scene | color | order support,"product overview, verified construction, size/color range, wholesale ordering",6,6,4,E:\贝强大文件\01_产品资产\02_可发布素材\00_最终上传\BQ018_A116\00_上架填写表.md,E:\贝强大文件\01_产品资产\02_可发布素材\00_最终上传\BQ018_A116,NEEDS_6_UNIQUE_MAIN_AND_4_UNIQUE_DETAIL,PENDING_ALIBABA_IMAGE_BANK,PENDING_IMAGE_URLS
18,BQ018,A116,BQ018-R1,BQ018-R1 / A116,Casual Walking Collection,daily walking shoes; casual shoe collection; footwear for online sellers,Factory Direct Breathable Knit Casual Walking Shoes Model A116 Casual Walking Collection for Online Sellers,real photographed color 2,"light neutral background, distinct side-profile composition, one complete pair",E:\贝强大文件\01_产品资产\02_可发布素材\00_最终上传\BQ018_A116\01_主图\02_upper.jpg,hero | differentiator | construction | use scene | color | order support,"importers, wholesalers and online sellers, use scenario, visible comfort structure, color collection",6,6,4,E:\贝强大文件\01_产品资产\02_可发布素材\00_最终上传\BQ018_A116\00_上架填写表.md,E:\贝强大文件\01_产品资产\02_可发布素材\00_最终上传\BQ018_A116,NEEDS_6_UNIQUE_MAIN_AND_4_UNIQUE_DETAIL,PENDING_ALIBABA_IMAGE_BANK,PENDING_IMAGE_URLS
18,BQ018,A116,BQ018-O1,BQ018-O1 / A116,OEM ODM and private-label development,OEM shoes; private label footwear; custom logo shoe factory,OEM ODM Private Label Breathable Knit Casual Walking Shoes Model A116 Factory Supply for Brand Buyers,real photographed color 3,"clean studio background, distinct low three-quarter angle, one complete pair",E:\贝强大文件\01_产品资产\02_可发布素材\00_最终上传\BQ018_A116\01_主图\03_fit.jpg,hero | differentiator | construction | use scene | color | order support,"verified product construction, sample discussion, logo/color/packing development scope",6,6,4,E:\贝强大文件\01_产品资产\02_可发布素材\00_最终上传\BQ018_A116\00_上架填写表.md,E:\贝强大文件\01_产品资产\02_可发布素材\00_最终上传\BQ018_A116,NEEDS_6_UNIQUE_MAIN_AND_4_UNIQUE_DETAIL,PENDING_ALIBABA_IMAGE_BANK,PENDING_IMAGE_URLS
19,BQ019,A206,BQ019-W1,BQ019-W1 / A206,Importer and wholesaler core sourcing,wholesale walking shoes; factory shoe supplier; bulk casual footwear,Wholesale Breathable Knit Casual Walking Shoes Model A206 for Importers and Wholesalers,real photographed color 1,"clean white background, three-quarter front view, one complete pair",E:\贝强大文件\01_产品资产\02_可发布素材\00_最终上传\BQ019_A206\01_主图\01_main.jpg,hero | differentiator | construction | use scene | color | order support,"product overview, verified construction, size/color range, wholesale ordering",6,6,4,E:\贝强大文件\01_产品资产\02_可发布素材\00_最终上传\BQ019_A206\00_上架填写表.md,E:\贝强大文件\01_产品资产\02_可发布素材\00_最终上传\BQ019_A206,NEEDS_6_UNIQUE_MAIN_AND_4_UNIQUE_DETAIL,PENDING_ALIBABA_IMAGE_BANK,PENDING_IMAGE_URLS
19,BQ019,A206,BQ019-R1,BQ019-R1 / A206,Casual Walking Collection,daily walking shoes; casual shoe collection; footwear for online sellers,Factory Direct Breathable Knit Casual Walking Shoes Model A206 Casual Walking Collection for Online Sellers,real photographed color 2,"light neutral background, distinct side-profile composition, one complete pair",E:\贝强大文件\01_产品资产\02_可发布素材\00_最终上传\BQ019_A206\01_主图\02_upper.jpg,hero | differentiator | construction | use scene | color | order support,"importers, wholesalers and online sellers, use scenario, visible comfort structure, color collection",6,6,4,E:\贝强大文件\01_产品资产\02_可发布素材\00_最终上传\BQ019_A206\00_上架填写表.md,E:\贝强大文件\01_产品资产\02_可发布素材\00_最终上传\BQ019_A206,NEEDS_6_UNIQUE_MAIN_AND_4_UNIQUE_DETAIL,PENDING_ALIBABA_IMAGE_BANK,PENDING_IMAGE_URLS
19,BQ019,A206,BQ019-O1,BQ019-O1 / A206,OEM ODM and private-label development,OEM shoes; private label footwear; custom logo shoe factory,OEM ODM Private Label Breathable Knit Casual Walking Shoes Model A206 Factory Supply for Brand Buyers,real photographed color 3,"clean studio background, distinct low three-quarter angle, one complete pair",E:\贝强大文件\01_产品资产\02_可发布素材\00_最终上传\BQ019_A206\01_主图\03_fit.jpg,hero | differentiator | construction | use scene | color | order support,"verified product construction, sample discussion, logo/color/packing development scope",6,6,4,E:\贝强大文件\01_产品资产\02_可发布素材\00_最终上传\BQ019_A206\00_上架填写表.md,E:\贝强大文件\01_产品资产\02_可发布素材\00_最终上传\BQ019_A206,NEEDS_6_UNIQUE_MAIN_AND_4_UNIQUE_DETAIL,PENDING_ALIBABA_IMAGE_BANK,PENDING_IMAGE_URLS
20,BQ020,A218,BQ020-W1,BQ020-W1 / A218,Importer and wholesaler core sourcing,wholesale walking shoes; factory shoe supplier; bulk casual footwear,Wholesale Breathable Knit Casual Walking Shoes Model A218 for Importers and Wholesalers,Grey,"clean white background, three-quarter front view, one complete pair",E:\贝强大文件\01_产品资产\02_可发布素材\00_最终上传\BQ020_A218\01_主图\01_main.jpg,hero | differentiator | construction | use scene | color | order support,"product overview, verified construction, size/color range, wholesale ordering",6,6,4,E:\贝强大文件\01_产品资产\02_可发布素材\00_最终上传\BQ020_A218\00_上架填写表.md,E:\贝强大文件\01_产品资产\02_可发布素材\00_最终上传\BQ020_A218,NEEDS_6_UNIQUE_MAIN_AND_4_UNIQUE_DETAIL,PENDING_ALIBABA_IMAGE_BANK,PENDING_IMAGE_URLS
20,BQ020,A218,BQ020-R1,BQ020-R1 / A218,Casual Walking Collection,daily walking shoes; casual shoe collection; footwear for online sellers,Factory Direct Breathable Knit Casual Walking Shoes Model A218 Casual Walking Collection for Online Sellers,Grey,"light neutral background, distinct side-profile composition, one complete pair",E:\贝强大文件\01_产品资产\02_可发布素材\00_最终上传\BQ020_A218\01_主图\02_upper.jpg,hero | differentiator | construction | use scene | color | order support,"importers, wholesalers and online sellers, use scenario, visible comfort structure, color collection",6,6,4,E:\贝强大文件\01_产品资产\02_可发布素材\00_最终上传\BQ020_A218\00_上架填写表.md,E:\贝强大文件\01_产品资产\02_可发布素材\00_最终上传\BQ020_A218,NEEDS_6_UNIQUE_MAIN_AND_4_UNIQUE_DETAIL,PENDING_ALIBABA_IMAGE_BANK,PENDING_IMAGE_URLS
20,BQ020,A218,BQ020-O1,BQ020-O1 / A218,OEM ODM and private-label development,OEM shoes; private label footwear; custom logo shoe factory,OEM ODM Private Label Breathable Knit Casual Walking Shoes Model A218 Factory Supply for Brand Buyers,Grey,"clean studio background, distinct low three-quarter angle, one complete pair",E:\贝强大文件\01_产品资产\02_可发布素材\00_最终上传\BQ020_A218\01_主图\03_fit.jpg,hero | differentiator | construction | use scene | color | order support,"verified product construction, sample discussion, logo/color/packing development scope",6,6,4,E:\贝强大文件\01_产品资产\02_可发布素材\00_最终上传\BQ020_A218\00_上架填写表.md,E:\贝强大文件\01_产品资产\02_可发布素材\00_最终上传\BQ020_A218,NEEDS_6_UNIQUE_MAIN_AND_4_UNIQUE_DETAIL,PENDING_ALIBABA_IMAGE_BANK,PENDING_IMAGE_URLS
21,BQ021,K6212,BQ021-W1,BQ021-W1 / K6212,Importer and wholesaler core sourcing,wholesale walking shoes; factory shoe supplier; bulk casual footwear,Wholesale Breathable Knit Casual Walking Shoes Model K6212 for Importers and Wholesalers,Black White,"clean white background, three-quarter front view, one complete pair",E:\贝强大文件\01_产品资产\02_可发布素材\00_最终上传\BQ021_K6212\01_主图\01_main.jpg,hero | differentiator | construction | use scene | color | order support,"product overview, verified construction, size/color range, wholesale ordering",6,6,5,E:\贝强大文件\01_产品资产\02_可发布素材\00_最终上传\BQ021_K6212\00_上架填写表.md,E:\贝强大文件\01_产品资产\02_可发布素材\00_最终上传\BQ021_K6212,NEEDS_6_UNIQUE_MAIN_AND_4_UNIQUE_DETAIL,PENDING_ALIBABA_IMAGE_BANK,PENDING_IMAGE_URLS
21,BQ021,K6212,BQ021-R1,BQ021-R1 / K6212,Casual Walking Collection,daily walking shoes; casual shoe collection; footwear for online sellers,Factory Direct Breathable Knit Casual Walking Shoes Model K6212 Casual Walking Collection for Online Sellers,Black White,"light neutral background, distinct side-profile composition, one complete pair",E:\贝强大文件\01_产品资产\02_可发布素材\00_最终上传\BQ021_K6212\01_主图\02_upper.jpg,hero | differentiator | construction | use scene | color | order support,"importers, wholesalers and online sellers, use scenario, visible comfort structure, color collection",6,6,5,E:\贝强大文件\01_产品资产\02_可发布素材\00_最终上传\BQ021_K6212\00_上架填写表.md,E:\贝强大文件\01_产品资产\02_可发布素材\00_最终上传\BQ021_K6212,NEEDS_6_UNIQUE_MAIN_AND_4_UNIQUE_DETAIL,PENDING_ALIBABA_IMAGE_BANK,PENDING_IMAGE_URLS
21,BQ021,K6212,BQ021-O1,BQ021-O1 / K6212,OEM ODM and private-label development,OEM shoes; private label footwear; custom logo shoe factory,OEM ODM Private Label Breathable Knit Casual Walking Shoes Model K6212 Factory Supply for Brand Buyers,Black White,"clean studio background, distinct low three-quarter angle, one complete pair",E:\贝强大文件\01_产品资产\02_可发布素材\00_最终上传\BQ021_K6212\01_主图\03_fit.jpg,hero | differentiator | construction | use scene | color | order support,"verified product construction, sample discussion, logo/color/packing development scope",6,6,5,E:\贝强大文件\01_产品资产\02_可发布素材\00_最终上传\BQ021_K6212\00_上架填写表.md,E:\贝强大文件\01_产品资产\02_可发布素材\00_最终上传\BQ021_K6212,NEEDS_6_UNIQUE_MAIN_AND_4_UNIQUE_DETAIL,PENDING_ALIBABA_IMAGE_BANK,PENDING_IMAGE_URLS
22,BQ022,A2208,BQ022-W1,BQ022-W1 / A2208,Importer and wholesaler core sourcing,wholesale walking shoes; factory shoe supplier; bulk casual footwear,Wholesale Breathable Knit Casual Walking Shoes Model A2208 for Importers and Wholesalers,real photographed color 1,"clean white background, three-quarter front view, one complete pair",E:\贝强大文件\01_产品资产\02_可发布素材\00_最终上传\BQ022_A2208\01_主图\01_main.jpg,hero | differentiator | construction | use scene | color | order support,"product overview, verified construction, size/color range, wholesale ordering",6,6,3,E:\贝强大文件\01_产品资产\02_可发布素材\00_最终上传\BQ022_A2208\00_上架填写表.md,E:\贝强大文件\01_产品资产\02_可发布素材\00_最终上传\BQ022_A2208,NEEDS_6_UNIQUE_MAIN_AND_4_UNIQUE_DETAIL,PENDING_ALIBABA_IMAGE_BANK,PENDING_IMAGE_URLS
22,BQ022,A2208,BQ022-R1,BQ022-R1 / A2208,Casual Walking Collection,daily walking shoes; casual shoe collection; footwear for online sellers,Factory Direct Breathable Knit Casual Walking Shoes Model A2208 Casual Walking Collection for Online Sellers,real photographed color 2,"light neutral background, distinct side-profile composition, one complete pair",E:\贝强大文件\01_产品资产\02_可发布素材\00_最终上传\BQ022_A2208\01_主图\02_upper.jpg,hero | differentiator | construction | use scene | color | order support,"importers, wholesalers and online sellers, use scenario, visible comfort structure, color collection",6,6,3,E:\贝强大文件\01_产品资产\02_可发布素材\00_最终上传\BQ022_A2208\00_上架填写表.md,E:\贝强大文件\01_产品资产\02_可发布素材\00_最终上传\BQ022_A2208,NEEDS_6_UNIQUE_MAIN_AND_4_UNIQUE_DETAIL,PENDING_ALIBABA_IMAGE_BANK,PENDING_IMAGE_URLS
22,BQ022,A2208,BQ022-O1,BQ022-O1 / A2208,OEM ODM and private-label development,OEM shoes; private label footwear; custom logo shoe factory,OEM ODM Private Label Breathable Knit Casual Walking Shoes Model A2208 Factory Supply for Brand Buyers,real photographed color 3,"clean studio background, distinct low three-quarter angle, one complete pair",E:\贝强大文件\01_产品资产\02_可发布素材\00_最终上传\BQ022_A2208\01_主图\03_fit.jpg,hero | differentiator | construction | use scene | color | order support,"verified product construction, sample discussion, logo/color/packing development scope",6,6,3,E:\贝强大文件\01_产品资产\02_可发布素材\00_最终上传\BQ022_A2208\00_上架填写表.md,E:\贝强大文件\01_产品资产\02_可发布素材\00_最终上传\BQ022_A2208,NEEDS_6_UNIQUE_MAIN_AND_4_UNIQUE_DETAIL,PENDING_ALIBABA_IMAGE_BANK,PENDING_IMAGE_URLS
23,BQ023,A505,BQ023-W1,BQ023-W1 / A505,Importer and wholesaler core sourcing,wholesale walking shoes; factory shoe supplier; bulk casual footwear,Wholesale Breathable Knit Casual Walking Shoes Model A505 for Importers and Wholesalers,real photographed color 1,"clean white background, three-quarter front view, one complete pair",E:\贝强大文件\01_产品资产\02_可发布素材\00_最终上传\BQ023_A505\01_主图\01_main.jpg,hero | differentiator | construction | use scene | color | order support,"product overview, verified construction, size/color range, wholesale ordering",6,6,3,E:\贝强大文件\01_产品资产\02_可发布素材\00_最终上传\BQ023_A505\00_上架填写表.md,E:\贝强大文件\01_产品资产\02_可发布素材\00_最终上传\BQ023_A505,NEEDS_6_UNIQUE_MAIN_AND_4_UNIQUE_DETAIL,PENDING_ALIBABA_IMAGE_BANK,PENDING_IMAGE_URLS
23,BQ023,A505,BQ023-R1,BQ023-R1 / A505,Casual Walking Collection,daily walking shoes; casual shoe collection; footwear for online sellers,Factory Direct Breathable Knit Casual Walking Shoes Model A505 Casual Walking Collection for Online Sellers,real photographed color 2,"light neutral background, distinct side-profile composition, one complete pair",E:\贝强大文件\01_产品资产\02_可发布素材\00_最终上传\BQ023_A505\01_主图\02_upper.jpg,hero | differentiator | construction | use scene | color | order support,"importers, wholesalers and online sellers, use scenario, visible comfort structure, color collection",6,6,3,E:\贝强大文件\01_产品资产\02_可发布素材\00_最终上传\BQ023_A505\00_上架填写表.md,E:\贝强大文件\01_产品资产\02_可发布素材\00_最终上传\BQ023_A505,NEEDS_6_UNIQUE_MAIN_AND_4_UNIQUE_DETAIL,PENDING_ALIBABA_IMAGE_BANK,PENDING_IMAGE_URLS
23,BQ023,A505,BQ023-O1,BQ023-O1 / A505,OEM ODM and private-label development,OEM shoes; private label footwear; custom logo shoe factory,OEM ODM Private Label Breathable Knit Casual Walking Shoes Model A505 Factory Supply for Brand Buyers,real photographed color 3,"clean studio background, distinct low three-quarter angle, one complete pair",E:\贝强大文件\01_产品资产\02_可发布素材\00_最终上传\BQ023_A505\01_主图\03_fit.jpg,hero | differentiator | construction | use scene | color | order support,"verified product construction, sample discussion, logo/color/packing development scope",6,6,3,E:\贝强大文件\01_产品资产\02_可发布素材\00_最终上传\BQ023_A505\00_上架填写表.md,E:\贝强大文件\01_产品资产\02_可发布素材\00_最终上传\BQ023_A505,NEEDS_6_UNIQUE_MAIN_AND_4_UNIQUE_DETAIL,PENDING_ALIBABA_IMAGE_BANK,PENDING_IMAGE_URLS
24,BQ024,A830,BQ024-W1,BQ024-W1 / A830,Importer and wholesaler core sourcing,wholesale walking shoes; factory shoe supplier; bulk casual footwear,Wholesale Breathable Knit Casual Walking Shoes Model A830 for Importers and Wholesalers,real photographed color 1,"clean white background, three-quarter front view, one complete pair",E:\贝强大文件\01_产品资产\02_可发布素材\00_最终上传\BQ024_A830\01_主图\01_main.jpg,hero | differentiator | construction | use scene | color | order support,"product overview, verified construction, size/color range, wholesale ordering",6,6,4,E:\贝强大文件\01_产品资产\02_可发布素材\00_最终上传\BQ024_A830\00_上架填写表.md,E:\贝强大文件\01_产品资产\02_可发布素材\00_最终上传\BQ024_A830,NEEDS_6_UNIQUE_MAIN_AND_4_UNIQUE_DETAIL,PENDING_ALIBABA_IMAGE_BANK,PENDING_IMAGE_URLS
24,BQ024,A830,BQ024-R1,BQ024-R1 / A830,Casual Walking Collection,daily walking shoes; casual shoe collection; footwear for online sellers,Factory Direct Breathable Knit Casual Walking Shoes Model A830 Casual Walking Collection for Online Sellers,real photographed color 2,"light neutral background, distinct side-profile composition, one complete pair",E:\贝强大文件\01_产品资产\02_可发布素材\00_最终上传\BQ024_A830\01_主图\02_upper.jpg,hero | differentiator | construction | use scene | color | order support,"importers, wholesalers and online sellers, use scenario, visible comfort structure, color collection",6,6,4,E:\贝强大文件\01_产品资产\02_可发布素材\00_最终上传\BQ024_A830\00_上架填写表.md,E:\贝强大文件\01_产品资产\02_可发布素材\00_最终上传\BQ024_A830,NEEDS_6_UNIQUE_MAIN_AND_4_UNIQUE_DETAIL,PENDING_ALIBABA_IMAGE_BANK,PENDING_IMAGE_URLS
24,BQ024,A830,BQ024-O1,BQ024-O1 / A830,OEM ODM and private-label development,OEM shoes; private label footwear; custom logo shoe factory,OEM ODM Private Label Breathable Knit Casual Walking Shoes Model A830 Factory Supply for Brand Buyers,real photographed color 3,"clean studio background, distinct low three-quarter angle, one complete pair",E:\贝强大文件\01_产品资产\02_可发布素材\00_最终上传\BQ024_A830\01_主图\03_fit.jpg,hero | differentiator | construction | use scene | color | order support,"verified product construction, sample discussion, logo/color/packing development scope",6,6,4,E:\贝强大文件\01_产品资产\02_可发布素材\00_最终上传\BQ024_A830\00_上架填写表.md,E:\贝强大文件\01_产品资产\02_可发布素材\00_最终上传\BQ024_A830,NEEDS_6_UNIQUE_MAIN_AND_4_UNIQUE_DETAIL,PENDING_ALIBABA_IMAGE_BANK,PENDING_IMAGE_URLS
25,BQ025,A1689,BQ025-W1,BQ025-W1 / A1689,Importer and wholesaler core sourcing,wholesale walking shoes; factory shoe supplier; bulk casual footwear,Wholesale Breathable Knit Casual Walking Shoes Model A1689 for Importers and Wholesalers,real photographed color 1,"clean white background, three-quarter front view, one complete pair",E:\贝强大文件\01_产品资产\02_可发布素材\00_最终上传\BQ025_A1689\01_主图\01_main.jpg,hero | differentiator | construction | use scene | color | order support,"product overview, verified construction, size/color range, wholesale ordering",6,6,3,E:\贝强大文件\01_产品资产\02_可发布素材\00_最终上传\BQ025_A1689\00_上架填写表.md,E:\贝强大文件\01_产品资产\02_可发布素材\00_最终上传\BQ025_A1689,NEEDS_6_UNIQUE_MAIN_AND_4_UNIQUE_DETAIL,PENDING_ALIBABA_IMAGE_BANK,PENDING_IMAGE_URLS
25,BQ025,A1689,BQ025-R1,BQ025-R1 / A1689,Casual Walking Collection,daily walking shoes; casual shoe collection; footwear for online sellers,Factory Direct Breathable Knit Casual Walking Shoes Model A1689 Casual Walking Collection for Online Sellers,real photographed color 2,"light neutral background, distinct side-profile composition, one complete pair",E:\贝强大文件\01_产品资产\02_可发布素材\00_最终上传\BQ025_A1689\01_主图\02_upper.jpg,hero | differentiator | construction | use scene | color | order support,"importers, wholesalers and online sellers, use scenario, visible comfort structure, color collection",6,6,3,E:\贝强大文件\01_产品资产\02_可发布素材\00_最终上传\BQ025_A1689\00_上架填写表.md,E:\贝强大文件\01_产品资产\02_可发布素材\00_最终上传\BQ025_A1689,NEEDS_6_UNIQUE_MAIN_AND_4_UNIQUE_DETAIL,PENDING_ALIBABA_IMAGE_BANK,PENDING_IMAGE_URLS
25,BQ025,A1689,BQ025-O1,BQ025-O1 / A1689,OEM ODM and private-label development,OEM shoes; private label footwear; custom logo shoe factory,OEM ODM Private Label Breathable Knit Casual Walking Shoes Model A1689 Factory Supply for Brand Buyers,real photographed color 3,"clean studio background, distinct low three-quarter angle, one complete pair",E:\贝强大文件\01_产品资产\02_可发布素材\00_最终上传\BQ025_A1689\01_主图\03_fit.jpg,hero | differentiator | construction | use scene | color | order support,"verified product construction, sample discussion, logo/color/packing development scope",6,6,3,E:\贝强大文件\01_产品资产\02_可发布素材\00_最终上传\BQ025_A1689\00_上架填写表.md,E:\贝强大文件\01_产品资产\02_可发布素材\00_最终上传\BQ025_A1689,NEEDS_6_UNIQUE_MAIN_AND_4_UNIQUE_DETAIL,PENDING_ALIBABA_IMAGE_BANK,PENDING_IMAGE_URLS
26,BQ026,T5828,BQ026-W1,BQ026-W1 / T5828,Importer and wholesaler core sourcing,wholesale walking shoes; factory shoe supplier; bulk casual footwear,Wholesale Breathable Knit Casual Walking Shoes Model T5828 for Importers and Wholesalers,real photographed color 1,"clean white background, three-quarter front view, one complete pair",E:\贝强大文件\01_产品资产\02_可发布素材\00_最终上传\BQ026_T5828\01_主图\01_main.jpg,hero | differentiator | construction | use scene | color | order support,"product overview, verified construction, size/color range, wholesale ordering",6,6,5,E:\贝强大文件\01_产品资产\02_可发布素材\00_最终上传\BQ026_T5828\00_上架填写表.md,E:\贝强大文件\01_产品资产\02_可发布素材\00_最终上传\BQ026_T5828,NEEDS_6_UNIQUE_MAIN_AND_4_UNIQUE_DETAIL,PENDING_ALIBABA_IMAGE_BANK,PENDING_IMAGE_URLS
26,BQ026,T5828,BQ026-R1,BQ026-R1 / T5828,Casual Walking Collection,daily walking shoes; casual shoe collection; footwear for online sellers,Factory Direct Breathable Knit Casual Walking Shoes Model T5828 Casual Walking Collection for Online Sellers,real photographed color 2,"light neutral background, distinct side-profile composition, one complete pair",E:\贝强大文件\01_产品资产\02_可发布素材\00_最终上传\BQ026_T5828\01_主图\02_upper.jpg,hero | differentiator | construction | use scene | color | order support,"importers, wholesalers and online sellers, use scenario, visible comfort structure, color collection",6,6,5,E:\贝强大文件\01_产品资产\02_可发布素材\00_最终上传\BQ026_T5828\00_上架填写表.md,E:\贝强大文件\01_产品资产\02_可发布素材\00_最终上传\BQ026_T5828,NEEDS_6_UNIQUE_MAIN_AND_4_UNIQUE_DETAIL,PENDING_ALIBABA_IMAGE_BANK,PENDING_IMAGE_URLS
26,BQ026,T5828,BQ026-O1,BQ026-O1 / T5828,OEM ODM and private-label development,OEM shoes; private label footwear; custom logo shoe factory,OEM ODM Private Label Breathable Knit Casual Walking Shoes Model T5828 Factory Supply for Brand Buyers,real photographed color 3,"clean studio background, distinct low three-quarter angle, one complete pair",E:\贝强大文件\01_产品资产\02_可发布素材\00_最终上传\BQ026_T5828\01_主图\03_fit.jpg,hero | differentiator | construction | use scene | color | order support,"verified product construction, sample discussion, logo/color/packing development scope",6,6,5,E:\贝强大文件\01_产品资产\02_可发布素材\00_最终上传\BQ026_T5828\00_上架填写表.md,E:\贝强大文件\01_产品资产\02_可发布素材\00_最终上传\BQ026_T5828,NEEDS_6_UNIQUE_MAIN_AND_4_UNIQUE_DETAIL,PENDING_ALIBABA_IMAGE_BANK,PENDING_IMAGE_URLS
27,BQ027,K6116,BQ027-W1,BQ027-W1 / K6116,Importer and wholesaler core sourcing,wholesale walking shoes; factory shoe supplier; bulk casual footwear,Wholesale Breathable Knit Casual Walking Shoes Model K6116 for Importers and Wholesalers,real photographed color 1,"clean white background, three-quarter front view, one complete pair",E:\贝强大文件\01_产品资产\02_可发布素材\00_最终上传\BQ027_K6116\01_主图\01_main.jpg,hero | differentiator | construction | use scene | color | order support,"product overview, verified construction, size/color range, wholesale ordering",6,6,4,E:\贝强大文件\01_产品资产\02_可发布素材\00_最终上传\BQ027_K6116\00_上架填写表.md,E:\贝强大文件\01_产品资产\02_可发布素材\00_最终上传\BQ027_K6116,NEEDS_6_UNIQUE_MAIN_AND_4_UNIQUE_DETAIL,PENDING_ALIBABA_IMAGE_BANK,PENDING_IMAGE_URLS
27,BQ027,K6116,BQ027-R1,BQ027-R1 / K6116,Casual Walking Collection,daily walking shoes; casual shoe collection; footwear for online sellers,Factory Direct Breathable Knit Casual Walking Shoes Model K6116 Casual Walking Collection for Online Sellers,real photographed color 2,"light neutral background, distinct side-profile composition, one complete pair",E:\贝强大文件\01_产品资产\02_可发布素材\00_最终上传\BQ027_K6116\01_主图\02_upper.jpg,hero | differentiator | construction | use scene | color | order support,"importers, wholesalers and online sellers, use scenario, visible comfort structure, color collection",6,6,4,E:\贝强大文件\01_产品资产\02_可发布素材\00_最终上传\BQ027_K6116\00_上架填写表.md,E:\贝强大文件\01_产品资产\02_可发布素材\00_最终上传\BQ027_K6116,NEEDS_6_UNIQUE_MAIN_AND_4_UNIQUE_DETAIL,PENDING_ALIBABA_IMAGE_BANK,PENDING_IMAGE_URLS
27,BQ027,K6116,BQ027-O1,BQ027-O1 / K6116,OEM ODM and private-label development,OEM shoes; private label footwear; custom logo shoe factory,OEM ODM Private Label Breathable Knit Casual Walking Shoes Model K6116 Factory Supply for Brand Buyers,real photographed color 3,"clean studio background, distinct low three-quarter angle, one complete pair",E:\贝强大文件\01_产品资产\02_可发布素材\00_最终上传\BQ027_K6116\01_主图\03_fit.jpg,hero | differentiator | construction | use scene | color | order support,"verified product construction, sample discussion, logo/color/packing development scope",6,6,4,E:\贝强大文件\01_产品资产\02_可发布素材\00_最终上传\BQ027_K6116\00_上架填写表.md,E:\贝强大文件\01_产品资产\02_可发布素材\00_最终上传\BQ027_K6116,NEEDS_6_UNIQUE_MAIN_AND_4_UNIQUE_DETAIL,PENDING_ALIBABA_IMAGE_BANK,PENDING_IMAGE_URLS
28,BQ028,BISCUIT,BQ028-W1,BQ028-W1 / BISCUIT,Importer and wholesaler core sourcing,wholesale walking shoes; factory shoe supplier; bulk casual footwear,Wholesale Breathable Knit Casual Walking Shoes Model BISCUIT for Importers and Wholesalers,real photographed color 1,"clean white background, three-quarter front view, one complete pair",E:\贝强大文件\01_产品资产\02_可发布素材\00_最终上传\BQ028_BISCUIT\01_主图\01_main.jpg,hero | differentiator | construction | use scene | color | order support,"product overview, verified construction, size/color range, wholesale ordering",6,6,5,E:\贝强大文件\01_产品资产\02_可发布素材\00_最终上传\BQ028_BISCUIT\00_上架填写表.md,E:\贝强大文件\01_产品资产\02_可发布素材\00_最终上传\BQ028_BISCUIT,NEEDS_6_UNIQUE_MAIN_AND_4_UNIQUE_DETAIL,PENDING_ALIBABA_IMAGE_BANK,PENDING_IMAGE_URLS
28,BQ028,BISCUIT,BQ028-R1,BQ028-R1 / BISCUIT,Casual Walking Collection,daily walking shoes; casual shoe collection; footwear for online sellers,Factory Direct Breathable Knit Casual Walking Shoes Model BISCUIT Casual Walking Collection for Online Sellers,real photographed color 2,"light neutral background, distinct side-profile composition, one complete pair",E:\贝强大文件\01_产品资产\02_可发布素材\00_最终上传\BQ028_BISCUIT\01_主图\02_upper.jpg,hero | differentiator | construction | use scene | color | order support,"importers, wholesalers and online sellers, use scenario, visible comfort structure, color collection",6,6,5,E:\贝强大文件\01_产品资产\02_可发布素材\00_最终上传\BQ028_BISCUIT\00_上架填写表.md,E:\贝强大文件\01_产品资产\02_可发布素材\00_最终上传\BQ028_BISCUIT,NEEDS_6_UNIQUE_MAIN_AND_4_UNIQUE_DETAIL,PENDING_ALIBABA_IMAGE_BANK,PENDING_IMAGE_URLS
28,BQ028,BISCUIT,BQ028-O1,BQ028-O1 / BISCUIT,OEM ODM and private-label development,OEM shoes; private label footwear; custom logo shoe factory,OEM ODM Private Label Breathable Knit Casual Walking Shoes Model BISCUIT Factory Supply for Brand Buyers,real photographed color 3,"clean studio background, distinct low three-quarter angle, one complete pair",E:\贝强大文件\01_产品资产\02_可发布素材\00_最终上传\BQ028_BISCUIT\01_主图\03_fit.jpg,hero | differentiator | construction | use scene | color | order support,"verified product construction, sample discussion, logo/color/packing development scope",6,6,5,E:\贝强大文件\01_产品资产\02_可发布素材\00_最终上传\BQ028_BISCUIT\00_上架填写表.md,E:\贝强大文件\01_产品资产\02_可发布素材\00_最终上传\BQ028_BISCUIT,NEEDS_6_UNIQUE_MAIN_AND_4_UNIQUE_DETAIL,PENDING_ALIBABA_IMAGE_BANK,PENDING_IMAGE_URLS
29,BQ029,A025,BQ029-W1,BQ029-W1 / A025,Importer and wholesaler core sourcing,wholesale walking shoes; factory shoe supplier; bulk casual footwear,Wholesale Breathable Knit Casual Walking Shoes Model A025 for Importers and Wholesalers,Black White,"clean white background, three-quarter front view, one complete pair",E:\贝强大文件\01_产品资产\02_可发布素材\00_最终上传\BQ029_A025\01_主图\01_main.jpg,hero | differentiator | construction | use scene | color | order support,"product overview, verified construction, size/color range, wholesale ordering",6,6,2,E:\贝强大文件\01_产品资产\02_可发布素材\00_最终上传\BQ029_A025\00_上架填写表.md,E:\贝强大文件\01_产品资产\02_可发布素材\00_最终上传\BQ029_A025,NEEDS_6_UNIQUE_MAIN_AND_4_UNIQUE_DETAIL,PENDING_ALIBABA_IMAGE_BANK,PENDING_IMAGE_URLS
29,BQ029,A025,BQ029-R1,BQ029-R1 / A025,Casual Walking Collection,daily walking shoes; casual shoe collection; footwear for online sellers,Factory Direct Breathable Knit Casual Walking Shoes Model A025 Casual Walking Collection for Online Sellers,All Black,"light neutral background, distinct side-profile composition, one complete pair",E:\贝强大文件\01_产品资产\02_可发布素材\00_最终上传\BQ029_A025\01_主图\02_upper.jpg,hero | differentiator | construction | use scene | color | order support,"importers, wholesalers and online sellers, use scenario, visible comfort structure, color collection",6,6,2,E:\贝强大文件\01_产品资产\02_可发布素材\00_最终上传\BQ029_A025\00_上架填写表.md,E:\贝强大文件\01_产品资产\02_可发布素材\00_最终上传\BQ029_A025,NEEDS_6_UNIQUE_MAIN_AND_4_UNIQUE_DETAIL,PENDING_ALIBABA_IMAGE_BANK,PENDING_IMAGE_URLS
29,BQ029,A025,BQ029-O1,BQ029-O1 / A025,OEM ODM and private-label development,OEM shoes; private label footwear; custom logo shoe factory,OEM ODM Private Label Breathable Knit Casual Walking Shoes Model A025 Factory Supply for Brand Buyers,Black White,"clean studio background, distinct low three-quarter angle, one complete pair",E:\贝强大文件\01_产品资产\02_可发布素材\00_最终上传\BQ029_A025\01_主图\03_fit.jpg,hero | differentiator | construction | use scene | color | order support,"verified product construction, sample discussion, logo/color/packing development scope",6,6,2,E:\贝强大文件\01_产品资产\02_可发布素材\00_最终上传\BQ029_A025\00_上架填写表.md,E:\贝强大文件\01_产品资产\02_可发布素材\00_最终上传\BQ029_A025,NEEDS_6_UNIQUE_MAIN_AND_4_UNIQUE_DETAIL,PENDING_ALIBABA_IMAGE_BANK,PENDING_IMAGE_URLS
30,BQ030,A811,BQ030-W1,BQ030-W1 / A811,Importer and wholesaler core sourcing,wholesale walking shoes; factory shoe supplier; bulk casual footwear,Wholesale Breathable Knit Casual Walking Shoes Model A811 for Importers and Wholesalers,White Green,"clean white background, three-quarter front view, one complete pair",E:\贝强大文件\01_产品资产\02_可发布素材\00_最终上传\BQ030_A811\01_主图\01_main.jpg,hero | differentiator | construction | use scene | color | order support,"product overview, verified construction, size/color range, wholesale ordering",6,6,4,E:\贝强大文件\01_产品资产\02_可发布素材\00_最终上传\BQ030_A811\00_上架填写表.md,E:\贝强大文件\01_产品资产\02_可发布素材\00_最终上传\BQ030_A811,NEEDS_6_UNIQUE_MAIN_AND_4_UNIQUE_DETAIL,PENDING_ALIBABA_IMAGE_BANK,PENDING_IMAGE_URLS
30,BQ030,A811,BQ030-R1,BQ030-R1 / A811,Casual Walking Collection,daily walking shoes; casual shoe collection; footwear for online sellers,Factory Direct Breathable Knit Casual Walking Shoes Model A811 Casual Walking Collection for Online Sellers,White Grey,"light neutral background, distinct side-profile composition, one complete pair",E:\贝强大文件\01_产品资产\02_可发布素材\00_最终上传\BQ030_A811\01_主图\02_upper.jpg,hero | differentiator | construction | use scene | color | order support,"importers, wholesalers and online sellers, use scenario, visible comfort structure, color collection",6,6,4,E:\贝强大文件\01_产品资产\02_可发布素材\00_最终上传\BQ030_A811\00_上架填写表.md,E:\贝强大文件\01_产品资产\02_可发布素材\00_最终上传\BQ030_A811,NEEDS_6_UNIQUE_MAIN_AND_4_UNIQUE_DETAIL,PENDING_ALIBABA_IMAGE_BANK,PENDING_IMAGE_URLS
30,BQ030,A811,BQ030-O1,BQ030-O1 / A811,OEM ODM and private-label development,OEM shoes; private label footwear; custom logo shoe factory,OEM ODM Private Label Breathable Knit Casual Walking Shoes Model A811 Factory Supply for Brand Buyers,White Pink,"clean studio background, distinct low three-quarter angle, one complete pair",E:\贝强大文件\01_产品资产\02_可发布素材\00_最终上传\BQ030_A811\01_主图\03_fit.jpg,hero | differentiator | construction | use scene | color | order support,"verified product construction, sample discussion, logo/color/packing development scope",6,6,4,E:\贝强大文件\01_产品资产\02_可发布素材\00_最终上传\BQ030_A811\00_上架填写表.md,E:\贝强大文件\01_产品资产\02_可发布素材\00_最终上传\BQ030_A811,NEEDS_6_UNIQUE_MAIN_AND_4_UNIQUE_DETAIL,PENDING_ALIBABA_IMAGE_BANK,PENDING_IMAGE_URLS
31,BQ031,ZX2116,BQ031-W1,BQ031-W1 / ZX2116,Importer and wholesaler core sourcing,wholesale walking shoes; factory shoe supplier; bulk casual footwear,Wholesale Breathable Knit Casual Walking Shoes Model ZX2116 for Importers and Wholesalers,All Black,"clean white background, three-quarter front view, one complete pair",E:\贝强大文件\01_产品资产\02_可发布素材\00_最终上传\BQ031_ZX2116\01_主图\01_main_grey.jpg,hero | differentiator | construction | use scene | color | order support,"product overview, verified construction, size/color range, wholesale ordering",6,1,5,E:\贝强大文件\01_产品资产\02_可发布素材\00_最终上传\BQ031_ZX2116\00_上架填写表.md,E:\贝强大文件\01_产品资产\02_可发布素材\00_最终上传\BQ031_ZX2116,NEEDS_6_UNIQUE_MAIN_AND_4_UNIQUE_DETAIL,PENDING_ALIBABA_IMAGE_BANK,PENDING_IMAGE_URLS
31,BQ031,ZX2116,BQ031-R1,BQ031-R1 / ZX2116,Casual Walking Collection,daily walking shoes; casual shoe collection; footwear for online sellers,Factory Direct Breathable Knit Casual Walking Shoes Model ZX2116 Casual Walking Collection for Online Sellers,Black White,"light neutral background, distinct side-profile composition, one complete pair",E:\贝强大文件\01_产品资产\02_可发布素材\00_最终上传\BQ031_ZX2116\01_主图\02_outsole_proof.jpg,hero | differentiator | construction | use scene | color | order support,"importers, wholesalers and online sellers, use scenario, visible comfort structure, color collection",6,1,5,E:\贝强大文件\01_产品资产\02_可发布素材\00_最终上传\BQ031_ZX2116\00_上架填写表.md,E:\贝强大文件\01_产品资产\02_可发布素材\00_最终上传\BQ031_ZX2116,NEEDS_6_UNIQUE_MAIN_AND_4_UNIQUE_DETAIL,PENDING_ALIBABA_IMAGE_BANK,PENDING_IMAGE_URLS
31,BQ031,ZX2116,BQ031-O1,BQ031-O1 / ZX2116,OEM ODM and private-label development,OEM shoes; private label footwear; custom logo shoe factory,OEM ODM Private Label Breathable Knit Casual Walking Shoes Model ZX2116 Factory Supply for Brand Buyers,Grey White,"clean studio background, distinct low three-quarter angle, one complete pair",E:\贝强大文件\01_产品资产\02_可发布素材\00_最终上传\BQ031_ZX2116\01_主图\03_color_overview.jpg,hero | differentiator | construction | use scene | color | order support,"verified product construction, sample discussion, logo/color/packing development scope",6,1,5,E:\贝强大文件\01_产品资产\02_可发布素材\00_最终上传\BQ031_ZX2116\00_上架填写表.md,E:\贝强大文件\01_产品资产\02_可发布素材\00_最终上传\BQ031_ZX2116,NEEDS_6_UNIQUE_MAIN_AND_4_UNIQUE_DETAIL,PENDING_ALIBABA_IMAGE_BANK,PENDING_IMAGE_URLS
32,BQ032,ZX2212,BQ032-W1,BQ032-W1 / ZX2212,Importer and wholesaler core sourcing,wholesale walking shoes; factory shoe supplier; bulk casual footwear,Wholesale Regular Fit Knit Lace-Up Casual Walking Shoes ZX2212 Large Size EU 38-47 for Importers and Wholesalers,Apricot,"clean white background, three-quarter front view, one complete pair",E:\贝强大文件\01_产品资产\02_可发布素材\00_最终上传\BQ032_ZX2212\01_主图\01_main.jpg,hero | differentiator | construction | use scene | color | order support,"product overview, verified construction, size/color range, wholesale ordering",12,6,6,E:\贝强大文件\01_产品资产\02_可发布素材\00_最终上传\BQ032_ZX2212\00_上架填写表.md,E:\贝强大文件\01_产品资产\02_可发布素材\00_最终上传\BQ032_ZX2212,NEEDS_6_UNIQUE_MAIN_AND_4_UNIQUE_DETAIL,PENDING_ALIBABA_IMAGE_BANK,PENDING_IMAGE_URLS
32,BQ032,ZX2212,BQ032-R1,BQ032-R1 / ZX2212,Daily Walking Collection,daily walking shoes; casual shoe collection; footwear for online sellers,Factory Direct Regular Fit Knit Lace-Up Casual Walking Shoes ZX2212 Daily Walking Collection for Online Sellers,Blue,"light neutral background, distinct side-profile composition, one complete pair",E:\贝强大文件\01_产品资产\02_可发布素材\00_最终上传\BQ032_ZX2212\01_主图\01_main_clean.jpg,hero | differentiator | construction | use scene | color | order support,"walking, commuting and casual footwear buyers, use scenario, visible comfort structure, color collection",12,6,6,E:\贝强大文件\01_产品资产\02_可发布素材\00_最终上传\BQ032_ZX2212\00_上架填写表.md,E:\贝强大文件\01_产品资产\02_可发布素材\00_最终上传\BQ032_ZX2212,NEEDS_6_UNIQUE_MAIN_AND_4_UNIQUE_DETAIL,PENDING_ALIBABA_IMAGE_BANK,PENDING_IMAGE_URLS
32,BQ032,ZX2212,BQ032-O1,BQ032-O1 / ZX2212,OEM ODM and private-label development,OEM shoes; private label footwear; custom logo shoe factory,OEM ODM Private Label Regular Fit Knit Lace-Up Casual Walking Shoes ZX2212 Large Factory Supply for Brand Buyers,White,"clean studio background, distinct low three-quarter angle, one complete pair",E:\贝强大文件\01_产品资产\02_可发布素材\00_最终上传\BQ032_ZX2212\01_主图\02_upper.jpg,hero | differentiator | construction | use scene | color | order support,"verified product construction, sample discussion, logo/color/packing development scope",12,6,6,E:\贝强大文件\01_产品资产\02_可发布素材\00_最终上传\BQ032_ZX2212\00_上架填写表.md,E:\贝强大文件\01_产品资产\02_可发布素材\00_最终上传\BQ032_ZX2212,NEEDS_6_UNIQUE_MAIN_AND_4_UNIQUE_DETAIL,PENDING_ALIBABA_IMAGE_BANK,PENDING_IMAGE_URLS
33,BQ033,T5503,BQ033-W1,BQ033-W1 / T5503,Importer and wholesaler core sourcing,wholesale walking shoes; factory shoe supplier; bulk casual footwear,Wholesale Breathable Knit Lace-Up Casual Walking Shoes Lightweight Summer Sneakers for Importers and Wholesalers,Black,"clean white background, three-quarter front view, one complete pair",E:\贝强大文件\01_产品资产\02_可发布素材\00_最终上传\BQ033_T5503\01_主图\01_main.jpg,hero | differentiator | construction | use scene | color | order support,"product overview, verified construction, size/color range, wholesale ordering",6,6,4,E:\贝强大文件\01_产品资产\02_可发布素材\00_最终上传\BQ033_T5503\00_上架填写表.md,E:\贝强大文件\01_产品资产\02_可发布素材\00_最终上传\BQ033_T5503,NEEDS_6_UNIQUE_MAIN_AND_4_UNIQUE_DETAIL,PENDING_ALIBABA_IMAGE_BANK,PENDING_IMAGE_URLS
33,BQ033,T5503,BQ033-R1,BQ033-R1 / T5503,Daily Walking Collection,daily walking shoes; casual shoe collection; footwear for online sellers,Factory Direct Breathable Knit Lace-Up Casual Walking Shoes Lightweight Daily Walking Collection for Online Sellers,Grey,"light neutral background, distinct side-profile composition, one complete pair",E:\贝强大文件\01_产品资产\02_可发布素材\00_最终上传\BQ033_T5503\01_主图\02_upper.jpg,hero | differentiator | construction | use scene | color | order support,"walking, commuting and casual footwear buyers, use scenario, visible comfort structure, color collection",6,6,4,E:\贝强大文件\01_产品资产\02_可发布素材\00_最终上传\BQ033_T5503\00_上架填写表.md,E:\贝强大文件\01_产品资产\02_可发布素材\00_最终上传\BQ033_T5503,NEEDS_6_UNIQUE_MAIN_AND_4_UNIQUE_DETAIL,PENDING_ALIBABA_IMAGE_BANK,PENDING_IMAGE_URLS
33,BQ033,T5503,BQ033-O1,BQ033-O1 / T5503,OEM ODM and private-label development,OEM shoes; private label footwear; custom logo shoe factory,OEM ODM Private Label Breathable Knit Lace-Up Casual Walking Shoes Lightweight Factory Supply for Brand Buyers,Off White,"clean studio background, distinct low three-quarter angle, one complete pair",E:\贝强大文件\01_产品资产\02_可发布素材\00_最终上传\BQ033_T5503\01_主图\03_structure.jpg,hero | differentiator | construction | use scene | color | order support,"verified product construction, sample discussion, logo/color/packing development scope",6,6,4,E:\贝强大文件\01_产品资产\02_可发布素材\00_最终上传\BQ033_T5503\00_上架填写表.md,E:\贝强大文件\01_产品资产\02_可发布素材\00_最终上传\BQ033_T5503,NEEDS_6_UNIQUE_MAIN_AND_4_UNIQUE_DETAIL,PENDING_ALIBABA_IMAGE_BANK,PENDING_IMAGE_URLS
34,BQ034,T5505,BQ034-W1,BQ034-W1 / T5505,Importer and wholesaler core sourcing,wholesale walking shoes; factory shoe supplier; bulk casual footwear,Wholesale Knit Slip-On Walking Shoes Lightweight EVA Sole Casual Shoes for Men and for Importers and Wholesalers,Black,"clean white background, three-quarter front view, one complete pair",E:\贝强大文件\01_产品资产\02_可发布素材\00_最终上传\BQ034_T5505\01_主图\01_main.jpg,hero | differentiator | construction | use scene | color | order support,"product overview, verified construction, size/color range, wholesale ordering",6,6,3,E:\贝强大文件\01_产品资产\02_可发布素材\00_最终上传\BQ034_T5505\00_上架填写表.md,E:\贝强大文件\01_产品资产\02_可发布素材\00_最终上传\BQ034_T5505,NEEDS_6_UNIQUE_MAIN_AND_4_UNIQUE_DETAIL,PENDING_ALIBABA_IMAGE_BANK,PENDING_IMAGE_URLS
34,BQ034,T5505,BQ034-R1,BQ034-R1 / T5505,Travel and Commuting Collection,daily walking shoes; casual shoe collection; footwear for online sellers,Factory Direct Knit Slip-On Walking Shoes Lightweight EVA Sole Travel and Commuting Collection for Online Sellers,Grey,"light neutral background, distinct side-profile composition, one complete pair",E:\贝强大文件\01_产品资产\02_可发布素材\00_最终上传\BQ034_T5505\01_主图\02_upper.jpg,hero | differentiator | construction | use scene | color | order support,"travel, commuting and daily-casual footwear buyers, use scenario, visible comfort structure, color collection",6,6,3,E:\贝强大文件\01_产品资产\02_可发布素材\00_最终上传\BQ034_T5505\00_上架填写表.md,E:\贝强大文件\01_产品资产\02_可发布素材\00_最终上传\BQ034_T5505,NEEDS_6_UNIQUE_MAIN_AND_4_UNIQUE_DETAIL,PENDING_ALIBABA_IMAGE_BANK,PENDING_IMAGE_URLS
34,BQ034,T5505,BQ034-O1,BQ034-O1 / T5505,OEM ODM and private-label development,OEM shoes; private label footwear; custom logo shoe factory,OEM ODM Private Label Knit Slip-On Walking Shoes Lightweight EVA Sole Casual Shoes Factory Supply for Brand Buyers,Brown,"clean studio background, distinct low three-quarter angle, one complete pair",E:\贝强大文件\01_产品资产\02_可发布素材\00_最终上传\BQ034_T5505\01_主图\03_structure.jpg,hero | differentiator | construction | use scene | color | order support,"verified product construction, sample discussion, logo/color/packing development scope",6,6,3,E:\贝强大文件\01_产品资产\02_可发布素材\00_最终上传\BQ034_T5505\00_上架填写表.md,E:\贝强大文件\01_产品资产\02_可发布素材\00_最终上传\BQ034_T5505,NEEDS_6_UNIQUE_MAIN_AND_4_UNIQUE_DETAIL,PENDING_ALIBABA_IMAGE_BANK,PENDING_IMAGE_URLS
35,BQ035,A001,BQ035-W1,BQ035-W1 / A001,Importer and wholesaler core sourcing,wholesale walking shoes; factory shoe supplier; bulk casual footwear,Wholesale Men's Knit Backless Slip-On Mule Shoes Lightweight Casual Walking Clogs for Importers and Wholesalers,Grey,"clean white background, three-quarter front view, one complete pair",E:\贝强大文件\01_产品资产\02_可发布素材\00_最终上传\BQ035_A001\01_主图\01_main.jpg,hero | differentiator | construction | use scene | color | order support,"product overview, verified construction, size/color range, wholesale ordering",6,6,2,E:\贝强大文件\01_产品资产\02_可发布素材\00_最终上传\BQ035_A001\00_上架填写表.md,E:\贝强大文件\01_产品资产\02_可发布素材\00_最终上传\BQ035_A001,NEEDS_6_UNIQUE_MAIN_AND_4_UNIQUE_DETAIL,PENDING_ALIBABA_IMAGE_BANK,PENDING_IMAGE_URLS
35,BQ035,A001,BQ035-R1,BQ035-R1 / A001,Travel and Commuting Collection,daily walking shoes; casual shoe collection; footwear for online sellers,Factory Direct Men's Knit Backless Slip-On Mule Shoes Travel and Commuting Collection for Online Sellers,Deep Blue,"light neutral background, distinct side-profile composition, one complete pair",E:\贝强大文件\01_产品资产\02_可发布素材\00_最终上传\BQ035_A001\01_主图\02_upper.jpg,hero | differentiator | construction | use scene | color | order support,"travel, commuting and daily-casual footwear buyers, use scenario, visible comfort structure, color collection",6,6,2,E:\贝强大文件\01_产品资产\02_可发布素材\00_最终上传\BQ035_A001\00_上架填写表.md,E:\贝强大文件\01_产品资产\02_可发布素材\00_最终上传\BQ035_A001,NEEDS_6_UNIQUE_MAIN_AND_4_UNIQUE_DETAIL,PENDING_ALIBABA_IMAGE_BANK,PENDING_IMAGE_URLS
35,BQ035,A001,BQ035-O1,BQ035-O1 / A001,OEM ODM and private-label development,OEM shoes; private label footwear; custom logo shoe factory,OEM ODM Private Label Men's Knit Backless Slip-On Mule Shoes Lightweight Casual Factory Supply for Brand Buyers,Grey,"clean studio background, distinct low three-quarter angle, one complete pair",E:\贝强大文件\01_产品资产\02_可发布素材\00_最终上传\BQ035_A001\01_主图\03_structure.jpg,hero | differentiator | construction | use scene | color | order support,"verified product construction, sample discussion, logo/color/packing development scope",6,6,2,E:\贝强大文件\01_产品资产\02_可发布素材\00_最终上传\BQ035_A001\00_上架填写表.md,E:\贝强大文件\01_产品资产\02_可发布素材\00_最终上传\BQ035_A001,NEEDS_6_UNIQUE_MAIN_AND_4_UNIQUE_DETAIL,PENDING_ALIBABA_IMAGE_BANK,PENDING_IMAGE_URLS
36,BQ036,8025,BQ036-W1,BQ036-W1 / 8025,Importer and wholesaler core sourcing,wholesale walking shoes; factory shoe supplier; bulk casual footwear,Wholesale High Top Knit Sock Sneakers Slip-On EVA Sole Casual Walking Shoes for Men for Importers and Wholesalers,Black/White,"clean white background, three-quarter front view, one complete pair",E:\贝强大文件\01_产品资产\02_可发布素材\00_最终上传\BQ036_8025\01_主图\01_main.jpg,hero | differentiator | construction | use scene | color | order support,"product overview, verified construction, size/color range, wholesale ordering",6,6,2,E:\贝强大文件\01_产品资产\02_可发布素材\00_最终上传\BQ036_8025\00_上架填写表.md,E:\贝强大文件\01_产品资产\02_可发布素材\00_最终上传\BQ036_8025,NEEDS_6_UNIQUE_MAIN_AND_4_UNIQUE_DETAIL,PENDING_ALIBABA_IMAGE_BANK,PENDING_IMAGE_URLS
36,BQ036,8025,BQ036-R1,BQ036-R1 / 8025,Seasonal High Top Collection,daily walking shoes; casual shoe collection; footwear for online sellers,Factory Direct High Top Knit Sock Sneakers Slip-On EVA Sole Casual Seasonal High Top Collection for Online Sellers,All Black,"light neutral background, distinct side-profile composition, one complete pair",E:\贝强大文件\01_产品资产\02_可发布素材\00_最终上传\BQ036_8025\01_主图\02_upper.jpg,hero | differentiator | construction | use scene | color | order support,"seasonal footwear importers and online sellers, use scenario, visible comfort structure, color collection",6,6,2,E:\贝强大文件\01_产品资产\02_可发布素材\00_最终上传\BQ036_8025\00_上架填写表.md,E:\贝强大文件\01_产品资产\02_可发布素材\00_最终上传\BQ036_8025,NEEDS_6_UNIQUE_MAIN_AND_4_UNIQUE_DETAIL,PENDING_ALIBABA_IMAGE_BANK,PENDING_IMAGE_URLS
36,BQ036,8025,BQ036-O1,BQ036-O1 / 8025,OEM ODM and private-label development,OEM shoes; private label footwear; custom logo shoe factory,OEM ODM Private Label High Top Knit Sock Sneakers Slip-On EVA Sole Casual Walking Factory Supply for Brand Buyers,Black/White,"clean studio background, distinct low three-quarter angle, one complete pair",E:\贝强大文件\01_产品资产\02_可发布素材\00_最终上传\BQ036_8025\01_主图\03_structure.jpg,hero | differentiator | construction | use scene | color | order support,"verified product construction, sample discussion, logo/color/packing development scope",6,6,2,E:\贝强大文件\01_产品资产\02_可发布素材\00_最终上传\BQ036_8025\00_上架填写表.md,E:\贝强大文件\01_产品资产\02_可发布素材\00_最终上传\BQ036_8025,NEEDS_6_UNIQUE_MAIN_AND_4_UNIQUE_DETAIL,PENDING_ALIBABA_IMAGE_BANK,PENDING_IMAGE_URLS
37,BQ037,H7116,BQ037-W1,BQ037-W1 / H7116,Importer and wholesaler core sourcing,wholesale walking shoes; factory shoe supplier; bulk casual footwear,Wholesale Knit Lace-Up Casual Shoes Rubber Toe Cap EVA Sole Walking Sneakers with for Importers and Wholesalers,Black/White,"clean white background, three-quarter front view, one complete pair",E:\贝强大文件\01_产品资产\02_可发布素材\00_最终上传\BQ037_H7116\01_主图\01_main.jpg,hero | differentiator | construction | use scene | color | order support,"product overview, verified construction, size/color range, wholesale ordering",6,6,7,E:\贝强大文件\01_产品资产\02_可发布素材\00_最终上传\BQ037_H7116\00_上架填写表.md,E:\贝强大文件\01_产品资产\02_可发布素材\00_最终上传\BQ037_H7116,NEEDS_6_UNIQUE_MAIN_AND_4_UNIQUE_DETAIL,PENDING_ALIBABA_IMAGE_BANK,PENDING_IMAGE_URLS
37,BQ037,H7116,BQ037-R1,BQ037-R1 / H7116,Seasonal High Top Collection,daily walking shoes; casual shoe collection; footwear for online sellers,Factory Direct Knit Lace-Up Casual Shoes Rubber Toe Cap EVA Sole Seasonal High Top Collection for Online Sellers,Grey,"light neutral background, distinct side-profile composition, one complete pair",E:\贝强大文件\01_产品资产\02_可发布素材\00_最终上传\BQ037_H7116\01_主图\02_upper.jpg,hero | differentiator | construction | use scene | color | order support,"seasonal footwear importers and online sellers, use scenario, visible comfort structure, color collection",6,6,7,E:\贝强大文件\01_产品资产\02_可发布素材\00_最终上传\BQ037_H7116\00_上架填写表.md,E:\贝强大文件\01_产品资产\02_可发布素材\00_最终上传\BQ037_H7116,NEEDS_6_UNIQUE_MAIN_AND_4_UNIQUE_DETAIL,PENDING_ALIBABA_IMAGE_BANK,PENDING_IMAGE_URLS
37,BQ037,H7116,BQ037-O1,BQ037-O1 / H7116,OEM ODM and private-label development,OEM shoes; private label footwear; custom logo shoe factory,OEM ODM Private Label Knit Lace-Up Casual Shoes Rubber Toe Cap EVA Sole Walking Factory Supply for Brand Buyers,White,"clean studio background, distinct low three-quarter angle, one complete pair",E:\贝强大文件\01_产品资产\02_可发布素材\00_最终上传\BQ037_H7116\01_主图\03_structure.jpg,hero | differentiator | construction | use scene | color | order support,"verified product construction, sample discussion, logo/color/packing development scope",6,6,7,E:\贝强大文件\01_产品资产\02_可发布素材\00_最终上传\BQ037_H7116\00_上架填写表.md,E:\贝强大文件\01_产品资产\02_可发布素材\00_最终上传\BQ037_H7116,NEEDS_6_UNIQUE_MAIN_AND_4_UNIQUE_DETAIL,PENDING_ALIBABA_IMAGE_BANK,PENDING_IMAGE_URLS
38,BQ038,M889,BQ038-W1,BQ038-W1 / M889,Importer and wholesaler core sourcing,wholesale walking shoes; factory shoe supplier; bulk casual footwear,Wholesale Knit Lace-Up Chunky Sole Walking Shoes EVA Cushion Casual Sneakers with for Importers and Wholesalers,Black/White,"clean white background, three-quarter front view, one complete pair",E:\贝强大文件\01_产品资产\02_可发布素材\00_最终上传\BQ038_M889\01_主图\01_main.jpg,hero | differentiator | construction | use scene | color | order support,"product overview, verified construction, size/color range, wholesale ordering",6,6,5,E:\贝强大文件\01_产品资产\02_可发布素材\00_最终上传\BQ038_M889\00_上架填写表.md,E:\贝强大文件\01_产品资产\02_可发布素材\00_最终上传\BQ038_M889,NEEDS_6_UNIQUE_MAIN_AND_4_UNIQUE_DETAIL,PENDING_ALIBABA_IMAGE_BANK,PENDING_IMAGE_URLS
38,BQ038,M889,BQ038-R1,BQ038-R1 / M889,Seasonal High Top Collection,daily walking shoes; casual shoe collection; footwear for online sellers,Factory Direct Knit Lace-Up Chunky Sole Walking Shoes EVA Cushion Seasonal High Top Collection for Online Sellers,White,"light neutral background, distinct side-profile composition, one complete pair",E:\贝强大文件\01_产品资产\02_可发布素材\00_最终上传\BQ038_M889\01_主图\02_upper.jpg,hero | differentiator | construction | use scene | color | order support,"seasonal footwear importers and online sellers, use scenario, visible comfort structure, color collection",6,6,5,E:\贝强大文件\01_产品资产\02_可发布素材\00_最终上传\BQ038_M889\00_上架填写表.md,E:\贝强大文件\01_产品资产\02_可发布素材\00_最终上传\BQ038_M889,NEEDS_6_UNIQUE_MAIN_AND_4_UNIQUE_DETAIL,PENDING_ALIBABA_IMAGE_BANK,PENDING_IMAGE_URLS
38,BQ038,M889,BQ038-O1,BQ038-O1 / M889,OEM ODM and private-label development,OEM shoes; private label footwear; custom logo shoe factory,OEM ODM Private Label Knit Lace-Up Chunky Sole Walking Shoes EVA Cushion Casual Factory Supply for Brand Buyers,All Black,"clean studio background, distinct low three-quarter angle, one complete pair",E:\贝强大文件\01_产品资产\02_可发布素材\00_最终上传\BQ038_M889\01_主图\03_structure.jpg,hero | differentiator | construction | use scene | color | order support,"verified product construction, sample discussion, logo/color/packing development scope",6,6,5,E:\贝强大文件\01_产品资产\02_可发布素材\00_最终上传\BQ038_M889\00_上架填写表.md,E:\贝强大文件\01_产品资产\02_可发布素材\00_最终上传\BQ038_M889,NEEDS_6_UNIQUE_MAIN_AND_4_UNIQUE_DETAIL,PENDING_ALIBABA_IMAGE_BANK,PENDING_IMAGE_URLS
39,BQ039,155,BQ039-W1,BQ039-W1 / 155,Importer and wholesaler core sourcing,wholesale walking shoes; factory shoe supplier; bulk casual footwear,Wholesale High Top Knit Sock Sneakers Slip-On Segmented Sole Casual Shoes for Men and for Importers and Wholesalers,Black,"clean white background, three-quarter front view, one complete pair",E:\贝强大文件\01_产品资产\02_可发布素材\00_最终上传\BQ039_155\01_主图\00_main_clean.png,hero | differentiator | construction | use scene | color | order support,"product overview, verified construction, size/color range, wholesale ordering",7,6,2,E:\贝强大文件\01_产品资产\02_可发布素材\00_最终上传\BQ039_155\00_上架填写表.md,E:\贝强大文件\01_产品资产\02_可发布素材\00_最终上传\BQ039_155,NEEDS_6_UNIQUE_MAIN_AND_4_UNIQUE_DETAIL,PENDING_ALIBABA_IMAGE_BANK,PENDING_IMAGE_URLS
39,BQ039,155,BQ039-R1,BQ039-R1 / 155,Seasonal High Top Collection,daily walking shoes; casual shoe collection; footwear for online sellers,Factory Direct High Top Knit Sock Sneakers Slip-On Segmented Sole Seasonal High Top Collection for Online Sellers,Red,"light neutral background, distinct side-profile composition, one complete pair",E:\贝强大文件\01_产品资产\02_可发布素材\00_最终上传\BQ039_155\01_主图\01_main.jpg,hero | differentiator | construction | use scene | color | order support,"seasonal footwear importers and online sellers, use scenario, visible comfort structure, color collection",7,6,2,E:\贝强大文件\01_产品资产\02_可发布素材\00_最终上传\BQ039_155\00_上架填写表.md,E:\贝强大文件\01_产品资产\02_可发布素材\00_最终上传\BQ039_155,NEEDS_6_UNIQUE_MAIN_AND_4_UNIQUE_DETAIL,PENDING_ALIBABA_IMAGE_BANK,PENDING_IMAGE_URLS
39,BQ039,155,BQ039-O1,BQ039-O1 / 155,OEM ODM and private-label development,OEM shoes; private label footwear; custom logo shoe factory,OEM ODM Private Label High Top Knit Sock Sneakers Slip-On Segmented Sole Casual Factory Supply for Brand Buyers,Black,"clean studio background, distinct low three-quarter angle, one complete pair",E:\贝强大文件\01_产品资产\02_可发布素材\00_最终上传\BQ039_155\01_主图\02_upper.jpg,hero | differentiator | construction | use scene | color | order support,"verified product construction, sample discussion, logo/color/packing development scope",7,6,2,E:\贝强大文件\01_产品资产\02_可发布素材\00_最终上传\BQ039_155\00_上架填写表.md,E:\贝强大文件\01_产品资产\02_可发布素材\00_最终上传\BQ039_155,NEEDS_6_UNIQUE_MAIN_AND_4_UNIQUE_DETAIL,PENDING_ALIBABA_IMAGE_BANK,PENDING_IMAGE_URLS
40,BQ040,1689,BQ040-W1,BQ040-W1 / 1689,Importer and wholesaler core sourcing,wholesale walking shoes; factory shoe supplier; bulk casual footwear,Wholesale Knit Slip-On Walking Shoes MD Foam Segmented Sole Lightweight Casual for Importers and Wholesalers,Black/White,"clean white background, three-quarter front view, one complete pair",E:\贝强大文件\01_产品资产\02_可发布素材\00_最终上传\BQ040_1689\01_主图\00_main_clean.png,hero | differentiator | construction | use scene | color | order support,"product overview, verified construction, size/color range, wholesale ordering",7,6,3,E:\贝强大文件\01_产品资产\02_可发布素材\00_最终上传\BQ040_1689\00_上架填写表.md,E:\贝强大文件\01_产品资产\02_可发布素材\00_最终上传\BQ040_1689,NEEDS_6_UNIQUE_MAIN_AND_4_UNIQUE_DETAIL,PENDING_ALIBABA_IMAGE_BANK,PENDING_IMAGE_URLS
40,BQ040,1689,BQ040-R1,BQ040-R1 / 1689,Travel and Commuting Collection,daily walking shoes; casual shoe collection; footwear for online sellers,Factory Direct Knit Slip-On Walking Shoes MD Foam Segmented Sole Travel and Commuting Collection for Online Sellers,Grey,"light neutral background, distinct side-profile composition, one complete pair",E:\贝强大文件\01_产品资产\02_可发布素材\00_最终上传\BQ040_1689\01_主图\01_main.jpg,hero | differentiator | construction | use scene | color | order support,"travel, commuting and daily-casual footwear buyers, use scenario, visible comfort structure, color collection",7,6,3,E:\贝强大文件\01_产品资产\02_可发布素材\00_最终上传\BQ040_1689\00_上架填写表.md,E:\贝强大文件\01_产品资产\02_可发布素材\00_最终上传\BQ040_1689,NEEDS_6_UNIQUE_MAIN_AND_4_UNIQUE_DETAIL,PENDING_ALIBABA_IMAGE_BANK,PENDING_IMAGE_URLS
40,BQ040,1689,BQ040-O1,BQ040-O1 / 1689,OEM ODM and private-label development,OEM shoes; private label footwear; custom logo shoe factory,OEM ODM Private Label Knit Slip-On Walking Shoes MD Foam Segmented Sole Lightweight Factory Supply for Brand Buyers,All Black,"clean studio background, distinct low three-quarter angle, one complete pair",E:\贝强大文件\01_产品资产\02_可发布素材\00_最终上传\BQ040_1689\01_主图\02_upper.jpg,hero | differentiator | construction | use scene | color | order support,"verified product construction, sample discussion, logo/color/packing development scope",7,6,3,E:\贝强大文件\01_产品资产\02_可发布素材\00_最终上传\BQ040_1689\00_上架填写表.md,E:\贝强大文件\01_产品资产\02_可发布素材\00_最终上传\BQ040_1689,NEEDS_6_UNIQUE_MAIN_AND_4_UNIQUE_DETAIL,PENDING_ALIBABA_IMAGE_BANK,PENDING_IMAGE_URLS
41,BQ041,202,BQ041-W1,BQ041-W1 / 202,Importer and wholesaler core sourcing,wholesale walking shoes; factory shoe supplier; bulk casual footwear,Wholesale Model 202 Kids Knit Slip-On Walking Shoes Casual Sneakers EU 31-40 for Importers and Wholesalers,Black/White/Gold,"clean white background, three-quarter front view, one complete pair",E:\贝强大文件\01_产品资产\02_可发布素材\00_最终上传\BQ041_202\01_主图\00_main_clean.png,hero | differentiator | construction | use scene | color | order support,"product overview, verified construction, size/color range, wholesale ordering",12,17,10,E:\贝强大文件\01_产品资产\02_可发布素材\00_最终上传\BQ041_202\00_上架填写表.md,E:\贝强大文件\01_产品资产\02_可发布素材\00_最终上传\BQ041_202,NEEDS_6_UNIQUE_MAIN_AND_4_UNIQUE_DETAIL,PENDING_ALIBABA_IMAGE_BANK,PENDING_IMAGE_URLS
41,BQ041,202,BQ041-R1,BQ041-R1 / 202,Kids Casual Shoe Collection,daily walking shoes; casual shoe collection; footwear for online sellers,Factory Direct Model 202 Kids Knit Slip-On Walking Shoes Casual Kids Casual Shoe Collection for Online Sellers,Royal Blue/Gold,"light neutral background, distinct side-profile composition, one complete pair",E:\贝强大文件\01_产品资产\02_可发布素材\00_最终上传\BQ041_202\01_主图\01_main.jpg,hero | differentiator | construction | use scene | color | order support,"children footwear distributors and online sellers, use scenario, visible comfort structure, color collection",12,17,10,E:\贝强大文件\01_产品资产\02_可发布素材\00_最终上传\BQ041_202\00_上架填写表.md,E:\贝强大文件\01_产品资产\02_可发布素材\00_最终上传\BQ041_202,NEEDS_6_UNIQUE_MAIN_AND_4_UNIQUE_DETAIL,PENDING_ALIBABA_IMAGE_BANK,PENDING_IMAGE_URLS
41,BQ041,202,BQ041-O1,BQ041-O1 / 202,OEM ODM and private-label development,OEM shoes; private label footwear; custom logo shoe factory,OEM ODM Private Label Model 202 Kids Knit Slip-On Walking Shoes Casual Sneakers EU Factory Supply for Brand Buyers,Purple/Gold,"clean studio background, distinct low three-quarter angle, one complete pair",E:\贝强大文件\01_产品资产\02_可发布素材\00_最终上传\BQ041_202\01_主图\01_main_square_clean.png,hero | differentiator | construction | use scene | color | order support,"verified product construction, sample discussion, logo/color/packing development scope",12,17,10,E:\贝强大文件\01_产品资产\02_可发布素材\00_最终上传\BQ041_202\00_上架填写表.md,E:\贝强大文件\01_产品资产\02_可发布素材\00_最终上传\BQ041_202,NEEDS_6_UNIQUE_MAIN_AND_4_UNIQUE_DETAIL,PENDING_ALIBABA_IMAGE_BANK,PENDING_IMAGE_URLS
42,BQ042,206,BQ042-W1,BQ042-W1 / 206,Importer and wholesaler core sourcing,wholesale walking shoes; factory shoe supplier; bulk casual footwear,Wholesale Model 206 Knit Lace-Up Walking Shoes Regular Fit Casual Sneakers EU 35-45 for Importers and Wholesalers,Black/White,"clean white background, three-quarter front view, one complete pair",E:\贝强大文件\01_产品资产\02_可发布素材\00_最终上传\BQ042_206\01_主图\01_main.jpg,hero | differentiator | construction | use scene | color | order support,"product overview, verified construction, size/color range, wholesale ordering",13,11,10,E:\贝强大文件\01_产品资产\02_可发布素材\00_最终上传\BQ042_206\00_上架填写表.md,E:\贝强大文件\01_产品资产\02_可发布素材\00_最终上传\BQ042_206,NEEDS_6_UNIQUE_MAIN_AND_4_UNIQUE_DETAIL,PENDING_ALIBABA_IMAGE_BANK,PENDING_IMAGE_URLS
42,BQ042,206,BQ042-R1,BQ042-R1 / 206,Daily Walking Collection,daily walking shoes; casual shoe collection; footwear for online sellers,Factory Direct Model 206 Knit Lace-Up Walking Shoes Regular Fit Casual Daily Walking Collection for Online Sellers,Beige,"light neutral background, distinct side-profile composition, one complete pair",E:\贝强大文件\01_产品资产\02_可发布素材\00_最终上传\BQ042_206\01_主图\01_main_clean.png,hero | differentiator | construction | use scene | color | order support,"walking, commuting and casual footwear buyers, use scenario, visible comfort structure, color collection",13,11,10,E:\贝强大文件\01_产品资产\02_可发布素材\00_最终上传\BQ042_206\00_上架填写表.md,E:\贝强大文件\01_产品资产\02_可发布素材\00_最终上传\BQ042_206,NEEDS_6_UNIQUE_MAIN_AND_4_UNIQUE_DETAIL,PENDING_ALIBABA_IMAGE_BANK,PENDING_IMAGE_URLS
42,BQ042,206,BQ042-O1,BQ042-O1 / 206,OEM ODM and private-label development,OEM shoes; private label footwear; custom logo shoe factory,OEM ODM Private Label Model 206 Knit Lace-Up Walking Shoes Regular Fit Casual Factory Supply for Brand Buyers,All Black,"clean studio background, distinct low three-quarter angle, one complete pair",E:\贝强大文件\01_产品资产\02_可发布素材\00_最终上传\BQ042_206\01_主图\02_upper.jpg,hero | differentiator | construction | use scene | color | order support,"verified product construction, sample discussion, logo/color/packing development scope",13,11,10,E:\贝强大文件\01_产品资产\02_可发布素材\00_最终上传\BQ042_206\00_上架填写表.md,E:\贝强大文件\01_产品资产\02_可发布素材\00_最终上传\BQ042_206,NEEDS_6_UNIQUE_MAIN_AND_4_UNIQUE_DETAIL,PENDING_ALIBABA_IMAGE_BANK,PENDING_IMAGE_URLS
43,BQ043,8008,BQ043-W1,BQ043-W1 / 8008,Importer and wholesaler core sourcing,wholesale walking shoes; factory shoe supplier; bulk casual footwear,Wholesale Model 8008 Knit Lace-Up Chunky Sole Walking Shoes EVA Casual Sneakers EU for Importers and Wholesalers,Grey,"clean white background, three-quarter front view, one complete pair",E:\贝强大文件\01_产品资产\02_可发布素材\00_最终上传\BQ043_8008\01_主图\01_main.jpg,hero | differentiator | construction | use scene | color | order support,"product overview, verified construction, size/color range, wholesale ordering",6,6,4,E:\贝强大文件\01_产品资产\02_可发布素材\00_最终上传\BQ043_8008\00_上架填写表.md,E:\贝强大文件\01_产品资产\02_可发布素材\00_最终上传\BQ043_8008,NEEDS_6_UNIQUE_MAIN_AND_4_UNIQUE_DETAIL,PENDING_ALIBABA_IMAGE_BANK,PENDING_IMAGE_URLS
43,BQ043,8008,BQ043-R1,BQ043-R1 / 8008,Daily Walking Collection,daily walking shoes; casual shoe collection; footwear for online sellers,Factory Direct Model 8008 Knit Lace-Up Chunky Sole Walking Shoes EVA Daily Walking Collection for Online Sellers,Black/White,"light neutral background, distinct side-profile composition, one complete pair",E:\贝强大文件\01_产品资产\02_可发布素材\00_最终上传\BQ043_8008\01_主图\02_upper.jpg,hero | differentiator | construction | use scene | color | order support,"walking, commuting and casual footwear buyers, use scenario, visible comfort structure, color collection",6,6,4,E:\贝强大文件\01_产品资产\02_可发布素材\00_最终上传\BQ043_8008\00_上架填写表.md,E:\贝强大文件\01_产品资产\02_可发布素材\00_最终上传\BQ043_8008,NEEDS_6_UNIQUE_MAIN_AND_4_UNIQUE_DETAIL,PENDING_ALIBABA_IMAGE_BANK,PENDING_IMAGE_URLS
43,BQ043,8008,BQ043-O1,BQ043-O1 / 8008,OEM ODM and private-label development,OEM shoes; private label footwear; custom logo shoe factory,OEM ODM Private Label Model 8008 Knit Lace-Up Chunky Sole Walking Shoes EVA Casual Factory Supply for Brand Buyers,White,"clean studio background, distinct low three-quarter angle, one complete pair",E:\贝强大文件\01_产品资产\02_可发布素材\00_最终上传\BQ043_8008\01_主图\03_structure.jpg,hero | differentiator | construction | use scene | color | order support,"verified product construction, sample discussion, logo/color/packing development scope",6,6,4,E:\贝强大文件\01_产品资产\02_可发布素材\00_最终上传\BQ043_8008\00_上架填写表.md,E:\贝强大文件\01_产品资产\02_可发布素材\00_最终上传\BQ043_8008,NEEDS_6_UNIQUE_MAIN_AND_4_UNIQUE_DETAIL,PENDING_ALIBABA_IMAGE_BANK,PENDING_IMAGE_URLS
44,BQ044,811,BQ044-W1,BQ044-W1 / 811,Importer and wholesaler core sourcing,wholesale walking shoes; factory shoe supplier; bulk casual footwear,Wholesale Model 811 Knit Lace-Up Casual Walking Shoes Rubber-Plastic Sole EU 35-45 for Importers and Wholesalers,Black/White,"clean white background, three-quarter front view, one complete pair",E:\贝强大文件\01_产品资产\02_可发布素材\00_最终上传\BQ044_811\01_主图\01_main.jpg,hero | differentiator | construction | use scene | color | order support,"product overview, verified construction, size/color range, wholesale ordering",8,6,6,E:\贝强大文件\01_产品资产\02_可发布素材\00_最终上传\BQ044_811\00_上架填写表.md,E:\贝强大文件\01_产品资产\02_可发布素材\00_最终上传\BQ044_811,NEEDS_6_UNIQUE_MAIN_AND_4_UNIQUE_DETAIL,PENDING_ALIBABA_IMAGE_BANK,PENDING_IMAGE_URLS
44,BQ044,811,BQ044-R1,BQ044-R1 / 811,Daily Walking Collection,daily walking shoes; casual shoe collection; footwear for online sellers,Factory Direct Model 811 Knit Lace-Up Casual Walking Shoes Daily Walking Collection for Online Sellers,All Black,"light neutral background, distinct side-profile composition, one complete pair",E:\贝强大文件\01_产品资产\02_可发布素材\00_最终上传\BQ044_811\01_主图\02_upper.jpg,hero | differentiator | construction | use scene | color | order support,"walking, commuting and casual footwear buyers, use scenario, visible comfort structure, color collection",8,6,6,E:\贝强大文件\01_产品资产\02_可发布素材\00_最终上传\BQ044_811\00_上架填写表.md,E:\贝强大文件\01_产品资产\02_可发布素材\00_最终上传\BQ044_811,NEEDS_6_UNIQUE_MAIN_AND_4_UNIQUE_DETAIL,PENDING_ALIBABA_IMAGE_BANK,PENDING_IMAGE_URLS
44,BQ044,811,BQ044-O1,BQ044-O1 / 811,OEM ODM and private-label development,OEM shoes; private label footwear; custom logo shoe factory,OEM ODM Private Label Model 811 Knit Lace-Up Casual Walking Shoes Rubber-Plastic Factory Supply for Brand Buyers,White/Grey,"clean studio background, distinct low three-quarter angle, one complete pair",E:\贝强大文件\01_产品资产\02_可发布素材\00_最终上传\BQ044_811\01_主图\02_upper_clean_v2.png,hero | differentiator | construction | use scene | color | order support,"verified product construction, sample discussion, logo/color/packing development scope",8,6,6,E:\贝强大文件\01_产品资产\02_可发布素材\00_最终上传\BQ044_811\00_上架填写表.md,E:\贝强大文件\01_产品资产\02_可发布素材\00_最终上传\BQ044_811,NEEDS_6_UNIQUE_MAIN_AND_4_UNIQUE_DETAIL,PENDING_ALIBABA_IMAGE_BANK,PENDING_IMAGE_URLS
45,BQ045,A012,BQ045-W1,BQ045-W1 / A012,Importer and wholesaler core sourcing,wholesale walking shoes; factory shoe supplier; bulk casual footwear,Wholesale Model A012 Men's High Top Knit Slip-On Sock Sneakers EU 39-45 for Importers and Wholesalers,Black/White,"clean white background, three-quarter front view, one complete pair",E:\贝强大文件\01_产品资产\02_可发布素材\00_最终上传\BQ045_A012\01_主图\01_main_clean.png,hero | differentiator | construction | use scene | color | order support,"product overview, verified construction, size/color range, wholesale ordering",6,6,6,E:\贝强大文件\01_产品资产\02_可发布素材\00_最终上传\BQ045_A012\00_上架填写表.md,E:\贝强大文件\01_产品资产\02_可发布素材\00_最终上传\BQ045_A012,NEEDS_6_UNIQUE_MAIN_AND_4_UNIQUE_DETAIL,PENDING_ALIBABA_IMAGE_BANK,PENDING_IMAGE_URLS
45,BQ045,A012,BQ045-R1,BQ045-R1 / A012,Seasonal High Top Collection,daily walking shoes; casual shoe collection; footwear for online sellers,Factory Direct Model A012 Men's High Top Knit Slip-On Sock Sneakers Seasonal High Top Collection for Online Sellers,All Black,"light neutral background, distinct side-profile composition, one complete pair",E:\贝强大文件\01_产品资产\02_可发布素材\00_最终上传\BQ045_A012\01_主图\02_upper_clean.png,hero | differentiator | construction | use scene | color | order support,"seasonal footwear importers and online sellers, use scenario, visible comfort structure, color collection",6,6,6,E:\贝强大文件\01_产品资产\02_可发布素材\00_最终上传\BQ045_A012\00_上架填写表.md,E:\贝强大文件\01_产品资产\02_可发布素材\00_最终上传\BQ045_A012,NEEDS_6_UNIQUE_MAIN_AND_4_UNIQUE_DETAIL,PENDING_ALIBABA_IMAGE_BANK,PENDING_IMAGE_URLS
45,BQ045,A012,BQ045-O1,BQ045-O1 / A012,OEM ODM and private-label development,OEM shoes; private label footwear; custom logo shoe factory,OEM ODM Private Label Model A012 Men's High Top Knit Slip-On Sock Sneakers EU 39-45 Factory Supply for Brand Buyers,Black/Gold,"clean studio background, distinct low three-quarter angle, one complete pair",E:\贝强大文件\01_产品资产\02_可发布素材\00_最终上传\BQ045_A012\01_主图\03_structure_clean.jpg,hero | differentiator | construction | use scene | color | order support,"verified product construction, sample discussion, logo/color/packing development scope",6,6,6,E:\贝强大文件\01_产品资产\02_可发布素材\00_最终上传\BQ045_A012\00_上架填写表.md,E:\贝强大文件\01_产品资产\02_可发布素材\00_最终上传\BQ045_A012,NEEDS_6_UNIQUE_MAIN_AND_4_UNIQUE_DETAIL,PENDING_ALIBABA_IMAGE_BANK,PENDING_IMAGE_URLS
46,BQ046,A155,BQ046-W1,BQ046-W1 / A155,Importer and wholesaler core sourcing,wholesale walking shoes; factory shoe supplier; bulk casual footwear,Wholesale Model A155 High Top Knit Slip-On Sock Sneakers for Men and Women EU 35-45 for Importers and Wholesalers,Black/White,"clean white background, three-quarter front view, one complete pair",E:\贝强大文件\01_产品资产\02_可发布素材\00_最终上传\BQ046_A155\01_主图\01_main.jpg,hero | differentiator | construction | use scene | color | order support,"product overview, verified construction, size/color range, wholesale ordering",8,6,3,E:\贝强大文件\01_产品资产\02_可发布素材\00_最终上传\BQ046_A155\00_上架填写表.md,E:\贝强大文件\01_产品资产\02_可发布素材\00_最终上传\BQ046_A155,NEEDS_6_UNIQUE_MAIN_AND_4_UNIQUE_DETAIL,PENDING_ALIBABA_IMAGE_BANK,PENDING_IMAGE_URLS
46,BQ046,A155,BQ046-R1,BQ046-R1 / A155,Seasonal High Top Collection,daily walking shoes; casual shoe collection; footwear for online sellers,Factory Direct Model A155 High Top Knit Slip-On Sock Sneakers for Seasonal High Top Collection for Online Sellers,All Black,"light neutral background, distinct side-profile composition, one complete pair",E:\贝强大文件\01_产品资产\02_可发布素材\00_最终上传\BQ046_A155\01_主图\02_upper.jpg,hero | differentiator | construction | use scene | color | order support,"seasonal footwear importers and online sellers, use scenario, visible comfort structure, color collection",8,6,3,E:\贝强大文件\01_产品资产\02_可发布素材\00_最终上传\BQ046_A155\00_上架填写表.md,E:\贝强大文件\01_产品资产\02_可发布素材\00_最终上传\BQ046_A155,NEEDS_6_UNIQUE_MAIN_AND_4_UNIQUE_DETAIL,PENDING_ALIBABA_IMAGE_BANK,PENDING_IMAGE_URLS
46,BQ046,A155,BQ046-O1,BQ046-O1 / A155,OEM ODM and private-label development,OEM shoes; private label footwear; custom logo shoe factory,OEM ODM Private Label Model A155 High Top Knit Slip-On Sock Sneakers for Men and Factory Supply for Brand Buyers,Red,"clean studio background, distinct low three-quarter angle, one complete pair",E:\贝强大文件\01_产品资产\02_可发布素材\00_最终上传\BQ046_A155\01_主图\03_structure.jpg,hero | differentiator | construction | use scene | color | order support,"verified product construction, sample discussion, logo/color/packing development scope",8,6,3,E:\贝强大文件\01_产品资产\02_可发布素材\00_最终上传\BQ046_A155\00_上架填写表.md,E:\贝强大文件\01_产品资产\02_可发布素材\00_最终上传\BQ046_A155,NEEDS_6_UNIQUE_MAIN_AND_4_UNIQUE_DETAIL,PENDING_ALIBABA_IMAGE_BANK,PENDING_IMAGE_URLS
47,BQ047,A189,BQ047-W1,BQ047-W1 / A189,Importer and wholesaler core sourcing,wholesale walking shoes; factory shoe supplier; bulk casual footwear,Wholesale Model A189 Men's High Top Knit Slip-On Shoes EVA Blend Sole Casual Sock for Importers and Wholesalers,Black/White,"clean white background, three-quarter front view, one complete pair",E:\贝强大文件\01_产品资产\02_可发布素材\00_最终上传\BQ047_A189\01_主图\01_main.jpg,hero | differentiator | construction | use scene | color | order support,"product overview, verified construction, size/color range, wholesale ordering",6,6,2,E:\贝强大文件\01_产品资产\02_可发布素材\00_最终上传\BQ047_A189\00_上架填写表.md,E:\贝强大文件\01_产品资产\02_可发布素材\00_最终上传\BQ047_A189,NEEDS_6_UNIQUE_MAIN_AND_4_UNIQUE_DETAIL,PENDING_ALIBABA_IMAGE_BANK,PENDING_IMAGE_URLS
47,BQ047,A189,BQ047-R1,BQ047-R1 / A189,Seasonal High Top Collection,daily walking shoes; casual shoe collection; footwear for online sellers,Factory Direct Model A189 Men's High Top Knit Slip-On Shoes EVA Seasonal High Top Collection for Online Sellers,Black/Black,"light neutral background, distinct side-profile composition, one complete pair",E:\贝强大文件\01_产品资产\02_可发布素材\00_最终上传\BQ047_A189\01_主图\02_upper.jpg,hero | differentiator | construction | use scene | color | order support,"seasonal footwear importers and online sellers, use scenario, visible comfort structure, color collection",6,6,2,E:\贝强大文件\01_产品资产\02_可发布素材\00_最终上传\BQ047_A189\00_上架填写表.md,E:\贝强大文件\01_产品资产\02_可发布素材\00_最终上传\BQ047_A189,NEEDS_6_UNIQUE_MAIN_AND_4_UNIQUE_DETAIL,PENDING_ALIBABA_IMAGE_BANK,PENDING_IMAGE_URLS
47,BQ047,A189,BQ047-O1,BQ047-O1 / A189,OEM ODM and private-label development,OEM shoes; private label footwear; custom logo shoe factory,OEM ODM Private Label Model A189 Men's High Top Knit Slip-On Shoes EVA Blend Sole Factory Supply for Brand Buyers,Black/White,"clean studio background, distinct low three-quarter angle, one complete pair",E:\贝强大文件\01_产品资产\02_可发布素材\00_最终上传\BQ047_A189\01_主图\03_structure.jpg,hero | differentiator | construction | use scene | color | order support,"verified product construction, sample discussion, logo/color/packing development scope",6,6,2,E:\贝强大文件\01_产品资产\02_可发布素材\00_最终上传\BQ047_A189\00_上架填写表.md,E:\贝强大文件\01_产品资产\02_可发布素材\00_最终上传\BQ047_A189,NEEDS_6_UNIQUE_MAIN_AND_4_UNIQUE_DETAIL,PENDING_ALIBABA_IMAGE_BANK,PENDING_IMAGE_URLS
48,BQ048,A212,BQ048-W1,BQ048-W1 / A212,Importer and wholesaler core sourcing,wholesale walking shoes; factory shoe supplier; bulk casual footwear,Wholesale Model A212 Knit Slip-On Walking Shoes with Fleece Option EU 35-45 for Importers and Wholesalers,Black/White,"clean white background, three-quarter front view, one complete pair",E:\贝强大文件\01_产品资产\02_可发布素材\00_最终上传\BQ048_A212\01_主图\01_main.jpg,hero | differentiator | construction | use scene | color | order support,"product overview, verified construction, size/color range, wholesale ordering",6,7,8,E:\贝强大文件\01_产品资产\02_可发布素材\00_最终上传\BQ048_A212\00_上架填写表.md,E:\贝强大文件\01_产品资产\02_可发布素材\00_最终上传\BQ048_A212,NEEDS_6_UNIQUE_MAIN_AND_4_UNIQUE_DETAIL,PENDING_ALIBABA_IMAGE_BANK,PENDING_IMAGE_URLS
48,BQ048,A212,BQ048-R1,BQ048-R1 / A212,Seasonal High Top Collection,daily walking shoes; casual shoe collection; footwear for online sellers,Factory Direct Model A212 Knit Slip-On Walking Shoes with Fleece Seasonal High Top Collection for Online Sellers,All Black,"light neutral background, distinct side-profile composition, one complete pair",E:\贝强大文件\01_产品资产\02_可发布素材\00_最终上传\BQ048_A212\01_主图\02_upper.jpg,hero | differentiator | construction | use scene | color | order support,"seasonal footwear importers and online sellers, use scenario, visible comfort structure, color collection",6,7,8,E:\贝强大文件\01_产品资产\02_可发布素材\00_最终上传\BQ048_A212\00_上架填写表.md,E:\贝强大文件\01_产品资产\02_可发布素材\00_最终上传\BQ048_A212,NEEDS_6_UNIQUE_MAIN_AND_4_UNIQUE_DETAIL,PENDING_ALIBABA_IMAGE_BANK,PENDING_IMAGE_URLS
48,BQ048,A212,BQ048-O1,BQ048-O1 / A212,OEM ODM and private-label development,OEM shoes; private label footwear; custom logo shoe factory,OEM ODM Private Label Model A212 Knit Slip-On Walking Shoes with Fleece Option EU Factory Supply for Brand Buyers,Grey,"clean studio background, distinct low three-quarter angle, one complete pair",E:\贝强大文件\01_产品资产\02_可发布素材\00_最终上传\BQ048_A212\01_主图\03_structure.jpg,hero | differentiator | construction | use scene | color | order support,"verified product construction, sample discussion, logo/color/packing development scope",6,7,8,E:\贝强大文件\01_产品资产\02_可发布素材\00_最终上传\BQ048_A212\00_上架填写表.md,E:\贝强大文件\01_产品资产\02_可发布素材\00_最终上传\BQ048_A212,NEEDS_6_UNIQUE_MAIN_AND_4_UNIQUE_DETAIL,PENDING_ALIBABA_IMAGE_BANK,PENDING_IMAGE_URLS
49,BQ049,A230,BQ049-W1,BQ049-W1 / A230,Importer and wholesaler core sourcing,wholesale walking shoes; factory shoe supplier; bulk casual footwear,Wholesale Model A230 Knit Lace-Up Walking Shoes Lightweight Cushion Sole Casual for Importers and Wholesalers,Grey,"clean white background, three-quarter front view, one complete pair",E:\贝强大文件\01_产品资产\02_可发布素材\00_最终上传\BQ049_A230\01_主图\01_main.jpg,hero | differentiator | construction | use scene | color | order support,"product overview, verified construction, size/color range, wholesale ordering",6,6,5,E:\贝强大文件\01_产品资产\02_可发布素材\00_最终上传\BQ049_A230\00_上架填写表.md,E:\贝强大文件\01_产品资产\02_可发布素材\00_最终上传\BQ049_A230,NEEDS_6_UNIQUE_MAIN_AND_4_UNIQUE_DETAIL,PENDING_ALIBABA_IMAGE_BANK,PENDING_IMAGE_URLS
49,BQ049,A230,BQ049-R1,BQ049-R1 / A230,Daily Walking Collection,daily walking shoes; casual shoe collection; footwear for online sellers,Factory Direct Model A230 Knit Lace-Up Walking Shoes Lightweight Daily Walking Collection for Online Sellers,Black/White,"light neutral background, distinct side-profile composition, one complete pair",E:\贝强大文件\01_产品资产\02_可发布素材\00_最终上传\BQ049_A230\01_主图\02_upper.jpg,hero | differentiator | construction | use scene | color | order support,"walking, commuting and casual footwear buyers, use scenario, visible comfort structure, color collection",6,6,5,E:\贝强大文件\01_产品资产\02_可发布素材\00_最终上传\BQ049_A230\00_上架填写表.md,E:\贝强大文件\01_产品资产\02_可发布素材\00_最终上传\BQ049_A230,NEEDS_6_UNIQUE_MAIN_AND_4_UNIQUE_DETAIL,PENDING_ALIBABA_IMAGE_BANK,PENDING_IMAGE_URLS
49,BQ049,A230,BQ049-O1,BQ049-O1 / A230,OEM ODM and private-label development,OEM shoes; private label footwear; custom logo shoe factory,OEM ODM Private Label Model A230 Knit Lace-Up Walking Shoes Lightweight Cushion Factory Supply for Brand Buyers,White,"clean studio background, distinct low three-quarter angle, one complete pair",E:\贝强大文件\01_产品资产\02_可发布素材\00_最终上传\BQ049_A230\01_主图\03_structure.jpg,hero | differentiator | construction | use scene | color | order support,"verified product construction, sample discussion, logo/color/packing development scope",6,6,5,E:\贝强大文件\01_产品资产\02_可发布素材\00_最终上传\BQ049_A230\00_上架填写表.md,E:\贝强大文件\01_产品资产\02_可发布素材\00_最终上传\BQ049_A230,NEEDS_6_UNIQUE_MAIN_AND_4_UNIQUE_DETAIL,PENDING_ALIBABA_IMAGE_BANK,PENDING_IMAGE_URLS
50,BQ050,A828,BQ050-W1,BQ050-W1 / A828,Importer and wholesaler core sourcing,wholesale walking shoes; factory shoe supplier; bulk casual footwear,Wholesale Model A828 Knit Lace-Up Casual Walking Shoes Regular Fit EU 35-45 for Importers and Wholesalers,Black/White,"clean white background, three-quarter front view, one complete pair",E:\贝强大文件\01_产品资产\02_可发布素材\00_最终上传\BQ050_A828\01_主图\01_black_white_clean.jpg,hero | differentiator | construction | use scene | color | order support,"product overview, verified construction, size/color range, wholesale ordering",12,9,6,E:\贝强大文件\01_产品资产\02_可发布素材\00_最终上传\BQ050_A828\00_上架填写表.md,E:\贝强大文件\01_产品资产\02_可发布素材\00_最终上传\BQ050_A828,NEEDS_6_UNIQUE_MAIN_AND_4_UNIQUE_DETAIL,PENDING_ALIBABA_IMAGE_BANK,PENDING_IMAGE_URLS
50,BQ050,A828,BQ050-R1,BQ050-R1 / A828,Daily Walking Collection,daily walking shoes; casual shoe collection; footwear for online sellers,Factory Direct Model A828 Knit Lace-Up Casual Walking Shoes Regular Fit Daily Walking Collection for Online Sellers,All Black,"light neutral background, distinct side-profile composition, one complete pair",E:\贝强大文件\01_产品资产\02_可发布素材\00_最终上传\BQ050_A828\01_主图\01_main.jpg,hero | differentiator | construction | use scene | color | order support,"walking, commuting and casual footwear buyers, use scenario, visible comfort structure, color collection",12,9,6,E:\贝强大文件\01_产品资产\02_可发布素材\00_最终上传\BQ050_A828\00_上架填写表.md,E:\贝强大文件\01_产品资产\02_可发布素材\00_最终上传\BQ050_A828,NEEDS_6_UNIQUE_MAIN_AND_4_UNIQUE_DETAIL,PENDING_ALIBABA_IMAGE_BANK,PENDING_IMAGE_URLS
50,BQ050,A828,BQ050-O1,BQ050-O1 / A828,OEM ODM and private-label development,OEM shoes; private label footwear; custom logo shoe factory,OEM ODM Private Label Model A828 Knit Lace-Up Casual Walking Shoes Regular Fit EU Factory Supply for Brand Buyers,Grey,"clean studio background, distinct low three-quarter angle, one complete pair",E:\贝强大文件\01_产品资产\02_可发布素材\00_最终上传\BQ050_A828\01_主图\02_all_black_clean.jpg,hero | differentiator | construction | use scene | color | order support,"verified product construction, sample discussion, logo/color/packing development scope",12,9,6,E:\贝强大文件\01_产品资产\02_可发布素材\00_最终上传\BQ050_A828\00_上架填写表.md,E:\贝强大文件\01_产品资产\02_可发布素材\00_最终上传\BQ050_A828,NEEDS_6_UNIQUE_MAIN_AND_4_UNIQUE_DETAIL,PENDING_ALIBABA_IMAGE_BANK,PENDING_IMAGE_URLS
51,BQ051,K6689,BQ051-W1,BQ051-W1 / K6689,Importer and wholesaler core sourcing,wholesale walking shoes; factory shoe supplier; bulk casual footwear,Wholesale Model K6689 Knit Slip-On Walking Shoes Rubber Sole Casual Sneakers EU 35-45 for Importers and Wholesalers,Black/White,"clean white background, three-quarter front view, one complete pair",E:\贝强大文件\01_产品资产\02_可发布素材\00_最终上传\BQ051_K6689\01_主图\01_main.jpg,hero | differentiator | construction | use scene | color | order support,"product overview, verified construction, size/color range, wholesale ordering",7,6,3,E:\贝强大文件\01_产品资产\02_可发布素材\00_最终上传\BQ051_K6689\00_上架填写表.md,E:\贝强大文件\01_产品资产\02_可发布素材\00_最终上传\BQ051_K6689,NEEDS_6_UNIQUE_MAIN_AND_4_UNIQUE_DETAIL,PENDING_ALIBABA_IMAGE_BANK,PENDING_IMAGE_URLS
51,BQ051,K6689,BQ051-R1,BQ051-R1 / K6689,Travel and Commuting Collection,daily walking shoes; casual shoe collection; footwear for online sellers,Factory Direct Model K6689 Knit Slip-On Walking Shoes Rubber Travel and Commuting Collection for Online Sellers,All Black,"light neutral background, distinct side-profile composition, one complete pair",E:\贝强大文件\01_产品资产\02_可发布素材\00_最终上传\BQ051_K6689\01_主图\02_upper.jpg,hero | differentiator | construction | use scene | color | order support,"travel, commuting and daily-casual footwear buyers, use scenario, visible comfort structure, color collection",7,6,3,E:\贝强大文件\01_产品资产\02_可发布素材\00_最终上传\BQ051_K6689\00_上架填写表.md,E:\贝强大文件\01_产品资产\02_可发布素材\00_最终上传\BQ051_K6689,NEEDS_6_UNIQUE_MAIN_AND_4_UNIQUE_DETAIL,PENDING_ALIBABA_IMAGE_BANK,PENDING_IMAGE_URLS
51,BQ051,K6689,BQ051-O1,BQ051-O1 / K6689,OEM ODM and private-label development,OEM shoes; private label footwear; custom logo shoe factory,OEM ODM Private Label Model K6689 Knit Slip-On Walking Shoes Rubber Sole Casual Factory Supply for Brand Buyers,Grey,"clean studio background, distinct low three-quarter angle, one complete pair",E:\贝强大文件\01_产品资产\02_可发布素材\00_最终上传\BQ051_K6689\01_主图\03_structure.jpg,hero | differentiator | construction | use scene | color | order support,"verified product construction, sample discussion, logo/color/packing development scope",7,6,3,E:\贝强大文件\01_产品资产\02_可发布素材\00_最终上传\BQ051_K6689\00_上架填写表.md,E:\贝强大文件\01_产品资产\02_可发布素材\00_最终上传\BQ051_K6689,NEEDS_6_UNIQUE_MAIN_AND_4_UNIQUE_DETAIL,PENDING_ALIBABA_IMAGE_BANK,PENDING_IMAGE_URLS
52,BQ052,9212,BQ052-W1,BQ052-W1 / 9212,Importer and wholesaler core sourcing,wholesale walking shoes; factory shoe supplier; bulk casual footwear,Wholesale Model 9212 Knit Lace-Up Bubble Sole Casual Walking Shoes Regular Fit EU for Importers and Wholesalers,White,"clean white background, three-quarter front view, one complete pair",E:\贝强大文件\01_产品资产\02_可发布素材\00_最终上传\BQ052_9212\01_主图\01_main.jpg,hero | differentiator | construction | use scene | color | order support,"product overview, verified construction, size/color range, wholesale ordering",6,6,4,E:\贝强大文件\01_产品资产\02_可发布素材\00_最终上传\BQ052_9212\00_上架填写表.md,E:\贝强大文件\01_产品资产\02_可发布素材\00_最终上传\BQ052_9212,NEEDS_6_UNIQUE_MAIN_AND_4_UNIQUE_DETAIL,PENDING_ALIBABA_IMAGE_BANK,PENDING_IMAGE_URLS
52,BQ052,9212,BQ052-R1,BQ052-R1 / 9212,Daily Walking Collection,daily walking shoes; casual shoe collection; footwear for online sellers,Factory Direct Model 9212 Knit Lace-Up Bubble Sole Casual Walking Shoes Daily Walking Collection for Online Sellers,Apricot,"light neutral background, distinct side-profile composition, one complete pair",E:\贝强大文件\01_产品资产\02_可发布素材\00_最终上传\BQ052_9212\01_主图\02_upper.jpg,hero | differentiator | construction | use scene | color | order support,"walking, commuting and casual footwear buyers, use scenario, visible comfort structure, color collection",6,6,4,E:\贝强大文件\01_产品资产\02_可发布素材\00_最终上传\BQ052_9212\00_上架填写表.md,E:\贝强大文件\01_产品资产\02_可发布素材\00_最终上传\BQ052_9212,NEEDS_6_UNIQUE_MAIN_AND_4_UNIQUE_DETAIL,PENDING_ALIBABA_IMAGE_BANK,PENDING_IMAGE_URLS
52,BQ052,9212,BQ052-O1,BQ052-O1 / 9212,OEM ODM and private-label development,OEM shoes; private label footwear; custom logo shoe factory,OEM ODM Private Label Model 9212 Knit Lace-Up Bubble Sole Casual Walking Shoes Factory Supply for Brand Buyers,Black/Apricot,"clean studio background, distinct low three-quarter angle, one complete pair",E:\贝强大文件\01_产品资产\02_可发布素材\00_最终上传\BQ052_9212\01_主图\03_structure.jpg,hero | differentiator | construction | use scene | color | order support,"verified product construction, sample discussion, logo/color/packing development scope",6,6,4,E:\贝强大文件\01_产品资产\02_可发布素材\00_最终上传\BQ052_9212\00_上架填写表.md,E:\贝强大文件\01_产品资产\02_可发布素材\00_最终上传\BQ052_9212,NEEDS_6_UNIQUE_MAIN_AND_4_UNIQUE_DETAIL,PENDING_ALIBABA_IMAGE_BANK,PENDING_IMAGE_URLS
53,BQ059,A1888,BQ059-W1,BQ059-W1 / A1888,Importer and wholesaler core sourcing,wholesale walking shoes; factory shoe supplier; bulk casual footwear,Wholesale Model A1888 High Top Knit Sock Sneakers Slip-On Cushion Sole Casual Walking for Importers and Wholesalers,Black/White,"clean white background, three-quarter front view, one complete pair",E:\贝强大文件\01_产品资产\02_可发布素材\00_最终上传\BQ059_A1888\01_主图\01_main.jpg,hero | differentiator | construction | use scene | color | order support,"product overview, verified construction, size/color range, wholesale ordering",6,6,2,E:\贝强大文件\01_产品资产\02_可发布素材\00_最终上传\BQ059_A1888\00_上架填写表.md,E:\贝强大文件\01_产品资产\02_可发布素材\00_最终上传\BQ059_A1888,NEEDS_6_UNIQUE_MAIN_AND_4_UNIQUE_DETAIL,PENDING_ALIBABA_IMAGE_BANK,PENDING_IMAGE_URLS
53,BQ059,A1888,BQ059-R1,BQ059-R1 / A1888,Seasonal High Top Collection,daily walking shoes; casual shoe collection; footwear for online sellers,Factory Direct Model A1888 High Top Knit Sock Sneakers Slip-On Seasonal High Top Collection for Online Sellers,All Black,"light neutral background, distinct side-profile composition, one complete pair",E:\贝强大文件\01_产品资产\02_可发布素材\00_最终上传\BQ059_A1888\01_主图\02_upper.jpg,hero | differentiator | construction | use scene | color | order support,"seasonal footwear importers and online sellers, use scenario, visible comfort structure, color collection",6,6,2,E:\贝强大文件\01_产品资产\02_可发布素材\00_最终上传\BQ059_A1888\00_上架填写表.md,E:\贝强大文件\01_产品资产\02_可发布素材\00_最终上传\BQ059_A1888,NEEDS_6_UNIQUE_MAIN_AND_4_UNIQUE_DETAIL,PENDING_ALIBABA_IMAGE_BANK,PENDING_IMAGE_URLS
53,BQ059,A1888,BQ059-O1,BQ059-O1 / A1888,OEM ODM and private-label development,OEM shoes; private label footwear; custom logo shoe factory,OEM ODM Private Label Model A1888 High Top Knit Sock Sneakers Slip-On Cushion Sole Factory Supply for Brand Buyers,Black/White,"clean studio background, distinct low three-quarter angle, one complete pair",E:\贝强大文件\01_产品资产\02_可发布素材\00_最终上传\BQ059_A1888\01_主图\03_structure.jpg,hero | differentiator | construction | use scene | color | order support,"verified product construction, sample discussion, logo/color/packing development scope",6,6,2,E:\贝强大文件\01_产品资产\02_可发布素材\00_最终上传\BQ059_A1888\00_上架填写表.md,E:\贝强大文件\01_产品资产\02_可发布素材\00_最终上传\BQ059_A1888,NEEDS_6_UNIQUE_MAIN_AND_4_UNIQUE_DETAIL,PENDING_ALIBABA_IMAGE_BANK,PENDING_IMAGE_URLS
