product_id,page,title,title_characters,category,sold_display,sold_scope,moq_quantity,moq_unit,price_min_display,price_max_display,price_currency,price_unit,observed_at,url,image_url,image_visual_review,source_text
1601271475742,32,Men's Wide-Toe-Box Barefoot Trail Walking Weightlifting Shoes Minimalist Design Eco-Friendly Soft Comfortable Breathable,120,赤足及极简概念鞋,5872,公开显示数量；单位/周期/退货及变体范围未明,300,pairs,14.79,15.88,USD,卡片未留存计价单位，详情待核,2026-10-10T17:22:54.273Z,https://www.alibaba.com/product-detail/Men-s-Wide-Toe-Box-Barefoot_1601271475742.html,https://s.alicdn.com/@sc04/kf/Hebbd974febc4482bb14ac6b9e9d467a4a/Men-s-Wide-Toe-Box-Barefoot-Trail.jpg?hasNWGrade=1,已实看：浅色系带鞋，鞋头正面视角，浅粉背景,"Men's Wide-Toe-Box Barefoot Trail Walking Weightlifting Shoes Minimalist Design Eco-Friendly Soft Comfortable Breathable
$14.79-15.88
Min. Order: 300 pairs
5872 sold
Chat now"
1601670949984,1,Men's Casual Lightweight Skateboard Shoes Soft Anti-Slip Deodorizing Faux Leather Upper Red-Soled Board Sneakers White,118,休闲及其他成鞋,5261,公开显示数量；单位/周期/退货及变体范围未明,2,pairs,6.9,7.6,USD,卡片未留存计价单位，详情待核,2026-10-10T17:17:42.929Z,https://www.alibaba.com/product-detail/Men-s-Casual-Lightweight-Skateboard-Shoes_1601670949984.html,https://s.alicdn.com/@sc04/kf/H00a83d322bac4d99ac2c5afc0f99ae42I/Men-s-Casual-Lightweight-Skateboard-Shoes-Soft.jpg?hasNWGrade=1,已实看：蓝色低帮鞋，木纹背景，补充红色鞋底,"Men's Casual Lightweight Skateboard Shoes Soft Anti-Slip Deodorizing Faux Leather Upper Red-Soled Board Sneakers White
$6.90-7.60
Min. Order: 2 pairs
5261 sold
Add to cart
Chat now"
1601293080625,22,Men's Casual Shoes Lightweight Skateboarding Lazy Walking Shoes with Toe Anti-Slip Anti-Odor Features Fashion Trend,115,休闲及其他成鞋,3812,公开显示数量；单位/周期/退货及变体范围未明,2,pairs,5.42,5.42,USD,卡片未留存计价单位，详情待核,2026-10-10T17:22:03.692Z,https://www.alibaba.com/product-detail/Men-s-Casual-Shoes-Lightweight-Skateboarding_1601293080625.html,https://s.alicdn.com/@sc04/kf/He79b0a660fb145d4b700ac28114ed4cdB/Men-s-Casual-Shoes-Lightweight-Skateboarding-Lazy.jpg?hasNWGrade=1,已实看：黑色鞋上脚场景,"00:32
Men's Casual Shoes Lightweight Skateboarding Lazy Walking Shoes with Toe Anti-Slip Anti-Odor Features Fashion Trend
$5.42
Min. Order: 2 pairs
3812 sold
Add to cart
Chat now"
1601589142452,18,Custom-Made Large-Sized Wide-Foot Hiking Shoes Anti-Slip Flat Comfortable Sports & Casual Outdoor Shoes Sizes 37-48,115,户外鞋靴,3030,公开显示数量；单位/周期/退货及变体范围未明,300,pairs,10.46,11.32,USD,卡片未留存计价单位，详情待核,2026-10-10T17:21:39.600Z,https://www.alibaba.com/product-detail/Custom-Made-Large-Sized-Wide-Foot_1601589142452.html,https://s.alicdn.com/@sc04/kf/Hbafdc624049641eca32565750d44b314u/Custom-Made-Large-Sized-Wide-Foot-Hiking.jpg?hasNWGrade=1,已实看：绿黑户外鞋，浅色背景,"Custom-Made Large-Sized Wide-Foot Hiking Shoes Anti-Slip Flat Comfortable Sports & Casual Outdoor Shoes Sizes 37-48
$10.46-11.32
Min. Order: 300 pairs
3030 sold
Chat now"
1601600503670,15,New Arrival Unisex Ultralight Mesh Sneakers Height Increasing Platform Design Lace-Up Summer Anti-Slip Track Running Breathable,127,跑步运动鞋,2912,公开显示数量；单位/周期/退货及变体范围未明,1,piece,17.5,19.6,USD,卡片未留存计价单位，详情待核,2026-10-10T17:21:27.594Z,https://www.alibaba.com/product-detail/New-Arrival-Unisex-Ultralight-Mesh-Sneakers_1601600503670.html,https://s.alicdn.com/@sc04/kf/H4952c0dd533346e394e703faa5bc04cf5/New-Arrival-Unisex-Ultralight-Mesh-Sneakers-Height.jpg?hasNWGrade=1,已实看：白橙运动鞋，浅色背景单鞋,"certified
New Arrival Unisex Ultralight Mesh Sneakers Height Increasing Platform Design Lace-Up Summer Anti-Slip Track Running Breathable
$17.50-19.60
Min. Order: 1 piece
2912 sold
Add to cart
Chat now"
1601642542887,30,Classic Popular Wide Toe Barefoot Anti-Slip Breathable Comfortable Soft Flat Plus Size Men's Shoes Factory Direct Sales,119,赤足及极简概念鞋,2879,公开显示数量；单位/周期/退货及变体范围未明,2,pairs,10.6,11.67,USD,卡片未留存计价单位，详情待核,2026-10-10T17:22:47.256Z,https://www.alibaba.com/product-detail/Classic-Popular-Wide-Toe-Barefoot-Anti_1601642542887.html,https://s.alicdn.com/@sc04/kf/H39d2dbf40d8149a6806bb328758f40c1C/Classic-Popular-Wide-Toe-Barefoot-Anti-Slip.jpg?hasNWGrade=1,已实看：棕色鞋及鞋底，木纹背景,"Classic Popular Wide Toe Barefoot Anti-Slip Breathable Comfortable Soft Flat Plus Size Men's Shoes Factory Direct Sales
$10.60-11.67
Min. Order: 2 pairs
2879 sold
Add to cart
Chat now"
1601486649017,7,Customized Men's Badminton & Tennis Sneakers Breathable & Lightweight Sports Shoes Mesh Surface for Summer Training Table Tennis,128,球类运动鞋,2768,公开显示数量；单位/周期/退货及变体范围未明,2,pairs,15.22,16.7,USD,卡片未留存计价单位，详情待核,2026-10-10T17:20:23.127Z,https://www.alibaba.com/product-detail/Customized-Men-s-Badminton-Tennis-Sneakers_1601486649017.html,https://s.alicdn.com/@sc04/kf/H80f16e7081de4afca0aafadb64471c4e4/Customized-Men-s-Badminton-Tennis-Sneakers-Breathable.jpg?hasNWGrade=1,待逐图实看,"certified
Customized Men's Badminton & Tennis Sneakers Breathable & Lightweight Sports Shoes Mesh Surface for Summer Training Table Tennis
$15.22-16.70
Min. Order: 2 pairs
2768 sold
Add to cart
Chat now"
1601613248673,22,New Style Men's Running Shoes-EVA Midsole Rubber Outsole Stretch Fabric Upper Mesh Lining-Summer Spring Autumn Winter,117,跑步运动鞋,2595,公开显示数量；单位/周期/退货及变体范围未明,2,pieces,15.87,17.5,USD,卡片未留存计价单位，详情待核,2026-10-10T17:22:03.692Z,https://www.alibaba.com/product-detail/New-Style-Men-s-Running-Shoes_1601613248673.html,https://s.alicdn.com/@sc04/kf/H21aff26dcbcc484ebc5acc263dc4cf69t/New-Style-Men-s-Running-Shoes-EVA.jpg?hasNWGrade=1,待逐图实看,"00:32
certified
New Style Men's Running Shoes-EVA Midsole Rubber Outsole Stretch Fabric Upper Mesh Lining-Summer Spring Autumn Winter
$15.87-17.50
Min. Order: 2 pieces
2595 sold
Chat now"
1600699942083,20,Men's 2026 Spring Casual Sports Sneakers Small White PVC Insole PU Lining Trendy Solid Pattern Versatile for Daily Sports Use,125,休闲及其他成鞋,2586,公开显示数量；单位/周期/退货及变体范围未明,2,pairs,8.06,9.2,USD,卡片未留存计价单位，详情待核,2026-10-10T17:21:51.392Z,https://www.alibaba.com/product-detail/Men-s-2026-Spring-Casual-Sports_1600699942083.html,https://s.alicdn.com/@sc04/kf/H43ab4931a3ad4c82b2767d1f06283abfR/Men-s-2026-Spring-Casual-Sports-Sneakers.jpg?hasNWGrade=1,待逐图实看,"certified
Men's 2026 Spring Casual Sports Sneakers Small White PVC Insole PU Lining Trendy Solid Pattern Versatile for Daily Sports Use
$8.06-9.20
Min. Order: 2 pairs
2586 sold
Add to cart
Chat now"
1601636620046,30,Wide-toed Barefoot Shoes Anti-Slip Flat Breathable Comfortable Soft Outdoor Sports Running Shoes Urban Casual Hiking Shoes,122,赤足及极简概念鞋,2538,公开显示数量；单位/周期/退货及变体范围未明,2,pairs,12.62,13.98,USD,卡片未留存计价单位，详情待核,2026-10-10T17:22:47.256Z,https://www.alibaba.com/product-detail/Wide-toed-Barefoot-Shoes-Anti-Slip_1601636620046.html,https://s.alicdn.com/@sc04/kf/H42f0818fe898482181729fdbd46e9b54c/Wide-toed-Barefoot-Shoes-Anti-Slip-Flat.jpg?hasNWGrade=1,待逐图实看,"Wide-toed Barefoot Shoes Anti-Slip Flat Breathable Comfortable Soft Outdoor Sports Running Shoes Urban Casual Hiking Shoes
$12.62-13.98
Min. Order: 2 pairs
2538 sold
Add to cart
Chat now"
1601779116696,22,Children's Casual Board Shoes with Wide Toe Barefoot Design Anti-Slip Breathable Light Weight Comfortable Soft Customized,121,童鞋（不直接对标）,2471,公开显示数量；单位/周期/退货及变体范围未明,2,pairs,7.38,8.23,USD,卡片未留存计价单位，详情待核,2026-10-10T17:22:03.692Z,https://www.alibaba.com/product-detail/Children-s-Casual-Board-Shoes-with_1601779116696.html,https://s.alicdn.com/@sc04/kf/Hfc0803f00ce1445ca67a9f2d2b5c6498G/Children-s-Casual-Board-Shoes-with-Wide.jpg_480x480.jpg?hasNWGrade=1,待逐图实看,"Children's Casual Board Shoes with Wide Toe Barefoot Design Anti-Slip Breathable Light Weight Comfortable Soft Customized
$7.38-8.23
Min. Order: 2 pairs
2471 sold
Chat now"
1601568672811,1,Men's Women's Tennis Table Tennis Volleyball Sports Shoes-Shock-Absorbing Wear-Resistant Breathable Materials-Free for Autumn,125,球类运动鞋,2421,公开显示数量；单位/周期/退货及变体范围未明,1,piece,12.98,12.98,USD,卡片未留存计价单位，详情待核,2026-10-10T17:17:42.929Z,https://www.alibaba.com/product-detail/Men-s-Women-s-Tennis-Table_1601568672811.html,https://s.alicdn.com/@sc04/kf/H1177bb2023554a6f87bb7b9974eaf41fy/Men-s-Women-s-Tennis-Table-Tennis.jpg?hasNWGrade=1,待逐图实看,"00:27
Men's Women's Tennis Table Tennis Volleyball Sports Shoes-Shock-Absorbing Wear-Resistant Breathable Materials-Free for Autumn
$12.98
Min. Order: 1 piece
2421 sold
Chat now"
1601607583775,7,2026 Men's PU Skateboarding Sneakers Large Size Tide Style Lace-up Closed Casual Sneakers Joker Four Fashion for Spring Autumn,126,休闲及其他成鞋,2250,公开显示数量；单位/周期/退货及变体范围未明,2,pieces,5.4,6.94,USD,卡片未留存计价单位，详情待核,2026-10-10T17:20:23.127Z,https://www.alibaba.com/product-detail/2026-Men-s-PU-Skateboarding-Sneakers_1601607583775.html,https://s.alicdn.com/@sc04/kf/He6d95d34895249c09ae291b55b375454a/2026-Men-s-PU-Skateboarding-Sneakers-Large.jpg?hasNWGrade=1,待逐图实看,"certified
2026 Men's PU Skateboarding Sneakers Large Size Tide Style Lace-up Closed Casual Sneakers Joker Four Fashion for Spring Autumn
$5.40-6.94
Min. Order: 2 pieces
2250 sold
Add to cart
Chat now"
1601607814034,17,Men's Shiny Patent Leather Oxfords Slip-On Wedding Party Dress Shoes with PU Insole Formal Shoes for Summer,107,正装鞋（不直接对标）,2229,公开显示数量；单位/周期/退货及变体范围未明,2,pieces,12.14,13.68,USD,卡片未留存计价单位，详情待核,2026-10-10T17:21:35.394Z,https://www.alibaba.com/product-detail/Men-s-Shiny-Patent-Leather-Oxfords_1601607814034.html,https://s.alicdn.com/@sc04/kf/H43deb150edf741bb8f9bd604b940ed13q/Men-s-Shiny-Patent-Leather-Oxfords-Slip.jpg?hasNWGrade=1,待逐图实看,"Men's Shiny Patent Leather Oxfords Slip-On Wedding Party Dress Shoes with PU Insole Formal Shoes for Summer
$12.14-13.68
Min. Order: 2 pieces
2229 sold
Add to cart
Chat now"
1601785319903,8,KS Men's Supportive Summer Spring Jogging Shoes Cushioned Athletic Sneakers Casual Mesh Lining Rubber Outsole Running,117,跑步运动鞋,2076,公开显示数量；单位/周期/退货及变体范围未明,2,pieces,16.45,18.11,USD,卡片未留存计价单位，详情待核,2026-10-10T17:20:25.692Z,https://www.alibaba.com/product-detail/KS-Men-s-Supportive-Summer-Spring_1601785319903.html,https://s.alicdn.com/@sc04/kf/H3a2b3164a3104656884022044059cb9fJ/KS-Men-s-Supportive-Summer-Spring-Jogging.jpg_480x480.jpg?hasNWGrade=1,待逐图实看,"Main product
certified
KS Men's Supportive Summer Spring Jogging Shoes Cushioned Athletic Sneakers Casual Mesh Lining Rubber Outsole Running
$16.45-18.11
Min. Order: 2 pieces
2076 sold
Chat now"
1601603668201,28,Factory Customized New Fashionable Shock-absorbing Running Shoes Hiking Shoes Sports Men's Shoes Mesh Lighted Breathable,120,户外鞋靴,2026,公开显示数量；单位/周期/退货及变体范围未明,2,pairs,11.6,12.87,USD,卡片未留存计价单位，详情待核,2026-10-10T17:22:39.703Z,https://www.alibaba.com/product-detail/Factory-Customized-New-Fashionable-Shock-absorbing_1601603668201.html,https://s.alicdn.com/@sc04/kf/Hf7d78aa9bebc415789ad064c669ad0f3P/Factory-Customized-New-Fashionable-Shock-absorbing-Running.jpg?hasNWGrade=1,待逐图实看,"Main product
certified
Factory Customized New Fashionable Shock-absorbing Running Shoes Hiking Shoes Sports Men's Shoes Mesh Lighted Breathable
$11.60-12.87
Min. Order: 2 pairs
2026 sold
Add to cart
Chat now"
1601831573655,7,KS 2026 New Stock Fast Men's Casual Fashion Trend Breathable White Sports Shoes Lace Fabric Upper Soft Mesh Lining Rubber OEM,125,休闲及其他成鞋,2005,公开显示数量；单位/周期/退货及变体范围未明,2,pairs,12.88,12.88,USD,卡片未留存计价单位，详情待核,2026-10-10T17:20:23.127Z,https://www.alibaba.com/product-detail/KS-2026-New-Stock-Fast-Men_1601831573655.html,https://s.alicdn.com/@sc04/kf/Hf37d2e544c3b48a59d1b4a6776021c49C/KS-2026-New-Stock-Fast-Men-s.jpg_480x480.jpg?hasNWGrade=1,待逐图实看,"certified
KS 2026 New Stock Fast Men's Casual Fashion Trend Breathable White Sports Shoes Lace Fabric Upper Soft Mesh Lining Rubber OEM
$12.88
Min. Order: 2 pairs
2005 sold
Chat now"
1601604430259,24,Men's 2026 Spring Casual Sports Sneakers Breathable White VC Insoles PU Lining Fashionable Size 36-45,101,休闲及其他成鞋,1971,公开显示数量；单位/周期/退货及变体范围未明,2,pairs,6.42,7.71,USD,卡片未留存计价单位，详情待核,2026-10-10T17:22:14.469Z,https://www.alibaba.com/product-detail/Men-s-2026-Spring-Casual-Sports_1601604430259.html,https://s.alicdn.com/@sc04/kf/H89b1aa5dd4ca4125bf7aec3f3cb3be04K/Men-s-2026-Spring-Casual-Sports-Sneakers.jpg?hasNWGrade=1,待逐图实看,"certified
Men's 2026 Spring Casual Sports Sneakers Breathable White VC Insoles PU Lining Fashionable Size 36-45
$6.42-7.71
Min. Order: 2 pairs
1971 sold
Add to cart
Chat now"
1601754743458,19,Large Size Round Toe Breathable Soft Microfiber Mesh Upper Rubber Sole Lace-Up Training Fitness Barefoot Walking Style Shoes,124,赤足及极简概念鞋,1925,公开显示数量；单位/周期/退货及变体范围未明,2,pairs,12.3,13.4,USD,卡片未留存计价单位，详情待核,2026-10-10T17:21:45.677Z,https://www.alibaba.com/product-detail/Large-Size-Round-Toe-Breathable-Soft_1601754743458.html,https://s.alicdn.com/@sc04/kf/H39cce69916034aa290f14550f67b53023/Large-Size-Round-Toe-Breathable-Soft-Microfiber.jpg?hasNWGrade=1,待逐图实看,"certified
Large Size Round Toe Breathable Soft Microfiber Mesh Upper Rubber Sole Lace-Up Training Fitness Barefoot Walking Style Shoes
$12.30-13.40
Min. Order: 2 pairs
1925 sold
Add to cart
Chat now"
1601627524691,15,Custom High Quality All Season Outdoor Hiking and Running Shoes with Mesh Upper and EVA Midsole,95,户外鞋靴,1917,公开显示数量；单位/周期/退货及变体范围未明,300,pieces,14.2,15.6,USD,卡片未留存计价单位，详情待核,2026-10-10T17:21:27.594Z,https://www.alibaba.com/product-detail/Custom-High-Quality-All-Season-Outdoor_1601627524691.html,https://s.alicdn.com/@sc04/kf/Ha2659a7e448747a7aab0897f53e79504h/Custom-High-Quality-All-Season-Outdoor-Hiking.jpg?hasNWGrade=1,待逐图实看,"certified
Custom High Quality All Season Outdoor Hiking and Running Shoes with Mesh Upper and EVA Midsole
$14.20-15.60
Min. Order: 300 pieces
1917 sold
Chat now"
1601248990561,32,Men's Customized Genuine Leather Waterproof Casual Sports Shoes High Style New Design Barefoot Concept Rubber Insole Boxed All,126,赤足及极简概念鞋,1887,公开显示数量；单位/周期/退货及变体范围未明,300,pairs,9.84,11.14,USD,卡片未留存计价单位，详情待核,2026-10-10T17:22:54.273Z,https://www.alibaba.com/product-detail/Men-s-Customized-Genuine-Leather-Waterproof_1601248990561.html,https://s.alicdn.com/@sc04/kf/H583fc6efbe284bedb0ce850c0fc66ffeR/Men-s-Customized-Genuine-Leather-Waterproof-Casual.jpg?hasNWGrade=1,待逐图实看,"Men's Customized Genuine Leather Waterproof Casual Sports Shoes High Style New Design Barefoot Concept Rubber Insole Boxed All
$9.84-11.14
Min. Order: 300 pairs
1887 sold
Chat now"
1600516844008,23,2026 New Men's Fashion Shoes Running Sports Shock Absorption Trend Students Heighten Large Size Blade Sneakers Spring,117,跑步运动鞋,1876,公开显示数量；单位/周期/退货及变体范围未明,300,pairs,13.0,15.2,USD,卡片未留存计价单位，详情待核,2026-10-10T17:22:08.436Z,https://www.alibaba.com/product-detail/2026-New-Men-s-Fashion-Shoes_1600516844008.html,https://s.alicdn.com/@sc04/kf/H359f2e2a16ed4a5aa03cf930ca58afa5I/2026-New-Men-s-Fashion-Shoes-Running.jpg?hasNWGrade=1,待逐图实看,"00:28
certified
2026 New Men's Fashion Shoes Running Sports Shock Absorption Trend Students Heighten Large Size Blade Sneakers Spring
$13-15.20
Min. Order: 300 pairs
1876 sold
Chat now"
1601603499775,16,High-quality Sporty Casual Low Sneakers with Custom Logo Light Weight Breathable Canvas Upper Rubber Outsole,108,休闲及其他成鞋,1854,公开显示数量；单位/周期/退货及变体范围未明,2,pairs,15.23,17.11,USD,卡片未留存计价单位，详情待核,2026-10-10T17:21:30.716Z,https://www.alibaba.com/product-detail/High-quality-Sporty-Casual-Low-Sneakers_1601603499775.html,https://s.alicdn.com/@sc04/kf/H4e99f8c8457e4371ab194afed03dc8d6I/High-quality-Sporty-Casual-Low-Sneakers-with.jpg?hasNWGrade=1,待逐图实看,"certified
High-quality Sporty Casual Low Sneakers with Custom Logo Light Weight Breathable Canvas Upper Rubber Outsole
$15.23-17.11
Min. Order: 2 pairs
1854 sold
Add to cart
Chat now"
1601249249594,7,Customized Trendy Classic Outdoor Comfortable Mesh Lace-up Board Shoes Sporty Men's Casual Commuting Shoes Breathable Design,124,休闲及其他成鞋,1820,公开显示数量；单位/周期/退货及变体范围未明,300,pairs,11.5,12.9,USD,卡片未留存计价单位，详情待核,2026-10-10T17:20:23.127Z,https://www.alibaba.com/product-detail/Customized-Trendy-Classic-Outdoor-Comfortable-Mesh_1601249249594.html,https://s.alicdn.com/@sc04/kf/H39fc22a7045745838a7d754b84a07281w/Customized-Trendy-Classic-Outdoor-Comfortable-Mesh-Lace.jpg?hasNWGrade=1,待逐图实看,"certified
Customized Trendy Classic Outdoor Comfortable Mesh Lace-up Board Shoes Sporty Men's Casual Commuting Shoes Breathable Design
$11.50-12.90
Min. Order: 300 pairs
1820 sold
Chat now"
1601492090484,20,2026 Customized New Soft Soled Breathable Board Shoes for Casual Slip-On Slip-On Closure Type Fashionable Trend,111,针织套脚及乐福鞋,1766,公开显示数量；单位/周期/退货及变体范围未明,300,pairs,9.25,10.2,USD,卡片未留存计价单位，详情待核,2026-10-10T17:21:51.392Z,https://www.alibaba.com/product-detail/2026-Customized-New-Soft-Soled-Breathable_1601492090484.html,https://s.alicdn.com/@sc04/kf/H621e55097d7a4f618a14734cf030c972E/2026-Customized-New-Soft-Soled-Breathable-Board.jpg?hasNWGrade=1,已实看：白色厚底系带鞋，浅色背景，单鞋侧面,"certified
2026 Customized New Soft Soled Breathable Board Shoes for Casual Slip-On Slip-On Closure Type Fashionable Trend
$9.25-10.20
Min. Order: 300 pairs
1766 sold
Chat now"
1601787472998,21,Walking Running Tennis Shoes Cushion Comfortable Non-Slip Workout Gym Athletic Breathable Fashion Sneakers Summer,113,球类运动鞋,1766,公开显示数量；单位/周期/退货及变体范围未明,2,pieces,17.29,19.4,USD,卡片未留存计价单位，详情待核,2026-10-10T17:21:56.894Z,https://www.alibaba.com/product-detail/Walking-Running-Tennis-Shoes-Cushion-Comfortable_1601787472998.html,https://s.alicdn.com/@sc04/kf/H3715f2641bef414aa6a29d1d0e6a7abbu/Walking-Running-Tennis-Shoes-Cushion-Comfortable-Non.jpg?hasNWGrade=1,待逐图实看,"certified
Walking Running Tennis Shoes Cushion Comfortable Non-Slip Workout Gym Athletic Breathable Fashion Sneakers Summer
$17.29-19.40
Min. Order: 2 pieces
1766 sold
Add to cart
Chat now"
1601735348733,19,New Couple Outdoor Beach Trail Shoes Light Weight Waterproof Breathable Anti-Slip Multi-functional Fitness Swimming Shoes,121,水鞋（不直接对标）,1747,公开显示数量；单位/周期/退货及变体范围未明,2,pairs,8.0,8.95,USD,卡片未留存计价单位，详情待核,2026-10-10T17:21:45.677Z,https://www.alibaba.com/product-detail/New-Couple-Outdoor-Beach-Trail-Shoes_1601735348733.html,https://s.alicdn.com/@sc04/kf/H92a556c8aec644eda2a556c9ef283b0cM/New-Couple-Outdoor-Beach-Trail-Shoes-Light.jpg?hasNWGrade=1,待逐图实看,"New Couple Outdoor Beach Trail Shoes Light Weight Waterproof Breathable Anti-Slip Multi-functional Fitness Swimming Shoes
$8-8.95
Min. Order: 2 pairs
1747 sold
Add to cart
Chat now"
1601824761254,7,2026 Custom New KS Men's Casual Fashion Breathable White Sports Shoes Lace Fabric Upper Soft Mesh Lining Rubber Midsole,119,休闲及其他成鞋,1723,公开显示数量；单位/周期/退货及变体范围未明,500,pairs,12.88,12.88,USD,卡片未留存计价单位，详情待核,2026-10-10T17:20:23.127Z,https://www.alibaba.com/product-detail/2026-Custom-New-KS-Men-s_1601824761254.html,https://s.alicdn.com/@sc04/kf/H988c7a05c1ff4d1284b7bacef08a9d381/2026-Custom-New-KS-Men-s-Casual.jpg?hasNWGrade=1,待逐图实看,"certified
2026 Custom New KS Men's Casual Fashion Breathable White Sports Shoes Lace Fabric Upper Soft Mesh Lining Rubber Midsole
$12.88
Min. Order: 500 pairs
1723 sold
Chat now"
1601650281153,30,Customized Business Casual Wide-Toed Barefoot Anti-Slip Flat Breathable Comfortable Soft Microfiber Shoes,105,赤足及极简概念鞋,1700,公开显示数量；单位/周期/退货及变体范围未明,300,pairs,12.3,13.66,USD,卡片未留存计价单位，详情待核,2026-10-10T17:22:47.256Z,https://www.alibaba.com/product-detail/Customized-Business-Casual-Wide-Toed-Barefoot_1601650281153.html,https://s.alicdn.com/@sc04/kf/H1de8d105572c4142a8ac6b3c420b641d3/Customized-Business-Casual-Wide-Toed-Barefoot-Anti.jpg?hasNWGrade=1,待逐图实看,"Main product
Customized Business Casual Wide-Toed Barefoot Anti-Slip Flat Breathable Comfortable Soft Microfiber Shoes
$12.30-13.66
Min. Order: 300 pairs
1700 sold
Chat now"
1601602028247,8,KS Lightweight Breathable Comfortable Outdoor Casual Shoes Anti-Slip Flat Soft Zero-Drop Barefoot Sports Wide Last All Seasons,126,赤足及极简概念鞋,1686,公开显示数量；单位/周期/退货及变体范围未明,300,pairs,8.91,10.0,USD,卡片未留存计价单位，详情待核,2026-10-10T17:20:25.692Z,https://www.alibaba.com/product-detail/KS-Lightweight-Breathable-Comfortable-Outdoor-Casual_1601602028247.html,https://s.alicdn.com/@sc04/kf/H9214b851e20d4b0fab2b9d34188d81f2H/KS-Lightweight-Breathable-Comfortable-Outdoor-Casual-Shoes.jpg?hasNWGrade=1,待逐图实看,"KS Lightweight Breathable Comfortable Outdoor Casual Shoes Anti-Slip Flat Soft Zero-Drop Barefoot Sports Wide Last All Seasons
$8.91-10
Min. Order: 300 pairs
1686 sold
Chat now"
1601607885021,18,2026 Custom Design Men's Women's Basketball Sneaker Original Quality Stock Barefoot Wide Toe Feature for Spring Summer Autumn,125,球类运动鞋,1647,公开显示数量；单位/周期/退货及变体范围未明,2,pieces,7.68,9.8,USD,卡片未留存计价单位，详情待核,2026-10-10T17:21:39.600Z,https://www.alibaba.com/product-detail/2026-Custom-Design-Men-s-Women_1601607885021.html,https://s.alicdn.com/@sc04/kf/H2689b21372b5412fb72e005cf1720636F/2026-Custom-Design-Men-s-Women-s.jpg?hasNWGrade=1,待逐图实看,"00:32
certified
2026 Custom Design Men's Women's Basketball Sneaker Original Quality Stock Barefoot Wide Toe Feature for Spring Summer Autumn
$7.68-9.80
Min. Order: 2 pieces
1647 sold
Add to cart
Chat now"
1601754689446,18,Large-size Wide-head Dexin Shoes Soft Breathable Lace-up Mesh PU Upper Anti-slip Rubber Sole Barefoot Casual Fashion Trend,122,赤足及极简概念鞋,1636,公开显示数量；单位/周期/退货及变体范围未明,2,pairs,12.3,13.4,USD,卡片未留存计价单位，详情待核,2026-10-10T17:21:39.600Z,https://www.alibaba.com/product-detail/Large-size-Wide-head-Dexin-Shoes_1601754689446.html,https://s.alicdn.com/@sc04/kf/Hea811615486d461b89fa0814f4257268y/Large-size-Wide-head-Dexin-Shoes-Soft.jpg?hasNWGrade=1,待逐图实看,"certified
Large-size Wide-head Dexin Shoes Soft Breathable Lace-up Mesh PU Upper Anti-slip Rubber Sole Barefoot Casual Fashion Trend
$12.30-13.40
Min. Order: 2 pairs
1636 sold
Add to cart
Chat now"
1601727629566,8,Bull Tendon Sole German Training Shoes Wide Toe Flat Bottom Casual Lace-Up Lightweight Retro Men's Breathable Comfortable Soft,126,休闲及其他成鞋,1627,公开显示数量；单位/周期/退货及变体范围未明,300,pairs,8.4,8.4,USD,卡片未留存计价单位，详情待核,2026-10-10T17:20:25.692Z,https://www.alibaba.com/product-detail/Bull-Tendon-Sole-German-Training-Shoes_1601727629566.html,https://s.alicdn.com/@sc04/kf/Haa389ecc4d32447290a002dbcf231537F/Bull-Tendon-Sole-German-Training-Shoes-Wide.jpg?hasNWGrade=1,待逐图实看,"Bull Tendon Sole German Training Shoes Wide Toe Flat Bottom Casual Lace-Up Lightweight Retro Men's Breathable Comfortable Soft
$8.40
Min. Order: 300 pairs
1627 sold
Chat now"
1601557583032,23,2026 High Quality Factory Price Big Size Barefoot Shoes Soles with Low MOQ Protective Toe Bottom Rubber Sole,108,赤足及极简概念鞋,1566,公开显示数量；单位/周期/退货及变体范围未明,300,pairs,2.22,2.8,USD,卡片未留存计价单位，详情待核,2026-10-10T17:22:08.436Z,https://www.alibaba.com/product-detail/2026-High-Quality-Factory-Price-Big_1601557583032.html,https://s.alicdn.com/@sc04/kf/H28ee3071c6794fa18824ce233859d704b/2026-High-Quality-Factory-Price-Big-Size.jpg?hasNWGrade=1,待逐图实看,"2026 High Quality Factory Price Big Size Barefoot Shoes Soles with Low MOQ Protective Toe Bottom Rubber Sole
$2.22-2.80
Min. Order: 300 pairs
1566 sold
Chat now"
1601642177654,1,Popcorn Marathon Running Shock Absorbent Rebound Men's KS Summer Spring Lycra EVA Midsole Rubber Outsole Mesh Lining Sports,123,跑步运动鞋,1554,公开显示数量；单位/周期/退货及变体范围未明,1,pair,15.42,16.95,USD,卡片未留存计价单位，详情待核,2026-10-10T17:17:42.929Z,https://www.alibaba.com/product-detail/Popcorn-Marathon-Running-Shock-Absorbent-Rebound_1601642177654.html,https://s.alicdn.com/@sc04/kf/H3127b96dbad249d08a2ca9023cf6b4a1C/Popcorn-Marathon-Running-Shock-Absorbent-Rebound-Men.jpg?hasNWGrade=1,待逐图实看,"certified
Popcorn Marathon Running Shock Absorbent Rebound Men's KS Summer Spring Lycra EVA Midsole Rubber Outsole Mesh Lining Sports
$15.42-16.95
Min. Order: 1 pair
1554 sold
Add to cart
Chat now"
1601825509045,7,KS 2026 New Fast Customization Men's Casual Fashion White Sports Shoes Lace Fabric Upper Soft Breathable Mesh Lining Rubber,123,休闲及其他成鞋,1537,公开显示数量；单位/周期/退货及变体范围未明,500,pairs,12.88,12.88,USD,卡片未留存计价单位，详情待核,2026-10-10T17:20:23.127Z,https://www.alibaba.com/product-detail/KS-2026-New-Fast-Customization-Men_1601825509045.html,https://s.alicdn.com/@sc04/kf/H237bc6909984475aa5c520ed04db02eel/KS-2026-New-Fast-Customization-Men-s.jpg_480x480.jpg?hasNWGrade=1,待逐图实看,"certified
KS 2026 New Fast Customization Men's Casual Fashion White Sports Shoes Lace Fabric Upper Soft Breathable Mesh Lining Rubber
$12.88
Min. Order: 500 pairs
1537 sold
Chat now"
1600822825727,7,Manufacturer Retro Fashion Suede Dad Men Women Daily Wear Walking Breathable Mesh Sport Sneakers Full Custom Shoes Supplier,123,休闲及其他成鞋,1522,公开显示数量；单位/周期/退货及变体范围未明,300,pairs,11.22,12.5,USD,卡片未留存计价单位，详情待核,2026-10-10T17:20:23.127Z,https://www.alibaba.com/product-detail/Manufacturer-Retro-Fashion-Suede-Dad-Men_1600822825727.html,https://s.alicdn.com/@sc04/kf/H7e34c8ee53cf44d798eddd9a7f9799d6z/Manufacturer-Retro-Fashion-Suede-Dad-Men-Women.jpg_480x480.jpg?hasNWGrade=1,待逐图实看,"Manufacturer Retro Fashion Suede Dad Men Women Daily Wear Walking Breathable Mesh Sport Sneakers Full Custom Shoes Supplier
$11.22-12.50
Min. Order: 300 pairs
1522 sold
Chat now"
1601726027088,26,New Casual Low Cut Men's Board Shoes slip Resistant Flexible Breathable Walking Shoes Fashion Zapatos Zapatillas ODM & OEM,122,休闲及其他成鞋,1506,公开显示数量；单位/周期/退货及变体范围未明,2,pairs,7.9,9.11,USD,卡片未留存计价单位，详情待核,2026-10-10T17:22:33.302Z,https://www.alibaba.com/product-detail/New-Casual-Low-Cut-Men-s_1601726027088.html,https://s.alicdn.com/@sc04/kf/H792230d1556b4e53898158a0d3c34290n/New-Casual-Low-Cut-Men-s-Board.jpg?hasNWGrade=1,待逐图实看,"certified
New Casual Low Cut Men's Board Shoes slip Resistant Flexible Breathable Walking Shoes Fashion Zapatos Zapatillas ODM & OEM
$7.90-9.11
Min. Order: 2 pairs
1506 sold
Add to cart
Chat now"
1600104894631,25,2026 Custom High Quality New Man Shoes Breathable Fashion Flynit Sneakers Men's Casual Shoes Large Size 39-47 Designer,118,休闲及其他成鞋,1479,公开显示数量；单位/周期/退货及变体范围未明,300,pairs,13.79,14.59,USD,卡片未留存计价单位，详情待核,2026-10-10T17:22:17.959Z,https://www.alibaba.com/product-detail/2026-Custom-High-Quality-New-Man_1600104894631.html,https://s.alicdn.com/@sc04/kf/H1d852012b3db4bb4915070abfee53d0bz/2026-Custom-High-Quality-New-Man-Shoes.jpg?hasNWGrade=1,待逐图实看,"certified
2026 Custom High Quality New Man Shoes Breathable Fashion Flynit Sneakers Men's Casual Shoes Large Size 39-47 Designer
$13.79-14.59
Min. Order: 300 pairs
1479 sold
Chat now"
1601567139922,18,Badminton Tennis Table Tennis Pickleball Volleyball Shoes Rubber Sole Microfiber Upper Anti-Slip Autumn for Both Men Women,122,球类运动鞋,1466,公开显示数量；单位/周期/退货及变体范围未明,300,pairs,15.0,16.96,USD,卡片未留存计价单位，详情待核,2026-10-10T17:21:39.600Z,https://www.alibaba.com/product-detail/Badminton-Tennis-Table-Tennis-Pickleball-Volleyball_1601567139922.html,https://s.alicdn.com/@sc04/kf/Hfa3538a0973443bdb78dae6737be4d56d/Badminton-Tennis-Table-Tennis-Pickleball-Volleyball-Shoes.jpg?hasNWGrade=1,待逐图实看,"certified
Badminton Tennis Table Tennis Pickleball Volleyball Shoes Rubber Sole Microfiber Upper Anti-Slip Autumn for Both Men Women
$15-16.96
Min. Order: 300 pairs
1466 sold
Chat now"
1601779138591,22,Children's Sports Shoes Wide Toe Box Head Barefoot Style Both Boys Girls 2026 New Model Lightweight Breathable Comfortable,122,童鞋（不直接对标）,1466,公开显示数量；单位/周期/退货及变体范围未明,300,pairs,9.0,10.88,USD,卡片未留存计价单位，详情待核,2026-10-10T17:22:03.692Z,https://www.alibaba.com/product-detail/Children-s-Sports-Shoes-Wide-Toe_1601779138591.html,https://s.alicdn.com/@sc04/kf/Hba56852e6d8a49cd939d1f26685d2b8fo/Children-s-Sports-Shoes-Wide-Toe-Box.jpg_480x480.jpg?hasNWGrade=1,待逐图实看,"Children's Sports Shoes Wide Toe Box Head Barefoot Style Both Boys Girls 2026 New Model Lightweight Breathable Comfortable
$9-10.88
Min. Order: 300 pairs
1466 sold
Chat now"
1601601912857,31,Latest Style Casual Sports Shoes Breathable Lightweight Zero-Drop Barefoot Shoes with Wide-Last Soft-Soled Flat Feature,119,赤足及极简概念鞋,1447,公开显示数量；单位/周期/退货及变体范围未明,300,pairs,11.93,14.5,USD,卡片未留存计价单位，详情待核,2026-10-10T17:22:50.339Z,https://www.alibaba.com/product-detail/Latest-Style-Casual-Sports-Shoes-Breathable_1601601912857.html,https://s.alicdn.com/@sc04/kf/H0b0aa35889294e90bbb8aeb56a339db8Q/Latest-Style-Casual-Sports-Shoes-Breathable-Lightweight.jpg?hasNWGrade=1,待逐图实看,"Latest Style Casual Sports Shoes Breathable Lightweight Zero-Drop Barefoot Shoes with Wide-Last Soft-Soled Flat Feature
$11.93-14.50
Min. Order: 300 pairs
1447 sold
Chat now"
1601725571662,26,Large Size Wide Palm Soft Breathable Anti-slip Rubber Sole Barefoot Casual Walking Shoes Custom logo Zapatos,108,赤足及极简概念鞋,1441,公开显示数量；单位/周期/退货及变体范围未明,2,pairs,10.93,12.2,USD,卡片未留存计价单位，详情待核,2026-10-10T17:22:33.302Z,https://www.alibaba.com/product-detail/Large-Size-Wide-Palm-Soft-Breathable_1601725571662.html,https://s.alicdn.com/@sc04/kf/H5339ebe14037454ea8583c4efa71ab37u/Large-Size-Wide-Palm-Soft-Breathable-Anti.jpg?hasNWGrade=1,待逐图实看,"Large Size Wide Palm Soft Breathable Anti-slip Rubber Sole Barefoot Casual Walking Shoes Custom logo Zapatos
$10.93-12.20
Min. Order: 2 pairs
1441 sold
Add to cart
Chat now"
1601805207267,21,Minimalist Barefoot Lace-up Shoes | Zero Drop Sole | Wide Width Breathable Anti-Slip Mesh Upper Fashion Sneaker,111,赤足及极简概念鞋,1422,公开显示数量；单位/周期/退货及变体范围未明,300,pairs,11.66,12.9,USD,卡片未留存计价单位，详情待核,2026-10-10T17:21:56.894Z,https://www.alibaba.com/product-detail/Minimalist-Barefoot-Lace-up-Shoes-Zero_1601805207267.html,https://s.alicdn.com/@sc04/kf/Hf49470d1989e40d2bea1801fff9c88b8A/Minimalist-Barefoot-Lace-up-Shoes-Zero-Drop.jpg_480x480.jpg?hasNWGrade=1,待逐图实看,"certified
Minimalist Barefoot Lace-up Shoes | Zero Drop Sole | Wide Width Breathable Anti-Slip Mesh Upper Fashion Sneaker
$11.66-12.90
Min. Order: 300 pairs
1422 sold
Chat now"
1601705839635,26,Five-Finger Breathable Anti-Slip Soft EVA Midsole Summer Outdoor Water Shoes for Beach River Rafting Surfing Hiking Translucent,127,水鞋（不直接对标）,1421,公开显示数量；单位/周期/退货及变体范围未明,10,pieces,8.3,11.1,USD,卡片未留存计价单位，详情待核,2026-10-10T17:22:33.302Z,https://www.alibaba.com/product-detail/Five-Finger-Breathable-Anti-Slip-Soft_1601705839635.html,https://s.alicdn.com/@sc04/kf/H106b270216bd413e9ef7f7a18d764ff2v/Five-Finger-Breathable-Anti-Slip-Soft-EVA.jpg?hasNWGrade=1,待逐图实看,"Five-Finger Breathable Anti-Slip Soft EVA Midsole Summer Outdoor Water Shoes for Beach River Rafting Surfing Hiking Translucent
$8.30-11.10
Min. Order: 10 pieces
1421 sold
Add to cart
Chat now"
1601714026029,28,KS Kids' Wide Toe Box Mesh Upper Barefoot Shoes Non-Slip Breathable Lightweight Comfortable for Running Outdoor Activities Boys,127,童鞋（不直接对标）,1372,公开显示数量；单位/周期/退货及变体范围未明,300,pairs,5.9,6.4,USD,卡片未留存计价单位，详情待核,2026-10-10T17:22:39.703Z,https://www.alibaba.com/product-detail/KS-Kids-Wide-Toe-Box-Mesh_1601714026029.html,https://s.alicdn.com/@sc04/kf/Hd3536d6d7b99423d8068175e893982344/KS-Kids-Wide-Toe-Box-Mesh-Upper.jpg_480x480.jpg?hasNWGrade=1,待逐图实看,"KS Kids' Wide Toe Box Mesh Upper Barefoot Shoes Non-Slip Breathable Lightweight Comfortable for Running Outdoor Activities Boys
$5.90-6.40
Min. Order: 300 pairs
1372 sold
Chat now"
1601492161266,23,2026 Men's Sneakers Design Comfortable Flat Lace-Up Closure Custom Logo Trendy Little White Board Shoes,103,休闲及其他成鞋,1366,公开显示数量；单位/周期/退货及变体范围未明,300,pairs,9.28,10.3,USD,卡片未留存计价单位，详情待核,2026-10-10T17:22:08.436Z,https://www.alibaba.com/product-detail/2026-Men-s-Sneakers-Design-Comfortable_1601492161266.html,https://s.alicdn.com/@sc04/kf/Heb8e0f6f1e4942f58a0cdc98f8c9a3623/2026-Men-s-Sneakers-Design-Comfortable-Flat.jpg?hasNWGrade=1,待逐图实看,"00:32
Main product
certified
2026 Men's Sneakers Design Comfortable Flat Lace-Up Closure Custom Logo Trendy Little White Board Shoes
$9.28-10.30
Min. Order: 300 pairs
1366 sold
Chat now"
1601636608130,23,2026 Custom Brand Anti-Slip Rubber Sole Barefoot Shoes for Fashion & Casual Shoes Big Size Low MOQ,98,赤足及极简概念鞋,1366,公开显示数量；单位/周期/退货及变体范围未明,300,pairs,2.22,2.8,USD,卡片未留存计价单位，详情待核,2026-10-10T17:22:08.436Z,https://www.alibaba.com/product-detail/2026-Custom-Brand-Anti-Slip-Rubber_1601636608130.html,https://s.alicdn.com/@sc04/kf/H117f540582ac47de8039bb1125f8ef2e9/2026-Custom-Brand-Anti-Slip-Rubber-Sole.jpg?hasNWGrade=1,待逐图实看,"00:25
2026 Custom Brand Anti-Slip Rubber Sole Barefoot Shoes for Fashion & Casual Shoes Big Size Low MOQ
$2.22-2.80
Min. Order: 300 pairs
1366 sold
Chat now"
1601742269036,25,KS Wide Toe Box Barefoot Sneakers for Boys Girls Kids-Preschool First Walking Shoes Non-Slip Running Outdoor Activities,119,童鞋（不直接对标）,1366,公开显示数量；单位/周期/退货及变体范围未明,300,pairs,10.22,11.88,USD,卡片未留存计价单位，详情待核,2026-10-10T17:22:17.959Z,https://www.alibaba.com/product-detail/KS-Wide-Toe-Box-Barefoot-Sneakers_1601742269036.html,https://s.alicdn.com/@sc04/kf/H5026eda8c5a34b09aee8ef051339d3234/KS-Wide-Toe-Box-Barefoot-Sneakers-for.jpg_480x480.jpg?hasNWGrade=1,待逐图实看,"KS Wide Toe Box Barefoot Sneakers for Boys Girls Kids-Preschool First Walking Shoes Non-Slip Running Outdoor Activities
$10.22-11.88
Min. Order: 300 pairs
1366 sold
Chat now"
1601779069828,22,Children's Wide-Toe Soft Comfortable Casual Shoes for Boys Student Low-Top Hiking Shoes for Girls Outdoor Breathable Shoes,122,童鞋（不直接对标）,1354,公开显示数量；单位/周期/退货及变体范围未明,2,pairs,8.22,8.9,USD,卡片未留存计价单位，详情待核,2026-10-10T17:22:03.692Z,https://www.alibaba.com/product-detail/Children-s-Wide-Toe-Soft-Comfortable_1601779069828.html,https://s.alicdn.com/@sc04/kf/Hbfcd9143e1444ca6a6c4ebcebfd0de1cl/Children-s-Wide-Toe-Soft-Comfortable-Casual.jpg_480x480.jpg?hasNWGrade=1,待逐图实看,"Main product
Children's Wide-Toe Soft Comfortable Casual Shoes for Boys Student Low-Top Hiking Shoes for Girls Outdoor Breathable Shoes
$8.22-8.90
Min. Order: 2 pairs
1354 sold
Chat now"
1601636582163,26,Men's High Lace-Up Walking Shoes Mesh Upper PVC Outsole Non-Slip Comfort Fashion Trend White,92,休闲及其他成鞋,1342,公开显示数量；单位/周期/退货及变体范围未明,2,pairs,6.29,6.29,USD,卡片未留存计价单位，详情待核,2026-10-10T17:22:33.302Z,https://www.alibaba.com/product-detail/Men-s-High-Lace-Up-Walking_1601636582163.html,https://s.alicdn.com/@sc04/kf/H57acff3f71524731ad82ccda2fb8695eY/Men-s-High-Lace-Up-Walking-Shoes.jpg?hasNWGrade=1,待逐图实看,"certified
Men's High Lace-Up Walking Shoes Mesh Upper PVC Outsole Non-Slip Comfort Fashion Trend White
$6.29
Min. Order: 2 pairs
1342 sold
Add to cart
Chat now"
1601627781790,16,Large Size Round Toe PU Mesh Soft Cross-border Retro German Training Shoes Leather Surface Casual Shoes Walking Shoes,117,休闲及其他成鞋,1320,公开显示数量；单位/周期/退货及变体范围未明,2,pieces,10.78,12.22,USD,卡片未留存计价单位，详情待核,2026-10-10T17:21:30.716Z,https://www.alibaba.com/product-detail/Large-Size-Round-Toe-PU-Mesh_1601627781790.html,https://s.alicdn.com/@sc04/kf/Hd5d53b7631d74e6b9f8293b6fe1c5015n/Large-Size-Round-Toe-PU-Mesh-Soft.jpg?hasNWGrade=1,待逐图实看,"certified
Large Size Round Toe PU Mesh Soft Cross-border Retro German Training Shoes Leather Surface Casual Shoes Walking Shoes
$10.78-12.22
Min. Order: 2 pieces
1320 sold
Add to cart
Chat now"
1601742167636,25,Men's Wide Hi-top Minimalist Barefoot Sneakers | Breathable Anti-Slip Soft Zero Drop Sole | Cushioned Ankle Support,115,赤足及极简概念鞋,1302,公开显示数量；单位/周期/退货及变体范围未明,300,pairs,12.51,13.66,USD,卡片未留存计价单位，详情待核,2026-10-10T17:22:17.959Z,https://www.alibaba.com/product-detail/Men-s-Wide-Hi-top-Minimalist_1601742167636.html,https://s.alicdn.com/@sc04/kf/H188fa60f03384c158adce8c73ebb28f2T/Men-s-Wide-Hi-top-Minimalist-Barefoot.jpg?hasNWGrade=1,待逐图实看,"Men's Wide Hi-top Minimalist Barefoot Sneakers | Breathable Anti-Slip Soft Zero Drop Sole | Cushioned Ankle Support
$12.51-13.66
Min. Order: 300 pairs
1302 sold
Chat now"
1601607009124,17,Designer Lightweight Mesh Marathon Sprint Running Shoes for Men and Women Wholesale Carbon Plate Sneakers for Summer Sports,123,跑步运动鞋,1218,公开显示数量；单位/周期/退货及变体范围未明,2,pieces,12.0,13.2,USD,卡片未留存计价单位，详情待核,2026-10-10T17:21:35.394Z,https://www.alibaba.com/product-detail/Designer-Lightweight-Mesh-Marathon-Sprint-Running_1601607009124.html,https://s.alicdn.com/@sc04/kf/H78c7a98c5ece484aa856ae2ed70e26bbW/Designer-Lightweight-Mesh-Marathon-Sprint-Running-Shoes.jpg?hasNWGrade=1,待逐图实看,"Designer Lightweight Mesh Marathon Sprint Running Shoes for Men and Women Wholesale Carbon Plate Sneakers for Summer Sports
$12-13.20
Min. Order: 2 pieces
1218 sold
Add to cart
Chat now"
1601825690772,8,KS Supercritical New Running Shoes EVA Midsole Lightweight All Season Casual Men's Sports Shoes Design Shoes OEM & ODM,118,跑步运动鞋,1212,公开显示数量；单位/周期/退货及变体范围未明,300,pieces,18.2,19.9,USD,卡片未留存计价单位，详情待核,2026-10-10T17:20:25.692Z,https://www.alibaba.com/product-detail/KS-Supercritical-New-Running-Shoes-EVA_1601825690772.html,https://s.alicdn.com/@sc04/kf/H932d9bb6e1a14fa7a052d51e020e7474g/KS-Supercritical-New-Running-Shoes-EVA-Midsole.jpg_480x480.jpg?hasNWGrade=1,待逐图实看,"certified
KS Supercritical New Running Shoes EVA Midsole Lightweight All Season Casual Men's Sports Shoes Design Shoes OEM & ODM
$18.20-19.90
Min. Order: 300 pieces
1212 sold
Chat now"
1601602151418,15,Great Men's Sneakers Trendy Canvas Upper Mesh Slip-On Walking Casual Shoes Rubber Summer Autumn Winter New Styles Wholesale,123,针织套脚及乐福鞋,1186,公开显示数量；单位/周期/退货及变体范围未明,1,piece,12.14,13.9,USD,卡片未留存计价单位，详情待核,2026-10-10T17:21:27.594Z,https://www.alibaba.com/product-detail/Great-Men-s-Sneakers-Trendy-Canvas_1601602151418.html,https://s.alicdn.com/@sc04/kf/Ha5a56a39d5e34524a18bfa6780b645a8a/Great-Men-s-Sneakers-Trendy-Canvas-Upper.jpg_480x480.jpg?hasNWGrade=1,已实看：灰黑套脚乐福鞋，浅色背景,"certified
Great Men's Sneakers Trendy Canvas Upper Mesh Slip-On Walking Casual Shoes Rubber Summer Autumn Winter New Styles Wholesale
$12.14-13.90
Min. Order: 1 piece
1186 sold
Add to cart
Chat now"
1601727565730,26,Wide Toe Anti-Slip Breathable Comfortable Soft Casual Shoes for Women Barefoot Style Spring Summer,98,赤足及极简概念鞋,1173,公开显示数量；单位/周期/退货及变体范围未明,2,pairs,6.55,7.2,USD,卡片未留存计价单位，详情待核,2026-10-10T17:22:33.302Z,https://www.alibaba.com/product-detail/Wide-Toe-Anti-Slip-Breathable-Comfortable_1601727565730.html,https://s.alicdn.com/@sc04/kf/Hcaa20285684d4fe0934568c32b052f01C/Wide-Toe-Anti-Slip-Breathable-Comfortable-Soft.jpg?hasNWGrade=1,待逐图实看,"Wide Toe Anti-Slip Breathable Comfortable Soft Casual Shoes for Women Barefoot Style Spring Summer
$6.55-7.20
Min. Order: 2 pairs
1173 sold
Add to cart
Chat now"
1601568683666,20,2026 New American Rattlesnake Mecha Dad Shoes Men's Women's Lace-Up Walking Shoes Chunky Sneakers Thick-Soled Autumn Sporty KS,126,休闲及其他成鞋,1141,公开显示数量；单位/周期/退货及变体范围未明,300,pieces,12.0,12.0,USD,卡片未留存计价单位，详情待核,2026-10-10T17:21:51.392Z,https://www.alibaba.com/product-detail/2026-New-American-Rattlesnake-Mecha-Dad_1601568683666.html,https://s.alicdn.com/@sc04/kf/H888131c125a544e88a6d1859c64ff915a/2026-New-American-Rattlesnake-Mecha-Dad-Shoes.jpg?hasNWGrade=1,待逐图实看,"00:20
2026 New American Rattlesnake Mecha Dad Shoes Men's Women's Lace-Up Walking Shoes Chunky Sneakers Thick-Soled Autumn Sporty KS
$12
Min. Order: 300 pieces
1141 sold
Add to cart
Chat now"
1601705829463,27,Unisex Lightweight Comfortable Quick-Dry Aqua Water Shoes Summer Sports Durable Elastic Fabric Surf Dive Swim Beach Pool EVA,124,水鞋（不直接对标）,1138,公开显示数量；单位/周期/退货及变体范围未明,2,pieces,6.2,7.43,USD,卡片未留存计价单位，详情待核,2026-10-10T17:22:36.648Z,https://www.alibaba.com/product-detail/Unisex-Lightweight-Comfortable-Quick-Dry-Aqua_1601705829463.html,https://s.alicdn.com/@sc04/kf/Ha11afd310e7042ac8dfb86e8b473a7fac/Unisex-Lightweight-Comfortable-Quick-Dry-Aqua-Water.jpg?hasNWGrade=1,待逐图实看,"Unisex Lightweight Comfortable Quick-Dry Aqua Water Shoes Summer Sports Durable Elastic Fabric Surf Dive Swim Beach Pool EVA
$6.20-7.43
Min. Order: 2 pieces
1138 sold
Add to cart
Chat now"
1601611391368,31,Women's/Men's Wide-Leg Minimalist Casual Outdoor Walking Shoes Scattered Mesh Upper Rubber Outsole Summer Spring Autumn,119,赤足及极简概念鞋,1125,公开显示数量；单位/周期/退货及变体范围未明,2,pairs,10.21,11.66,USD,卡片未留存计价单位，详情待核,2026-10-10T17:22:50.339Z,https://www.alibaba.com/product-detail/Women-s-Men-s-Wide-Leg_1601611391368.html,https://s.alicdn.com/@sc04/kf/Hf047a486215f404b9428ffe929a9a5a36/Women-s-Men-s-Wide-Leg-Minimalist.jpg?hasNWGrade=1,待逐图实看,"00:27
Women's/Men's Wide-Leg Minimalist Casual Outdoor Walking Shoes Scattered Mesh Upper Rubber Outsole Summer Spring Autumn
$10.21-11.66
Min. Order: 2 pairs
1125 sold
Add to cart
Chat now"
1601603553439,17,Fashionable New Basketball Shoes with EVA Midsole and Rubber Sole Custom-Made Men's Sports Shoes for All Season,111,球类运动鞋,1120,公开显示数量；单位/周期/退货及变体范围未明,2,pairs,13.91,15.6,USD,卡片未留存计价单位，详情待核,2026-10-10T17:21:35.394Z,https://www.alibaba.com/product-detail/Fashionable-New-Basketball-Shoes-with-EVA_1601603553439.html,https://s.alicdn.com/@sc04/kf/H92a2dcb915dd453291f2ef77ede8f8a94/Fashionable-New-Basketball-Shoes-with-EVA-Midsole.jpg?hasNWGrade=1,待逐图实看,"certified
Fashionable New Basketball Shoes with EVA Midsole and Rubber Sole Custom-Made Men's Sports Shoes for All Season
$13.91-15.60
Min. Order: 2 pairs
1120 sold
Add to cart
Chat now"
1601727883362,25,Large Size Wide Toe Cross-border Breathable Comfortable Soft Summer Outdoor Hiking Shoes Lightweight Urban Off-road Shoes,121,户外鞋靴,1116,公开显示数量；单位/周期/退货及变体范围未明,2,pieces,13.38,14.8,USD,卡片未留存计价单位，详情待核,2026-10-10T17:22:17.959Z,https://www.alibaba.com/product-detail/Large-Size-Wide-Toe-Cross-border_1601727883362.html,https://s.alicdn.com/@sc04/kf/H827655cb07664d6a8058d46cc279d83dh/Large-Size-Wide-Toe-Cross-border-Breathable.jpg?hasNWGrade=1,待逐图实看,"Large Size Wide Toe Cross-border Breathable Comfortable Soft Summer Outdoor Hiking Shoes Lightweight Urban Off-road Shoes
$13.38-14.80
Min. Order: 2 pieces
1116 sold
Add to cart
Chat now"
1601666272963,7,Trendy Cushioning Platform Athletic Training Shoes EVA Midsole Mesh Lining Custom Logo Colorful Graphic Sports Sneaker OEM ODM,126,休闲及其他成鞋,1115,公开显示数量；单位/周期/退货及变体范围未明,300,pieces,14.2,15.9,USD,卡片未留存计价单位，详情待核,2026-10-10T17:20:23.127Z,https://www.alibaba.com/product-detail/Trendy-Cushioning-Platform-Athletic-Training-Shoes_1601666272963.html,https://s.alicdn.com/@sc04/kf/Ha873b345828042b395dd4177f628923dX/Trendy-Cushioning-Platform-Athletic-Training-Shoes-EVA.jpg_480x480.jpg?hasNWGrade=1,待逐图实看,"certified
Trendy Cushioning Platform Athletic Training Shoes EVA Midsole Mesh Lining Custom Logo Colorful Graphic Sports Sneaker OEM ODM
$14.20-15.90
Min. Order: 300 pieces
1115 sold
Chat now"
1601787564656,1,KS Comfortable Anti-Slip Breathable Rubber TPU Midsole Cotton Lining Indoor Court Badminton Tennis Pickleball Shoes Men Spring,126,球类运动鞋,1100,公开显示数量；单位/周期/退货及变体范围未明,300,pieces,16.4,18.7,USD,卡片未留存计价单位，详情待核,2026-10-10T17:17:42.929Z,https://www.alibaba.com/product-detail/KS-Comfortable-Anti-Slip-Breathable-Rubber_1601787564656.html,https://s.alicdn.com/@sc04/kf/H927fb56dfdce4609a039bc549263a2fb5/KS-Comfortable-Anti-Slip-Breathable-Rubber-TPU.jpg_480x480.jpg?hasNWGrade=1,待逐图实看,"certified
KS Comfortable Anti-Slip Breathable Rubber TPU Midsole Cotton Lining Indoor Court Badminton Tennis Pickleball Shoes Men Spring
$16.40-18.70
Min. Order: 300 pieces
1100 sold
Chat now"
1601284386487,24,2026 Low MOQ Protection Toe Bottom Rubber Sole High Quality Factory Price Big Size Barefoot Shoes Soles,103,赤足及极简概念鞋,1093,公开显示数量；单位/周期/退货及变体范围未明,300,pairs,2.43,2.88,USD,卡片未留存计价单位，详情待核,2026-10-10T17:22:14.469Z,https://www.alibaba.com/product-detail/2026-Low-MOQ-Protection-Toe-Bottom_1601284386487.html,https://s.alicdn.com/@sc04/kf/Hd70dfdc8e0b545a7aefa8f04a40c37f3g/2026-Low-MOQ-Protection-Toe-Bottom-Rubber.jpg?hasNWGrade=1,待逐图实看,"2026 Low MOQ Protection Toe Bottom Rubber Sole High Quality Factory Price Big Size Barefoot Shoes Soles
$2.43-2.88
Min. Order: 300 pairs
1093 sold
Chat now"
1601521315373,19,2026 Latest Design Men's Sport Shoes High Quality Breathable New Style Running Shoes for Summer Rubber Insole,109,跑步运动鞋,1066,公开显示数量；单位/周期/退货及变体范围未明,300,pieces,17.23,18.72,USD,卡片未留存计价单位，详情待核,2026-10-10T17:21:45.677Z,https://www.alibaba.com/product-detail/2026-Latest-Design-Men-s-Sport_1601521315373.html,https://s.alicdn.com/@sc04/kf/H36aa774f9c134a36b4d71cf6d7162f28y/2026-Latest-Design-Men-s-Sport-Shoes.jpg?hasNWGrade=1,待逐图实看,"certified
2026 Latest Design Men's Sport Shoes High Quality Breathable New Style Running Shoes for Summer Rubber Insole
$17.23-18.72
Min. Order: 300 pieces
1066 sold
Chat now"
1601623306481,26,Colorful Glossy Soft Solid Slip-On Anti-Slip Pointed Toe All Season Workwear Leather Shoes for Men,98,正装鞋（不直接对标）,949,公开显示数量；单位/周期/退货及变体范围未明,2,pairs,17.65,19.12,USD,卡片未留存计价单位，详情待核,2026-10-10T17:22:33.302Z,https://www.alibaba.com/product-detail/Colorful-Glossy-Soft-Solid-Slip-On_1601623306481.html,https://s.alicdn.com/@sc04/kf/Hc4cf53fdb05641d4a995efdc9673911fh/Colorful-Glossy-Soft-Solid-Slip-On-Anti.jpg?hasNWGrade=1,待逐图实看,"Colorful Glossy Soft Solid Slip-On Anti-Slip Pointed Toe All Season Workwear Leather Shoes for Men
$17.65-19.12
Min. Order: 2 pairs
949 sold
Add to cart
Chat now"
1601908910914,6,KS Factory Direct Custom Rubber Supercritical Shoe Midsoles | Lightweight Comfortable Anti-Slip Men's Custom Logo/Color/Material,128,鞋底鞋垫部件,920,公开显示数量；单位/周期/退货及变体范围未明,500,pairs,3.78,4.77,USD,卡片未留存计价单位，详情待核,2026-10-10T17:20:20.240Z,https://www.alibaba.com/product-detail/KS-Factory-Direct-Custom-Rubber-Supercritical_1601908910914.html,https://s.alicdn.com/@sc04/kf/H97fa7a9fe0fc41b38a71572d5a9d77cdS/KS-Factory-Direct-Custom-Rubber-Supercritical-Shoe.jpg_480x480.jpg?hasNWGrade=1,待逐图实看,"KS Factory Direct Custom Rubber Supercritical Shoe Midsoles | Lightweight Comfortable Anti-Slip Men's Custom Logo/Color/Material
$3.78-4.77
Min. Order: 500 pairs
920 sold
Chat now"
1601908952693,5,KS OEM ODM Custom Men's Rubber Supercritical Foam Shoe Soles | Customizable Lightweight Anti-Slip Rebound Footwear Manufacturers,128,鞋底鞋垫部件,920,公开显示数量；单位/周期/退货及变体范围未明,500,pairs,3.78,4.66,USD,卡片未留存计价单位，详情待核,2026-10-10T17:20:16.254Z,https://www.alibaba.com/product-detail/KS-OEM-ODM-Custom-Men-s_1601908952693.html,https://s.alicdn.com/@sc04/kf/He9f1fa2cec34443cbb61e0ba1c9d5530i/KS-OEM-ODM-Custom-Men-s-Rubber.jpg_480x480.jpg?hasNWGrade=1,待逐图实看,"KS OEM ODM Custom Men's Rubber Supercritical Foam Shoe Soles | Customizable Lightweight Anti-Slip Rebound Footwear Manufacturers
$3.78-4.66
Min. Order: 500 pairs
920 sold
Chat now"
1601908981474,6,KS Rubber Supercritical Foam Insoles Outsoles | Custom OEM/ODM Anti-Slip Lightweight High Rebound Soles for Athletic Casual,123,鞋底鞋垫部件,920,公开显示数量；单位/周期/退货及变体范围未明,500,pairs,3.78,4.66,USD,卡片未留存计价单位，详情待核,2026-10-10T17:20:20.240Z,https://www.alibaba.com/product-detail/KS-Rubber-Supercritical-Foam-Insoles-Outsoles_1601908981474.html,https://s.alicdn.com/@sc04/kf/H1a29af889efc4499a3462516dcba22ffF/KS-Rubber-Supercritical-Foam-Insoles-Outsoles-Custom.jpg_480x480.jpg?hasNWGrade=1,待逐图实看,"KS Rubber Supercritical Foam Insoles Outsoles | Custom OEM/ODM Anti-Slip Lightweight High Rebound Soles for Athletic Casual
$3.78-4.66
Min. Order: 500 pairs
920 sold
Chat now"
1601909000379,3,Lightweight Rubber Supercritical Soles | Custom OEM ODM Breathable Anti-Slip Shock Absorbing Men's Road Running Training S6,123,跑步运动鞋,920,公开显示数量；单位/周期/退货及变体范围未明,500,pairs,3.78,4.66,USD,卡片未留存计价单位，详情待核,2026-10-10T17:18:51.080Z,https://www.alibaba.com/product-detail/Lightweight-Rubber-Supercritical-Soles-Custom-OEM_1601909000379.html,https://s.alicdn.com/@sc04/kf/Ha07ff0790bf340b0b5c184bfae2776b2K/Lightweight-Rubber-Supercritical-Soles-Custom-OEM-ODM.jpg_480x480.jpg?hasNWGrade=1,待逐图实看,"Lightweight Rubber Supercritical Soles | Custom OEM ODM Breathable Anti-Slip Shock Absorbing Men's Road Running Training S6
$3.78-4.66
Min. Order: 500 pairs
920 sold
Chat now"
1601909004622,5,KS Factory Direct Custom Supercritical Insoles | OEM ODM Custom Logo/Color/Material Arch Supports Anti-Slippery Shoe,116,鞋底鞋垫部件,920,公开显示数量；单位/周期/退货及变体范围未明,500,pairs,2.22,2.89,USD,卡片未留存计价单位，详情待核,2026-10-10T17:20:16.254Z,https://www.alibaba.com/product-detail/KS-Factory-Direct-Custom-Supercritical-Insoles_1601909004622.html,https://s.alicdn.com/@sc04/kf/He9bfc1719b0a4432bbb9e72660fc1229D/KS-Factory-Direct-Custom-Supercritical-Insoles-OEM.jpg_480x480.jpg?hasNWGrade=1,待逐图实看,"KS Factory Direct Custom Supercritical Insoles | OEM ODM Custom Logo/Color/Material Arch Supports Anti-Slippery Shoe
$2.22-2.89
Min. Order: 500 pairs
920 sold
Chat now"
1601909029231,6,High Performance Men's Rubber Supercritical Foam Soles | Custom OEM/ODM Anti-Slip Lightweight Casual Sports Outdoor Shoe,120,鞋底鞋垫部件,920,公开显示数量；单位/周期/退货及变体范围未明,480,pairs,3.78,4.66,USD,卡片未留存计价单位，详情待核,2026-10-10T17:20:20.240Z,https://www.alibaba.com/product-detail/High-Performance-Men-s-Rubber-Supercritical_1601909029231.html,https://s.alicdn.com/@sc04/kf/H51e4c15396b34d5083fe33a57b771f55P/High-Performance-Men-s-Rubber-Supercritical-Foam.jpg_480x480.jpg?hasNWGrade=1,待逐图实看,"High Performance Men's Rubber Supercritical Foam Soles | Custom OEM/ODM Anti-Slip Lightweight Casual Sports Outdoor Shoe
$3.78-4.66
Min. Order: 480 pairs
920 sold
Chat now"
1601909442881,4,KS Custom Supercritical Foam Sports Insoles with Arch Supports | Free Design OEM/ODM Insoles for Footwear Manufacturers & Brands,128,鞋底鞋垫部件,920,公开显示数量；单位/周期/退货及变体范围未明,500,pairs,2.22,2.89,USD,卡片未留存计价单位，详情待核,2026-10-10T17:20:13.221Z,https://www.alibaba.com/product-detail/KS-Custom-Supercritical-Foam-Sports-Insoles_1601909442881.html,https://s.alicdn.com/@sc04/kf/H7523883575e74d08895413ed3e1db2e8u/KS-Custom-Supercritical-Foam-Sports-Insoles-with.jpg_480x480.jpg?hasNWGrade=1,待逐图实看,"KS Custom Supercritical Foam Sports Insoles with Arch Supports | Free Design OEM/ODM Insoles for Footwear Manufacturers & Brands
$2.22-2.89
Min. Order: 500 pairs
920 sold
Chat now"
1601911916879,4,KS Custom Supercritical EVA Insoles | OEM ODM Breathable Arch Support Comfort Insoles for Men Women Running Sports Training,123,鞋底鞋垫部件,920,公开显示数量；单位/周期/退货及变体范围未明,500,pairs,1.98,2.49,USD,卡片未留存计价单位，详情待核,2026-10-10T17:20:13.221Z,https://www.alibaba.com/product-detail/KS-Custom-Supercritical-EVA-Insoles-OEM_1601911916879.html,https://s.alicdn.com/@sc04/kf/Hdd9b56f448f6483ea604d22ea650f2db3/KS-Custom-Supercritical-EVA-Insoles-OEM-ODM.jpg_480x480.jpg?hasNWGrade=1,待逐图实看,"KS Custom Supercritical EVA Insoles | OEM ODM Breathable Arch Support Comfort Insoles for Men Women Running Sports Training
$1.98-2.49
Min. Order: 500 pairs
920 sold
Chat now"
1601911933804,3,KS EVA Super Critical Foam Insoles | Custom OEM/ODM Durable Anti-Fatigue Arch Support Comfort Insoles for Long-Distance Running,127,鞋底鞋垫部件,920,公开显示数量；单位/周期/退货及变体范围未明,500,pairs,2.22,2.89,USD,卡片未留存计价单位，详情待核,2026-10-10T17:18:51.080Z,https://www.alibaba.com/product-detail/KS-EVA-Super-Critical-Foam-Insoles_1601911933804.html,https://s.alicdn.com/@sc04/kf/Hb2d5fd273d674e51b1bf107e3dcfe101y/KS-EVA-Super-Critical-Foam-Insoles-Custom.jpg_480x480.jpg?hasNWGrade=1,待逐图实看,"KS EVA Super Critical Foam Insoles | Custom OEM/ODM Durable Anti-Fatigue Arch Support Comfort Insoles for Long-Distance Running
$2.22-2.89
Min. Order: 500 pairs
920 sold
Chat now"
1601911945753,4,KS Supercritical Foam EVA Insoles | Custom OEM ODM Lightweight Breathable Arch Support Athletic Insoles for Men Women,117,鞋底鞋垫部件,920,公开显示数量；单位/周期/退货及变体范围未明,500,pairs,1.94,2.39,USD,卡片未留存计价单位，详情待核,2026-10-10T17:20:13.221Z,https://www.alibaba.com/product-detail/KS-Supercritical-Foam-EVA-Insoles-Custom_1601911945753.html,https://s.alicdn.com/@sc04/kf/H668122986bd4466b94749ec2bfaadb80r/KS-Supercritical-Foam-EVA-Insoles-Custom-OEM.jpg_480x480.jpg?hasNWGrade=1,待逐图实看,"KS Supercritical Foam EVA Insoles | Custom OEM ODM Lightweight Breathable Arch Support Athletic Insoles for Men Women
$1.94-2.39
Min. Order: 500 pairs
920 sold
Chat now"
1601911960654,4,KS Custom Supercritical Insoles Lightweight Breathable Sports Insoles | Free Design OEM/ODM Footwear Manufacturers Brands,121,鞋底鞋垫部件,920,公开显示数量；单位/周期/退货及变体范围未明,500,pairs,2.02,2.69,USD,卡片未留存计价单位，详情待核,2026-10-10T17:20:13.221Z,https://www.alibaba.com/product-detail/KS-Custom-Supercritical-Insoles-Lightweight-Breathable_1601911960654.html,https://s.alicdn.com/@sc04/kf/H7c9fd216f18c412f918b60329fe0efe4l/KS-Custom-Supercritical-Insoles-Lightweight-Breathable-Sports.jpg_480x480.jpg?hasNWGrade=1,待逐图实看,"KS Custom Supercritical Insoles Lightweight Breathable Sports Insoles | Free Design OEM/ODM Footwear Manufacturers Brands
$2.02-2.69
Min. Order: 500 pairs
920 sold
Chat now"
1601911976579,4,KS Custom Supercritical EVA Comfort Insoles | Lightweight Breathable Arch Support Sports Insoles Superior Cushioning Rebound,124,鞋底鞋垫部件,912,公开显示数量；单位/周期/退货及变体范围未明,500,pairs,2.12,2.69,USD,卡片未留存计价单位，详情待核,2026-10-10T17:20:13.221Z,https://www.alibaba.com/product-detail/KS-Custom-Supercritical-EVA-Comfort-Insoles_1601911976579.html,https://s.alicdn.com/@sc04/kf/H647256a425144d009b7f0de123ecb22ab/KS-Custom-Supercritical-EVA-Comfort-Insoles-Lightweight.jpg_480x480.jpg?hasNWGrade=1,待逐图实看,"KS Custom Supercritical EVA Comfort Insoles | Lightweight Breathable Arch Support Sports Insoles Superior Cushioning Rebound
$2.12-2.69
Min. Order: 500 pairs
912 sold
Chat now"
1601488717850,10,Customized White Sneaker Shoes for Boys Simple Comfortable Casual School Shoes with Bow Pattern for Spring Summer Autumn Seasons,128,童鞋（不直接对标）,900,公开显示数量；单位/周期/退货及变体范围未明,300,pairs,9.8,10.7,USD,卡片未留存计价单位，详情待核,2026-10-10T17:20:32.080Z,https://www.alibaba.com/product-detail/Customized-White-Sneaker-Shoes-for-Boys_1601488717850.html,https://s.alicdn.com/@sc04/kf/H22589d87f77846cba1816aac648b075d2/Customized-White-Sneaker-Shoes-for-Boys-Simple.jpg?hasNWGrade=1,待逐图实看,"00:26
Customized White Sneaker Shoes for Boys Simple Comfortable Casual School Shoes with Bow Pattern for Spring Summer Autumn Seasons
$9.80-10.70
Min. Order: 300 pairs
900 sold
Chat now"
1601727868987,26,Unisex Lightweight Comfortable Quick-Dry Aqua Water Shoes Summer Sports Durable Elastic Fabric Surf Dive Swim Beach Pool EVA,124,水鞋（不直接对标）,866,公开显示数量；单位/周期/退货及变体范围未明,2,pieces,6.2,7.43,USD,卡片未留存计价单位，详情待核,2026-10-10T17:22:33.302Z,https://www.alibaba.com/product-detail/Unisex-Lightweight-Comfortable-Quick-Dry-Aqua_1601727868987.html,https://s.alicdn.com/@sc04/kf/Ha11afd310e7042ac8dfb86e8b473a7fac/Unisex-Lightweight-Comfortable-Quick-Dry-Aqua-Water.jpg?hasNWGrade=1,待逐图实看,"Unisex Lightweight Comfortable Quick-Dry Aqua Water Shoes Summer Sports Durable Elastic Fabric Surf Dive Swim Beach Pool EVA
$6.20-7.43
Min. Order: 2 pieces
866 sold
Add to cart
Chat now"
1601725720987,26,Shoe Manufacturer Large Size Wide Toe Anti-Slip Breathable Comfortable Soft Barefoot Casual Sports Shoes Zapatos Zapatillas,123,赤足及极简概念鞋,816,公开显示数量；单位/周期/退货及变体范围未明,2,pairs,10.82,12.2,USD,卡片未留存计价单位，详情待核,2026-10-10T17:22:33.302Z,https://www.alibaba.com/product-detail/Shoe-Manufacturer-Large-Size-Wide-Toe_1601725720987.html,https://s.alicdn.com/@sc04/kf/Hc460ddf1866f4d04b5d7b5b72293e0dbO/Shoe-Manufacturer-Large-Size-Wide-Toe-Anti.jpg?hasNWGrade=1,待逐图实看,"Shoe Manufacturer Large Size Wide Toe Anti-Slip Breathable Comfortable Soft Barefoot Casual Sports Shoes Zapatos Zapatillas
$10.82-12.20
Min. Order: 2 pairs
816 sold
Add to cart
Chat now"
1600913047213,20,2026 Men's Lightweight Sports Walking Shoes Breathable Mesh Customizable Shock-Absorbing Sole Fashionable Soft for Spring Season,128,休闲及其他成鞋,800,公开显示数量；单位/周期/退货及变体范围未明,300,pairs,11.51,12.4,USD,卡片未留存计价单位，详情待核,2026-10-10T17:21:51.392Z,https://www.alibaba.com/product-detail/2026-Men-s-Lightweight-Sports-Walking_1600913047213.html,https://s.alicdn.com/@sc04/kf/H6bfd20cba5204c858859010be2d3968d8/2026-Men-s-Lightweight-Sports-Walking-Shoes.jpg?hasNWGrade=1,待逐图实看,"certified
2026 Men's Lightweight Sports Walking Shoes Breathable Mesh Customizable Shock-Absorbing Sole Fashionable Soft for Spring Season
$11.51-12.40
Min. Order: 300 pairs
800 sold
Chat now"
1601613202098,31,Customized Anti-Slip Breathable Comfortable Soft Flat Wide-Toed Barefoot Casual Board Shoes Microfiber Upper Rubber Outsole,123,赤足及极简概念鞋,800,公开显示数量；单位/周期/退货及变体范围未明,300,pairs,12.32,13.5,USD,卡片未留存计价单位，详情待核,2026-10-10T17:22:50.339Z,https://www.alibaba.com/product-detail/Customized-Anti-Slip-Breathable-Comfortable-Soft_1601613202098.html,https://s.alicdn.com/@sc04/kf/Ha6f7a46efb0b4be6b613b2902be3ee2aU/Customized-Anti-Slip-Breathable-Comfortable-Soft-Flat.jpg?hasNWGrade=1,待逐图实看,"Customized Anti-Slip Breathable Comfortable Soft Flat Wide-Toed Barefoot Casual Board Shoes Microfiber Upper Rubber Outsole
$12.32-13.50
Min. Order: 300 pairs
800 sold
Chat now"
1601686209724,30,Wide Toe & Palm Multifunctional Anti-Slip Breathable Comfortable Soft Stretch Fabric Upper All Seasons Fitness Shoes,116,休闲及其他成鞋,800,公开显示数量；单位/周期/退货及变体范围未明,300,pairs,12.02,13.11,USD,卡片未留存计价单位，详情待核,2026-10-10T17:22:47.256Z,https://www.alibaba.com/product-detail/Wide-Toe-Palm-Multifunctional-Anti-Slip_1601686209724.html,https://s.alicdn.com/@sc04/kf/Hf97280471df841a19f5afa20b678ab4bi/Wide-Toe-Palm-Multifunctional-Anti-Slip-Breathable.jpg_480x480.jpg?hasNWGrade=1,待逐图实看,"Wide Toe & Palm Multifunctional Anti-Slip Breathable Comfortable Soft Stretch Fabric Upper All Seasons Fitness Shoes
$12.02-13.11
Min. Order: 300 pairs
800 sold
Chat now"
1601735452315,25,Breathable Anti-Slip Soft Comfortable Wide Toe Loafers for Lazy People with Custom Logo Zapatos,95,针织套脚及乐福鞋,769,公开显示数量；单位/周期/退货及变体范围未明,2,pairs,15.0,16.8,USD,卡片未留存计价单位，详情待核,2026-10-10T17:22:17.959Z,https://www.alibaba.com/product-detail/Breathable-Anti-Slip-Soft-Comfortable-Wide_1601735452315.html,https://s.alicdn.com/@sc04/kf/He7a9c6f5f4a34637851dd289c2c291f4V/Breathable-Anti-Slip-Soft-Comfortable-Wide-Toe.jpg?hasNWGrade=1,已实看：灰色带搭扣鞋，浅色背景,"Breathable Anti-Slip Soft Comfortable Wide Toe Loafers for Lazy People with Custom Logo Zapatos
$15-16.80
Min. Order: 2 pairs
769 sold
Add to cart
Chat now"
1601742163775,25,Men's Breathable Slip-On Anti-Slip Trail Running Shoes Fashion Walking Hiking Sneakers Outdoor Casual Workout Footwear,118,针织套脚及乐福鞋,716,公开显示数量；单位/周期/退货及变体范围未明,2,pairs,11.7,13.0,USD,卡片未留存计价单位，详情待核,2026-10-10T17:22:17.959Z,https://www.alibaba.com/product-detail/Men-s-Breathable-Slip-On-Anti_1601742163775.html,https://s.alicdn.com/@sc04/kf/H8e5d24ac3fb84b95a166d5082591cd4bj/Men-s-Breathable-Slip-On-Anti-Slip.jpg?hasNWGrade=1,已实看：黑黄运动系带鞋，浅色背景,"certified
Men's Breathable Slip-On Anti-Slip Trail Running Shoes Fashion Walking Hiking Sneakers Outdoor Casual Workout Footwear
$11.70-13
Min. Order: 2 pairs
716 sold
Add to cart
Chat now"
1601669721996,7,KSCustomized Logo High Top Casual Shoes Fashion Trend PU Upper EVA Midsole Breathable Lightweight Cushion Retro Style All,121,休闲及其他成鞋,712,公开显示数量；单位/周期/退货及变体范围未明,300,pairs,12.24,13.65,USD,卡片未留存计价单位，详情待核,2026-10-10T17:20:23.127Z,https://www.alibaba.com/product-detail/KSCustomized-Logo-High-Top-Casual-Shoes_1601669721996.html,https://s.alicdn.com/@sc04/kf/H0078fbd59cdb46e5a919d522fb31a757I/KSCustomized-Logo-High-Top-Casual-Shoes-Fashion.jpg?hasNWGrade=1,待逐图实看,"certified
KSCustomized Logo High Top Casual Shoes Fashion Trend PU Upper EVA Midsole Breathable Lightweight Cushion Retro Style All
$12.24-13.65
Min. Order: 300 pairs
712 sold
Chat now"
1601908962395,4,Factory Direct Custom Supercritical Knit Running Shoes | OEM/ODM Custom Logo Color Summer/Spring Off-road Shoes,111,针织套脚及乐福鞋,712,公开显示数量；单位/周期/退货及变体范围未明,300,pairs,16.5,17.8,USD,卡片未留存计价单位，详情待核,2026-10-10T17:20:13.221Z,https://www.alibaba.com/product-detail/Factory-Direct-Custom-Supercritical-Knit-Running_1601908962395.html,https://s.alicdn.com/@sc04/kf/H2426abb805884ab9855f85d02e754e77e/Factory-Direct-Custom-Supercritical-Knit-Running-Shoes.jpg_480x480.jpg?hasNWGrade=1,已实看：灰色厚底运动鞋，多颜色补充视图,"Factory Direct Custom Supercritical Knit Running Shoes | OEM/ODM Custom Logo Color Summer/Spring Off-road Shoes
$16.50-17.80
Min. Order: 300 pairs
712 sold
Chat now"
1601735393566,25,Large Size Wide Toe Barefoot Hiking Shoes Anti-Slip Breathable Comfortable Soft Mesh Upper Customized 37-46 Walking Style,121,赤足及极简概念鞋,711,公开显示数量；单位/周期/退货及变体范围未明,2,pairs,10.9,12.0,USD,卡片未留存计价单位，详情待核,2026-10-10T17:22:17.959Z,https://www.alibaba.com/product-detail/Large-Size-Wide-Toe-Barefoot-Hiking_1601735393566.html,https://s.alicdn.com/@sc04/kf/Hde1bf4cdae97418eb0afe17608f076e7q/Large-Size-Wide-Toe-Barefoot-Hiking-Shoes.jpg?hasNWGrade=1,待逐图实看,"Large Size Wide Toe Barefoot Hiking Shoes Anti-Slip Breathable Comfortable Soft Mesh Upper Customized 37-46 Walking Style
$10.90-12
Min. Order: 2 pairs
711 sold
Add to cart
Chat now"
1601602141333,17,Men's Custom Mesh Upper Toe Sneakers Fashionable Lace-Up Tennis Shoes Comfortable EVA Insole Cotton Custom Logo Spring Summer,125,球类运动鞋,710,公开显示数量；单位/周期/退货及变体范围未明,2,pieces,10.3,11.8,USD,卡片未留存计价单位，详情待核,2026-10-10T17:21:35.394Z,https://www.alibaba.com/product-detail/Men-s-Custom-Mesh-Upper-Toe_1601602141333.html,https://s.alicdn.com/@sc04/kf/H8cb16333178e4afb8a94f1da0d35d984H/Men-s-Custom-Mesh-Upper-Toe-Sneakers.jpg?hasNWGrade=1,待逐图实看,"certified
Men's Custom Mesh Upper Toe Sneakers Fashionable Lace-Up Tennis Shoes Comfortable EVA Insole Cotton Custom Logo Spring Summer
$10.30-11.80
Min. Order: 2 pieces
710 sold
Add to cart
Chat now"
1601727999522,25,Couple's Outdoor Spring Summer Breathable Comfortable Soft Swimming Shoes Multi-functional Fitness Shoes,104,水鞋（不直接对标）,702,公开显示数量；单位/周期/退货及变体范围未明,2,pairs,8.36,9.32,USD,卡片未留存计价单位，详情待核,2026-10-10T17:22:17.959Z,https://www.alibaba.com/product-detail/Couple-s-Outdoor-Spring-Summer-Breathable_1601727999522.html,https://s.alicdn.com/@sc04/kf/H8d4955a3764c458d80e3065a788cf3c1e/Couple-s-Outdoor-Spring-Summer-Breathable-Comfortable.jpg?hasNWGrade=1,待逐图实看,"Couple's Outdoor Spring Summer Breathable Comfortable Soft Swimming Shoes Multi-functional Fitness Shoes
$8.36-9.32
Min. Order: 2 pairs
702 sold
Add to cart
Chat now"
1601600510417,6,Men's Trendy Anti-Odor Breathable Loafers Slip-Resistant Soft Casual Shoes Flat Toe All Seasons Customizable Canvas Cotton,122,针织套脚及乐福鞋,700,公开显示数量；单位/周期/退货及变体范围未明,240,pieces,10.18,12.62,USD,卡片未留存计价单位，详情待核,2026-10-10T17:20:20.240Z,https://www.alibaba.com/product-detail/Men-s-Trendy-Anti-Odor-Breathable_1601600510417.html,https://s.alicdn.com/@sc04/kf/H48bb80192c05413398fa75457c6ec4e5T/Men-s-Trendy-Anti-Odor-Breathable-Loafers.jpg?hasNWGrade=1,已实看：棕色乐福鞋，浅色背景,"certified
Men's Trendy Anti-Odor Breathable Loafers Slip-Resistant Soft Casual Shoes Flat Toe All Seasons Customizable Canvas Cotton
$10.18-12.62
Min. Order: 240 pieces
700 sold
Chat now"
1601636452763,26,Casual Board Shoes Wide-Last Big-Toed Design Anti-Slip Flat Soft Breathable Comfortable Lightweight Running Shoes,113,跑步运动鞋,673,公开显示数量；单位/周期/退货及变体范围未明,2,pairs,14.67,16.34,USD,卡片未留存计价单位，详情待核,2026-10-10T17:22:33.302Z,https://www.alibaba.com/product-detail/Casual-Board-Shoes-Wide-Last-Big_1601636452763.html,https://s.alicdn.com/@sc04/kf/He63d8ce0ac4345e79095193c9693bc8aC/Casual-Board-Shoes-Wide-Last-Big-Toed.jpg?hasNWGrade=1,待逐图实看,"Casual Board Shoes Wide-Last Big-Toed Design Anti-Slip Flat Soft Breathable Comfortable Lightweight Running Shoes
$14.67-16.34
Min. Order: 2 pairs
673 sold
Add to cart
Chat now"
1601636622097,24,2026 High Quality Factory Price Big Size Barefoot Shoes Soles with Low MOQ Protective Toe Bottom Rubber Sole,108,赤足及极简概念鞋,671,公开显示数量；单位/周期/退货及变体范围未明,300,pairs,2.22,2.8,USD,卡片未留存计价单位，详情待核,2026-10-10T17:22:14.469Z,https://www.alibaba.com/product-detail/2026-High-Quality-Factory-Price-Big_1601636622097.html,https://s.alicdn.com/@sc04/kf/Hb05dac94c1fd40aa80186bd3ada6d852i/2026-High-Quality-Factory-Price-Big-Size.jpg?hasNWGrade=1,待逐图实看,"2026 High Quality Factory Price Big Size Barefoot Shoes Soles with Low MOQ Protective Toe Bottom Rubber Sole
$2.22-2.80
Min. Order: 300 pairs
671 sold
Chat now"
1601283269013,11,New Trend High Style Sports Basketball Shoes for Men for Casual Use and Training Youth Running Shoes with MD Insole Material,124,球类运动鞋,666,公开显示数量；单位/周期/退货及变体范围未明,300,pieces,13.04,13.04,USD,卡片未留存计价单位，详情待核,2026-10-10T17:20:34.664Z,https://www.alibaba.com/product-detail/New-Trend-High-Style-Sports-Basketball_1601283269013.html,https://s.alicdn.com/@sc04/kf/Hf00faac2113b4f96b11901b5186e78d5h/New-Trend-High-Style-Sports-Basketball-Shoes.jpg?hasNWGrade=1,待逐图实看,"certified
New Trend High Style Sports Basketball Shoes for Men for Casual Use and Training Youth Running Shoes with MD Insole Material
$13.04
Min. Order: 300 pieces
666 sold
Chat now"
1601284307650,22,2026 Summer Wide Toe Shoes Sike High Quality Low MOQ Big Size Barefoot Style Protection Toe Bottom Mesh Casual All Sizes,120,赤足及极简概念鞋,666,公开显示数量；单位/周期/退货及变体范围未明,300,pairs,2.43,2.88,USD,卡片未留存计价单位，详情待核,2026-10-10T17:22:03.692Z,https://www.alibaba.com/product-detail/2026-Summer-Wide-Toe-Shoes-Sike_1601284307650.html,https://s.alicdn.com/@sc04/kf/H0c832b0f6e2a4687863123ea05846d624/2026-Summer-Wide-Toe-Shoes-Sike-High.jpg?hasNWGrade=1,待逐图实看,"certified
2026 Summer Wide Toe Shoes Sike High Quality Low MOQ Big Size Barefoot Style Protection Toe Bottom Mesh Casual All Sizes
$2.43-2.88
Min. Order: 300 pairs
666 sold
Chat now"
1601694890727,29,Customized Professional Tennis Badminton & Pickleball Shoes-Training Sneakers with Rubber Outsole for Men,105,球类运动鞋,666,公开显示数量；单位/周期/退货及变体范围未明,300,pairs,16.0,17.6,USD,卡片未留存计价单位，详情待核,2026-10-10T17:22:43.759Z,https://www.alibaba.com/product-detail/Customized-Professional-Tennis-Badminton-Pickleball-Shoes_1601694890727.html,https://s.alicdn.com/@sc04/kf/Hb72448c6b2014dc18c06d2d0152db831H/Customized-Professional-Tennis-Badminton-Pickleball-Shoes-Training.jpg?hasNWGrade=1,待逐图实看,"certified
Customized Professional Tennis Badminton & Pickleball Shoes-Training Sneakers with Rubber Outsole for Men
$16-17.60
Min. Order: 300 pairs
666 sold
Chat now"
1601713964216,27,Men's Wide Minimalist Barefoot Sneakers | Anti-Slip Breathable Pu Upper | Zero Drop Rubber Sole | Optimal Relaxation Size 49/50,127,赤足及极简概念鞋,666,公开显示数量；单位/周期/退货及变体范围未明,300,pairs,10.1,11.2,USD,卡片未留存计价单位，详情待核,2026-10-10T17:22:36.648Z,https://www.alibaba.com/product-detail/Men-s-Wide-Minimalist-Barefoot-Sneakers_1601713964216.html,https://s.alicdn.com/@sc04/kf/Hdc0aa00710664a54be8ead08fe526693T/Men-s-Wide-Minimalist-Barefoot-Sneakers-Anti.jpg?hasNWGrade=1,待逐图实看,"Men's Wide Minimalist Barefoot Sneakers | Anti-Slip Breathable Pu Upper | Zero Drop Rubber Sole | Optimal Relaxation Size 49/50
$10.10-11.20
Min. Order: 300 pairs
666 sold
Chat now"
1601723577865,27,2026 High Quality Factory Price Big Size Men's Barefoot Shoes Soles Anti-Slip with Low MOQ Protective Toe Bottom EVA,116,赤足及极简概念鞋,666,公开显示数量；单位/周期/退货及变体范围未明,300,pairs,2.22,2.88,USD,卡片未留存计价单位，详情待核,2026-10-10T17:22:36.648Z,https://www.alibaba.com/product-detail/2026-High-Quality-Factory-Price-Big_1601723577865.html,https://s.alicdn.com/@sc04/kf/H05fce48ec90e47bbba4bc7dda3905179A/2026-High-Quality-Factory-Price-Big-Size.jpg?hasNWGrade=1,待逐图实看,"2026 High Quality Factory Price Big Size Men's Barefoot Shoes Soles Anti-Slip with Low MOQ Protective Toe Bottom EVA
$2.22-2.88
Min. Order: 300 pairs
666 sold
Chat now"
1601723631637,27,Anti-Slip Wide Head and Palm Protection Toe Bottom Rubber Sole Men's Barefoot Shoes Sole Large Size,99,赤足及极简概念鞋,666,公开显示数量；单位/周期/退货及变体范围未明,300,pairs,2.22,2.89,USD,卡片未留存计价单位，详情待核,2026-10-10T17:22:36.648Z,https://www.alibaba.com/product-detail/Anti-Slip-Wide-Head-and-Palm_1601723631637.html,https://s.alicdn.com/@sc04/kf/H22542a3bf5f046d68bf94f8790695010j/Anti-Slip-Wide-Head-and-Palm-Protection.jpg?hasNWGrade=1,待逐图实看,"Anti-Slip Wide Head and Palm Protection Toe Bottom Rubber Sole Men's Barefoot Shoes Sole Large Size
$2.22-2.89
Min. Order: 300 pairs
666 sold
Chat now"
1601723638539,27,2026 Low MOQ Protection Toe Bottom Rubber Sole Anti-Slip Lightweight High Quality Factory Price Big Size Men's Barefoot Shoes,125,赤足及极简概念鞋,666,公开显示数量；单位/周期/退货及变体范围未明,300,pairs,2.22,2.88,USD,卡片未留存计价单位，详情待核,2026-10-10T17:22:36.648Z,https://www.alibaba.com/product-detail/2026-Low-MOQ-Protection-Toe-Bottom_1601723638539.html,https://s.alicdn.com/@sc04/kf/Hd6b91bce0a8945fe8bdd5d312f8b117cX/2026-Low-MOQ-Protection-Toe-Bottom-Rubber.jpg?hasNWGrade=1,待逐图实看,"2026 Low MOQ Protection Toe Bottom Rubber Sole Anti-Slip Lightweight High Quality Factory Price Big Size Men's Barefoot Shoes
$2.22-2.88
Min. Order: 300 pairs
666 sold
Chat now"
1601723679776,26,Customized Logo Men's Microfiber Lace-Up Light Weight Anti-Slip Comfort Fashion Leisure Sports Outdoor Hiking Shoes,115,户外鞋靴,666,公开显示数量；单位/周期/退货及变体范围未明,300,pieces,13.0,14.6,USD,卡片未留存计价单位，详情待核,2026-10-10T17:22:33.302Z,https://www.alibaba.com/product-detail/Customized-Logo-Men-s-Microfiber-Lace_1601723679776.html,https://s.alicdn.com/@sc04/kf/H2542784edeb741f4a68748d38bce9e28N/Customized-Logo-Men-s-Microfiber-Lace-Up.jpg_480x480.jpg?hasNWGrade=1,待逐图实看,"certified
Customized Logo Men's Microfiber Lace-Up Light Weight Anti-Slip Comfort Fashion Leisure Sports Outdoor Hiking Shoes
$13-14.60
Min. Order: 300 pieces
666 sold
Chat now"
1601723702926,27,Customized Casual Barefoot Wide-Toed Board Shoes Microfiber Upper Rubber Outsole Anti-Slip Flat Breathable Comfortable Soft Big,127,赤足及极简概念鞋,666,公开显示数量；单位/周期/退货及变体范围未明,300,pairs,11.8,13.2,USD,卡片未留存计价单位，详情待核,2026-10-10T17:22:36.648Z,https://www.alibaba.com/product-detail/Customized-Casual-Barefoot-Wide-Toed-Board_1601723702926.html,https://s.alicdn.com/@sc04/kf/H5dfaa1954ab24bb89bdd50f1dacd27cbo/Customized-Casual-Barefoot-Wide-Toed-Board-Shoes.jpg?hasNWGrade=1,待逐图实看,"Customized Casual Barefoot Wide-Toed Board Shoes Microfiber Upper Rubber Outsole Anti-Slip Flat Breathable Comfortable Soft Big
$11.80-13.20
Min. Order: 300 pairs
666 sold
Chat now"
1601723783506,27,Customized Wide Toe Board Shoes Anti-Slip Breathable Comfortable Soft Casual Barefoot Shoes for Work & Walking,110,赤足及极简概念鞋,666,公开显示数量；单位/周期/退货及变体范围未明,300,pairs,11.8,13.2,USD,卡片未留存计价单位，详情待核,2026-10-10T17:22:36.648Z,https://www.alibaba.com/product-detail/Customized-Wide-Toe-Board-Shoes-Anti_1601723783506.html,https://s.alicdn.com/@sc04/kf/Had4f494308064669a04c6fadd81d8802W/Customized-Wide-Toe-Board-Shoes-Anti-Slip.jpg?hasNWGrade=1,待逐图实看,"Customized Wide Toe Board Shoes Anti-Slip Breathable Comfortable Soft Casual Barefoot Shoes for Work & Walking
$11.80-13.20
Min. Order: 300 pairs
666 sold
Chat now"
1601723795525,27,Customized Wide Toe Board Shoes Anti-Slip Breathable Comfortable Soft Casual Barefoot Shoes OEM&ODM,99,赤足及极简概念鞋,666,公开显示数量；单位/周期/退货及变体范围未明,300,pairs,11.8,13.2,USD,卡片未留存计价单位，详情待核,2026-10-10T17:22:36.648Z,https://www.alibaba.com/product-detail/Customized-Wide-Toe-Board-Shoes-Anti_1601723795525.html,https://s.alicdn.com/@sc04/kf/H81523f88a7924edb84cb5f521318568bE/Customized-Wide-Toe-Board-Shoes-Anti-Slip.jpg?hasNWGrade=1,待逐图实看,"Customized Wide Toe Board Shoes Anti-Slip Breathable Comfortable Soft Casual Barefoot Shoes OEM&ODM
$11.80-13.20
Min. Order: 300 pairs
666 sold
Chat now"
1601725703748,26,New Retro Casual Sports Shoes Canvas Upper Thick Rubber Sole Mesh Lining Spring Season Customizable Zapatos,107,休闲及其他成鞋,666,公开显示数量；单位/周期/退货及变体范围未明,300,pairs,11.2,12.1,USD,卡片未留存计价单位，详情待核,2026-10-10T17:22:33.302Z,https://www.alibaba.com/product-detail/New-Retro-Casual-Sports-Shoes-Canvas_1601725703748.html,https://s.alicdn.com/@sc04/kf/Hbf72c5d181a449e08863b8209c081d46P/New-Retro-Casual-Sports-Shoes-Canvas-Upper.jpg?hasNWGrade=1,待逐图实看,"certified
New Retro Casual Sports Shoes Canvas Upper Thick Rubber Sole Mesh Lining Spring Season Customizable Zapatos
$11.20-12.10
Min. Order: 300 pairs
666 sold
Chat now"
1601735442344,25,Four Season Wide Toe Walking Shoes Exercise Shoes Anti-Slip Soft Sole Breathable Mesh Upper Comfortable OEM & ODM,113,休闲及其他成鞋,666,公开显示数量；单位/周期/退货及变体范围未明,300,pairs,9.27,10.14,USD,卡片未留存计价单位，详情待核,2026-10-10T17:22:17.959Z,https://www.alibaba.com/product-detail/Four-Season-Wide-Toe-Walking-Shoes_1601735442344.html,https://s.alicdn.com/@sc04/kf/H2764bfe5cdf14390af11fca5545d0b850/Four-Season-Wide-Toe-Walking-Shoes-Exercise.jpg?hasNWGrade=1,待逐图实看,"Four Season Wide Toe Walking Shoes Exercise Shoes Anti-Slip Soft Sole Breathable Mesh Upper Comfortable OEM & ODM
$9.27-10.14
Min. Order: 300 pairs
666 sold
Chat now"
1601742102821,25,Factory Customization Men's Minimalist Barefoot Shoes | Anti-Slip Breathable Soft | Zero Drop Sole Microfiber Upper Rubber,122,赤足及极简概念鞋,666,公开显示数量；单位/周期/退货及变体范围未明,300,pairs,11.8,13.2,USD,卡片未留存计价单位，详情待核,2026-10-10T17:22:17.959Z,https://www.alibaba.com/product-detail/Factory-Customization-Men-s-Minimalist-Barefoot_1601742102821.html,https://s.alicdn.com/@sc04/kf/H22cbc61a2b78450e8d4687f4dbdfe7063/Factory-Customization-Men-s-Minimalist-Barefoot-Shoes.jpg?hasNWGrade=1,待逐图实看,"Factory Customization Men's Minimalist Barefoot Shoes | Anti-Slip Breathable Soft | Zero Drop Sole Microfiber Upper Rubber
$11.80-13.20
Min. Order: 300 pairs
666 sold
Chat now"
1601190370716,14,Kids Casual Sport Shoes Sneakers Light Weight Running Shoes with Round Toe for Spring and Autumn Seasons,104,童鞋（不直接对标）,641,公开显示数量；单位/周期/退货及变体范围未明,300,pairs,7.37,8.35,USD,卡片未留存计价单位，详情待核,2026-10-10T17:21:22.795Z,https://www.alibaba.com/product-detail/Kids-Casual-Sport-Shoes-Sneakers-Light_1601190370716.html,https://s.alicdn.com/@sc04/kf/H7c41d926f7d849608c114b5ba0f23c62r/Kids-Casual-Sport-Shoes-Sneakers-Light-Weight.jpg?hasNWGrade=1,待逐图实看,"Kids Casual Sport Shoes Sneakers Light Weight Running Shoes with Round Toe for Spring and Autumn Seasons
$7.37-8.35
Min. Order: 300 pairs
641 sold
Chat now"
1601278170492,7,2026 Kids Casual Sport Shoes Sneakers Light Weight Round Toe Boys and Girls Comfortable Children Casual Sports Shoes,116,童鞋（不直接对标）,641,公开显示数量；单位/周期/退货及变体范围未明,300,pairs,6.3,7.27,USD,卡片未留存计价单位，详情待核,2026-10-10T17:20:23.127Z,https://www.alibaba.com/product-detail/2026-Kids-Casual-Sport-Shoes-Sneakers_1601278170492.html,https://s.alicdn.com/@sc04/kf/He6f1abde5b1a49d3ae921b1fc3cda59ds/2026-Kids-Casual-Sport-Shoes-Sneakers-Light.jpg?hasNWGrade=1,待逐图实看,"certified
2026 Kids Casual Sport Shoes Sneakers Light Weight Round Toe Boys and Girls Comfortable Children Casual Sports Shoes
$6.30-7.27
Min. Order: 300 pairs
641 sold
Chat now"
1601201453053,23,2026 Summer Trendy Casual Barefoot Children's Shoes New Boys' Sports Board Shoes and Girls' Casual Shoes for Spring and Autumn,126,童鞋（不直接对标）,639,公开显示数量；单位/周期/退货及变体范围未明,300,pairs,7.43,8.11,USD,卡片未留存计价单位，详情待核,2026-10-10T17:22:08.436Z,https://www.alibaba.com/product-detail/2026-Summer-Trendy-Casual-Barefoot-Children_1601201453053.html,https://s.alicdn.com/@sc04/kf/Hde527a1140f941e9babeb700bb515bfcg/2026-Summer-Trendy-Casual-Barefoot-Children-s.jpg?hasNWGrade=1,待逐图实看,"2026 Summer Trendy Casual Barefoot Children's Shoes New Boys' Sports Board Shoes and Girls' Casual Shoes for Spring and Autumn
$7.43-8.11
Min. Order: 300 pairs
639 sold
Chat now"
1601593163883,31,Customized Men's Spring Summer Sports & Casual Shoes Wide Toe Light Weight Anti-Slip Flat Design Comfortable & Soft Sizes 40-46,127,休闲及其他成鞋,636,公开显示数量；单位/周期/退货及变体范围未明,300,pairs,11.36,12.22,USD,卡片未留存计价单位，详情待核,2026-10-10T17:22:50.339Z,https://www.alibaba.com/product-detail/Customized-Men-s-Spring-Summer-Sports_1601593163883.html,https://s.alicdn.com/@sc04/kf/H83897298917f4b9da214d6595e8f822fK/Customized-Men-s-Spring-Summer-Sports-Casual.jpg?hasNWGrade=1,待逐图实看,"Customized Men's Spring Summer Sports & Casual Shoes Wide Toe Light Weight Anti-Slip Flat Design Comfortable & Soft Sizes 40-46
$11.36-12.22
Min. Order: 300 pairs
636 sold
Chat now"
1601561109110,3,Custom Logo Minimalist Low Top Street Sneakers with Microfiber Fabric Upper Rubber Outsole Anti-Slip Lace-Up Design-OEM Supplier,128,赤足及极简概念鞋,622,公开显示数量；单位/周期/退货及变体范围未明,300,pieces,11.0,13.2,USD,卡片未留存计价单位，详情待核,2026-10-10T17:18:51.080Z,https://www.alibaba.com/product-detail/Custom-Logo-Minimalist-Low-Top-Street_1601561109110.html,https://s.alicdn.com/@sc04/kf/H20431f67550349ba9341b61b44bec6bev/Custom-Logo-Minimalist-Low-Top-Street-Sneakers.jpg?hasNWGrade=1,待逐图实看,"00:14
certified
Custom Logo Minimalist Low Top Street Sneakers with Microfiber Fabric Upper Rubber Outsole Anti-Slip Lace-Up Design-OEM Supplier
$11-13.20
Min. Order: 300 pieces
622 sold
Chat now"
1601627896625,15,Autumn/Winter Men's Wide Toe Running Shoes Soft Light Weight Thick Rubber Outsole Anti-Slip Breathable Comfortable,114,跑步运动鞋,621,公开显示数量；单位/周期/退货及变体范围未明,2,pairs,12.43,13.79,USD,卡片未留存计价单位，详情待核,2026-10-10T17:21:27.594Z,https://www.alibaba.com/product-detail/Autumn-Winter-Men-s-Wide-Toe_1601627896625.html,https://s.alicdn.com/@sc04/kf/H0f9e6acbe3b749eea9f55b9f75e9b09aB/Autumn-Winter-Men-s-Wide-Toe-Running.jpg?hasNWGrade=1,待逐图实看,"Autumn/Winter Men's Wide Toe Running Shoes Soft Light Weight Thick Rubber Outsole Anti-Slip Breathable Comfortable
$12.43-13.79
Min. Order: 2 pairs
621 sold
Add to cart
Chat now"
1601779135310,22,Customized Breathable Anti-Slip Light Weight Knitted Casual Shoes Comfortable Wide-Toe Kids Shoes for Spring Summer,115,童鞋（不直接对标）,617,公开显示数量；单位/周期/退货及变体范围未明,2,pairs,7.43,8.11,USD,卡片未留存计价单位，详情待核,2026-10-10T17:22:03.692Z,https://www.alibaba.com/product-detail/Customized-Breathable-Anti-Slip-Light-Weight_1601779135310.html,https://s.alicdn.com/@sc04/kf/He599c52d896e4bcb8662aa242461033dW/Customized-Breathable-Anti-Slip-Light-Weight-Knitted.jpg?hasNWGrade=1,待逐图实看,"Customized Breathable Anti-Slip Light Weight Knitted Casual Shoes Comfortable Wide-Toe Kids Shoes for Spring Summer
$7.43-8.11
Min. Order: 2 pairs
617 sold
Chat now"
1601650239210,30,Casual Barefoot Wide-Toed Board Shoes Microfiber Upper Anti-Slip Flat Breathable Comfortable Soft All Seasons Men's & Women's,125,赤足及极简概念鞋,610,公开显示数量；单位/周期/退货及变体范围未明,2,pairs,10.13,11.15,USD,卡片未留存计价单位，详情待核,2026-10-10T17:22:47.256Z,https://www.alibaba.com/product-detail/Casual-Barefoot-Wide-Toed-Board-Shoes_1601650239210.html,https://s.alicdn.com/@sc04/kf/Hdca7bb26ff604adf86aeda4c3b7211cdp/Casual-Barefoot-Wide-Toed-Board-Shoes-Microfiber.jpg?hasNWGrade=1,待逐图实看,"Casual Barefoot Wide-Toed Board Shoes Microfiber Upper Anti-Slip Flat Breathable Comfortable Soft All Seasons Men's & Women's
$10.13-11.15
Min. Order: 2 pairs
610 sold
Add to cart
Chat now"
1600992649358,15,High Quality Men's Running Sports Shoes Latest Design with Air Bag Sole Good Bouncy Large Size13 Winter Sports Sneakers,119,跑步运动鞋,605,公开显示数量；单位/周期/退货及变体范围未明,300,pairs,12.0,13.0,USD,卡片未留存计价单位，详情待核,2026-10-10T17:21:27.594Z,https://www.alibaba.com/product-detail/High-Quality-Men-s-Running-Sports_1600992649358.html,https://s.alicdn.com/@sc04/kf/H15b2fdd283964a718602044894ae8aefK/High-Quality-Men-s-Running-Sports-Shoes.jpg?hasNWGrade=1,待逐图实看,"certified
High Quality Men's Running Sports Shoes Latest Design with Air Bag Sole Good Bouncy Large Size13 Winter Sports Sneakers
$12-13
Min. Order: 300 pairs
605 sold
Chat now"
1601607410000,16,Professional Badminton Shoes for Men Women Breathable Non-Slip Power Pad Cushioning Summer Cross-Border Competition Mesh,120,球类运动鞋,605,公开显示数量；单位/周期/退货及变体范围未明,1,piece,16.8,16.8,USD,卡片未留存计价单位，详情待核,2026-10-10T17:21:30.716Z,https://www.alibaba.com/product-detail/Professional-Badminton-Shoes-for-Men-Women_1601607410000.html,https://s.alicdn.com/@sc04/kf/H5e30209ccf9f45dbbb09f4fe79af3340N/Professional-Badminton-Shoes-for-Men-Women-Breathable.jpg?hasNWGrade=1,待逐图实看,"certified
Professional Badminton Shoes for Men Women Breathable Non-Slip Power Pad Cushioning Summer Cross-Border Competition Mesh
$16.80
Min. Order: 1 piece
605 sold
Add to cart
Chat now"
1601167995904,11,New Trendy Men's Lightweight Running Shoes Athletic Knit High Elasticity EVA for Cushioning Shock Absorption Customization,122,针织套脚及乐福鞋,600,公开显示数量；单位/周期/退货及变体范围未明,300,pairs,13.85,14.78,USD,卡片未留存计价单位，详情待核,2026-10-10T17:20:34.664Z,https://www.alibaba.com/product-detail/New-Trendy-Men-s-Lightweight-Running_1601167995904.html,https://s.alicdn.com/@sc04/kf/H5f910d5ce853478d9542ac8ff8ed1dd0k/New-Trendy-Men-s-Lightweight-Running-Shoes.jpg?hasNWGrade=1,已实看：黄色系带鞋，含鞋底和侧面视图,"certified
New Trendy Men's Lightweight Running Shoes Athletic Knit High Elasticity EVA for Cushioning Shock Absorption Customization
$13.85-14.78
Min. Order: 300 pairs
600 sold
Chat now"
1601472285568,15,Unisex New Fashion Light Weight Lace-Up Soft Chunky Anti-Odor Custom Logo Design Mesh Running Sneakers,102,跑步运动鞋,600,公开显示数量；单位/周期/退货及变体范围未明,300,pieces,15.42,17.74,USD,卡片未留存计价单位，详情待核,2026-10-10T17:21:27.594Z,https://www.alibaba.com/product-detail/Unisex-New-Fashion-Light-Weight-Lace_1601472285568.html,https://s.alicdn.com/@sc04/kf/H070db26187d54a8eb1aeb684b3ce2597g/Unisex-New-Fashion-Light-Weight-Lace-Up.jpg?hasNWGrade=1,待逐图实看,"certified
Unisex New Fashion Light Weight Lace-Up Soft Chunky Anti-Odor Custom Logo Design Mesh Running Sneakers
$15.42-17.74
Min. Order: 300 pieces
600 sold
Chat now"
1601585818513,16,Fashionable Anti-Slip Breathable Soft Shock-Absorbing Running Shoes for Spring/Summer Trendy Sports Shoes with OEM & ODM Options,128,跑步运动鞋,600,公开显示数量；单位/周期/退货及变体范围未明,300,pairs,8.95,9.8,USD,卡片未留存计价单位，详情待核,2026-10-10T17:21:30.716Z,https://www.alibaba.com/product-detail/Fashionable-Anti-Slip-Breathable-Soft-Shock_1601585818513.html,https://s.alicdn.com/@sc04/kf/Hdd9853811c0e4c4cab55d204413daee6L/Fashionable-Anti-Slip-Breathable-Soft-Shock-Absorbing.jpg?hasNWGrade=1,待逐图实看,"Fashionable Anti-Slip Breathable Soft Shock-Absorbing Running Shoes for Spring/Summer Trendy Sports Shoes with OEM & ODM Options
$8.95-9.80
Min. Order: 300 pairs
600 sold
Chat now"
1601869357536,21,Unisex Wide Barefoot Shoes for Men & Women Big Size Minimalist Zero Drop Breathable Slip Resistant Fitness Sneakers,115,赤足及极简概念鞋,600,公开显示数量；单位/周期/退货及变体范围未明,2,pairs,10.5,11.66,USD,卡片未留存计价单位，详情待核,2026-10-10T17:21:56.894Z,https://www.alibaba.com/product-detail/Unisex-Wide-Barefoot-Shoes-for-Men_1601869357536.html,https://s.alicdn.com/@sc04/kf/H6afce42fc9a1476dbe052594d3daad7ai/Unisex-Wide-Barefoot-Shoes-for-Men-Women.jpg?hasNWGrade=1,待逐图实看,"certified
Unisex Wide Barefoot Shoes for Men & Women Big Size Minimalist Zero Drop Breathable Slip Resistant Fitness Sneakers
$10.50-11.66
Min. Order: 2 pairs
600 sold
Chat now"
1601869569279,22,Men's Spring Running Shoes Non Slip Breathable Lightweight EVA Midsole Fashion Sneakers Athletic Sports Walking Gym Work Shoes,126,跑步运动鞋,600,公开显示数量；单位/周期/退货及变体范围未明,2,pieces,12.0,13.36,USD,卡片未留存计价单位，详情待核,2026-10-10T17:22:03.692Z,https://www.alibaba.com/product-detail/Men-s-Spring-Running-Shoes-Non_1601869569279.html,https://s.alicdn.com/@sc04/kf/H29c2b7176b7c48e3bf093c2d7b3dc214G/Men-s-Spring-Running-Shoes-Non-Slip.jpg_480x480.jpg?hasNWGrade=1,待逐图实看,"certified
Men's Spring Running Shoes Non Slip Breathable Lightweight EVA Midsole Fashion Sneakers Athletic Sports Walking Gym Work Shoes
$12-13.36
Min. Order: 2 pieces
600 sold
Chat now"
1600198680939,23,2026 Men's Casual Board Shoes Soft Lace-Up Anti-Slip Customized for Walking Style New Fashion Trend,99,休闲及其他成鞋,566,公开显示数量；单位/周期/退货及变体范围未明,300,pairs,12.0,13.1,USD,卡片未留存计价单位，详情待核,2026-10-10T17:22:08.436Z,https://www.alibaba.com/product-detail/2026-Men-s-Casual-Board-Shoes_1600198680939.html,https://s.alicdn.com/@sc04/kf/H3563ede1f8844f4fa48e2535a81989ef0/2026-Men-s-Casual-Board-Shoes-Soft.jpg?hasNWGrade=1,待逐图实看,"certified
2026 Men's Casual Board Shoes Soft Lace-Up Anti-Slip Customized for Walking Style New Fashion Trend
$12-13.10
Min. Order: 300 pairs
566 sold
Chat now"
10000006684930,7,Custom Supercritical Foam Midsole Racing Sneakers | New Design Athletic Running Shoes | China Factory Direct OEM&ODM,116,跑步运动鞋,542,公开显示数量；单位/周期/退货及变体范围未明,300,pairs,16.5,17.8,USD,卡片未留存计价单位，详情待核,2026-10-10T17:20:23.127Z,https://www.alibaba.com/product-detail/Custom-Supercritical-Foam-Midsole-Racing-Sneakers_10000006684930.html,https://s.alicdn.com/@sc04/kf/H29a9333623244801a5095e6b9367e929S/Custom-Supercritical-Foam-Midsole-Racing-Sneakers-New.jpg?hasNWGrade=1,待逐图实看,"Custom Supercritical Foam Midsole Racing Sneakers | New Design Athletic Running Shoes | China Factory Direct OEM&ODM
$16.50-17.80
Min. Order: 300 pairs
542 sold
Chat now"
1601725487763,26,Wide Toe Sports Shoes Large Size Thick Mesh Casual Running Shoes Breathable Anti-Slip Spring Summer Custom Logo Zapatillas,122,跑步运动鞋,518,公开显示数量；单位/周期/退货及变体范围未明,2,pieces,13.38,14.8,USD,卡片未留存计价单位，详情待核,2026-10-10T17:22:33.302Z,https://www.alibaba.com/product-detail/Wide-Toe-Sports-Shoes-Large-Size_1601725487763.html,https://s.alicdn.com/@sc04/kf/H8eff3680aadd41e1b43d2fd81f7259d2M/Wide-Toe-Sports-Shoes-Large-Size-Thick.jpg?hasNWGrade=1,待逐图实看,"Wide Toe Sports Shoes Large Size Thick Mesh Casual Running Shoes Breathable Anti-Slip Spring Summer Custom Logo Zapatillas
$13.38-14.80
Min. Order: 2 pieces
518 sold
Add to cart
Chat now"
1601045015149,30,Men's Women's Indoor Fitness Treadmill Shoes Wide Toes Soft Soles Non-Slip Breathable Summer Comprehensive Winter Spring,120,休闲及其他成鞋,500,公开显示数量；单位/周期/退货及变体范围未明,300,pairs,9.4,10.5,USD,卡片未留存计价单位，详情待核,2026-10-10T17:22:47.256Z,https://www.alibaba.com/product-detail/Men-s-Women-s-Indoor-Fitness_1601045015149.html,https://s.alicdn.com/@sc04/kf/H288d03e3d8264125ae5172ebb5edfa3cY/Men-s-Women-s-Indoor-Fitness-Treadmill.jpg?hasNWGrade=1,待逐图实看,"Men's Women's Indoor Fitness Treadmill Shoes Wide Toes Soft Soles Non-Slip Breathable Summer Comprehensive Winter Spring
$9.40-10.50
Min. Order: 300 pairs
500 sold
Chat now"
1601160300565,18,2026 Men's Casual Leather Shoes with Customized Logo Lightweight New Fashionable Design for Spring and Autumn,109,休闲及其他成鞋,500,公开显示数量；单位/周期/退货及变体范围未明,300,pairs,13.8,15.0,USD,卡片未留存计价单位，详情待核,2026-10-10T17:21:39.600Z,https://www.alibaba.com/product-detail/2026-Men-s-Casual-Leather-Shoes_1601160300565.html,https://s.alicdn.com/@sc04/kf/H3c29952863f44b5c8abd480f393b1fdbb/2026-Men-s-Casual-Leather-Shoes-with.jpg?hasNWGrade=1,待逐图实看,"00:11
certified
2026 Men's Casual Leather Shoes with Customized Logo Lightweight New Fashionable Design for Spring and Autumn
$13.80-15
Min. Order: 300 pairs
500 sold
Chat now"
1601472508133,13,New Trendy Wide Palm Barefoot Casual Shoes for Girls Girls' Anti-Slippery Breathable Lighted Walking Sport Shoes Printed Logo,125,童鞋（不直接对标）,500,公开显示数量；单位/周期/退货及变体范围未明,300,pairs,9.8,10.8,USD,卡片未留存计价单位，详情待核,2026-10-10T17:21:08.395Z,https://www.alibaba.com/product-detail/New-Trendy-Wide-Palm-Barefoot-Casual_1601472508133.html,https://s.alicdn.com/@sc04/kf/Ha2b9314a92c941ba80d6d85f837ee9e9w/New-Trendy-Wide-Palm-Barefoot-Casual-Shoes.jpg?hasNWGrade=1,待逐图实看,"New Trendy Wide Palm Barefoot Casual Shoes for Girls Girls' Anti-Slippery Breathable Lighted Walking Sport Shoes Printed Logo
$9.80-10.80
Min. Order: 300 pairs
500 sold
Chat now"
1601486454900,7,Fashionable Lightweight Men's Badminton & Pickleball Shoes Trendy Anti-Slip Spring Sports for Training,102,球类运动鞋,500,公开显示数量；单位/周期/退货及变体范围未明,1,pair,13.37,14.6,USD,卡片未留存计价单位，详情待核,2026-10-10T17:20:23.127Z,https://www.alibaba.com/product-detail/Fashionable-Lightweight-Men-s-Badminton-Pickleball_1601486454900.html,https://s.alicdn.com/@sc04/kf/H1962315d0af047359ca3770c83e924da6/Fashionable-Lightweight-Men-s-Badminton-Pickleball-Shoes.jpg?hasNWGrade=1,待逐图实看,"certified
Fashionable Lightweight Men's Badminton & Pickleball Shoes Trendy Anti-Slip Spring Sports for Training
$13.37-14.60
Min. Order: 1 pair
500 sold
Chat now"
1601514917309,30,Custom Brand Couple's Customized Feather Sneakers Non-Slip Pickleball Mesh Lining for Summer Autumn Spring Seasons US Size 7,124,球类运动鞋,500,公开显示数量；单位/周期/退货及变体范围未明,300,pairs,19.64,21.6,USD,卡片未留存计价单位，详情待核,2026-10-10T17:22:47.256Z,https://www.alibaba.com/product-detail/Custom-Brand-Couple-s-Customized-Feather_1601514917309.html,https://s.alicdn.com/@sc04/kf/H0ef5b612df1f4dfaa6a4ed735989dd90s/Custom-Brand-Couple-s-Customized-Feather-Sneakers.jpg?hasNWGrade=1,待逐图实看,"certified
Custom Brand Couple's Customized Feather Sneakers Non-Slip Pickleball Mesh Lining for Summer Autumn Spring Seasons US Size 7
$19.64-21.60
Min. Order: 300 pairs
500 sold
Chat now"
1601627698575,17,Autumn and Winter New Popular Casual Plush Thick Warm Lace-Up Cushioning Mesh Sports Shoes,90,休闲及其他成鞋,500,公开显示数量；单位/周期/退货及变体范围未明,2,pairs,11.88,13.4,USD,卡片未留存计价单位，详情待核,2026-10-10T17:21:35.394Z,https://www.alibaba.com/product-detail/Autumn-and-Winter-New-Popular-Casual_1601627698575.html,https://s.alicdn.com/@sc04/kf/Hd77ae27a67b84c708b164c5ef4cde7c0Z/Autumn-and-Winter-New-Popular-Casual-Plush.jpg?hasNWGrade=1,待逐图实看,"certified
Autumn and Winter New Popular Casual Plush Thick Warm Lace-Up Cushioning Mesh Sports Shoes
$11.88-13.40
Min. Order: 2 pairs
500 sold
Add to cart
Chat now"
1601627837789,15,Men's Running & Walking Shoes Lightweight Anti-Slip Lace-Up Design All Seasons Fashion Trend PU Upper Rubber Outsole New Model,126,跑步运动鞋,500,公开显示数量；单位/周期/退货及变体范围未明,2,pairs,14.99,16.4,USD,卡片未留存计价单位，详情待核,2026-10-10T17:21:27.594Z,https://www.alibaba.com/product-detail/Men-s-Running-Walking-Shoes-Lightweight_1601627837789.html,https://s.alicdn.com/@sc04/kf/Hf83f9c2f6757477eaff78170c952c42c0/Men-s-Running-Walking-Shoes-Lightweight-Anti.jpg?hasNWGrade=1,待逐图实看,"certified
Men's Running & Walking Shoes Lightweight Anti-Slip Lace-Up Design All Seasons Fashion Trend PU Upper Rubber Outsole New Model
$14.99-16.40
Min. Order: 2 pairs
500 sold
Add to cart
Chat now"
1601650226436,30,Customized Anti-Slip Breathable Comfortable Soft Flat Casual Walking Wide-Toed Barefoot Sneakers Microfiber Upper TPR Outsole,125,赤足及极简概念鞋,500,公开显示数量；单位/周期/退货及变体范围未明,300,pairs,11.53,13.18,USD,卡片未留存计价单位，详情待核,2026-10-10T17:22:47.256Z,https://www.alibaba.com/product-detail/Customized-Anti-Slip-Breathable-Comfortable-Soft_1601650226436.html,https://s.alicdn.com/@sc04/kf/Hf5e128c36f1b49cab8a7e28a6a6e82fbp/Customized-Anti-Slip-Breathable-Comfortable-Soft-Flat.jpg?hasNWGrade=1,待逐图实看,"Customized Anti-Slip Breathable Comfortable Soft Flat Casual Walking Wide-Toed Barefoot Sneakers Microfiber Upper TPR Outsole
$11.53-13.18
Min. Order: 300 pairs
500 sold
Chat now"
1601627682280,14,High Quality Lightweight Night Glow Mesh Basketball Shoes with Glow-in-the-Dark Rubber Sole Custom Logo Option + MD,115,球类运动鞋,476,公开显示数量；单位/周期/退货及变体范围未明,2,pairs,16.8,18.2,USD,卡片未留存计价单位，详情待核,2026-10-10T17:21:22.795Z,https://www.alibaba.com/product-detail/High-Quality-Lightweight-Night-Glow-Mesh_1601627682280.html,https://s.alicdn.com/@sc04/kf/H2c1f60d001744e95a6c2cbbd754b2bddu/High-Quality-Lightweight-Night-Glow-Mesh-Basketball.jpg?hasNWGrade=1,待逐图实看,"certified
High Quality Lightweight Night Glow Mesh Basketball Shoes with Glow-in-the-Dark Rubber Sole Custom Logo Option + MD
$16.80-18.20
Min. Order: 2 pairs
476 sold
Add to cart
Chat now"
1601670721834,29,KS Feather Sneakers Breathable Mesh Lining Unisex Fashion Spring Winter Anti-Slip Training Couple Sports Shoes Pickleball,121,球类运动鞋,466,公开显示数量；单位/周期/退货及变体范围未明,2,pieces,19.2,20.85,USD,卡片未留存计价单位，详情待核,2026-10-10T17:22:43.759Z,https://www.alibaba.com/product-detail/KS-Feather-Sneakers-Breathable-Mesh-Lining_1601670721834.html,https://s.alicdn.com/@sc04/kf/He1d9cff0e0c347afb384a876d457a894h/KS-Feather-Sneakers-Breathable-Mesh-Lining-Unisex.jpg?hasNWGrade=1,待逐图实看,"KS Feather Sneakers Breathable Mesh Lining Unisex Fashion Spring Winter Anti-Slip Training Couple Sports Shoes Pickleball
$19.20-20.85
Min. Order: 2 pieces
466 sold
Chat now"
1601697962563,29,Customized Version Men's Summer/Spring Casual & Sports Shoes All-season Model Soft Elastic Rubber Sole PU Upper EVA Midsole,123,休闲及其他成鞋,466,公开显示数量；单位/周期/退货及变体范围未明,300,pairs,10.11,11.54,USD,卡片未留存计价单位，详情待核,2026-10-10T17:22:43.759Z,https://www.alibaba.com/product-detail/Customized-Version-Men-s-Summer-Spring_1601697962563.html,https://s.alicdn.com/@sc04/kf/Hbb4f037058404eb6989a45f7225558a0g/Customized-Version-Men-s-Summer-Spring-Casual.jpg_480x480.jpg?hasNWGrade=1,待逐图实看,"certified
Customized Version Men's Summer/Spring Casual & Sports Shoes All-season Model Soft Elastic Rubber Sole PU Upper EVA Midsole
$10.11-11.54
Min. Order: 300 pairs
466 sold
Chat now"
1601714356523,28,Men's & Women's Breathable Comfortable Soft Barefoot Shoes-Big Toe Box Minimalist Cross Training Beach Shoes,108,赤足及极简概念鞋,466,公开显示数量；单位/周期/退货及变体范围未明,2,pairs,6.6,7.4,USD,卡片未留存计价单位，详情待核,2026-10-10T17:22:39.703Z,https://www.alibaba.com/product-detail/Men-s-Women-s-Breathable-Comfortable_1601714356523.html,https://s.alicdn.com/@sc04/kf/Hf375d694b1a34f83a649c9666c28a8d1Q/Men-s-Women-s-Breathable-Comfortable-Soft.jpg_480x480.jpg?hasNWGrade=1,待逐图实看,"Men's & Women's Breathable Comfortable Soft Barefoot Shoes-Big Toe Box Minimalist Cross Training Beach Shoes
$6.60-7.40
Min. Order: 2 pairs
466 sold
Add to cart
Chat now"
1601200466643,7,Custom Designer's New Supercritical Running Shoes Soft Cushioned Extremely Lightweight High Rebound EVA Midsole Manufacturer,124,跑步运动鞋,442,公开显示数量；单位/周期/退货及变体范围未明,300,pairs,16.2,17.7,USD,卡片未留存计价单位，详情待核,2026-10-10T17:20:23.127Z,https://www.alibaba.com/product-detail/Custom-Designer-s-New-Supercritical-Running_1601200466643.html,https://s.alicdn.com/@sc04/kf/A3aa809ed599445cfb2132c5926cc315cJ/Custom-Designer-s-New-Supercritical-Running-Shoes.jpg_480x480.jpg?hasNWGrade=1,待逐图实看,"certified
Custom Designer's New Supercritical Running Shoes Soft Cushioned Extremely Lightweight High Rebound EVA Midsole Manufacturer
$16.20-17.70
Min. Order: 300 pairs
442 sold
Chat now"
1600478865910,7,Full Custom Men's Badminton Tennis Footwear Summer/Spring Breathable Indoor/Outdoor Sport Training Shoes Custom Logo Sneakers,125,球类运动鞋,420,公开显示数量；单位/周期/退货及变体范围未明,300,pairs,14.2,15.5,USD,卡片未留存计价单位，详情待核,2026-10-10T17:20:23.127Z,https://www.alibaba.com/product-detail/Full-Custom-Men-s-Badminton-Tennis_1600478865910.html,https://s.alicdn.com/@sc04/kf/H90fd59fcea1c4de48afb5f8b36aaa4c71/Full-Custom-Men-s-Badminton-Tennis-Footwear.jpg?hasNWGrade=1,待逐图实看,"certified
Full Custom Men's Badminton Tennis Footwear Summer/Spring Breathable Indoor/Outdoor Sport Training Shoes Custom Logo Sneakers
$14.20-15.50
Min. Order: 300 pairs
420 sold
Chat now"
1601166422280,7,Custom Durable Running Walking Shoes Lace-Up Cushioned Breathable Mesh Upper Rubber Outsole Spring Autumn Manufacturer,118,跑步运动鞋,420,公开显示数量；单位/周期/退货及变体范围未明,300,pairs,12.11,13.48,USD,卡片未留存计价单位，详情待核,2026-10-10T17:20:23.127Z,https://www.alibaba.com/product-detail/Custom-Durable-Running-Walking-Shoes-Lace_1601166422280.html,https://s.alicdn.com/@sc04/kf/H574a2c2ab7d64b9aa1badbcecc9923eao/Custom-Durable-Running-Walking-Shoes-Lace-Up.jpg?hasNWGrade=1,待逐图实看,"certified
Custom Durable Running Walking Shoes Lace-Up Cushioned Breathable Mesh Upper Rubber Outsole Spring Autumn Manufacturer
$12.11-13.48
Min. Order: 300 pairs
420 sold
Chat now"
1601876792401,8,Custom Designer's New Fashionable Minimalist Lace-Up Board Shoes Soft Cushioned Anti-Slippery Casual Shoes for All Seasons,122,赤足及极简概念鞋,412,公开显示数量；单位/周期/退货及变体范围未明,300,pieces,11.24,12.31,USD,卡片未留存计价单位，详情待核,2026-10-10T17:20:25.692Z,https://www.alibaba.com/product-detail/Custom-Designer-s-New-Fashionable-Minimalist_1601876792401.html,https://s.alicdn.com/@sc04/kf/Hbdc5d16b76414242ad1244484d84dd88r/Custom-Designer-s-New-Fashionable-Minimalist-Lace.jpg_480x480.jpg?hasNWGrade=1,待逐图实看,"certified
Custom Designer's New Fashionable Minimalist Lace-Up Board Shoes Soft Cushioned Anti-Slippery Casual Shoes for All Seasons
$11.24-12.31
Min. Order: 300 pieces
412 sold
Chat now"
1601218832889,23,2026 Factory Price Men's Casual Running Shoes White Breathable Mesh Lightweight Sizes 39-45 for Autumn,102,跑步运动鞋,411,公开显示数量；单位/周期/退货及变体范围未明,300,pairs,14.26,15.7,USD,卡片未留存计价单位，详情待核,2026-10-10T17:22:08.436Z,https://www.alibaba.com/product-detail/2026-Factory-Price-Men-s-Casual_1601218832889.html,https://s.alicdn.com/@sc04/kf/H1045b8e167ed4a068ddbb6bfdf044d53r/2026-Factory-Price-Men-s-Casual-Running.jpg?hasNWGrade=1,待逐图实看,"00:34
certified
2026 Factory Price Men's Casual Running Shoes White Breathable Mesh Lightweight Sizes 39-45 for Autumn
$14.26-15.70
Min. Order: 300 pairs
411 sold
Chat now"
1601613085851,31,Customized Anti-Slip Breathable Comfortable Soft Flat Wide-Toed Barefoot Casual Board Shoes Microfiber Upper Rubber Outsole All,127,赤足及极简概念鞋,410,公开显示数量；单位/周期/退货及变体范围未明,300,pairs,12.32,13.5,USD,卡片未留存计价单位，详情待核,2026-10-10T17:22:50.339Z,https://www.alibaba.com/product-detail/Customized-Anti-Slip-Breathable-Comfortable-Soft_1601613085851.html,https://s.alicdn.com/@sc04/kf/H4d1fda659a14405a9636d697d3a4773e6/Customized-Anti-Slip-Breathable-Comfortable-Soft-Flat.jpg?hasNWGrade=1,待逐图实看,"00:32
Customized Anti-Slip Breathable Comfortable Soft Flat Wide-Toed Barefoot Casual Board Shoes Microfiber Upper Rubber Outsole All
$12.32-13.50
Min. Order: 300 pairs
410 sold
Chat now"
1601876642646,8,KS Unisex Wide Barefoot Shoes for Men Women Big Size Minimalist Zero Drop Breathable Slip Resistant Fashion Trend Fitness Shoes,127,赤足及极简概念鞋,410,公开显示数量；单位/周期/退货及变体范围未明,300,pairs,9.84,10.6,USD,卡片未留存计价单位，详情待核,2026-10-10T17:20:25.692Z,https://www.alibaba.com/product-detail/KS-Unisex-Wide-Barefoot-Shoes-for_1601876642646.html,https://s.alicdn.com/@sc04/kf/H87200f690b1348f19426e202b8e20518w/KS-Unisex-Wide-Barefoot-Shoes-for-Men.jpg?hasNWGrade=1,待逐图实看,"certified
KS Unisex Wide Barefoot Shoes for Men Women Big Size Minimalist Zero Drop Breathable Slip Resistant Fashion Trend Fitness Shoes
$9.84-10.60
Min. Order: 300 pairs
410 sold
Chat now"
1601518479576,15,Customized High-Elastic Shock-Absorbing Sole Running Shoes Lightweight Sport Sneakers for Summer Autumn EVA Mesh Rubber Insoles,127,跑步运动鞋,405,公开显示数量；单位/周期/退货及变体范围未明,2,pieces,13.92,15.53,USD,卡片未留存计价单位，详情待核,2026-10-10T17:21:27.594Z,https://www.alibaba.com/product-detail/Customized-High-Elastic-Shock-Absorbing-Sole_1601518479576.html,https://s.alicdn.com/@sc04/kf/H2269c7e844bc4433ad4f2bff417afa25O/Customized-High-Elastic-Shock-Absorbing-Sole-Running.jpg?hasNWGrade=1,待逐图实看,"certified
Customized High-Elastic Shock-Absorbing Sole Running Shoes Lightweight Sport Sneakers for Summer Autumn EVA Mesh Rubber Insoles
$13.92-15.53
Min. Order: 2 pieces
405 sold
Add to cart
Chat now"
1601607042157,16,Women's Breathable Water Shoes for Summer for Mountaineering Travel Fitness Yoga Beach Pool Activities Barefoot Comfortable,123,水鞋（不直接对标）,405,公开显示数量；单位/周期/退货及变体范围未明,2,pieces,8.1,9.64,USD,卡片未留存计价单位，详情待核,2026-10-10T17:21:30.716Z,https://www.alibaba.com/product-detail/Women-s-Breathable-Water-Shoes-for_1601607042157.html,https://s.alicdn.com/@sc04/kf/H34c93ed9175c491581dbdf953cee4edf4/Women-s-Breathable-Water-Shoes-for-Summer.jpg?hasNWGrade=1,待逐图实看,"Women's Breathable Water Shoes for Summer for Mountaineering Travel Fitness Yoga Beach Pool Activities Barefoot Comfortable
$8.10-9.64
Min. Order: 2 pieces
405 sold
Add to cart
Chat now"
1601836281060,22,OEM ODM Skateboard Shoes Low Customized logo Sneaker Manufacturer Wholesale Casual Sports Sneakers,98,休闲及其他成鞋,401,公开显示数量；单位/周期/退货及变体范围未明,1,pair,10.88,13.98,USD,卡片未留存计价单位，详情待核,2026-10-10T17:22:03.692Z,https://www.alibaba.com/product-detail/OEM-ODM-Skateboard-Shoes-Low-Customized_1601836281060.html,https://s.alicdn.com/@sc04/kf/Hb65996066e924848b3aaebc766fe5d647/OEM-ODM-Skateboard-Shoes-Low-Customized-logo.jpg_480x480.jpg?hasNWGrade=1,待逐图实看,"certified
OEM ODM Skateboard Shoes Low Customized logo Sneaker Manufacturer Wholesale Casual Sports Sneakers
$10.88-13.98
Min. Order: 1 pair
401 sold
Chat now"
1600884149168,30,Casual Toe Style Breathable Wear-Resistant New Mesh Surface Badminton Shoes with Cushioned Tendon Sole Competition Training,123,球类运动鞋,400,公开显示数量；单位/周期/退货及变体范围未明,300,pairs,22.0,25.3,USD,卡片未留存计价单位，详情待核,2026-10-10T17:22:47.256Z,https://www.alibaba.com/product-detail/Casual-Toe-Style-Breathable-Wear-Resistant_1600884149168.html,https://s.alicdn.com/@sc04/kf/H760a190b475547b19f3389277dc747be8/Casual-Toe-Style-Breathable-Wear-Resistant-New.jpg?hasNWGrade=1,待逐图实看,"certified
Casual Toe Style Breathable Wear-Resistant New Mesh Surface Badminton Shoes with Cushioned Tendon Sole Competition Training
$22-25.30
Min. Order: 300 pairs
400 sold
Chat now"
1601167175100,13,Unisex Anti-Slip Lightweight Barefoot Shoes for Summer New Outdoor Beach Swimming Fitness Sports Shoes Soft Feature,115,水鞋（不直接对标）,400,公开显示数量；单位/周期/退货及变体范围未明,500,pairs,8.4,9.8,USD,卡片未留存计价单位，详情待核,2026-10-10T17:21:08.395Z,https://www.alibaba.com/product-detail/Unisex-Anti-Slip-Lightweight-Barefoot-Shoes_1601167175100.html,https://s.alicdn.com/@sc04/kf/H1f6e461aa76643c4b833a928a9c2fb408/Unisex-Anti-Slip-Lightweight-Barefoot-Shoes-for.jpg?hasNWGrade=1,待逐图实看,"Unisex Anti-Slip Lightweight Barefoot Shoes for Summer New Outdoor Beach Swimming Fitness Sports Shoes Soft Feature
$8.40-9.80
Min. Order: 500 pairs
400 sold
Chat now"
1601266981649,34,2026 Men's Customizable White Sport Barefoot Sneakers Wide Toe Box Protection Mesh Fashion Casual Shoes Winter Spring Logo,122,赤足及极简概念鞋,400,公开显示数量；单位/周期/退货及变体范围未明,500,pairs,11.88,12.42,USD,卡片未留存计价单位，详情待核,2026-10-10T17:23:02.047Z,https://www.alibaba.com/product-detail/2026-Men-s-Customizable-White-Sport_1601266981649.html,https://s.alicdn.com/@sc04/kf/H05353a164cfd4abd9c57f01cf3776e7cR/2026-Men-s-Customizable-White-Sport-Barefoot.jpg?hasNWGrade=1,待逐图实看,"2026 Men's Customizable White Sport Barefoot Sneakers Wide Toe Box Protection Mesh Fashion Casual Shoes Winter Spring Logo
$11.88-12.42
Min. Order: 500 pairs
400 sold
Chat now"
1601288657720,9,Customized Lightweight and Breathable Men's Running Shoes New Outdoor Hiking Running Shoes Size 39-45,101,户外鞋靴,400,公开显示数量；单位/周期/退货及变体范围未明,300,pairs,17.29,18.66,USD,卡片未留存计价单位，详情待核,2026-10-10T17:20:28.496Z,https://www.alibaba.com/product-detail/Customized-Lightweight-and-Breathable-Men-s_1601288657720.html,https://s.alicdn.com/@sc04/kf/Ha5fef286594f4a02bdbd2fc69375b7ecC/Customized-Lightweight-and-Breathable-Men-s-Running.jpg?hasNWGrade=1,待逐图实看,"certified
Customized Lightweight and Breathable Men's Running Shoes New Outdoor Hiking Running Shoes Size 39-45
$17.29-18.66
Min. Order: 300 pairs
400 sold
Chat now"
1601486609345,30,Men's Women's Lightweight Oversized Mesh Badminton Shoes Anti-Slip Professional Sports Shoes with Shock-Absorption Customizable,127,球类运动鞋,400,公开显示数量；单位/周期/退货及变体范围未明,300,pairs,17.27,18.7,USD,卡片未留存计价单位，详情待核,2026-10-10T17:22:47.256Z,https://www.alibaba.com/product-detail/Men-s-Women-s-Lightweight-Oversized_1601486609345.html,https://s.alicdn.com/@sc04/kf/H7b9fb8d5845b4c3f9f02a5b15918ff9cb/Men-s-Women-s-Lightweight-Oversized-Mesh.jpg?hasNWGrade=1,待逐图实看,"certified
Men's Women's Lightweight Oversized Mesh Badminton Shoes Anti-Slip Professional Sports Shoes with Shock-Absorption Customizable
$17.27-18.70
Min. Order: 300 pairs
400 sold
Chat now"
1601488738677,13,High Quality Basketball Style Sports Board Shoes for Children Customizable Casual Breathable with Anti-Slippery Feature,119,童鞋（不直接对标）,400,公开显示数量；单位/周期/退货及变体范围未明,300,pairs,7.2,7.8,USD,卡片未留存计价单位，详情待核,2026-10-10T17:21:08.395Z,https://www.alibaba.com/product-detail/High-Quality-Basketball-Style-Sports-Board_1601488738677.html,https://s.alicdn.com/@sc04/kf/H0096747c26aa4f098385739839e961e3S/High-Quality-Basketball-Style-Sports-Board-Shoes.jpg?hasNWGrade=1,待逐图实看,"High Quality Basketball Style Sports Board Shoes for Children Customizable Casual Breathable with Anti-Slippery Feature
$7.20-7.80
Min. Order: 300 pairs
400 sold
Chat now"
1601869081512,21,KS Children's Wide Barefoot Shoes Boys' Breathable Mesh Sports Shoes Girls' Lightweight Casual Shoes Comfortable Fit Rubber OEM,127,童鞋（不直接对标）,400,公开显示数量；单位/周期/退货及变体范围未明,2,pairs,7.5,8.48,USD,卡片未留存计价单位，详情待核,2026-10-10T17:21:56.894Z,https://www.alibaba.com/product-detail/KS-Children-s-Wide-Barefoot-Shoes_1601869081512.html,https://s.alicdn.com/@sc04/kf/Hcc7619dcd0e14e40a4ddfee88d467c06o/KS-Children-s-Wide-Barefoot-Shoes-Boys.jpg_480x480.jpg?hasNWGrade=1,待逐图实看,"KS Children's Wide Barefoot Shoes Boys' Breathable Mesh Sports Shoes Girls' Lightweight Casual Shoes Comfortable Fit Rubber OEM
$7.50-8.48
Min. Order: 2 pairs
400 sold
Chat now"
1601869439389,21,KS Men's Custom Sneakers Comfortable Lightweight Breathable Mesh Upper EVA Midsole Rubber Outsole Multi-Season Running Walking,126,跑步运动鞋,400,公开显示数量；单位/周期/退货及变体范围未明,2,pieces,10.5,11.66,USD,卡片未留存计价单位，详情待核,2026-10-10T17:21:56.894Z,https://www.alibaba.com/product-detail/KS-Men-s-Custom-Sneakers-Comfortable_1601869439389.html,https://s.alicdn.com/@sc04/kf/Ha7e2a9e8e49e47a7b4e19ea114a9797dJ/KS-Men-s-Custom-Sneakers-Comfortable-Lightweight.jpg_480x480.jpg?hasNWGrade=1,待逐图实看,"certified
KS Men's Custom Sneakers Comfortable Lightweight Breathable Mesh Upper EVA Midsole Rubber Outsole Multi-Season Running Walking
$10.50-11.66
Min. Order: 2 pieces
400 sold
Chat now"
1601869600251,21,Custom New White Lace-Up Walking Shoes Soft Rubber Sole Casual Microfiber Upper Comfortable All Seasons Fashion Sneakers,120,休闲及其他成鞋,400,公开显示数量；单位/周期/退货及变体范围未明,2,pairs,12.2,12.95,USD,卡片未留存计价单位，详情待核,2026-10-10T17:21:56.894Z,https://www.alibaba.com/product-detail/Custom-New-White-Lace-Up-Walking_1601869600251.html,https://s.alicdn.com/@sc04/kf/H376c118bcde44804a32808d7014b5566U/Custom-New-White-Lace-Up-Walking-Shoes.jpg?hasNWGrade=1,待逐图实看,"certified
Custom New White Lace-Up Walking Shoes Soft Rubber Sole Casual Microfiber Upper Comfortable All Seasons Fashion Sneakers
$12.20-12.95
Min. Order: 2 pairs
400 sold
Chat now"
1601581429644,32,Best-Selling Winter Wool Warm Barefoot Shoes Wide-Toed High Top with Anti-Slip Flat Soft Features Waterproof Size 37-48,119,赤足及极简概念鞋,399,公开显示数量；单位/周期/退货及变体范围未明,300,pairs,9.55,10.2,USD,卡片未留存计价单位，详情待核,2026-10-10T17:22:54.273Z,https://www.alibaba.com/product-detail/Best-Selling-Winter-Wool-Warm-Barefoot_1601581429644.html,https://s.alicdn.com/@sc04/kf/H3ed33e70fdc545b6a42d7769458243d56/Best-Selling-Winter-Wool-Warm-Barefoot-Shoes.jpg?hasNWGrade=1,待逐图实看,"Best-Selling Winter Wool Warm Barefoot Shoes Wide-Toed High Top with Anti-Slip Flat Soft Features Waterproof Size 37-48
$9.55-10.20
Min. Order: 300 pairs
399 sold
Chat now"
1601627651473,16,Popular Men's Running Shoes for Autumn/Winter Solid Color Fashion Sneakers Breathable Luxury Casual Walking Shoes,113,跑步运动鞋,376,公开显示数量；单位/周期/退货及变体范围未明,2,pieces,9.2,9.9,USD,卡片未留存计价单位，详情待核,2026-10-10T17:21:30.716Z,https://www.alibaba.com/product-detail/Popular-Men-s-Running-Shoes-for_1601627651473.html,https://s.alicdn.com/@sc04/kf/H917f43d736484f83bc69313f7e1fceacx/Popular-Men-s-Running-Shoes-for-Autumn.jpg?hasNWGrade=1,待逐图实看,"certified
Popular Men's Running Shoes for Autumn/Winter Solid Color Fashion Sneakers Breathable Luxury Casual Walking Shoes
$9.20-9.90
Min. Order: 2 pieces
376 sold
Add to cart
Chat now"
1600387187590,24,2026 New Style Fashion Sneaker High Quality Breathable Upper Support Custom logo White Blue Slip on Men Sport Shoes,115,针织套脚及乐福鞋,366,公开显示数量；单位/周期/退货及变体范围未明,300,pairs,11.85,12.43,USD,卡片未留存计价单位，详情待核,2026-10-10T17:22:14.469Z,https://www.alibaba.com/product-detail/2026-New-Style-Fashion-Sneaker-High_1600387187590.html,https://s.alicdn.com/@sc04/kf/H3c59eae7255c455ab87e3912e6299214D/2026-New-Style-Fashion-Sneaker-High-Quality.jpg?hasNWGrade=1,已实看：白橙运动鞋，多角度视图,"00:24
certified
2026 New Style Fashion Sneaker High Quality Breathable Upper Support Custom logo White Blue Slip on Men Sport Shoes
$11.85-12.43
Min. Order: 300 pairs
366 sold
Chat now"
1601288579448,23,2026 Factory Price High Quality Big Size Barefoot Shoes Soles Lightweight Anti-Slip Protective Toe Bottom Rubber Sole Low MOQ,125,赤足及极简概念鞋,366,公开显示数量；单位/周期/退货及变体范围未明,300,pairs,2.43,2.88,USD,卡片未留存计价单位，详情待核,2026-10-10T17:22:08.436Z,https://www.alibaba.com/product-detail/2026-Factory-Price-High-Quality-Big_1601288579448.html,https://s.alicdn.com/@sc04/kf/A0e9ef131f465492db26e0701cf8645cdd/2026-Factory-Price-High-Quality-Big-Size.png?hasNWGrade=1,待逐图实看,"2026 Factory Price High Quality Big Size Barefoot Shoes Soles Lightweight Anti-Slip Protective Toe Bottom Rubber Sole Low MOQ
$2.43-2.88
Min. Order: 300 pairs
366 sold
Chat now"
1601523936824,20,2026 New Fashion Trend Basketball Running Shoes Customized Sports Walking Shoes Rubber Insole Jacquard Fabric Upper Lace-up,123,球类运动鞋,366,公开显示数量；单位/周期/退货及变体范围未明,300,pairs,12.33,16.65,USD,卡片未留存计价单位，详情待核,2026-10-10T17:21:51.392Z,https://www.alibaba.com/product-detail/2026-New-Fashion-Trend-Basketball-Running_1601523936824.html,https://s.alicdn.com/@sc04/kf/He8f0175937b44726b74be96433db28e5e/2026-New-Fashion-Trend-Basketball-Running-Shoes.jpg?hasNWGrade=1,待逐图实看,"00:12
2026 New Fashion Trend Basketball Running Shoes Customized Sports Walking Shoes Rubber Insole Jacquard Fabric Upper Lace-up
$12.33-16.65
Min. Order: 300 pairs
366 sold
Chat now"
1601713623501,27,KS Men's Wide Toe Box Running Shoes with Zero Drop Sole Anti-Slip Breathable & Comfortable Upper Durable Protection Customized,126,赤足及极简概念鞋,366,公开显示数量；单位/周期/退货及变体范围未明,300,pairs,13.33,14.5,USD,卡片未留存计价单位，详情待核,2026-10-10T17:22:36.648Z,https://www.alibaba.com/product-detail/KS-Men-s-Wide-Toe-Box_1601713623501.html,https://s.alicdn.com/@sc04/kf/H0eac924796084bac921601412bcf2001w/KS-Men-s-Wide-Toe-Box-Running.jpg?hasNWGrade=1,待逐图实看,"KS Men's Wide Toe Box Running Shoes with Zero Drop Sole Anti-Slip Breathable & Comfortable Upper Durable Protection Customized
$13.33-14.50
Min. Order: 300 pairs
366 sold
Chat now"
1601723597714,27,Men's Anti-Slip Protective Toe Rubber Sole Barefoot Shoes Big Size Casual Work Shoes Low MOQ,92,赤足及极简概念鞋,366,公开显示数量；单位/周期/退货及变体范围未明,300,pairs,2.22,2.9,USD,卡片未留存计价单位，详情待核,2026-10-10T17:22:36.648Z,https://www.alibaba.com/product-detail/Men-s-Anti-Slip-Protective-Toe_1601723597714.html,https://s.alicdn.com/@sc04/kf/H39c883af61dd45cf9501477a2d8da485s/Men-s-Anti-Slip-Protective-Toe-Rubber.jpg?hasNWGrade=1,待逐图实看,"Men's Anti-Slip Protective Toe Rubber Sole Barefoot Shoes Big Size Casual Work Shoes Low MOQ
$2.22-2.90
Min. Order: 300 pairs
366 sold
Chat now"
1601627605594,20,Walking Shoes Cushion Comfortable Lace-up ActiveBreeze Running Tennis Non-Slip Workout Gym Sports Athletic Breathable Fashion,125,球类运动鞋,352,公开显示数量；单位/周期/退货及变体范围未明,2,pieces,14.9,16.47,USD,卡片未留存计价单位，详情待核,2026-10-10T17:21:51.392Z,https://www.alibaba.com/product-detail/Walking-Shoes-Cushion-Comfortable-Lace-up_1601627605594.html,https://s.alicdn.com/@sc04/kf/Hf0277a32dab9487a862a790537a9ddacH/Walking-Shoes-Cushion-Comfortable-Lace-up-ActiveBreeze.jpg_480x480.jpg?hasNWGrade=1,待逐图实看,"certified
Walking Shoes Cushion Comfortable Lace-up ActiveBreeze Running Tennis Non-Slip Workout Gym Sports Athletic Breathable Fashion
$14.90-16.47
Min. Order: 2 pieces
352 sold
Add to cart
Chat now"
1601876633935,8,KS Men's Fitness Walking Running Tennis Cushioning Mesh Shoes Non Slip Athletic Gym Workout Jogging Comfortable Sneakers OEM,124,球类运动鞋,346,公开显示数量；单位/周期/退货及变体范围未明,300,pieces,16.61,17.95,USD,卡片未留存计价单位，详情待核,2026-10-10T17:20:25.692Z,https://www.alibaba.com/product-detail/KS-Men-s-Fitness-Walking-Running_1601876633935.html,https://s.alicdn.com/@sc04/kf/H8436a8139c7a42389868dd6c9e217d9e8/KS-Men-s-Fitness-Walking-Running-Tennis.jpg_480x480.jpg?hasNWGrade=1,待逐图实看,"certified
KS Men's Fitness Walking Running Tennis Cushioning Mesh Shoes Non Slip Athletic Gym Workout Jogging Comfortable Sneakers OEM
$16.61-17.95
Min. Order: 300 pieces
346 sold
Chat now"
1601876730055,8,Custom Boy' and Girl's Lightweight Breathable Anti-Slip Waterproof Barefoot Soft Comfort Summer Outdoor Water Shoes,115,水鞋（不直接对标）,346,公开显示数量；单位/周期/退货及变体范围未明,300,pairs,7.75,8.48,USD,卡片未留存计价单位，详情待核,2026-10-10T17:20:25.692Z,https://www.alibaba.com/product-detail/Custom-Boy-and-Girl-s-Lightweight_1601876730055.html,https://s.alicdn.com/@sc04/kf/H5c95b25d5bcd4d29bee276431b20b2e0K/Custom-Boy-and-Girl-s-Lightweight-Breathable.jpg_480x480.jpg?hasNWGrade=1,待逐图实看,"Custom Boy' and Girl's Lightweight Breathable Anti-Slip Waterproof Barefoot Soft Comfort Summer Outdoor Water Shoes
$7.75-8.48
Min. Order: 300 pairs
346 sold
Chat now"
11000037038549,3,KS Supercritical EVA Midsole Marathon Training Shoes High Rebound Mesh Upper Rubber Outsole Running Sneakers Factory OEM ODM,124,跑步运动鞋,341,公开显示数量；单位/周期/退货及变体范围未明,300,pairs,16.5,17.8,USD,卡片未留存计价单位，详情待核,2026-10-10T17:18:51.080Z,https://www.alibaba.com/product-detail/KS-Supercritical-EVA-Midsole-Marathon-Training_11000037038549.html,https://s.alicdn.com/@sc04/kf/Ac7709ed1dcc045de9871a179f5d547d9u/KS-Supercritical-EVA-Midsole-Marathon-Training-Shoes.jpg_480x480.jpg?hasNWGrade=1,待逐图实看,"KS Supercritical EVA Midsole Marathon Training Shoes High Rebound Mesh Upper Rubber Outsole Running Sneakers Factory OEM ODM
$16.50-17.80
Min. Order: 300 pairs
341 sold
Chat now"
1601601811827,18,Custom-Made Men's Flying Mesh Surface Running Shoes with Genuine Carbon Plate Fashionable Sports Shoes for Summer,113,跑步运动鞋,338,公开显示数量；单位/周期/退货及变体范围未明,2,pairs,10.58,12.1,USD,卡片未留存计价单位，详情待核,2026-10-10T17:21:39.600Z,https://www.alibaba.com/product-detail/Custom-Made-Men-s-Flying-Mesh_1601601811827.html,https://s.alicdn.com/@sc04/kf/H80038d09d44b40b7b705dbbb66f4d50bR/Custom-Made-Men-s-Flying-Mesh-Surface.jpg?hasNWGrade=1,待逐图实看,"certified
Custom-Made Men's Flying Mesh Surface Running Shoes with Genuine Carbon Plate Fashionable Sports Shoes for Summer
$10.58-12.10
Min. Order: 2 pairs
338 sold
Add to cart
Chat now"
1600168867817,9,Men's Women's Lightweight Flat Fitness Sneakers Casual Gym Athletic Trainers Running Tennis-Breathable Mesh PU Rubber Winter,124,球类运动鞋,336,公开显示数量；单位/周期/退货及变体范围未明,300,pairs,8.12,10.34,USD,卡片未留存计价单位，详情待核,2026-10-10T17:20:28.496Z,https://www.alibaba.com/product-detail/Men-s-Women-s-Lightweight-Flat_1600168867817.html,https://s.alicdn.com/@sc04/kf/H93094f1310fb4be5b33bf068d7e13472X/Men-s-Women-s-Lightweight-Flat-Fitness.jpg?hasNWGrade=1,待逐图实看,"certified
Men's Women's Lightweight Flat Fitness Sneakers Casual Gym Athletic Trainers Running Tennis-Breathable Mesh PU Rubber Winter
$8.12-10.34
Min. Order: 300 pairs
336 sold
Chat now"
1600772395101,16,Trendy Men's Sneakers Comfortable Breathable Summer Running Shoes with New Design PU Flat Casual Sports Shoes,109,跑步运动鞋,336,公开显示数量；单位/周期/退货及变体范围未明,300,pairs,4.43,5.16,USD,卡片未留存计价单位，详情待核,2026-10-10T17:21:30.716Z,https://www.alibaba.com/product-detail/Trendy-Men-s-Sneakers-Comfortable-Breathable_1600772395101.html,https://s.alicdn.com/@sc04/kf/H9f4cb1b3f78547b4be285efd47e5704bh/Trendy-Men-s-Sneakers-Comfortable-Breathable-Summer.jpg?hasNWGrade=1,待逐图实看,"certified
Trendy Men's Sneakers Comfortable Breathable Summer Running Shoes with New Design PU Flat Casual Sports Shoes
$4.43-5.16
Min. Order: 300 pairs
336 sold
Chat now"
1600925018310,13,Men's Lightweight Breathable Fashion Sneakers Black PU Insole Running Walking Tennis Jogging Gym Travel Outdoor Sports Shoes,124,球类运动鞋,336,公开显示数量；单位/周期/退货及变体范围未明,300,pairs,16.0,17.3,USD,卡片未留存计价单位，详情待核,2026-10-10T17:21:08.395Z,https://www.alibaba.com/product-detail/Men-s-Lightweight-Breathable-Fashion-Sneakers_1600925018310.html,https://s.alicdn.com/@sc04/kf/H23d5210b8f394c19a0bf8518640df000p/Men-s-Lightweight-Breathable-Fashion-Sneakers-Black.jpg?hasNWGrade=1,待逐图实看,"certified
Men's Lightweight Breathable Fashion Sneakers Black PU Insole Running Walking Tennis Jogging Gym Travel Outdoor Sports Shoes
$16-17.30
Min. Order: 300 pairs
336 sold
Chat now"
1600960590990,23,2026 New Design Microfiber Plate Tennis Shoes Brand Custom Mesh Cloth Breathable Sports Shoes Professional Badminton Shoe,121,球类运动鞋,336,公开显示数量；单位/周期/退货及变体范围未明,300,pairs,16.88,17.68,USD,卡片未留存计价单位，详情待核,2026-10-10T17:22:08.436Z,https://www.alibaba.com/product-detail/2026-New-Design-Microfiber-Plate-Tennis_1600960590990.html,https://s.alicdn.com/@sc04/kf/H000cf082279a4f9ab06a2ba54a88200dT/2026-New-Design-Microfiber-Plate-Tennis-Shoes.jpg?hasNWGrade=1,待逐图实看,"00:31
2026 New Design Microfiber Plate Tennis Shoes Brand Custom Mesh Cloth Breathable Sports Shoes Professional Badminton Shoe
$16.88-17.68
Min. Order: 300 pairs
336 sold
Chat now"
1600973926301,14,Hot Selling New Cool Sneaker Fashion Design with Flat Sole PVCr Insole and Mesh Lining Hard-Wearing Casual Shoes for Spring,123,休闲及其他成鞋,336,公开显示数量；单位/周期/退货及变体范围未明,300,pairs,7.42,7.42,USD,卡片未留存计价单位，详情待核,2026-10-10T17:21:22.795Z,https://www.alibaba.com/product-detail/Hot-Selling-New-Cool-Sneaker-Fashion_1600973926301.html,https://s.alicdn.com/@sc04/kf/H974fc3494bee44179478e691bf17c510i/Hot-Selling-New-Cool-Sneaker-Fashion-Design.jpg?hasNWGrade=1,待逐图实看,"certified
Hot Selling New Cool Sneaker Fashion Design with Flat Sole PVCr Insole and Mesh Lining Hard-Wearing Casual Shoes for Spring
$7.42
Min. Order: 300 pairs
336 sold
Chat now"
1601278381675,10,Men's Casual Canvas Sneakers Comfort Classic Vintage Walking Style Shoes with Mesh Lining Anti-Slip Feature Summer Autumn Use,125,休闲及其他成鞋,336,公开显示数量；单位/周期/退货及变体范围未明,300,pairs,7.24,7.24,USD,卡片未留存计价单位，详情待核,2026-10-10T17:20:32.080Z,https://www.alibaba.com/product-detail/Men-s-Casual-Canvas-Sneakers-Comfort_1601278381675.html,https://s.alicdn.com/@sc04/kf/H17948f540c074127a23e3114fb813ce4P/Men-s-Casual-Canvas-Sneakers-Comfort-Classic.jpg?hasNWGrade=1,待逐图实看,"certified
Men's Casual Canvas Sneakers Comfort Classic Vintage Walking Style Shoes with Mesh Lining Anti-Slip Feature Summer Autumn Use
$7.24
Min. Order: 300 pairs
336 sold
Chat now"
1601448671584,12,Customized Retro Fashion Sneakers Lighted Brushed Thin Canvas Walking Shoes for Summer & Autumn Anti-Slip with PU Insole,120,休闲及其他成鞋,336,公开显示数量；单位/周期/退货及变体范围未明,300,pairs,10.6,11.8,USD,卡片未留存计价单位，详情待核,2026-10-10T17:20:37.257Z,https://www.alibaba.com/product-detail/Customized-Retro-Fashion-Sneakers-Lighted-Brushed_1601448671584.html,https://s.alicdn.com/@sc04/kf/Hbd6b4c8a1a1e467491ab4fd12bfffbf5P/Customized-Retro-Fashion-Sneakers-Lighted-Brushed-Thin.jpg?hasNWGrade=1,待逐图实看,"certified
Customized Retro Fashion Sneakers Lighted Brushed Thin Canvas Walking Shoes for Summer & Autumn Anti-Slip with PU Insole
$10.60-11.80
Min. Order: 300 pairs
336 sold
Chat now"
1601523713270,13,Trendy Casual Sports Men's Shoes Anti-Slip and Comfortable for Fitness and Sports Sizes 39-46 for All Seasons OEM & ODM,119,休闲及其他成鞋,336,公开显示数量；单位/周期/退货及变体范围未明,300,pairs,12.68,13.7,USD,卡片未留存计价单位，详情待核,2026-10-10T17:21:08.395Z,https://www.alibaba.com/product-detail/Trendy-Casual-Sports-Men-s-Shoes_1601523713270.html,https://s.alicdn.com/@sc04/kf/Hbed7b947d27440c597753e3bbe6d4371q/Trendy-Casual-Sports-Men-s-Shoes-Anti.jpg?hasNWGrade=1,待逐图实看,"certified
Trendy Casual Sports Men's Shoes Anti-Slip and Comfortable for Fitness and Sports Sizes 39-46 for All Seasons OEM & ODM
$12.68-13.70
Min. Order: 300 pairs
336 sold
Chat now"
1601593223645,31,High Quality Men's Spring Anti-Slip Flat Casual Shoes Customizable Barefoot Leather Wide Toe Design for Fitness Walking,119,赤足及极简概念鞋,336,公开显示数量；单位/周期/退货及变体范围未明,300,pieces,13.91,16.2,USD,卡片未留存计价单位，详情待核,2026-10-10T17:22:50.339Z,https://www.alibaba.com/product-detail/High-Quality-Men-s-Spring-Anti_1601593223645.html,https://s.alicdn.com/@sc04/kf/H4279c3ce249e43358ceeaaa3bf7b9af3o/High-Quality-Men-s-Spring-Anti-Slip.jpg?hasNWGrade=1,待逐图实看,"High Quality Men's Spring Anti-Slip Flat Casual Shoes Customizable Barefoot Leather Wide Toe Design for Fitness Walking
$13.91-16.20
Min. Order: 300 pieces
336 sold
Chat now"
1601869053290,21,KS Customized Wide Toe Box Barefoot Shoes Boys Girls Casual Non Slip Lightweight Breathable Comfortable First Walking,117,童鞋（不直接对标）,336,公开显示数量；单位/周期/退货及变体范围未明,300,pairs,9.0,10.88,USD,卡片未留存计价单位，详情待核,2026-10-10T17:21:56.894Z,https://www.alibaba.com/product-detail/KS-Customized-Wide-Toe-Box-Barefoot_1601869053290.html,https://s.alicdn.com/@sc04/kf/Hf91f42a90ea24ea9ae4ef2ac2544a1bbU/KS-Customized-Wide-Toe-Box-Barefoot-Shoes.jpg_480x480.jpg?hasNWGrade=1,待逐图实看,"KS Customized Wide Toe Box Barefoot Shoes Boys Girls Casual Non Slip Lightweight Breathable Comfortable First Walking
$9-10.88
Min. Order: 300 pairs
336 sold
Chat now"
1601869085648,21,KS Toe Plus Size Lightweight Casual Shoes Hiking Fitness Cycling Running Shoes Soft Sole Breathable Mesh Lining Fashion Trend,125,户外鞋靴,336,公开显示数量；单位/周期/退货及变体范围未明,2,pairs,10.5,11.6,USD,卡片未留存计价单位，详情待核,2026-10-10T17:21:56.894Z,https://www.alibaba.com/product-detail/KS-Toe-Plus-Size-Lightweight-Casual_1601869085648.html,https://s.alicdn.com/@sc04/kf/H12f56efa6db545e5afb4a7a4539f252eL/KS-Toe-Plus-Size-Lightweight-Casual-Shoes.jpg_480x480.jpg?hasNWGrade=1,待逐图实看,"certified
KS Toe Plus Size Lightweight Casual Shoes Hiking Fitness Cycling Running Shoes Soft Sole Breathable Mesh Lining Fashion Trend
$10.50-11.60
Min. Order: 2 pairs
336 sold
Chat now"
1601869089302,21,KS Custom Wide Toe Box Barefoot Sneakers Girls Boys Zero Drop Fashion Lightweight Breathable Non-Slip Comfortable Walking,121,童鞋（不直接对标）,336,公开显示数量；单位/周期/退货及变体范围未明,2,pairs,10.0,11.5,USD,卡片未留存计价单位，详情待核,2026-10-10T17:21:56.894Z,https://www.alibaba.com/product-detail/KS-Custom-Wide-Toe-Box-Barefoot_1601869089302.html,https://s.alicdn.com/@sc04/kf/H38104a1657ab4f7c9d15a1e799ca5d24a/KS-Custom-Wide-Toe-Box-Barefoot-Sneakers.jpg_480x480.jpg?hasNWGrade=1,待逐图实看,"KS Custom Wide Toe Box Barefoot Sneakers Girls Boys Zero Drop Fashion Lightweight Breathable Non-Slip Comfortable Walking
$10-11.50
Min. Order: 2 pairs
336 sold
Chat now"
1601869289965,21,KS Barefoot Zero Drop Wide Fashion Sneakers for Women & Men Mesh Lining Soft & Breathable Fitness Shoes Size 36-48 OEM/ODM,122,赤足及极简概念鞋,336,公开显示数量；单位/周期/退货及变体范围未明,2,pairs,10.5,11.66,USD,卡片未留存计价单位，详情待核,2026-10-10T17:21:56.894Z,https://www.alibaba.com/product-detail/KS-Barefoot-Zero-Drop-Wide-Fashion_1601869289965.html,https://s.alicdn.com/@sc04/kf/Hdb8a140af59f43a1895ac431857200d9n/KS-Barefoot-Zero-Drop-Wide-Fashion-Sneakers.jpg_480x480.jpg?hasNWGrade=1,待逐图实看,"certified
KS Barefoot Zero Drop Wide Fashion Sneakers for Women & Men Mesh Lining Soft & Breathable Fitness Shoes Size 36-48 OEM/ODM
$10.50-11.66
Min. Order: 2 pairs
336 sold
Chat now"
1601869320885,21,KS Men's Round Toe Slip on Barefoot Shoes | Minimalist Sneakers | Zero Drop Sole | Soft Breathable Fashion Trend | OEM&ODM,122,赤足及极简概念鞋,336,公开显示数量；单位/周期/退货及变体范围未明,2,pairs,14.2,15.9,USD,卡片未留存计价单位，详情待核,2026-10-10T17:21:56.894Z,https://www.alibaba.com/product-detail/KS-Men-s-Round-Toe-Slip_1601869320885.html,https://s.alicdn.com/@sc04/kf/H8cd7ff4d31934fdf8812ae359519e814N/KS-Men-s-Round-Toe-Slip-on.jpg_480x480.jpg?hasNWGrade=1,已实看：浅色套脚鞋，浅色背景,"certified
KS Men's Round Toe Slip on Barefoot Shoes | Minimalist Sneakers | Zero Drop Sole | Soft Breathable Fashion Trend | OEM&ODM
$14.20-15.90
Min. Order: 2 pairs
336 sold
Chat now"
1601870913141,21,KS Designer Retro Squat Shoes Zero Drop Weightlifting Hard Pull Fitness Breathable Mesh Upper Anti-Slip & Soft Fashion Trend OEM,128,赤足及极简概念鞋,336,公开显示数量；单位/周期/退货及变体范围未明,2,pairs,17.8,19.8,USD,卡片未留存计价单位，详情待核,2026-10-10T17:21:56.894Z,https://www.alibaba.com/product-detail/KS-Designer-Retro-Squat-Shoes-Zero_1601870913141.html,https://s.alicdn.com/@sc04/kf/H8da4cc1250214621b7531e62622e582e7/KS-Designer-Retro-Squat-Shoes-Zero-Drop.jpg_480x480.jpg?hasNWGrade=1,待逐图实看,"certified
KS Designer Retro Squat Shoes Zero Drop Weightlifting Hard Pull Fitness Breathable Mesh Upper Anti-Slip & Soft Fashion Trend OEM
$17.80-19.80
Min. Order: 2 pairs
336 sold
Chat now"
1601875668740,21,Custom Unisex Water Shoes for Boys Girls Outdoor Beach Swimming Shoes Lightweight Barefoot Quick-Dry Waterproof Sports Shoes,124,童鞋（不直接对标）,336,公开显示数量；单位/周期/退货及变体范围未明,300,pairs,7.46,8.17,USD,卡片未留存计价单位，详情待核,2026-10-10T17:21:56.894Z,https://www.alibaba.com/product-detail/Custom-Unisex-Water-Shoes-for-Boys_1601875668740.html,https://s.alicdn.com/@sc04/kf/H4e6f9b1d31d1411f907230312d9622aco/Custom-Unisex-Water-Shoes-for-Boys-Girls.jpg_480x480.jpg?hasNWGrade=1,待逐图实看,"Custom Unisex Water Shoes for Boys Girls Outdoor Beach Swimming Shoes Lightweight Barefoot Quick-Dry Waterproof Sports Shoes
$7.46-8.17
Min. Order: 300 pairs
336 sold
Chat now"
1601875710178,21,Custom Unisex Children's Barefoot Breathable Spring Water Shoes Lightweight Sports Shoes Drainage & Quick Drying Shoes,118,童鞋（不直接对标）,336,公开显示数量；单位/周期/退货及变体范围未明,300,pairs,6.78,7.32,USD,卡片未留存计价单位，详情待核,2026-10-10T17:21:56.894Z,https://www.alibaba.com/product-detail/Custom-Unisex-Children-s-Barefoot-Breathable_1601875710178.html,https://s.alicdn.com/@sc04/kf/H514c2bb2ff76442f93fc103ba715049dH/Custom-Unisex-Children-s-Barefoot-Breathable-Spring.jpg?hasNWGrade=1,待逐图实看,"Custom Unisex Children's Barefoot Breathable Spring Water Shoes Lightweight Sports Shoes Drainage & Quick Drying Shoes
$6.78-7.32
Min. Order: 300 pairs
336 sold
Chat now"
1601487339134,33,Custom Men's Wide Toe Barefoot Running Shoes Breathable Mesh Upper EVA Midsole Soft Rubber Outsole Shock-Absorbing Outdoor Shoes,128,赤足及极简概念鞋,330,公开显示数量；单位/周期/退货及变体范围未明,300,pairs,15.4,17.71,USD,卡片未留存计价单位，详情待核,2026-10-10T17:22:57.692Z,https://www.alibaba.com/product-detail/Custom-Men-s-Wide-Toe-Barefoot_1601487339134.html,https://s.alicdn.com/@sc04/kf/Hcd3d69b8096f480b82a2b778d9db3dcfT/Custom-Men-s-Wide-Toe-Barefoot-Running.jpg?hasNWGrade=1,待逐图实看,"certified
Custom Men's Wide Toe Barefoot Running Shoes Breathable Mesh Upper EVA Midsole Soft Rubber Outsole Shock-Absorbing Outdoor Shoes
$15.40-17.71
Min. Order: 300 pairs
330 sold
Chat now"
1601608179320,24,2026 Trending Men's Lightweight Hard-Wearing Custom Running Shoes Breathable Mesh Lace-up Sneakers Anti-Slip Winter Autumn,122,跑步运动鞋,321,公开显示数量；单位/周期/退货及变体范围未明,2,pieces,8.92,10.7,USD,卡片未留存计价单位，详情待核,2026-10-10T17:22:14.469Z,https://www.alibaba.com/product-detail/2026-Trending-Men-s-Lightweight-Hard_1601608179320.html,https://s.alicdn.com/@sc04/kf/Hdc3d40024c95407893e7a29823a2d256D/2026-Trending-Men-s-Lightweight-Hard-Wearing.jpg?hasNWGrade=1,待逐图实看,"certified
2026 Trending Men's Lightweight Hard-Wearing Custom Running Shoes Breathable Mesh Lace-up Sneakers Anti-Slip Winter Autumn
$8.92-10.70
Min. Order: 2 pieces
321 sold
Add to cart
Chat now"
1601727855963,26,Large Size Wide Toe Soft Anti-slip Rubber Sole Stretch Fabric Sports Casual Walking Shoes Breathable Knitted Customized,119,针织套脚及乐福鞋,321,公开显示数量；单位/周期/退货及变体范围未明,2,pairs,9.65,10.77,USD,卡片未留存计价单位，详情待核,2026-10-10T17:22:33.302Z,https://www.alibaba.com/product-detail/Large-Size-Wide-Toe-Soft-Anti_1601727855963.html,https://s.alicdn.com/@sc04/kf/H3de3bd0949c34635be79c3ed39983e52t/Large-Size-Wide-Toe-Soft-Anti-slip.jpg?hasNWGrade=1,已实看：灰色针织外观鞋，浅色背景,"Large Size Wide Toe Soft Anti-slip Rubber Sole Stretch Fabric Sports Casual Walking Shoes Breathable Knitted Customized
$9.65-10.77
Min. Order: 2 pairs
321 sold
Add to cart
Chat now"
1601929043453,3,KS Men's Retro Running Shoes Lightweight Anti-Slip Breathable Mesh Chunky Dad Sneakers Summer Autumn Multi Color,112,跑步运动鞋,321,公开显示数量；单位/周期/退货及变体范围未明,300,pieces,14.29,16.34,USD,卡片未留存计价单位，详情待核,2026-10-10T17:18:51.080Z,https://www.alibaba.com/product-detail/KS-Men-s-Retro-Running-Shoes_1601929043453.html,https://s.alicdn.com/@sc04/kf/Hefb2f5de3aea4ae8883d2a082bc89567B/KS-Men-s-Retro-Running-Shoes-Lightweight.jpg_480x480.jpg?hasNWGrade=1,待逐图实看,"KS Men's Retro Running Shoes Lightweight Anti-Slip Breathable Mesh Chunky Dad Sneakers Summer Autumn Multi Color
$14.29-16.34
Min. Order: 300 pieces
321 sold
Chat now"
1601920543651,3,KS Custom OEM ODM Men's Badminton & Pickleball Shoe Rubber Outsole Anti-Slip Wear Proof Comfortable Lightweight,111,球类运动鞋,320,公开显示数量；单位/周期/退货及变体范围未明,500,pairs,2.11,3.3,USD,卡片未留存计价单位，详情待核,2026-10-10T17:18:51.080Z,https://www.alibaba.com/product-detail/KS-Custom-OEM-ODM-Men-s_1601920543651.html,https://s.alicdn.com/@sc04/kf/H9a34dc546bd3421dbbd0cc5b973ff508s/KS-Custom-OEM-ODM-Men-s-Badminton.jpg_480x480.jpg?hasNWGrade=1,待逐图实看,"KS Custom OEM ODM Men's Badminton & Pickleball Shoe Rubber Outsole Anti-Slip Wear Proof Comfortable Lightweight
$2.11-3.30
Min. Order: 500 pairs
320 sold
Chat now"
1601920613225,3,Custom Lightweight Anti-Slip Pickleball & Badminton Outsole High Grip Rubber Sports Shoes Sole for Men OEM ODM,110,球类运动鞋,320,公开显示数量；单位/周期/退货及变体范围未明,500,pairs,2.11,3.3,USD,卡片未留存计价单位，详情待核,2026-10-10T17:18:51.080Z,https://www.alibaba.com/product-detail/Custom-Lightweight-Anti-Slip-Pickleball-Badminton_1601920613225.html,https://s.alicdn.com/@sc04/kf/H8cbef46ff7ad4657ab1b6db1c40d8525A/Custom-Lightweight-Anti-Slip-Pickleball-Badminton-Outsole.jpg_480x480.jpg?hasNWGrade=1,待逐图实看,"Custom Lightweight Anti-Slip Pickleball & Badminton Outsole High Grip Rubber Sports Shoes Sole for Men OEM ODM
$2.11-3.30
Min. Order: 500 pairs
320 sold
Chat now"
1601920613267,4,Original Factory Customized Men's Lightweight Badminton Pickleball Rubber Outsole Anti-Slip Wear Resistant Sports Footwear,122,球类运动鞋,320,公开显示数量；单位/周期/退货及变体范围未明,500,pairs,2.11,3.3,USD,卡片未留存计价单位，详情待核,2026-10-10T17:20:13.221Z,https://www.alibaba.com/product-detail/Original-Factory-Customized-Men-s-Lightweight_1601920613267.html,https://s.alicdn.com/@sc04/kf/H8e820cdd12c14fffbf4a0c1425caffadm/Original-Factory-Customized-Men-s-Lightweight-Badminton.jpg_480x480.jpg?hasNWGrade=1,待逐图实看,"Original Factory Customized Men's Lightweight Badminton Pickleball Rubber Outsole Anti-Slip Wear Resistant Sports Footwear
$2.11-3.30
Min. Order: 500 pairs
320 sold
Chat now"
1601920763918,4,KS Custom Men's Lightweight Anti-Slip Pickleball Shoe Outsole OEM ODM High Traction Rubber Sports Sole Original Factory,119,鞋底鞋垫部件,320,公开显示数量；单位/周期/退货及变体范围未明,500,pairs,2.11,3.3,USD,卡片未留存计价单位，详情待核,2026-10-10T17:20:13.221Z,https://www.alibaba.com/product-detail/KS-Custom-Men-s-Lightweight-Anti_1601920763918.html,https://s.alicdn.com/@sc04/kf/H927052ceba7c4bffa456e355164e9157A/KS-Custom-Men-s-Lightweight-Anti-Slip.jpg_480x480.jpg?hasNWGrade=1,待逐图实看,"KS Custom Men's Lightweight Anti-Slip Pickleball Shoe Outsole OEM ODM High Traction Rubber Sports Sole Original Factory
$2.11-3.30
Min. Order: 500 pairs
320 sold
Chat now"
1601920801831,5,Pickleball Sport Shoe Rubber Outsole Lightweight Anti-Slip Sole Custom Design Men's Pickleball Footwear Model P7,112,球类运动鞋,320,公开显示数量；单位/周期/退货及变体范围未明,500,pairs,2.11,3.3,USD,卡片未留存计价单位，详情待核,2026-10-10T17:20:16.254Z,https://www.alibaba.com/product-detail/Pickleball-Sport-Shoe-Rubber-Outsole-Lightweight_1601920801831.html,https://s.alicdn.com/@sc04/kf/H3e1e1332120a4d73a71b2bb10b13f4f4L/Pickleball-Sport-Shoe-Rubber-Outsole-Lightweight-Anti.jpg_480x480.jpg?hasNWGrade=1,待逐图实看,"Pickleball Sport Shoe Rubber Outsole Lightweight Anti-Slip Sole Custom Design Men's Pickleball Footwear Model P7
$2.11-3.30
Min. Order: 500 pairs
320 sold
Chat now"
1601920826659,5,High Performance Lightweight Anti-Slip Comfortable Men's Badminton Sports Shoe Custom Pattern Rubber Outsole Outdoor,116,球类运动鞋,320,公开显示数量；单位/周期/退货及变体范围未明,500,pairs,2.11,3.3,USD,卡片未留存计价单位，详情待核,2026-10-10T17:20:16.254Z,https://www.alibaba.com/product-detail/High-Performance-Lightweight-Anti-Slip-Comfortable_1601920826659.html,https://s.alicdn.com/@sc04/kf/H3d2963496c8441f694b114a9ee4e4dc27/High-Performance-Lightweight-Anti-Slip-Comfortable-Men.jpg_480x480.jpg?hasNWGrade=1,待逐图实看,"High Performance Lightweight Anti-Slip Comfortable Men's Badminton Sports Shoe Custom Pattern Rubber Outsole Outdoor
$2.11-3.30
Min. Order: 500 pairs
320 sold
Chat now"
1601920896284,6,KS OEM Custom Men's Pickleball Shoe Outsole Anti-Slip High Grip Rubber Sole Indoor Court Sport Footwear,103,鞋底鞋垫部件,320,公开显示数量；单位/周期/退货及变体范围未明,500,pairs,2.11,3.3,USD,卡片未留存计价单位，详情待核,2026-10-10T17:20:20.240Z,https://www.alibaba.com/product-detail/KS-OEM-Custom-Men-s-Pickleball_1601920896284.html,https://s.alicdn.com/@sc04/kf/H33049ae5391a4630a9262dc4d27dc2bbf/KS-OEM-Custom-Men-s-Pickleball-Shoe.jpg_480x480.jpg?hasNWGrade=1,待逐图实看,"KS OEM Custom Men's Pickleball Shoe Outsole Anti-Slip High Grip Rubber Sole Indoor Court Sport Footwear
$2.11-3.30
Min. Order: 500 pairs
320 sold
Chat now"
1601921606599,4,OEM ODM Custom Logo Unisex Badminton Sneakers Breathable Mesh Anti Slip Lace-up Spring Summer Court Sports Shoes Custom Color,125,球类运动鞋,320,公开显示数量；单位/周期/退货及变体范围未明,300,pieces,16.85,18.33,USD,卡片未留存计价单位，详情待核,2026-10-10T17:20:13.221Z,https://www.alibaba.com/product-detail/OEM-ODM-Custom-Logo-Unisex-Badminton_1601921606599.html,https://s.alicdn.com/@sc04/kf/H1ffc0c822da441269f4243dce70c44a6T/OEM-ODM-Custom-Logo-Unisex-Badminton-Sneakers.jpg_480x480.jpg?hasNWGrade=1,待逐图实看,"OEM ODM Custom Logo Unisex Badminton Sneakers Breathable Mesh Anti Slip Lace-up Spring Summer Court Sports Shoes Custom Color
$16.85-18.33
Min. Order: 300 pieces
320 sold
Chat now"
1601923335067,5,Factory Wholesale Custom Children Barefoot Walking Shoes Wide Toe Box Flexible Soft Rubber Outsole Anti-Slip Double Velcro Mesh,127,童鞋（不直接对标）,320,公开显示数量；单位/周期/退货及变体范围未明,300,pairs,9.78,10.6,USD,卡片未留存计价单位，详情待核,2026-10-10T17:20:16.254Z,https://www.alibaba.com/product-detail/Factory-Wholesale-Custom-Children-Barefoot-Walking_1601923335067.html,https://s.alicdn.com/@sc04/kf/Hdf4181b166a543e7b2568f6f07d66e852/Factory-Wholesale-Custom-Children-Barefoot-Walking-Shoes.jpg?hasNWGrade=1,待逐图实看,"Factory Wholesale Custom Children Barefoot Walking Shoes Wide Toe Box Flexible Soft Rubber Outsole Anti-Slip Double Velcro Mesh
$9.78-10.60
Min. Order: 300 pairs
320 sold
Chat now"
1601926511960,1,OEM ODM KS LD55 Women Mesh Chunky Sneakers Breathable Thick Sole Dad Shoes Custom Logo Fashion Casual Sport Footwear All Seasons,128,休闲及其他成鞋,320,公开显示数量；单位/周期/退货及变体范围未明,2,pieces,10.65,12.2,USD,卡片未留存计价单位，详情待核,2026-10-10T17:17:42.929Z,https://www.alibaba.com/product-detail/OEM-ODM-KS-LD55-Women-Mesh_1601926511960.html,https://s.alicdn.com/@sc04/kf/H710fa53023ba41afb981134e0271ba4e2/OEM-ODM-KS-LD55-Women-Mesh-Chunky.jpg_480x480.jpg?hasNWGrade=1,待逐图实看,"certified
OEM ODM KS LD55 Women Mesh Chunky Sneakers Breathable Thick Sole Dad Shoes Custom Logo Fashion Casual Sport Footwear All Seasons
$10.65-12.20
Min. Order: 2 pieces
320 sold
Add to cart
Chat now"
1601928885819,3,KS Custom Logo Summer Outdoor Hiking Shoes Men Breathable Mesh Upper Non-Slip Thick Sole Trekking Sneakers Size 48,114,户外鞋靴,320,公开显示数量；单位/周期/退货及变体范围未明,300,pairs,15.36,16.54,USD,卡片未留存计价单位，详情待核,2026-10-10T17:18:51.080Z,https://www.alibaba.com/product-detail/KS-Custom-Logo-Summer-Outdoor-Hiking_1601928885819.html,https://s.alicdn.com/@sc04/kf/H1a6dbc8b8da640bf9f56d91b19458d43E/KS-Custom-Logo-Summer-Outdoor-Hiking-Shoes.jpg_480x480.jpg?hasNWGrade=1,待逐图实看,"certified
KS Custom Logo Summer Outdoor Hiking Shoes Men Breathable Mesh Upper Non-Slip Thick Sole Trekking Sneakers Size 48
$15.36-16.54
Min. Order: 300 pairs
320 sold
Chat now"
1601928902844,5,KS Kids Outdoor Hiking Sneakers Custom Logo Quick Lacing System Mesh Trekking Shoes EVA Midsole Custom Color,108,童鞋（不直接对标）,320,公开显示数量；单位/周期/退货及变体范围未明,300,pairs,7.28,8.4,USD,卡片未留存计价单位，详情待核,2026-10-10T17:20:16.254Z,https://www.alibaba.com/product-detail/KS-Kids-Outdoor-Hiking-Sneakers-Custom_1601928902844.html,https://s.alicdn.com/@sc04/kf/H3a6532e05b894cbd91b42622ab3de1afV/KS-Kids-Outdoor-Hiking-Sneakers-Custom-Logo.jpg_480x480.jpg?hasNWGrade=1,待逐图实看,"certified
KS Kids Outdoor Hiking Sneakers Custom Logo Quick Lacing System Mesh Trekking Shoes EVA Midsole Custom Color
$7.28-8.40
Min. Order: 300 pairs
320 sold
Chat now"
1601928918364,4,Customized Logo Retro Color Blocks Mixed Texture Breathable Slip Resistant Comfort Commuter Upper Men's Casual Board Shoes,122,休闲及其他成鞋,320,公开显示数量；单位/周期/退货及变体范围未明,300,pairs,11.5,13.4,USD,卡片未留存计价单位，详情待核,2026-10-10T17:20:13.221Z,https://www.alibaba.com/product-detail/Customized-Logo-Retro-Color-Blocks-Mixed_1601928918364.html,https://s.alicdn.com/@sc04/kf/H35ce5d261bc3443bae647246ca2a0310Q/Customized-Logo-Retro-Color-Blocks-Mixed-Texture.jpg_480x480.jpg?hasNWGrade=1,待逐图实看,"certified
Customized Logo Retro Color Blocks Mixed Texture Breathable Slip Resistant Comfort Commuter Upper Men's Casual Board Shoes
$11.50-13.40
Min. Order: 300 pairs
320 sold
Chat now"
1601928954217,3,KS Luxury Comfort Skate Shoes Breathable Mesh Upper Rubber Outsole Lace-Up Closure Retro All Seasons Men's Skateboard Sneakers,126,休闲及其他成鞋,320,公开显示数量；单位/周期/退货及变体范围未明,300,pairs,9.9,11.39,USD,卡片未留存计价单位，详情待核,2026-10-10T17:18:51.080Z,https://www.alibaba.com/product-detail/KS-Luxury-Comfort-Skate-Shoes-Breathable_1601928954217.html,https://s.alicdn.com/@sc04/kf/H472a9123abae44d09d606b8735a4fa67d/KS-Luxury-Comfort-Skate-Shoes-Breathable-Mesh.jpg_480x480.jpg?hasNWGrade=1,待逐图实看,"KS Luxury Comfort Skate Shoes Breathable Mesh Upper Rubber Outsole Lace-Up Closure Retro All Seasons Men's Skateboard Sneakers
$9.90-11.39
Min. Order: 300 pairs
320 sold
Chat now"
1601935009968,6,Custom Logo Men Skate Sneakers Denim Canvas Patchwork Casual Board Shoes Breathable Soft Fashion Trend Custom Color Footwear,124,休闲及其他成鞋,320,公开显示数量；单位/周期/退货及变体范围未明,300,pairs,12.54,14.11,USD,卡片未留存计价单位，详情待核,2026-10-10T17:20:20.240Z,https://www.alibaba.com/product-detail/Custom-Logo-Men-Skate-Sneakers-Denim_1601935009968.html,https://s.alicdn.com/@sc04/kf/H0cce6df9229c48d087a1e7a0ae5dae10l/Custom-Logo-Men-Skate-Sneakers-Denim-Canvas.jpg?hasNWGrade=1,待逐图实看,"certified
Custom Logo Men Skate Sneakers Denim Canvas Patchwork Casual Board Shoes Breathable Soft Fashion Trend Custom Color Footwear
$12.54-14.11
Min. Order: 300 pairs
320 sold
Chat now"
1601935117707,5,China Factory Toe Men Casual Sneakers OEM ODM Custom Logo Retro German Trainer Comfort Walking Footwear Mesh Soft Fashion Trend,127,休闲及其他成鞋,320,公开显示数量；单位/周期/退货及变体范围未明,300,pairs,8.45,9.84,USD,卡片未留存计价单位，详情待核,2026-10-10T17:20:16.254Z,https://www.alibaba.com/product-detail/China-Factory-Toe-Men-Casual-Sneakers_1601935117707.html,https://s.alicdn.com/@sc04/kf/Ha207411bf9f645939db4b5c51c1c412ah/China-Factory-Toe-Men-Casual-Sneakers-OEM.jpg?hasNWGrade=1,待逐图实看,"certified
China Factory Toe Men Casual Sneakers OEM ODM Custom Logo Retro German Trainer Comfort Walking Footwear Mesh Soft Fashion Trend
$8.45-9.84
Min. Order: 300 pairs
320 sold
Chat now"
1601935147666,5,Men High Performance Light Weight Breathable Lace-Up Winter Basketball Shoes Shock Absorbing Non-Slip Professional Sports,121,球类运动鞋,320,公开显示数量；单位/周期/退货及变体范围未明,300,pairs,12.11,13.78,USD,卡片未留存计价单位，详情待核,2026-10-10T17:20:16.254Z,https://www.alibaba.com/product-detail/Men-High-Performance-Light-Weight-Breathable_1601935147666.html,https://s.alicdn.com/@sc04/kf/H27789e4ff47a4282a0d06bf1c3449eddc/Men-High-Performance-Light-Weight-Breathable-Lace.jpg_480x480.jpg?hasNWGrade=1,待逐图实看,"Men High Performance Light Weight Breathable Lace-Up Winter Basketball Shoes Shock Absorbing Non-Slip Professional Sports
$12.11-13.78
Min. Order: 300 pairs
320 sold
Chat now"
1601935190055,6,Wholesale Men Professional Basketball Shoes Breathable Mesh High Top Sports Sneakers Comfort Soft Autumn Custom Design Footwear,127,球类运动鞋,320,公开显示数量；单位/周期/退货及变体范围未明,300,pairs,11.2,13.72,USD,卡片未留存计价单位，详情待核,2026-10-10T17:20:20.240Z,https://www.alibaba.com/product-detail/Wholesale-Men-Professional-Basketball-Shoes-Breathable_1601935190055.html,https://s.alicdn.com/@sc04/kf/Hfca0f4cbcaeb42be934c139e8c540e64e/Wholesale-Men-Professional-Basketball-Shoes-Breathable-Mesh.jpg?hasNWGrade=1,待逐图实看,"Wholesale Men Professional Basketball Shoes Breathable Mesh High Top Sports Sneakers Comfort Soft Autumn Custom Design Footwear
$11.20-13.72
Min. Order: 300 pairs
320 sold
Chat now"
1601935260391,5,Custom Logo Men Soft Breathable Comfortable Plain White Mesh Upper Rubber Outsole Wide Toe Sneakers Blank Casual Board Shoes,124,休闲及其他成鞋,320,公开显示数量；单位/周期/退货及变体范围未明,300,pairs,11.2,12.5,USD,卡片未留存计价单位，详情待核,2026-10-10T17:20:16.254Z,https://www.alibaba.com/product-detail/Custom-Logo-Men-Soft-Breathable-Comfortable_1601935260391.html,https://s.alicdn.com/@sc04/kf/Hd7fb4d31182e49bfb50ef8de31991cdao/Custom-Logo-Men-Soft-Breathable-Comfortable-Plain.jpg_480x480.jpg?hasNWGrade=1,待逐图实看,"Custom Logo Men Soft Breathable Comfortable Plain White Mesh Upper Rubber Outsole Wide Toe Sneakers Blank Casual Board Shoes
$11.20-12.50
Min. Order: 300 pairs
320 sold
Chat now"
1601936017547,5,Custom Logo Men Women Elderly Retro Walking Shoes Mesh Lining Elastic Fly Knit Slip Comfort Cushion Casual Senior Sneakers,122,针织套脚及乐福鞋,320,公开显示数量；单位/周期/退货及变体范围未明,300,pairs,9.87,11.24,USD,卡片未留存计价单位，详情待核,2026-10-10T17:20:16.254Z,https://www.alibaba.com/product-detail/Custom-Logo-Men-Women-Elderly-Retro_1601936017547.html,https://s.alicdn.com/@sc04/kf/H1928186fb4644a6b9de8f0117f558eb9S/Custom-Logo-Men-Women-Elderly-Retro-Walking.jpg_480x480.jpg?hasNWGrade=1,待逐图实看,"certified
Custom Logo Men Women Elderly Retro Walking Shoes Mesh Lining Elastic Fly Knit Slip Comfort Cushion Casual Senior Sneakers
$9.87-11.24
Min. Order: 300 pairs
320 sold
Chat now"
1601936044479,5,Wholesale Breathable Fashion Trend Non-Slip Senior Hiking Walking Shoes OEM ODM Custom Logo Fly Knit Slip-On Casual Shoes,121,针织套脚及乐福鞋,320,公开显示数量；单位/周期/退货及变体范围未明,300,pairs,10.89,12.1,USD,卡片未留存计价单位，详情待核,2026-10-10T17:20:16.254Z,https://www.alibaba.com/product-detail/Wholesale-Breathable-Fashion-Trend-Non-Slip_1601936044479.html,https://s.alicdn.com/@sc04/kf/H557831a84dfb4766821239ef1de2f25b6/Wholesale-Breathable-Fashion-Trend-Non-Slip-Senior.jpg_480x480.jpg?hasNWGrade=1,待逐图实看,"Wholesale Breathable Fashion Trend Non-Slip Senior Hiking Walking Shoes OEM ODM Custom Logo Fly Knit Slip-On Casual Shoes
$10.89-12.10
Min. Order: 300 pairs
320 sold
Chat now"
1601936118606,5,Men Women OEM Lightweight Toe Slip-On Walking Shoes Breathable Mesh Lining Anti-Slip Comfort Evergreen Spring Casual Sneakers,125,针织套脚及乐福鞋,320,公开显示数量；单位/周期/退货及变体范围未明,300,pairs,10.68,12.11,USD,卡片未留存计价单位，详情待核,2026-10-10T17:20:16.254Z,https://www.alibaba.com/product-detail/Men-Women-OEM-Lightweight-Toe-Slip_1601936118606.html,https://s.alicdn.com/@sc04/kf/H94cf2579b5be4355a2c92349d9df61bdv/Men-Women-OEM-Lightweight-Toe-Slip-On.jpg_480x480.jpg?hasNWGrade=1,待逐图实看,"certified
Men Women OEM Lightweight Toe Slip-On Walking Shoes Breathable Mesh Lining Anti-Slip Comfort Evergreen Spring Casual Sneakers
$10.68-12.11
Min. Order: 300 pairs
320 sold
Chat now"
1601936278066,6,Lightweight Breathable Anti-Slip Walking Shoes Soft Mesh Lining Fashion Trend Slip-On Closure Custom Logo Secure Fit,116,针织套脚及乐福鞋,320,公开显示数量；单位/周期/退货及变体范围未明,300,pairs,9.0,10.0,USD,卡片未留存计价单位，详情待核,2026-10-10T17:20:20.240Z,https://www.alibaba.com/product-detail/Lightweight-Breathable-Anti-Slip-Walking-Shoes_1601936278066.html,https://s.alicdn.com/@sc04/kf/He2f43fe75c2b418d940480e7800e1f61B/Lightweight-Breathable-Anti-Slip-Walking-Shoes-Soft.jpg_480x480.jpg?hasNWGrade=1,待逐图实看,"Lightweight Breathable Anti-Slip Walking Shoes Soft Mesh Lining Fashion Trend Slip-On Closure Custom Logo Secure Fit
$9-10
Min. Order: 300 pairs
320 sold
Chat now"
1601727554946,26,Men's Big Size Thick Sole Fashion Trendy Board Shoes Anti-Slip Comfort Lace-Up Closure Sports & Casual Walking Shoes All Seasons,128,休闲及其他成鞋,316,公开显示数量；单位/周期/退货及变体范围未明,2,pairs,7.7,8.7,USD,卡片未留存计价单位，详情待核,2026-10-10T17:22:33.302Z,https://www.alibaba.com/product-detail/Men-s-Big-Size-Thick-Sole_1601727554946.html,https://s.alicdn.com/@sc04/kf/H5ac1d04b96a74d9e84f3797875d715daL/Men-s-Big-Size-Thick-Sole-Fashion.jpg?hasNWGrade=1,待逐图实看,"certified
Men's Big Size Thick Sole Fashion Trendy Board Shoes Anti-Slip Comfort Lace-Up Closure Sports & Casual Walking Shoes All Seasons
$7.70-8.70
Min. Order: 2 pairs
316 sold
Add to cart
Chat now"
1601523563854,17,Wholesale New Custom Men's Mesh Sneakers Breathable Lightweight Lace-Up Walking & Running Shoes for All Seasons,111,跑步运动鞋,315,公开显示数量；单位/周期/退货及变体范围未明,2,pieces,8.91,10.28,USD,卡片未留存计价单位，详情待核,2026-10-10T17:21:35.394Z,https://www.alibaba.com/product-detail/Wholesale-New-Custom-Men-s-Mesh_1601523563854.html,https://s.alicdn.com/@sc04/kf/Hed574f167d854ebeb13ab0fbd3c7c300c/Wholesale-New-Custom-Men-s-Mesh-Sneakers.jpg?hasNWGrade=1,待逐图实看,"certified
Wholesale New Custom Men's Mesh Sneakers Breathable Lightweight Lace-Up Walking & Running Shoes for All Seasons
$8.91-10.28
Min. Order: 2 pieces
315 sold
Add to cart
Chat now"
1601920878729,4,Fashion Low Top Platform Skate Shoes Custom Color Custom Material Casual Sneaker OEM ODM Private Label,102,休闲及其他成鞋,315,公开显示数量；单位/周期/退货及变体范围未明,300,pieces,11.0,13.2,USD,卡片未留存计价单位，详情待核,2026-10-10T17:20:13.221Z,https://www.alibaba.com/product-detail/Fashion-Low-Top-Platform-Skate-Shoes_1601920878729.html,https://s.alicdn.com/@sc04/kf/Hb256d0887b5f4d8e9403b1d7a5248940U/Fashion-Low-Top-Platform-Skate-Shoes-Custom.jpg_480x480.jpg?hasNWGrade=1,待逐图实看,"certified
Fashion Low Top Platform Skate Shoes Custom Color Custom Material Casual Sneaker OEM ODM Private Label
$11-13.20
Min. Order: 300 pieces
315 sold
Chat now"
1601920985058,2,Unisex Retro Walking German Trainer Shoes Lace-up Mesh Breathable Anti-Slip Suede Upper Custom Design Casual Sneakers OEM ODM,125,休闲及其他成鞋,315,公开显示数量；单位/周期/退货及变体范围未明,300,pieces,11.84,13.31,USD,卡片未留存计价单位，详情待核,2026-10-10T17:18:42.455Z,https://www.alibaba.com/product-detail/Unisex-Retro-Walking-German-Trainer-Shoes_1601920985058.html,https://s.alicdn.com/@sc04/kf/H3966f2576d0f4af7975b9e41361c5457y/Unisex-Retro-Walking-German-Trainer-Shoes-Lace.jpg_480x480.jpg?hasNWGrade=1,待逐图实看,"certified
Unisex Retro Walking German Trainer Shoes Lace-up Mesh Breathable Anti-Slip Suede Upper Custom Design Casual Sneakers OEM ODM
$11.84-13.31
Min. Order: 300 pieces
315 sold
Chat now"
1601928773888,4,OEM ODM Custom Logo Men Retro Trainer Shoes Leather Suede Upper Lace up Flat Casual Shoes Custom Style for Wholesale,116,休闲及其他成鞋,315,公开显示数量；单位/周期/退货及变体范围未明,300,pairs,9.9,13.63,USD,卡片未留存计价单位，详情待核,2026-10-10T17:20:13.221Z,https://www.alibaba.com/product-detail/OEM-ODM-Custom-Logo-Men-Retro_1601928773888.html,https://s.alicdn.com/@sc04/kf/H1f7c1118628e4d9b94a78ed9f5c0f68cm/OEM-ODM-Custom-Logo-Men-Retro-Trainer.jpg_480x480.jpg?hasNWGrade=1,待逐图实看,"certified
OEM ODM Custom Logo Men Retro Trainer Shoes Leather Suede Upper Lace up Flat Casual Shoes Custom Style for Wholesale
$9.90-13.63
Min. Order: 300 pairs
315 sold
Chat now"
1601920537246,6,Badminton Pickleball Men's Shoe Outsole OEM ODM Custom Anti-Slip Rubber Sports Shoe Sole Original Factory,105,鞋底鞋垫部件,312,公开显示数量；单位/周期/退货及变体范围未明,500,pairs,2.11,3.3,USD,卡片未留存计价单位，详情待核,2026-10-10T17:20:20.240Z,https://www.alibaba.com/product-detail/Badminton-Pickleball-Men-s-Shoe-Outsole_1601920537246.html,https://s.alicdn.com/@sc04/kf/H9fe7862aa5924beab6ca529d0a6a11326/Badminton-Pickleball-Men-s-Shoe-Outsole-OEM.jpg_480x480.jpg?hasNWGrade=1,待逐图实看,"Badminton Pickleball Men's Shoe Outsole OEM ODM Custom Anti-Slip Rubber Sports Shoe Sole Original Factory
$2.11-3.30
Min. Order: 500 pairs
312 sold
Chat now"
1601920780977,3,KS Professional Pickleball Court Shoe Sole Customized Rubber Outsole OEM ODM Sports Footwear Sole Supplier,106,鞋底鞋垫部件,312,公开显示数量；单位/周期/退货及变体范围未明,500,pairs,2.11,3.3,USD,卡片未留存计价单位，详情待核,2026-10-10T17:18:51.080Z,https://www.alibaba.com/product-detail/KS-Professional-Pickleball-Court-Shoe-Sole_1601920780977.html,https://s.alicdn.com/@sc04/kf/Hbd19da326b604d5c837ba0d3acb9e56bb/KS-Professional-Pickleball-Court-Shoe-Sole-Customized.jpg_480x480.jpg?hasNWGrade=1,待逐图实看,"KS Professional Pickleball Court Shoe Sole Customized Rubber Outsole OEM ODM Sports Footwear Sole Supplier
$2.11-3.30
Min. Order: 500 pairs
312 sold
Chat now"
1601921155141,6,Trendy Checkered Fabric Platform Skateboard Shoes Unisex Casual Sneaker Breathable Mesh Anti-Slip All Seasons OEM ODM Supplier,126,休闲及其他成鞋,312,公开显示数量；单位/周期/退货及变体范围未明,300,pairs,11.32,12.58,USD,卡片未留存计价单位，详情待核,2026-10-10T17:20:20.240Z,https://www.alibaba.com/product-detail/Trendy-Checkered-Fabric-Platform-Skateboard-Shoes_1601921155141.html,https://s.alicdn.com/@sc04/kf/H6470b767cefc49e390f0c6ec0b712b4bQ/Trendy-Checkered-Fabric-Platform-Skateboard-Shoes-Unisex.jpg_480x480.jpg?hasNWGrade=1,待逐图实看,"certified
Trendy Checkered Fabric Platform Skateboard Shoes Unisex Casual Sneaker Breathable Mesh Anti-Slip All Seasons OEM ODM Supplier
$11.32-12.58
Min. Order: 300 pairs
312 sold
Chat now"
1601921684453,3,Wholesale Custom Wide Toe Barefoot Trainer Shoes Flexible Flat Gum Outsole Minimal Walking Sneaker Custom Brand Logo,116,赤足及极简概念鞋,312,公开显示数量；单位/周期/退货及变体范围未明,300,pairs,10.6,11.83,USD,卡片未留存计价单位，详情待核,2026-10-10T17:18:51.080Z,https://www.alibaba.com/product-detail/Wholesale-Custom-Wide-Toe-Barefoot-Trainer_1601921684453.html,https://s.alicdn.com/@sc04/kf/Hcad2d0b2780a47db9fb7ee65200b9422L/Wholesale-Custom-Wide-Toe-Barefoot-Trainer-Shoes.jpg_480x480.jpg?hasNWGrade=1,待逐图实看,"certified
Wholesale Custom Wide Toe Barefoot Trainer Shoes Flexible Flat Gum Outsole Minimal Walking Sneaker Custom Brand Logo
$10.60-11.83
Min. Order: 300 pairs
312 sold
Chat now"
1601923302807,3,Factory Wholesale Custom Retro Chunky Sneakers Suede Mesh Patchwork Thick Cushion Platform Casual Shoes Height Increasing,121,休闲及其他成鞋,312,公开显示数量；单位/周期/退货及变体范围未明,300,pieces,12.5,13.98,USD,卡片未留存计价单位，详情待核,2026-10-10T17:18:51.080Z,https://www.alibaba.com/product-detail/Factory-Wholesale-Custom-Retro-Chunky-Sneakers_1601923302807.html,https://s.alicdn.com/@sc04/kf/H777dd401ad654c78a1bdef6616ad89199/Factory-Wholesale-Custom-Retro-Chunky-Sneakers-Suede.jpg_480x480.jpg?hasNWGrade=1,待逐图实看,"Factory Wholesale Custom Retro Chunky Sneakers Suede Mesh Patchwork Thick Cushion Platform Casual Shoes Height Increasing
$12.50-13.98
Min. Order: 300 pieces
312 sold
Chat now"
1601928857351,6,Factory OEM ODM Custom Logo KS Spring Men Platform Skateboard Shoes Suede Mesh Upper Thick Sole Casual Sneakers Custom Color,124,休闲及其他成鞋,312,公开显示数量；单位/周期/退货及变体范围未明,300,pieces,9.9,11.87,USD,卡片未留存计价单位，详情待核,2026-10-10T17:20:20.240Z,https://www.alibaba.com/product-detail/Factory-OEM-ODM-Custom-Logo-KS_1601928857351.html,https://s.alicdn.com/@sc04/kf/H2e25941ab6b44e208e81f73e62a2de6fg/Factory-OEM-ODM-Custom-Logo-KS-Spring.jpg_480x480.jpg?hasNWGrade=1,待逐图实看,"Factory OEM ODM Custom Logo KS Spring Men Platform Skateboard Shoes Suede Mesh Upper Thick Sole Casual Sneakers Custom Color
$9.90-11.87
Min. Order: 300 pieces
312 sold
Chat now"
1601603414311,19,Autumn and Winter Men's Lace-Up High-Top Sneakers Anti-Slip Cushioning Walking Shoes Printed Casual Custom-Made,111,休闲及其他成鞋,310,公开显示数量；单位/周期/退货及变体范围未明,2,pairs,9.38,10.77,USD,卡片未留存计价单位，详情待核,2026-10-10T17:21:45.677Z,https://www.alibaba.com/product-detail/Autumn-and-Winter-Men-s-Lace_1601603414311.html,https://s.alicdn.com/@sc04/kf/H308c8589eeaf467390b163f85dbbfe88q/Autumn-and-Winter-Men-s-Lace-Up.jpg?hasNWGrade=1,待逐图实看,"00:15
certified
Autumn and Winter Men's Lace-Up High-Top Sneakers Anti-Slip Cushioning Walking Shoes Printed Casual Custom-Made
$9.38-10.77
Min. Order: 2 pairs
310 sold
Chat now"
1601616928292,29,KS Professional Table Tennis Badminton Pickleball Running Sneakers PU Upper Rubber Midsole Mesh Lining Men Summer Model M986,124,球类运动鞋,307,公开显示数量；单位/周期/退货及变体范围未明,2,pieces,15.72,18.22,USD,卡片未留存计价单位，详情待核,2026-10-10T17:22:43.759Z,https://www.alibaba.com/product-detail/KS-Professional-Table-Tennis-Badminton-Pickleball_1601616928292.html,https://s.alicdn.com/@sc04/kf/Hdc2cbc59eca6432f9b6576502a93a161F/KS-Professional-Table-Tennis-Badminton-Pickleball-Running.jpg?hasNWGrade=1,待逐图实看,"certified
KS Professional Table Tennis Badminton Pickleball Running Sneakers PU Upper Rubber Midsole Mesh Lining Men Summer Model M986
$15.72-18.22
Min. Order: 2 pieces
307 sold
Add to cart
Chat now"
1600690445193,24,2026 Custom Logo Sports Running Shoes with Carbon Board Casual Sports Fashion Soft-Soled Basketball Style Explosive,115,球类运动鞋,305,公开显示数量；单位/周期/退货及变体范围未明,2,pairs,12.64,15.22,USD,卡片未留存计价单位，详情待核,2026-10-10T17:22:14.469Z,https://www.alibaba.com/product-detail/2026-Custom-Logo-Sports-Running-Shoes_1600690445193.html,https://s.alicdn.com/@sc04/kf/H9c1b6d47681d4e5c8d2c73665e9da1ade/2026-Custom-Logo-Sports-Running-Shoes-with.jpg?hasNWGrade=1,待逐图实看,"2026 Custom Logo Sports Running Shoes with Carbon Board Casual Sports Fashion Soft-Soled Basketball Style Explosive
$12.64-15.22
Min. Order: 2 pairs
305 sold
Chat now"
1601491981894,9,Kids Casual Sport Sneakers for Boys Girls Lightweight Comfortable Mesh Lining Flat Design for Autumn Spring Seasons TPR Sports,126,童鞋（不直接对标）,305,公开显示数量；单位/周期/退货及变体范围未明,300,pairs,7.42,8.15,USD,卡片未留存计价单位，详情待核,2026-10-10T17:20:28.496Z,https://www.alibaba.com/product-detail/Kids-Casual-Sport-Sneakers-for-Boys_1601491981894.html,https://s.alicdn.com/@sc04/kf/Hc58beab915264bdda753a235615e7a233/Kids-Casual-Sport-Sneakers-for-Boys-Girls.jpg?hasNWGrade=1,待逐图实看,"Kids Casual Sport Sneakers for Boys Girls Lightweight Comfortable Mesh Lining Flat Design for Autumn Spring Seasons TPR Sports
$7.42-8.15
Min. Order: 300 pairs
305 sold
Chat now"
1601602053865,14,Men's Casual Indoor Sports Shoes for Badminton Tennis Table Tennis Mesh Rubber Custom for Summer Autumn Spring Training,119,球类运动鞋,305,公开显示数量；单位/周期/退货及变体范围未明,2,pieces,14.57,14.9,USD,卡片未留存计价单位，详情待核,2026-10-10T17:21:22.795Z,https://www.alibaba.com/product-detail/Men-s-Casual-Indoor-Sports-Shoes_1601602053865.html,https://s.alicdn.com/@sc04/kf/Hb15754d7647d404fbcbc95ed8f910857V/Men-s-Casual-Indoor-Sports-Shoes-for.jpg?hasNWGrade=1,待逐图实看,"certified
Men's Casual Indoor Sports Shoes for Badminton Tennis Table Tennis Mesh Rubber Custom for Summer Autumn Spring Training
$14.57-14.90
Min. Order: 2 pieces
305 sold
Add to cart
Chat now"
1601694874994,29,Customized Rebounding Tennis Badminton Pickleball Shoes-Mesh Upper Breathable Spring Summer Soft Rubber Outsole Unisex,118,球类运动鞋,302,公开显示数量；单位/周期/退货及变体范围未明,300,pieces,21.3,23.2,USD,卡片未留存计价单位，详情待核,2026-10-10T17:22:43.759Z,https://www.alibaba.com/product-detail/Customized-Rebounding-Tennis-Badminton-Pickleball-Shoes_1601694874994.html,https://s.alicdn.com/@sc04/kf/H5d13466d02934a60be8c0682a4410816F/Customized-Rebounding-Tennis-Badminton-Pickleball-Shoes-Mesh.jpg?hasNWGrade=1,待逐图实看,"Customized Rebounding Tennis Badminton Pickleball Shoes-Mesh Upper Breathable Spring Summer Soft Rubber Outsole Unisex
$21.30-23.20
Min. Order: 300 pieces
302 sold
Chat now"
1600104340696,11,Man Wholesale Breathable Shock Absorption Running Sneaker Casual Campus Shoes,77,跑步运动鞋,300,公开显示数量；单位/周期/退货及变体范围未明,300,pairs,6.5,8.6,USD,卡片未留存计价单位，详情待核,2026-10-10T17:20:34.664Z,https://www.alibaba.com/product-detail/Man-Wholesale-Breathable-Shock-Absorption-Running_1600104340696.html,https://s.alicdn.com/@sc04/kf/H73b420761500468ebad237765f44bf2cM/Man-Wholesale-Breathable-Shock-Absorption-Running-Sneaker.jpg?hasNWGrade=1,待逐图实看,"certified
Man Wholesale Breathable Shock Absorption Running Sneaker Casual Campus Shoes
$6.50-8.60
Min. Order: 300 pairs
300 sold
Chat now"
1600412490408,21,OEM/ODM White Casual Sneaker Free Design Rubber Insole Mesh Lace-Up Sport Shoes Men-for Winter Directly China Manufacturers,123,休闲及其他成鞋,300,公开显示数量；单位/周期/退货及变体范围未明,300,pairs,7.23,7.23,USD,卡片未留存计价单位，详情待核,2026-10-10T17:21:56.894Z,https://www.alibaba.com/product-detail/OEM-ODM-White-Casual-Sneaker-Free_1600412490408.html,https://s.alicdn.com/@sc04/kf/H5039e0f5fe904fe09423453143128d89w/OEM-ODM-White-Casual-Sneaker-Free-Design.jpg?hasNWGrade=1,待逐图实看,"00:12
certified
OEM/ODM White Casual Sneaker Free Design Rubber Insole Mesh Lace-Up Sport Shoes Men-for Winter Directly China Manufacturers
$7.23
Min. Order: 300 pairs
300 sold
Chat now"
1600476329480,20,Top Quality Manufacturer Price Shoe Designers Custom Made 2026 Spring Men Walking Style Shoes Men Casual Shoes,110,休闲及其他成鞋,300,公开显示数量；单位/周期/退货及变体范围未明,300,pairs,7.51,10.16,USD,卡片未留存计价单位，详情待核,2026-10-10T17:21:51.392Z,https://www.alibaba.com/product-detail/Top-Quality-Manufacturer-Price-Shoe-Designers_1600476329480.html,https://s.alicdn.com/@sc04/kf/Hecac4993606b44bd9e03497c705042bc9/Top-Quality-Manufacturer-Price-Shoe-Designers-Custom.jpg?hasNWGrade=1,待逐图实看,"00:28
certified
Top Quality Manufacturer Price Shoe Designers Custom Made 2026 Spring Men Walking Style Shoes Men Casual Shoes
$7.51-10.16
Min. Order: 300 pairs
300 sold
Chat now"
1600519403791,8,Men's Casual Sneakers Spring Summer New Color-Blocking Skateboard Shoes Retro Moral Training Running Shoes Rubber Insole Mesh,125,跑步运动鞋,300,公开显示数量；单位/周期/退货及变体范围未明,300,pairs,9.6,11.34,USD,卡片未留存计价单位，详情待核,2026-10-10T17:20:25.692Z,https://www.alibaba.com/product-detail/Men-s-Casual-Sneakers-Spring-Summer_1600519403791.html,https://s.alicdn.com/@sc04/kf/Hc166bb95fa9149e7a7e67c42ce8a38d2i/Men-s-Casual-Sneakers-Spring-Summer-New.jpg?hasNWGrade=1,待逐图实看,"certified
Men's Casual Sneakers Spring Summer New Color-Blocking Skateboard Shoes Retro Moral Training Running Shoes Rubber Insole Mesh
$9.60-11.34
Min. Order: 300 pairs
300 sold
Chat now"
1600568793012,9,Factory Customized New Men's Running Shoes Autumn Winter Non-Slip Wear-Resistant Rubber Sole Breathable Upper Basketball,120,球类运动鞋,300,公开显示数量；单位/周期/退货及变体范围未明,300,pairs,15.69,18.3,USD,卡片未留存计价单位，详情待核,2026-10-10T17:20:28.496Z,https://www.alibaba.com/product-detail/Factory-Customized-New-Men-s-Running_1600568793012.html,https://s.alicdn.com/@sc04/kf/H4ac3f652ed0b4eb9a0b08de9fe7c8de7e/Factory-Customized-New-Men-s-Running-Shoes.jpg?hasNWGrade=1,待逐图实看,"Factory Customized New Men's Running Shoes Autumn Winter Non-Slip Wear-Resistant Rubber Sole Breathable Upper Basketball
$15.69-18.30
Min. Order: 300 pairs
300 sold
Chat now"
1601006284539,12,Hot Selling Trendy Cool Sneakers New Fashion Design Classic Style Flat Sole Hard-Wearing Lace-Up Casual Skateboard Spring Winter,128,休闲及其他成鞋,300,公开显示数量；单位/周期/退货及变体范围未明,300,pairs,10.0,10.9,USD,卡片未留存计价单位，详情待核,2026-10-10T17:20:37.257Z,https://www.alibaba.com/product-detail/Hot-Selling-Trendy-Cool-Sneakers-New_1601006284539.html,https://s.alicdn.com/@sc04/kf/H49f6ed9690da431b86eb290ae8dfd49fE/Hot-Selling-Trendy-Cool-Sneakers-New-Fashion.jpg?hasNWGrade=1,待逐图实看,"certified
Hot Selling Trendy Cool Sneakers New Fashion Design Classic Style Flat Sole Hard-Wearing Lace-Up Casual Skateboard Spring Winter
$10-10.90
Min. Order: 300 pairs
300 sold
Chat now"
1601012389629,8,Factory Price Lightweight White PU Men's Daddy Shoes Fashionable and Anti-Slip for Spring and Autumn,100,休闲及其他成鞋,300,公开显示数量；单位/周期/退货及变体范围未明,300,pairs,8.86,8.86,USD,卡片未留存计价单位，详情待核,2026-10-10T17:20:25.692Z,https://www.alibaba.com/product-detail/Factory-Price-Lightweight-White-PU-Men_1601012389629.html,https://s.alicdn.com/@sc04/kf/Hf4086b8a5db643db9475efa5cab407fbm/Factory-Price-Lightweight-White-PU-Men-s.jpg?hasNWGrade=1,待逐图实看,"certified
Factory Price Lightweight White PU Men's Daddy Shoes Fashionable and Anti-Slip for Spring and Autumn
$8.86
Min. Order: 300 pairs
300 sold
Chat now"
1601159903350,2,Casual Dad Shoes Thick Soled Soft Mesh Lining EVA Rubber Outsole Toe Spring Summer Autumn Winter Sports Anti-Slip Anti-Odor,123,休闲及其他成鞋,300,公开显示数量；单位/周期/退货及变体范围未明,300,pairs,9.28,10.4,USD,卡片未留存计价单位，详情待核,2026-10-10T17:18:42.455Z,https://www.alibaba.com/product-detail/Casual-Dad-Shoes-Thick-Soled-Soft_1601159903350.html,https://s.alicdn.com/@sc04/kf/H919f069032ea413e82d8250ba47b29d82/Casual-Dad-Shoes-Thick-Soled-Soft-Mesh.jpg?hasNWGrade=1,待逐图实看,"00:30
certified
Casual Dad Shoes Thick Soled Soft Mesh Lining EVA Rubber Outsole Toe Spring Summer Autumn Winter Sports Anti-Slip Anti-Odor
$9.28-10.40
Min. Order: 300 pairs
300 sold
Chat now"
1601162302034,33,New Wide Toe Barefoot Casual Mesh Sport Shoes Fashionable Spring Summer Autumn Winter for Couples,97,赤足及极简概念鞋,300,公开显示数量；单位/周期/退货及变体范围未明,300,pairs,9.2,9.9,USD,卡片未留存计价单位，详情待核,2026-10-10T17:22:57.692Z,https://www.alibaba.com/product-detail/New-Wide-Toe-Barefoot-Casual-Mesh_1601162302034.html,https://s.alicdn.com/@sc04/kf/H10aac2cfc3084327a0173488aa58a743b/New-Wide-Toe-Barefoot-Casual-Mesh-Sport.jpg?hasNWGrade=1,待逐图实看,"New Wide Toe Barefoot Casual Mesh Sport Shoes Fashionable Spring Summer Autumn Winter for Couples
$9.20-9.90
Min. Order: 300 pairs
300 sold
Chat now"
1601254164619,13,Kids Casual Sport Sneakers Lightweight Toe Boys Girls Comfortable Mesh Lining Flat Autumn Spring Seasons Baby Sports Shoes,122,童鞋（不直接对标）,300,公开显示数量；单位/周期/退货及变体范围未明,300,pairs,5.58,6.31,USD,卡片未留存计价单位，详情待核,2026-10-10T17:21:08.395Z,https://www.alibaba.com/product-detail/Kids-Casual-Sport-Sneakers-Lightweight-Toe_1601254164619.html,https://s.alicdn.com/@sc04/kf/H7117bff3d92c44bfa1f0d0aaea2b9441g/Kids-Casual-Sport-Sneakers-Lightweight-Toe-Boys.jpg?hasNWGrade=1,待逐图实看,"Kids Casual Sport Sneakers Lightweight Toe Boys Girls Comfortable Mesh Lining Flat Autumn Spring Seasons Baby Sports Shoes
$5.58-6.31
Min. Order: 300 pairs
300 sold
Chat now"
1601268291138,6,High Quality New KS Brand Children's Large Size Wide Head Waterproof Anti-Slip Comfortable Warm Outdoor Snow Boots,114,童鞋（不直接对标）,300,公开显示数量；单位/周期/退货及变体范围未明,300,pairs,10.05,10.88,USD,卡片未留存计价单位，详情待核,2026-10-10T17:20:20.240Z,https://www.alibaba.com/product-detail/High-Quality-New-KS-Brand-Children_1601268291138.html,https://s.alicdn.com/@sc04/kf/H7bfb10ca8e1444b08ee033b83c2fac6bh/High-Quality-New-KS-Brand-Children-s.jpg?hasNWGrade=1,待逐图实看,"High Quality New KS Brand Children's Large Size Wide Head Waterproof Anti-Slip Comfortable Warm Outdoor Snow Boots
$10.05-10.88
Min. Order: 300 pairs
300 sold
Chat now"
1601286831849,10,Men's High Quality Anti-Slippery Court Sneakers Breathable Mesh Casual Sports Shoes Fashionable Summer/Winter Running,117,跑步运动鞋,300,公开显示数量；单位/周期/退货及变体范围未明,300,pairs,9.28,10.2,USD,卡片未留存计价单位，详情待核,2026-10-10T17:20:32.080Z,https://www.alibaba.com/product-detail/Men-s-High-Quality-Anti-Slippery_1601286831849.html,https://s.alicdn.com/@sc04/kf/Haafe2e4773774656ad8c982997c31cd2M/Men-s-High-Quality-Anti-Slippery-Court.jpg?hasNWGrade=1,待逐图实看,"certified
Men's High Quality Anti-Slippery Court Sneakers Breathable Mesh Casual Sports Shoes Fashionable Summer/Winter Running
$9.28-10.20
Min. Order: 300 pairs
300 sold
Chat now"
1601287054611,10,Men's Trendy High Top Breathing Running Shoes Versatile Thick Soled Sports and Casual Board Shoes for Winter,108,跑步运动鞋,300,公开显示数量；单位/周期/退货及变体范围未明,500,pairs,8.47,9.88,USD,卡片未留存计价单位，详情待核,2026-10-10T17:20:32.080Z,https://www.alibaba.com/product-detail/Men-s-Trendy-High-Top-Breathing_1601287054611.html,https://s.alicdn.com/@sc04/kf/Hbf236f628ff6423f858c298c5cea54836/Men-s-Trendy-High-Top-Breathing-Running.jpg?hasNWGrade=1,待逐图实看,"certified
Men's Trendy High Top Breathing Running Shoes Versatile Thick Soled Sports and Casual Board Shoes for Winter
$8.47-9.88
Min. Order: 500 pairs
300 sold
Chat now"
1601289013154,11,Fashionable Casual Walking Shoes Comfortable and Non-Slip Customizable Lightweight Breathable Casual Shoes,106,休闲及其他成鞋,300,公开显示数量；单位/周期/退货及变体范围未明,300,bags,12.0,12.8,USD,卡片未留存计价单位，详情待核,2026-10-10T17:20:34.664Z,https://www.alibaba.com/product-detail/Fashionable-Casual-Walking-Shoes-Comfortable-and_1601289013154.html,https://s.alicdn.com/@sc04/kf/H0d0441360032464b809707b3019067a9W/Fashionable-Casual-Walking-Shoes-Comfortable-and-Non.jpg?hasNWGrade=1,待逐图实看,"certified
Fashionable Casual Walking Shoes Comfortable and Non-Slip Customizable Lightweight Breathable Casual Shoes
$12-12.80
Min. Order: 300 bags
300 sold
Chat now"
1601289229986,14,New Unisex Children's Casual Sports Shoes Fashionable Leather Design for All Seasons Flat Wholesale Availability,112,童鞋（不直接对标）,300,公开显示数量；单位/周期/退货及变体范围未明,300,pairs,8.0,8.0,USD,卡片未留存计价单位，详情待核,2026-10-10T17:21:22.795Z,https://www.alibaba.com/product-detail/New-Unisex-Children-s-Casual-Sports_1601289229986.html,https://s.alicdn.com/@sc04/kf/H01ae253646de48d2aeb6da3c5c2710e6W/New-Unisex-Children-s-Casual-Sports-Shoes.jpg?hasNWGrade=1,待逐图实看,"New Unisex Children's Casual Sports Shoes Fashionable Leather Design for All Seasons Flat Wholesale Availability
$8
Min. Order: 300 pairs
300 sold
Chat now"
1601296131910,14,Breathable Anti-Slip Mesh Lining Cushioning Winter Spring Autumn School Use Children's White Sports Shoes,105,童鞋（不直接对标）,300,公开显示数量；单位/周期/退货及变体范围未明,300,pairs,6.5,6.5,USD,卡片未留存计价单位，详情待核,2026-10-10T17:21:22.795Z,https://www.alibaba.com/product-detail/Breathable-Anti-Slip-Mesh-Lining-Cushioning_1601296131910.html,https://s.alicdn.com/@sc04/kf/Hb4ffa05c47e84964bf360655d5864af1q/Breathable-Anti-Slip-Mesh-Lining-Cushioning-Winter.jpg?hasNWGrade=1,待逐图实看,"certified
Breathable Anti-Slip Mesh Lining Cushioning Winter Spring Autumn School Use Children's White Sports Shoes
$6.50
Min. Order: 300 pairs
300 sold
Chat now"
1601472594165,21,Men Walking Style Shoes Women Running Shoes OEM ODM Manufacturers Original Customized Logo Sneakers Shoes Men,109,跑步运动鞋,300,公开显示数量；单位/周期/退货及变体范围未明,300,pairs,18.9,20.6,USD,卡片未留存计价单位，详情待核,2026-10-10T17:21:56.894Z,https://www.alibaba.com/product-detail/Men-Walking-Style-Shoes-Women-Running_1601472594165.html,https://s.alicdn.com/@sc04/kf/H1b864cf9a3fb40ec924a4bb2bb930053V/Men-Walking-Style-Shoes-Women-Running-Shoes.jpg?hasNWGrade=1,待逐图实看,"00:28
Men Walking Style Shoes Women Running Shoes OEM ODM Manufacturers Original Customized Logo Sneakers Shoes Men
$18.90-20.60
Min. Order: 300 pairs
300 sold
Chat now"
1601486630229,19,Professional Badminton Pickleball Training Shoes Breathable Mesh Rubber Outsole Customizable Couple's Design Summer Autumn,122,球类运动鞋,300,公开显示数量；单位/周期/退货及变体范围未明,300,pairs,16.15,17.5,USD,卡片未留存计价单位，详情待核,2026-10-10T17:21:45.677Z,https://www.alibaba.com/product-detail/Professional-Badminton-Pickleball-Training-Shoes-Breathable_1601486630229.html,https://s.alicdn.com/@sc04/kf/H512500934a42484b911f0e25ac7f99698/Professional-Badminton-Pickleball-Training-Shoes-Breathable-Mesh.jpg?hasNWGrade=1,待逐图实看,"certified
Professional Badminton Pickleball Training Shoes Breathable Mesh Rubber Outsole Customizable Couple's Design Summer Autumn
$16.15-17.50
Min. Order: 300 pairs
300 sold
Chat now"
1601492082803,12,Custom Children's Sports Shoes with Breathable Double Mesh & Rotating Buckle for Summer Autumn Spring Seasons,109,童鞋（不直接对标）,300,公开显示数量；单位/周期/退货及变体范围未明,300,pairs,8.35,9.16,USD,卡片未留存计价单位，详情待核,2026-10-10T17:20:37.257Z,https://www.alibaba.com/product-detail/Custom-Children-s-Sports-Shoes-with_1601492082803.html,https://s.alicdn.com/@sc04/kf/Hccaf504e6c09475785057526333489c6n/Custom-Children-s-Sports-Shoes-with-Breathable.jpg?hasNWGrade=1,待逐图实看,"Custom Children's Sports Shoes with Breathable Double Mesh & Rotating Buckle for Summer Autumn Spring Seasons
$8.35-9.16
Min. Order: 300 pairs
300 sold
Chat now"
1601513066545,12,New Men's Casual Oversized Rubber Sole White Shoes Trendy Lace-Up Walking Shoes Customizable Logo for Spring Season Microfiber,126,休闲及其他成鞋,300,公开显示数量；单位/周期/退货及变体范围未明,300,pairs,13.6,15.0,USD,卡片未留存计价单位，详情待核,2026-10-10T17:20:37.257Z,https://www.alibaba.com/product-detail/New-Men-s-Casual-Oversized-Rubber_1601513066545.html,https://s.alicdn.com/@sc04/kf/H3b257df032ff41ac848184d9f0c27c2bG/New-Men-s-Casual-Oversized-Rubber-Sole.jpg?hasNWGrade=1,待逐图实看,"New Men's Casual Oversized Rubber Sole White Shoes Trendy Lace-Up Walking Shoes Customizable Logo for Spring Season Microfiber
$13.60-15
Min. Order: 300 pairs
300 sold
Chat now"
1601569203246,29,Unisex Professional Tennis & Badminton Training Shoes High Elasticity Shock Absorption Anti-Slip Spring Summer Autumn Shoes,123,球类运动鞋,300,公开显示数量；单位/周期/退货及变体范围未明,300,pieces,17.37,18.72,USD,卡片未留存计价单位，详情待核,2026-10-10T17:22:43.759Z,https://www.alibaba.com/product-detail/Unisex-Professional-Tennis-Badminton-Training-Shoes_1601569203246.html,https://s.alicdn.com/@sc04/kf/Hdef809e938f34ebdb1d320b586ce2414U/Unisex-Professional-Tennis-Badminton-Training-Shoes-High.jpg?hasNWGrade=1,待逐图实看,"certified
Unisex Professional Tennis & Badminton Training Shoes High Elasticity Shock Absorption Anti-Slip Spring Summer Autumn Shoes
$17.37-18.72
Min. Order: 300 pieces
300 sold
Chat now"
1601600257051,31,Men's Versatile Casual Custom Shoes Comfortable Flat Suede Upper Lace-Up for Daily Use Commuting Summer Spring Trendy Hiking,124,户外鞋靴,300,公开显示数量；单位/周期/退货及变体范围未明,300,pairs,10.65,13.84,USD,卡片未留存计价单位，详情待核,2026-10-10T17:22:50.339Z,https://www.alibaba.com/product-detail/Men-s-Versatile-Casual-Custom-Shoes_1601600257051.html,https://s.alicdn.com/@sc04/kf/H97b2815c06c7487c8ade904d41724267b/Men-s-Versatile-Casual-Custom-Shoes-Comfortable.jpg?hasNWGrade=1,待逐图实看,"Men's Versatile Casual Custom Shoes Comfortable Flat Suede Upper Lace-Up for Daily Use Commuting Summer Spring Trendy Hiking
$10.65-13.84
Min. Order: 300 pairs
300 sold
Chat now"
1601836462235,22,Chinese Manufacturer Wholesale Skateboard Shoes Casual Shoes Walking Shoes OEM ODM Customized Designer,102,休闲及其他成鞋,300,公开显示数量；单位/周期/退货及变体范围未明,1,pair,13.9,15.8,USD,卡片未留存计价单位，详情待核,2026-10-10T17:22:03.692Z,https://www.alibaba.com/product-detail/Chinese-Manufacturer-Wholesale-Skateboard-Shoes-Casual_1601836462235.html,https://s.alicdn.com/@sc04/kf/Hb5bdfccbd47644dcb640b9a5991c67391/Chinese-Manufacturer-Wholesale-Skateboard-Shoes-Casual-Shoes.jpg?hasNWGrade=1,待逐图实看,"certified
Chinese Manufacturer Wholesale Skateboard Shoes Casual Shoes Walking Shoes OEM ODM Customized Designer
$13.90-15.80
Min. Order: 1 pair
300 sold
Chat now"
1601950879909,3,Men High Top Hiking Boots Custom Color Waterproof Outdoor Trekking Boots Anti Slip Rubber Sole Mountain Climbing Footwear,121,户外鞋靴,300,公开显示数量；单位/周期/退货及变体范围未明,300,pairs,12.8,14.56,USD,卡片未留存计价单位，详情待核,2026-10-10T17:18:51.080Z,https://www.alibaba.com/product-detail/Men-High-Top-Hiking-Boots-Custom_1601950879909.html,https://s.alicdn.com/@sc04/kf/Ha988f906b5c44015aa0bd8dac4f6a69aW/Men-High-Top-Hiking-Boots-Custom-Color.jpg_480x480.jpg?hasNWGrade=1,待逐图实看,"certified
Men High Top Hiking Boots Custom Color Waterproof Outdoor Trekking Boots Anti Slip Rubber Sole Mountain Climbing Footwear
$12.80-14.56
Min. Order: 300 pairs
300 sold
Chat now"
1601950885960,2,Custom Kids Hiking Shoes Rotary Buckle Breathable Mesh Children Outdoor Trekking Sneakers Anti Slip Rubber Sole Kids Sport Shoes,128,童鞋（不直接对标）,300,公开显示数量；单位/周期/退货及变体范围未明,300,pairs,9.4,10.22,USD,卡片未留存计价单位，详情待核,2026-10-10T17:18:42.455Z,https://www.alibaba.com/product-detail/Custom-Kids-Hiking-Shoes-Rotary-Buckle_1601950885960.html,https://s.alicdn.com/@sc04/kf/H1c6de9c057ce463484b66953603e677cf/Custom-Kids-Hiking-Shoes-Rotary-Buckle-Breathable.jpg_480x480.jpg?hasNWGrade=1,待逐图实看,"certified
Custom Kids Hiking Shoes Rotary Buckle Breathable Mesh Children Outdoor Trekking Sneakers Anti Slip Rubber Sole Kids Sport Shoes
$9.40-10.22
Min. Order: 300 pairs
300 sold
Chat now"
1601950948324,3,OEM ODM High Top Sock Sneakers Custom Logo Fly Knit Breathable Men Walking Shoes Super Lightweight Cushion Casual Footwear,122,针织套脚及乐福鞋,300,公开显示数量；单位/周期/退货及变体范围未明,300,pairs,6.89,7.68,USD,卡片未留存计价单位，详情待核,2026-10-10T17:18:51.080Z,https://www.alibaba.com/product-detail/OEM-ODM-High-Top-Sock-Sneakers_1601950948324.html,https://s.alicdn.com/@sc04/kf/H4b7b37082fb9400681ad4d19d466993dU/OEM-ODM-High-Top-Sock-Sneakers-Custom.jpg_480x480.jpg?hasNWGrade=1,待逐图实看,"OEM ODM High Top Sock Sneakers Custom Logo Fly Knit Breathable Men Walking Shoes Super Lightweight Cushion Casual Footwear
$6.89-7.68
Min. Order: 300 pairs
300 sold
Chat now"
1601950974133,3,Custom Men EVA Midsole Summer Running Shoes OEM ODM Breathable Mesh Sneakers Shock Absorbing Hollow Midsole Sport Footwear,122,跑步运动鞋,300,公开显示数量；单位/周期/退货及变体范围未明,2,pieces,15.22,16.95,USD,卡片未留存计价单位，详情待核,2026-10-10T17:18:51.080Z,https://www.alibaba.com/product-detail/Custom-Men-EVA-Midsole-Summer-Running_1601950974133.html,https://s.alicdn.com/@sc04/kf/Had627974fdc34583b0876cb40c856f97T/Custom-Men-EVA-Midsole-Summer-Running-Shoes.jpg_480x480.jpg?hasNWGrade=1,待逐图实看,"certified
Custom Men EVA Midsole Summer Running Shoes OEM ODM Breathable Mesh Sneakers Shock Absorbing Hollow Midsole Sport Footwear
$15.22-16.95
Min. Order: 2 pieces
300 sold
Chat now"
1601951013036,3,Custom Logo Men Trail Running Shoes Wide Toe Anti Slip Breathable Mesh Winter Summer Outdoor Trekking Sneakers Shockproof,121,户外鞋靴,300,公开显示数量；单位/周期/退货及变体范围未明,300,pairs,16.5,19.5,USD,卡片未留存计价单位，详情待核,2026-10-10T17:18:51.080Z,https://www.alibaba.com/product-detail/Custom-Logo-Men-Trail-Running-Shoes_1601951013036.html,https://s.alicdn.com/@sc04/kf/Haee20f9d2cd44f6aaec690d0f510051dj/Custom-Logo-Men-Trail-Running-Shoes-Wide.jpg_480x480.jpg?hasNWGrade=1,待逐图实看,"Custom Logo Men Trail Running Shoes Wide Toe Anti Slip Breathable Mesh Winter Summer Outdoor Trekking Sneakers Shockproof
$16.50-19.50
Min. Order: 300 pairs
300 sold
Chat now"
1601951151850,2,KS Custom Indoor Court Sports Shoes Men Anti Slip Gum Rubber Sole Breathable Summer Spring Badminton Tennis Training Sneakers,125,球类运动鞋,300,公开显示数量；单位/周期/退货及变体范围未明,300,pieces,16.95,18.18,USD,卡片未留存计价单位，详情待核,2026-10-10T17:18:42.455Z,https://www.alibaba.com/product-detail/KS-Custom-Indoor-Court-Sports-Shoes_1601951151850.html,https://s.alicdn.com/@sc04/kf/Hb84e38bf8ec6400294953baaad5815e3j/KS-Custom-Indoor-Court-Sports-Shoes-Men.jpg_480x480.jpg?hasNWGrade=1,待逐图实看,"KS Custom Indoor Court Sports Shoes Men Anti Slip Gum Rubber Sole Breathable Summer Spring Badminton Tennis Training Sneakers
$16.95-18.18
Min. Order: 300 pieces
300 sold
Chat now"
1601951197380,2,Custom Men's Winter Outdoor Running Shoes Breathable Ultralight Hollow Midsole Lycra Mesh Lining Rubber Outsole Shock Absorption,128,跑步运动鞋,300,公开显示数量；单位/周期/退货及变体范围未明,300,pieces,12.8,13.78,USD,卡片未留存计价单位，详情待核,2026-10-10T17:18:42.455Z,https://www.alibaba.com/product-detail/Custom-Men-s-Winter-Outdoor-Running_1601951197380.html,https://s.alicdn.com/@sc04/kf/Hff67f1efe0a84cc798ffe9e7e7385da17/Custom-Men-s-Winter-Outdoor-Running-Shoes.jpg_480x480.jpg?hasNWGrade=1,待逐图实看,"certified
Custom Men's Winter Outdoor Running Shoes Breathable Ultralight Hollow Midsole Lycra Mesh Lining Rubber Outsole Shock Absorption
$12.80-13.78
Min. Order: 300 pieces
300 sold
Chat now"
1601951209548,2,KS OEM ODM Men Running Shoes Custom Color Breathable Fly Mesh EVA Lightweight Shockproof Daily Walking Spring Summer Autumn,123,跑步运动鞋,300,公开显示数量；单位/周期/退货及变体范围未明,300,pairs,13.39,14.42,USD,卡片未留存计价单位，详情待核,2026-10-10T17:18:42.455Z,https://www.alibaba.com/product-detail/KS-OEM-ODM-Men-Running-Shoes_1601951209548.html,https://s.alicdn.com/@sc04/kf/Hc5f1e3332d414003810f67234ffea770s/KS-OEM-ODM-Men-Running-Shoes-Custom.jpg_480x480.jpg?hasNWGrade=1,待逐图实看,"certified
KS OEM ODM Men Running Shoes Custom Color Breathable Fly Mesh EVA Lightweight Shockproof Daily Walking Spring Summer Autumn
$13.39-14.42
Min. Order: 300 pairs
300 sold
Chat now"
1601951213411,2,Custom Logo Men Trail Hiking Shoes Wide Toe Anti Slip Rubber Outsole Mesh Upper Winter Summer Outdoor Trekking Mountain Sneakers,128,户外鞋靴,300,公开显示数量；单位/周期/退货及变体范围未明,300,pairs,15.84,17.81,USD,卡片未留存计价单位，详情待核,2026-10-10T17:18:42.455Z,https://www.alibaba.com/product-detail/Custom-Logo-Men-Trail-Hiking-Shoes_1601951213411.html,https://s.alicdn.com/@sc04/kf/H2293f47c48e247198d9db84ae2aa3ba8d/Custom-Logo-Men-Trail-Hiking-Shoes-Wide.jpg_480x480.jpg?hasNWGrade=1,待逐图实看,"Custom Logo Men Trail Hiking Shoes Wide Toe Anti Slip Rubber Outsole Mesh Upper Winter Summer Outdoor Trekking Mountain Sneakers
$15.84-17.81
Min. Order: 300 pairs
300 sold
Chat now"
1601951232566,2,Custom Comfortable Waterproof Barefoot Water Shoes Men Warm Fleece Lined Anti Slip Five Finger Sole Outdoor Winter Quick Dry,124,水鞋（不直接对标）,300,公开显示数量；单位/周期/退货及变体范围未明,300,pairs,13.35,14.42,USD,卡片未留存计价单位，详情待核,2026-10-10T17:18:42.455Z,https://www.alibaba.com/product-detail/Custom-Comfortable-Waterproof-Barefoot-Water-Shoes_1601951232566.html,https://s.alicdn.com/@sc04/kf/Hc75142dc63504f47804ea7f30de70330W/Custom-Comfortable-Waterproof-Barefoot-Water-Shoes-Men.jpg_480x480.jpg?hasNWGrade=1,待逐图实看,"Custom Comfortable Waterproof Barefoot Water Shoes Men Warm Fleece Lined Anti Slip Five Finger Sole Outdoor Winter Quick Dry
$13.35-14.42
Min. Order: 300 pairs
300 sold
Chat now"
1601951243686,2,Custom Men Winter Barefoot Boots Comfortable Soft Warm Faux Leather Fleece Lined Wide Toe Anti Slip Rubber Outsole Outdoor Snow,127,赤足及极简概念鞋,300,公开显示数量；单位/周期/退货及变体范围未明,300,pairs,11.0,12.3,USD,卡片未留存计价单位，详情待核,2026-10-10T17:18:42.455Z,https://www.alibaba.com/product-detail/Custom-Men-Winter-Barefoot-Boots-Comfortable_1601951243686.html,https://s.alicdn.com/@sc04/kf/H7badc0d0cc9d4a69a3e155ef2d7442cbF/Custom-Men-Winter-Barefoot-Boots-Comfortable-Soft.jpg_480x480.jpg?hasNWGrade=1,待逐图实看,"Custom Men Winter Barefoot Boots Comfortable Soft Warm Faux Leather Fleece Lined Wide Toe Anti Slip Rubber Outsole Outdoor Snow
$11-12.30
Min. Order: 300 pairs
300 sold
Chat now"
1601951254962,2,Custom Leather for Clogs Men Women Slip-On Waterproof Lightweight Flat Breathable Fashion Trend Mules Slippers Custom Logo,122,拖鞋穆勒鞋,300,公开显示数量；单位/周期/退货及变体范围未明,300,pairs,9.9,12.35,USD,卡片未留存计价单位，详情待核,2026-10-10T17:18:42.455Z,https://www.alibaba.com/product-detail/Custom-Leather-for-Clogs-Men-Women_1601951254962.html,https://s.alicdn.com/@sc04/kf/H83a2b372d057402d84dbfa09b838322av/Custom-Leather-for-Clogs-Men-Women-Slip.jpg_480x480.jpg?hasNWGrade=1,待逐图实看,"Custom Leather for Clogs Men Women Slip-On Waterproof Lightweight Flat Breathable Fashion Trend Mules Slippers Custom Logo
$9.90-12.35
Min. Order: 300 pairs
300 sold
Chat now"
1601951255833,1,KS Custom Color Kids High Top Winter Snow Boots OEM ODM Fleece Lined Anti Slip Flat Sole Boys Outdoor Warm Soft Barefoot Boots,126,童鞋（不直接对标）,300,公开显示数量；单位/周期/退货及变体范围未明,300,pairs,11.81,12.72,USD,卡片未留存计价单位，详情待核,2026-10-10T17:17:42.929Z,https://www.alibaba.com/product-detail/KS-Custom-Color-Kids-High-Top_1601951255833.html,https://s.alicdn.com/@sc04/kf/Hdedd2dc99af944a583c11c827480fdbbq/KS-Custom-Color-Kids-High-Top-Winter.jpg_480x480.jpg?hasNWGrade=1,待逐图实看,"KS Custom Color Kids High Top Winter Snow Boots OEM ODM Fleece Lined Anti Slip Flat Sole Boys Outdoor Warm Soft Barefoot Boots
$11.81-12.72
Min. Order: 300 pairs
300 sold
Chat now"
1601951283930,2,Custom Woven Pattern for Clogs OEM ODM Faux Leather Adjustable Buckle PU Lining Closed Toe Mule Soft Light Weight Barefoot,122,拖鞋穆勒鞋,300,公开显示数量；单位/周期/退货及变体范围未明,300,pairs,9.9,11.35,USD,卡片未留存计价单位，详情待核,2026-10-10T17:18:42.455Z,https://www.alibaba.com/product-detail/Custom-Woven-Pattern-for-Clogs-OEM_1601951283930.html,https://s.alicdn.com/@sc04/kf/Hd16de976a4784a579b29108497297668f/Custom-Woven-Pattern-for-Clogs-OEM-ODM.jpg_480x480.jpg?hasNWGrade=1,待逐图实看,"Custom Woven Pattern for Clogs OEM ODM Faux Leather Adjustable Buckle PU Lining Closed Toe Mule Soft Light Weight Barefoot
$9.90-11.35
Min. Order: 300 pairs
300 sold
Chat now"
1601951287159,2,Custom Kids Running Shoes OEM ODM Hook Loop Breathable Mesh EVA Midsole Outdoor Boys Girls Shock Absorbing Casual Sport Sneakers,128,童鞋（不直接对标）,300,公开显示数量；单位/周期/退货及变体范围未明,300,pairs,9.65,10.76,USD,卡片未留存计价单位，详情待核,2026-10-10T17:18:42.455Z,https://www.alibaba.com/product-detail/Custom-Kids-Running-Shoes-OEM-ODM_1601951287159.html,https://s.alicdn.com/@sc04/kf/H7207c52790384faeab4bc31b2e715703v/Custom-Kids-Running-Shoes-OEM-ODM-Hook.jpg_480x480.jpg?hasNWGrade=1,待逐图实看,"certified
Custom Kids Running Shoes OEM ODM Hook Loop Breathable Mesh EVA Midsole Outdoor Boys Girls Shock Absorbing Casual Sport Sneakers
$9.65-10.76
Min. Order: 300 pairs
300 sold
Chat now"
1601951294936,2,KS BT03 Men Women PU Leather for Clogs Adjustable Buckle Slip Resistant Flat Rubber Outsole Lightweight Slip-On Mules,117,拖鞋穆勒鞋,300,公开显示数量；单位/周期/退货及变体范围未明,300,pairs,9.9,12.35,USD,卡片未留存计价单位，详情待核,2026-10-10T17:18:42.455Z,https://www.alibaba.com/product-detail/KS-BT03-Men-Women-PU-Leather_1601951294936.html,https://s.alicdn.com/@sc04/kf/H29d00eacb1cd48ed909ee5388a89ed152/KS-BT03-Men-Women-PU-Leather-for.jpg_480x480.jpg?hasNWGrade=1,待逐图实看,"KS BT03 Men Women PU Leather for Clogs Adjustable Buckle Slip Resistant Flat Rubber Outsole Lightweight Slip-On Mules
$9.90-12.35
Min. Order: 300 pairs
300 sold
Chat now"
1601951304394,2,Custom Logo Comfortable Waterproof Kids Barefoot Snow Boots OEM ODM Furry Lined Hook & Loop Anti Slip Sole Winter Warm Boots,124,童鞋（不直接对标）,300,公开显示数量；单位/周期/退货及变体范围未明,300,pairs,10.05,10.88,USD,卡片未留存计价单位，详情待核,2026-10-10T17:18:42.455Z,https://www.alibaba.com/product-detail/Custom-Logo-Comfortable-Waterproof-Kids-Barefoot_1601951304394.html,https://s.alicdn.com/@sc04/kf/H123bfb440cfe4d06a63a518c306c69c22/Custom-Logo-Comfortable-Waterproof-Kids-Barefoot-Snow.jpg_480x480.jpg?hasNWGrade=1,待逐图实看,"Custom Logo Comfortable Waterproof Kids Barefoot Snow Boots OEM ODM Furry Lined Hook & Loop Anti Slip Sole Winter Warm Boots
$10.05-10.88
Min. Order: 300 pairs
300 sold
Chat now"
1601951366122,2,Custom Kids Winter Snow Boots Anti-Slip Comfortable Waterproof Faux Leather Upper Warm Plush Lining Wide Toe Barefoot Design,124,童鞋（不直接对标）,300,公开显示数量；单位/周期/退货及变体范围未明,300,pairs,10.41,12.0,USD,卡片未留存计价单位，详情待核,2026-10-10T17:18:42.455Z,https://www.alibaba.com/product-detail/Custom-Kids-Winter-Snow-Boots-Anti_1601951366122.html,https://s.alicdn.com/@sc04/kf/H616d324919bb489a9b689eb06f49f463J/Custom-Kids-Winter-Snow-Boots-Anti-Slip.jpg_480x480.jpg?hasNWGrade=1,待逐图实看,"Custom Kids Winter Snow Boots Anti-Slip Comfortable Waterproof Faux Leather Upper Warm Plush Lining Wide Toe Barefoot Design
$10.41-12
Min. Order: 300 pairs
300 sold
Chat now"
1601951375377,2,Custom Printed for Clogs OEM ODM PU Leather Closed Toe Cork Mules Slippers Lightweight Soft Men Women Fashion,109,拖鞋穆勒鞋,300,公开显示数量；单位/周期/退货及变体范围未明,300,pairs,9.9,11.35,USD,卡片未留存计价单位，详情待核,2026-10-10T17:18:42.455Z,https://www.alibaba.com/product-detail/Custom-Printed-for-Clogs-OEM-ODM_1601951375377.html,https://s.alicdn.com/@sc04/kf/Hcf943fcb00b8446cbade6c34d06b7332m/Custom-Printed-for-Clogs-OEM-ODM-PU.jpg_480x480.jpg?hasNWGrade=1,待逐图实看,"Custom Printed for Clogs OEM ODM PU Leather Closed Toe Cork Mules Slippers Lightweight Soft Men Women Fashion
$9.90-11.35
Min. Order: 300 pairs
300 sold
Chat now"
1601959798754,1,Minimalist Barefoot Sneakers Wide Toe Box Zero Drop Soft Microfiber High Top Walking Shoes Light Weight Comfortable Custom Logo,127,赤足及极简概念鞋,300,公开显示数量；单位/周期/退货及变体范围未明,2,pairs,13.63,15.67,USD,卡片未留存计价单位，详情待核,2026-10-10T17:17:42.929Z,https://www.alibaba.com/product-detail/Minimalist-Barefoot-Sneakers-Wide-Toe-Box_1601959798754.html,https://s.alicdn.com/@sc04/kf/H73325cc304a349cc9bf196fa9ac6cdf2K/Minimalist-Barefoot-Sneakers-Wide-Toe-Box-Zero.jpg_480x480.jpg?hasNWGrade=1,待逐图实看,"Minimalist Barefoot Sneakers Wide Toe Box Zero Drop Soft Microfiber High Top Walking Shoes Light Weight Comfortable Custom Logo
$13.63-15.67
Min. Order: 2 pairs
300 sold
Chat now"
1601959838999,1,Men Breathable Fly Mesh Racing Running Shoes Lightweight Cushion Athletic Sneakers Non Slip Marathon Sports Shoes OEM ODM,121,跑步运动鞋,300,公开显示数量；单位/周期/退货及变体范围未明,2,pieces,8.27,9.22,USD,卡片未留存计价单位，详情待核,2026-10-10T17:17:42.929Z,https://www.alibaba.com/product-detail/Men-Breathable-Fly-Mesh-Racing-Running_1601959838999.html,https://s.alicdn.com/@sc04/kf/H74a1a7ad16d2418096ec113979380cbfp/Men-Breathable-Fly-Mesh-Racing-Running-Shoes.jpg_480x480.jpg?hasNWGrade=1,待逐图实看,"certified
Men Breathable Fly Mesh Racing Running Shoes Lightweight Cushion Athletic Sneakers Non Slip Marathon Sports Shoes OEM ODM
$8.27-9.22
Min. Order: 2 pieces
300 sold
Chat now"
1601959850508,1,Men's SportHigh Top Minimalist Barefoot Boots Wide Toe Box Zero Drop Flexible Non Slip Breathable Spring Winter Casual Shoes OEM,128,赤足及极简概念鞋,300,公开显示数量；单位/周期/退货及变体范围未明,300,pairs,13.63,15.11,USD,卡片未留存计价单位，详情待核,2026-10-10T17:17:42.929Z,https://www.alibaba.com/product-detail/Men-s-SportHigh-Top-Minimalist-Barefoot_1601959850508.html,https://s.alicdn.com/@sc04/kf/Hb09baa13036b4f82bf18f40ed9ce18907/Men-s-SportHigh-Top-Minimalist-Barefoot-Boots.jpg_480x480.jpg?hasNWGrade=1,待逐图实看,"Men's SportHigh Top Minimalist Barefoot Boots Wide Toe Box Zero Drop Flexible Non Slip Breathable Spring Winter Casual Shoes OEM
$13.63-15.11
Min. Order: 300 pairs
300 sold
Chat now"
1601959892450,1,Unisex Wide Toe Box Barefoot Running Shoes Zero Drop Minimalist Sneakers Flexible Non Slip Outdoor Trainer OEM ODM Big Size,123,赤足及极简概念鞋,300,公开显示数量；单位/周期/退货及变体范围未明,2,pairs,8.8,10.18,USD,卡片未留存计价单位，详情待核,2026-10-10T17:17:42.929Z,https://www.alibaba.com/product-detail/Unisex-Wide-Toe-Box-Barefoot-Running_1601959892450.html,https://s.alicdn.com/@sc04/kf/H0d89659b3d9d456c9f8c8128e6678e1fJ/Unisex-Wide-Toe-Box-Barefoot-Running-Shoes.jpg_480x480.jpg?hasNWGrade=1,待逐图实看,"Unisex Wide Toe Box Barefoot Running Shoes Zero Drop Minimalist Sneakers Flexible Non Slip Outdoor Trainer OEM ODM Big Size
$8.80-10.18
Min. Order: 2 pairs
300 sold
Chat now"
1601959896002,1,High Top Barefoot Shoes Wide Toe Box Zero Drop Minimalist Leather Casual Boots Non Slip Rubber Outsole OEM ODM Custom Logo,122,赤足及极简概念鞋,300,公开显示数量；单位/周期/退货及变体范围未明,300,pairs,13.63,15.11,USD,卡片未留存计价单位，详情待核,2026-10-10T17:17:42.929Z,https://www.alibaba.com/product-detail/High-Top-Barefoot-Shoes-Wide-Toe_1601959896002.html,https://s.alicdn.com/@sc04/kf/H3176c9eeb2f74d7d99489ea62d8b7468U/High-Top-Barefoot-Shoes-Wide-Toe-Box.jpg_480x480.jpg?hasNWGrade=1,待逐图实看,"High Top Barefoot Shoes Wide Toe Box Zero Drop Minimalist Leather Casual Boots Non Slip Rubber Outsole OEM ODM Custom Logo
$13.63-15.11
Min. Order: 300 pairs
300 sold
Chat now"
1601959938117,1,Mid Top Barefoot Shoes Wide Toe Box Zero Drop Soft Microfiber Anti-Slip Comfortable Minimalist Walking Sneaker Custom Color OEM,127,赤足及极简概念鞋,300,公开显示数量；单位/周期/退货及变体范围未明,300,pairs,14.9,17.5,USD,卡片未留存计价单位，详情待核,2026-10-10T17:17:42.929Z,https://www.alibaba.com/product-detail/Mid-Top-Barefoot-Shoes-Wide-Toe_1601959938117.html,https://s.alicdn.com/@sc04/kf/H61c86446b8b143c7b3d91803bfd7111dm/Mid-Top-Barefoot-Shoes-Wide-Toe-Box.jpg_480x480.jpg?hasNWGrade=1,待逐图实看,"Mid Top Barefoot Shoes Wide Toe Box Zero Drop Soft Microfiber Anti-Slip Comfortable Minimalist Walking Sneaker Custom Color OEM
$14.90-17.50
Min. Order: 300 pairs
300 sold
Chat now"
1601960034959,1,Unisex Hollow Cushion Running Shoes Shock Absorbing Breathable Sports Training Sneakers OEM Custom Autumn/Winter Mesh Rubber,124,跑步运动鞋,300,公开显示数量；单位/周期/退货及变体范围未明,300,pieces,13.0,14.21,USD,卡片未留存计价单位，详情待核,2026-10-10T17:17:42.929Z,https://www.alibaba.com/product-detail/Unisex-Hollow-Cushion-Running-Shoes-Shock_1601960034959.html,https://s.alicdn.com/@sc04/kf/H6f9aed470bf1475b924e20f7dcb92715b/Unisex-Hollow-Cushion-Running-Shoes-Shock-Absorbing.jpg_480x480.jpg?hasNWGrade=1,待逐图实看,"certified
Unisex Hollow Cushion Running Shoes Shock Absorbing Breathable Sports Training Sneakers OEM Custom Autumn/Winter Mesh Rubber
$13-14.21
Min. Order: 300 pieces
300 sold
Chat now"
1601960047953,1,Lightweight Fly-Knit Marathon Running Shoes Breathable Cushioned EVA Midsole Athletic Low Profile Sneakers Spring Autumn Winter,127,针织套脚及乐福鞋,300,公开显示数量；单位/周期/退货及变体范围未明,300,pieces,12.9,14.11,USD,卡片未留存计价单位，详情待核,2026-10-10T17:17:42.929Z,https://www.alibaba.com/product-detail/Lightweight-Fly-Knit-Marathon-Running-Shoes_1601960047953.html,https://s.alicdn.com/@sc04/kf/H8b0cd5ba25364f29820fbf0955e951696/Lightweight-Fly-Knit-Marathon-Running-Shoes-Breathable.jpg_480x480.jpg?hasNWGrade=1,待逐图实看,"certified
Lightweight Fly-Knit Marathon Running Shoes Breathable Cushioned EVA Midsole Athletic Low Profile Sneakers Spring Autumn Winter
$12.90-14.11
Min. Order: 300 pieces
300 sold
Chat now"
1601960109560,1,Unisex Breathable Mesh Badminton Shoes Anti Slip Shockproof Training Sneakers Tennis Court Sports Footwear OEM ODM Custom Logo,126,球类运动鞋,300,公开显示数量；单位/周期/退货及变体范围未明,2,pieces,13.79,15.9,USD,卡片未留存计价单位，详情待核,2026-10-10T17:17:42.929Z,https://www.alibaba.com/product-detail/Unisex-Breathable-Mesh-Badminton-Shoes-Anti_1601960109560.html,https://s.alicdn.com/@sc04/kf/H64c51200609648c59d8df85bb9c1655a3/Unisex-Breathable-Mesh-Badminton-Shoes-Anti-Slip.jpg_480x480.jpg?hasNWGrade=1,待逐图实看,"Unisex Breathable Mesh Badminton Shoes Anti Slip Shockproof Training Sneakers Tennis Court Sports Footwear OEM ODM Custom Logo
$13.79-15.90
Min. Order: 2 pieces
300 sold
Chat now"
1601727877521,25,Large Size Wide Toe Wide Palm Anti-Slip Soft Breathable High Quality Multifunctional Outdoor Casual Sports Shoes zapatillas,123,休闲及其他成鞋,266,公开显示数量；单位/周期/退货及变体范围未明,2,pieces,14.48,16.15,USD,卡片未留存计价单位，详情待核,2026-10-10T17:22:17.959Z,https://www.alibaba.com/product-detail/Large-Size-Wide-Toe-Wide-Palm_1601727877521.html,https://s.alicdn.com/@sc04/kf/He3a7e9bcf4144fa89ab9308a21738566o/Large-Size-Wide-Toe-Wide-Palm-Anti.jpg?hasNWGrade=1,待逐图实看,"Large Size Wide Toe Wide Palm Anti-Slip Soft Breathable High Quality Multifunctional Outdoor Casual Sports Shoes zapatillas
$14.48-16.15
Min. Order: 2 pieces
266 sold
Add to cart
Chat now"
1601569179382,29,Breathable Anti-Slip Shock Absorption Rubber Summer Tennis Sports Shoes Competition Training Factory Direct Unisex Badminton,124,球类运动鞋,257,公开显示数量；单位/周期/退货及变体范围未明,300,pieces,16.78,18.57,USD,卡片未留存计价单位，详情待核,2026-10-10T17:22:43.759Z,https://www.alibaba.com/product-detail/Breathable-Anti-Slip-Shock-Absorption-Rubber_1601569179382.html,https://s.alicdn.com/@sc04/kf/Haefa2b3bf4f7473fa38fe58bcf9522dbf/Breathable-Anti-Slip-Shock-Absorption-Rubber-Summer.jpg?hasNWGrade=1,待逐图实看,"certified
Breathable Anti-Slip Shock Absorption Rubber Summer Tennis Sports Shoes Competition Training Factory Direct Unisex Badminton
$16.78-18.57
Min. Order: 300 pieces
257 sold
Add to cart
Chat now"
1601627702481,15,"Wide toe plus size sports shoes, cross-border wide palm running shoes",69,跑步运动鞋,255,公开显示数量；单位/周期/退货及变体范围未明,2,pairs,13.78,15.2,USD,卡片未留存计价单位，详情待核,2026-10-10T17:21:27.594Z,https://www.alibaba.com/product-detail/Wide-toe-plus-size-sports-shoes_1601627702481.html,https://s.alicdn.com/@sc04/kf/Hbc13aef08a5a47109aeaf1650402e65an/Wide-toe-plus-size-sports-shoes-cross.jpg?hasNWGrade=1,待逐图实看,"Wide toe plus size sports shoes, cross-border wide palm running shoes
$13.78-15.20
Min. Order: 2 pairs
255 sold
Add to cart
Chat now"
1601754648235,18,Round Toe Mesh Upper Lace-up Shoes with Anti-slip Rubber Sole Breathable Comfort Fashion Trend for Hiking Fitness Casual Sports,127,户外鞋靴,252,公开显示数量；单位/周期/退货及变体范围未明,2,pairs,8.52,9.6,USD,卡片未留存计价单位，详情待核,2026-10-10T17:21:39.600Z,https://www.alibaba.com/product-detail/Round-Toe-Mesh-Upper-Lace-up_1601754648235.html,https://s.alicdn.com/@sc04/kf/H7090f47f6b7e44ecbf63d08ac60d82a3T/Round-Toe-Mesh-Upper-Lace-up-Shoes.jpg_480x480.jpg?hasNWGrade=1,待逐图实看,"certified
Round Toe Mesh Upper Lace-up Shoes with Anti-slip Rubber Sole Breathable Comfort Fashion Trend for Hiking Fitness Casual Sports
$8.52-9.60
Min. Order: 2 pairs
252 sold
Add to cart
Chat now"
1601488679794,13,DeXun Men's Casual Summer Trendy Brand Hiking Shoes with Breathable Mesh Soft Sole and New Toe Style Casual Shoes,113,户外鞋靴,250,公开显示数量；单位/周期/退货及变体范围未明,300,pairs,14.3,16.2,USD,卡片未留存计价单位，详情待核,2026-10-10T17:21:08.395Z,https://www.alibaba.com/product-detail/DeXun-Men-s-Casual-Summer-Trendy_1601488679794.html,https://s.alicdn.com/@sc04/kf/Hb603470f967345f582b0eec69408415bi/DeXun-Men-s-Casual-Summer-Trendy-Brand.jpg?hasNWGrade=1,待逐图实看,"certified
DeXun Men's Casual Summer Trendy Brand Hiking Shoes with Breathable Mesh Soft Sole and New Toe Style Casual Shoes
$14.30-16.20
Min. Order: 300 pairs
250 sold
Chat now"
1601472377546,13,High Quality Sports Shoes for Spring and Autumn Customized Air Cushion and Soft Sole Shock-Absorbing Design for Running,119,跑步运动鞋,246,公开显示数量；单位/周期/退货及变体范围未明,300,pairs,18.0,19.7,USD,卡片未留存计价单位，详情待核,2026-10-10T17:21:08.395Z,https://www.alibaba.com/product-detail/High-Quality-Sports-Shoes-for-Spring_1601472377546.html,https://s.alicdn.com/@sc04/kf/H6819e718c6ed4db1a47d98598b2b956c0/High-Quality-Sports-Shoes-for-Spring-and.jpg?hasNWGrade=1,待逐图实看,"High Quality Sports Shoes for Spring and Autumn Customized Air Cushion and Soft Sole Shock-Absorbing Design for Running
$18-19.70
Min. Order: 300 pairs
246 sold
Chat now"
1601663250767,22,2026 Latest Design for Brand Logo Custom Professional Men Outdoor Comfort Spring Autumn Winter Breathable Mesh Basketball,121,球类运动鞋,241,公开显示数量；单位/周期/退货及变体范围未明,2,pieces,15.71,17.6,USD,卡片未留存计价单位，详情待核,2026-10-10T17:22:03.692Z,https://www.alibaba.com/product-detail/2026-Latest-Design-for-Brand-Logo_1601663250767.html,https://s.alicdn.com/@sc04/kf/H09af0ead198d491c831ec32dcb7c18307/2026-Latest-Design-for-Brand-Logo-Custom.jpg?hasNWGrade=1,待逐图实看,"00:06
2026 Latest Design for Brand Logo Custom Professional Men Outdoor Comfort Spring Autumn Winter Breathable Mesh Basketball
$15.71-17.60
Min. Order: 2 pieces
241 sold
Add to cart
Chat now"
1601669999624,20,New Fashion Breathable Board Shoes Instagram Trendy Spring Summer Mesh Lining PU Upper Lace-up Platform Couple White Shoes,122,休闲及其他成鞋,216,公开显示数量；单位/周期/退货及变体范围未明,2,pairs,10.95,12.1,USD,卡片未留存计价单位，详情待核,2026-10-10T17:21:51.392Z,https://www.alibaba.com/product-detail/New-Fashion-Breathable-Board-Shoes-Instagram_1601669999624.html,https://s.alicdn.com/@sc04/kf/H42f7d4b3415c4b5f8bba100dfeb3d585m/New-Fashion-Breathable-Board-Shoes-Instagram-Trendy.jpg_480x480.jpg?hasNWGrade=1,待逐图实看,"certified
New Fashion Breathable Board Shoes Instagram Trendy Spring Summer Mesh Lining PU Upper Lace-up Platform Couple White Shoes
$10.95-12.10
Min. Order: 2 pairs
216 sold
Add to cart
Chat now"
1601754900209,20,KS High-quality Casual Walking Sneakers Fashion Lightweight Microfiber Upper Rubber Sole Slip Resistant Comfortable Customized,126,休闲及其他成鞋,216,公开显示数量；单位/周期/退货及变体范围未明,2,pairs,14.15,15.6,USD,卡片未留存计价单位，详情待核,2026-10-10T17:21:51.392Z,https://www.alibaba.com/product-detail/KS-High-quality-Casual-Walking-Sneakers_1601754900209.html,https://s.alicdn.com/@sc04/kf/H328860a7675246b38a24a8a624d4a45eE/KS-High-quality-Casual-Walking-Sneakers-Fashion.jpg?hasNWGrade=1,待逐图实看,"certified
KS High-quality Casual Walking Sneakers Fashion Lightweight Microfiber Upper Rubber Sole Slip Resistant Comfortable Customized
$14.15-15.60
Min. Order: 2 pairs
216 sold
Add to cart
Chat now"
1601565293380,17,Women's Casual Running Sports Shoes with Breathable Cotton Lining Mesh Upper EVA Midsole for Summer/Spring,106,跑步运动鞋,215,公开显示数量；单位/周期/退货及变体范围未明,1,piece,6.42,7.8,USD,卡片未留存计价单位，详情待核,2026-10-10T17:21:35.394Z,https://www.alibaba.com/product-detail/Women-s-Casual-Running-Sports-Shoes_1601565293380.html,https://s.alicdn.com/@sc04/kf/H085b7596f1cd4571a90c0b05b498a8c3B/Women-s-Casual-Running-Sports-Shoes-with.jpg?hasNWGrade=1,待逐图实看,"00:32
certified
Women's Casual Running Sports Shoes with Breathable Cotton Lining Mesh Upper EVA Midsole for Summer/Spring
$6.42-7.80
Min. Order: 1 piece
215 sold
Add to cart
Chat now"
1601569229080,20,Unisex Reversible Design Badminton Pickleball Tennis Shoes Mesh Lining Training Summer Spring Autumn Adults Children Great,122,童鞋（不直接对标）,211,公开显示数量；单位/周期/退货及变体范围未明,2,pieces,18.85,20.42,USD,卡片未留存计价单位，详情待核,2026-10-10T17:21:51.392Z,https://www.alibaba.com/product-detail/Unisex-Reversible-Design-Badminton-Pickleball-Tennis_1601569229080.html,https://s.alicdn.com/@sc04/kf/H93701c0e80c741349088bce8e0594431l/Unisex-Reversible-Design-Badminton-Pickleball-Tennis-Shoes.jpg?hasNWGrade=1,待逐图实看,"Unisex Reversible Design Badminton Pickleball Tennis Shoes Mesh Lining Training Summer Spring Autumn Adults Children Great
$18.85-20.42
Min. Order: 2 pieces
211 sold
Chat now"
1601713944561,27,KS Healthy Anti-Slip Breathable Waterproof Barefoot Shoes for Women Men Spring Wide Toe Flexible Lightweight Daily Wear Walking,127,赤足及极简概念鞋,211,公开显示数量；单位/周期/退货及变体范围未明,2,pairs,7.8,8.7,USD,卡片未留存计价单位，详情待核,2026-10-10T17:22:36.648Z,https://www.alibaba.com/product-detail/KS-Healthy-Anti-Slip-Breathable-Waterproof_1601713944561.html,https://s.alicdn.com/@sc04/kf/H02cb1420784d4e07a6155bfcea584b7cS/KS-Healthy-Anti-Slip-Breathable-Waterproof-Barefoot.jpg?hasNWGrade=1,待逐图实看,"KS Healthy Anti-Slip Breathable Waterproof Barefoot Shoes for Women Men Spring Wide Toe Flexible Lightweight Daily Wear Walking
$7.80-8.70
Min. Order: 2 pairs
211 sold
Add to cart
Chat now"
1601627840775,17,Wide Toe Wide Last Big Toe Shoes Anti-Slip Breathable Comfortable Soft Light Weight Outdoor Sports Running Shoes,112,跑步运动鞋,205,公开显示数量；单位/周期/退货及变体范围未明,2,pairs,17.66,18.9,USD,卡片未留存计价单位，详情待核,2026-10-10T17:21:35.394Z,https://www.alibaba.com/product-detail/Wide-Toe-Wide-Last-Big-Toe_1601627840775.html,https://s.alicdn.com/@sc04/kf/H306c6a119301411dbeb8ad79211eb1c93/Wide-Toe-Wide-Last-Big-Toe-Shoes.jpg?hasNWGrade=1,待逐图实看,"Wide Toe Wide Last Big Toe Shoes Anti-Slip Breathable Comfortable Soft Light Weight Outdoor Sports Running Shoes
$17.66-18.90
Min. Order: 2 pairs
205 sold
Add to cart
Chat now"
1601754687927,19,KS New Wide-toe and Wide-palm Soft Breathable Anti-slip Lace-up Barefoot Shoes Fly-knit Casual Fitness Sneakers Fashion Trend,125,赤足及极简概念鞋,202,公开显示数量；单位/周期/退货及变体范围未明,2,pairs,8.8,9.6,USD,卡片未留存计价单位，详情待核,2026-10-10T17:21:45.677Z,https://www.alibaba.com/product-detail/KS-New-Wide-toe-and-Wide_1601754687927.html,https://s.alicdn.com/@sc04/kf/H905a1c6948b7449a806daaf3dc23696bX/KS-New-Wide-toe-and-Wide-palm.jpg?hasNWGrade=1,待逐图实看,"certified
KS New Wide-toe and Wide-palm Soft Breathable Anti-slip Lace-up Barefoot Shoes Fly-knit Casual Fitness Sneakers Fashion Trend
$8.80-9.60
Min. Order: 2 pairs
202 sold
Add to cart
Chat now"
1601290866738,10,Unisex High Quality Youth Comfortable Mesh Sneakers with Non-Slip Sole Air Circulation Running All Seasons-Winter Spring Summer,127,跑步运动鞋,200,公开显示数量；单位/周期/退货及变体范围未明,300,pairs,14.75,17.75,USD,卡片未留存计价单位，详情待核,2026-10-10T17:20:32.080Z,https://www.alibaba.com/product-detail/Unisex-High-Quality-Youth-Comfortable-Mesh_1601290866738.html,https://s.alicdn.com/@sc04/kf/H6309695148a148e5abc8f010bb31cfbf4/Unisex-High-Quality-Youth-Comfortable-Mesh-Sneakers.jpg?hasNWGrade=1,待逐图实看,"certified
Unisex High Quality Youth Comfortable Mesh Sneakers with Non-Slip Sole Air Circulation Running All Seasons-Winter Spring Summer
$14.75-17.75
Min. Order: 300 pairs
200 sold
Chat now"
1601484594752,12,Customize Barefoot Earthing Shoes Grounding Wide Toe Box Flat Shoes Barefoot Walking Running Grounding Shoes,108,赤足及极简概念鞋,200,公开显示数量；单位/周期/退货及变体范围未明,300,pairs,13.82,15.4,USD,卡片未留存计价单位，详情待核,2026-10-10T17:20:37.257Z,https://www.alibaba.com/product-detail/Customize-Barefoot-Earthing-Shoes-Grounding-Wide_1601484594752.html,https://s.alicdn.com/@sc04/kf/H3b7ac899d59046e884105768f42ebc30e/Customize-Barefoot-Earthing-Shoes-Grounding-Wide-Toe.jpg?hasNWGrade=1,待逐图实看,"certified
Customize Barefoot Earthing Shoes Grounding Wide Toe Box Flat Shoes Barefoot Walking Running Grounding Shoes
$13.82-15.40
Min. Order: 300 pairs
200 sold
Chat now"
1601627831649,15,Men's Basketball Shoes High Top Lace Sneakers Stretch Fabric Air Mesh Mid-top Outdoor Summer Fashion Breathable Sport,117,球类运动鞋,176,公开显示数量；单位/周期/退货及变体范围未明,2,pieces,13.26,14.7,USD,卡片未留存计价单位，详情待核,2026-10-10T17:21:27.594Z,https://www.alibaba.com/product-detail/Men-s-Basketball-Shoes-High-Top_1601627831649.html,https://s.alicdn.com/@sc04/kf/H2caa350c25af4170bb347ae9b99962948/Men-s-Basketball-Shoes-High-Top-Lace.jpg_480x480.jpg?hasNWGrade=1,待逐图实看,"certified
Men's Basketball Shoes High Top Lace Sneakers Stretch Fabric Air Mesh Mid-top Outdoor Summer Fashion Breathable Sport
$13.26-14.70
Min. Order: 2 pieces
176 sold
Add to cart
Chat now"
1601694882929,29,Custom Men's Sport Sneakers for Tennis Badminton & Pickleball-Anti-Slip Cushioned Mesh Upper Rubber Outsole Model A2401,119,球类运动鞋,166,公开显示数量；单位/周期/退货及变体范围未明,300,pairs,20.0,22.2,USD,卡片未留存计价单位，详情待核,2026-10-10T17:22:43.759Z,https://www.alibaba.com/product-detail/Custom-Men-s-Sport-Sneakers-for_1601694882929.html,https://s.alicdn.com/@sc04/kf/H1aff238a361143c181f768a2807d9033S/Custom-Men-s-Sport-Sneakers-for-Tennis.jpg?hasNWGrade=1,待逐图实看,"certified
Custom Men's Sport Sneakers for Tennis Badminton & Pickleball-Anti-Slip Cushioned Mesh Upper Rubber Outsole Model A2401
$20-22.20
Min. Order: 300 pairs
166 sold
Chat now"
1601604458172,31,Women's/Men's Wide-Leg Minimalist Casual Shoes Scattered Outdoor Walking Shoes Mesh Upper Rubber Outsole Breathable Anti-Slip,125,赤足及极简概念鞋,150,公开显示数量；单位/周期/退货及变体范围未明,2,pairs,7.68,8.9,USD,卡片未留存计价单位，详情待核,2026-10-10T17:22:50.339Z,https://www.alibaba.com/product-detail/Women-s-Men-s-Wide-Leg_1601604458172.html,https://s.alicdn.com/@sc04/kf/H2a11ad0f718b495d849efac072867b51u/Women-s-Men-s-Wide-Leg-Minimalist.jpg?hasNWGrade=1,待逐图实看,"Women's/Men's Wide-Leg Minimalist Casual Shoes Scattered Outdoor Walking Shoes Mesh Upper Rubber Outsole Breathable Anti-Slip
$7.68-8.90
Min. Order: 2 pairs
150 sold
Add to cart
Chat now"
1601876656686,8,KS Foot Perception Massage Black Technology Leisure Sports Running Shoes Lightweight Training Shoes All Season Unisex,117,跑步运动鞋,146,公开显示数量；单位/周期/退货及变体范围未明,300,pieces,13.29,14.42,USD,卡片未留存计价单位，详情待核,2026-10-10T17:20:25.692Z,https://www.alibaba.com/product-detail/KS-Foot-Perception-Massage-Black-Technology_1601876656686.html,https://s.alicdn.com/@sc04/kf/H8b5bea36dada45fa96d17b81a22fe2348/KS-Foot-Perception-Massage-Black-Technology-Leisure.jpg?hasNWGrade=1,待逐图实看,"certified
KS Foot Perception Massage Black Technology Leisure Sports Running Shoes Lightweight Training Shoes All Season Unisex
$13.29-14.42
Min. Order: 300 pieces
146 sold
Chat now"
1601141086464,33,2026 Customizable Men's Barefoot Sneakers Stretch Fabric Upper Wide Toe Box Protection Casual Fitness Walking Shoes,115,赤足及极简概念鞋,136,公开显示数量；单位/周期/退货及变体范围未明,300,pairs,7.8,8.41,USD,卡片未留存计价单位，详情待核,2026-10-10T17:22:57.692Z,https://www.alibaba.com/product-detail/2026-Customizable-Men-s-Barefoot-Sneakers_1601141086464.html,https://s.alicdn.com/@sc04/kf/H690a5809440948488426fc0346a494969/2026-Customizable-Men-s-Barefoot-Sneakers-Stretch.jpg?hasNWGrade=1,待逐图实看,"2026 Customizable Men's Barefoot Sneakers Stretch Fabric Upper Wide Toe Box Protection Casual Fitness Walking Shoes
$7.80-8.41
Min. Order: 300 pairs
136 sold
Chat now"
1601287133227,14,Men's Vintage Style Platform Lace Sneakers Casual Winter Sports Chunky Dad Shoes with Mesh Lining Fashion Trend for Spring,122,休闲及其他成鞋,136,公开显示数量；单位/周期/退货及变体范围未明,300,pieces,10.2,11.1,USD,卡片未留存计价单位，详情待核,2026-10-10T17:21:22.795Z,https://www.alibaba.com/product-detail/Men-s-Vintage-Style-Platform-Lace_1601287133227.html,https://s.alicdn.com/@sc04/kf/Hd0ee3402374f4683b1c496f2094a4f6aq/Men-s-Vintage-Style-Platform-Lace-Sneakers.jpg?hasNWGrade=1,待逐图实看,"certified
Men's Vintage Style Platform Lace Sneakers Casual Winter Sports Chunky Dad Shoes with Mesh Lining Fashion Trend for Spring
$10.20-11.10
Min. Order: 300 pieces
136 sold
Chat now"
1601568722436,29,Custom Men's and Women's Badminton Training Shoes Breathable and Lightweight for Couple Sports Mesh Lining for Autumn Season,124,球类运动鞋,136,公开显示数量；单位/周期/退货及变体范围未明,300,pieces,13.6,14.78,USD,卡片未留存计价单位，详情待核,2026-10-10T17:22:43.759Z,https://www.alibaba.com/product-detail/Custom-Men-s-and-Women-s_1601568722436.html,https://s.alicdn.com/@sc04/kf/H4ab1c76b7cca404f9409edbe20a14fce3/Custom-Men-s-and-Women-s-Badminton.jpg?hasNWGrade=1,待逐图实看,"certified
Custom Men's and Women's Badminton Training Shoes Breathable and Lightweight for Couple Sports Mesh Lining for Autumn Season
$13.60-14.78
Min. Order: 300 pieces
136 sold
Add to cart
Chat now"
1601140626612,32,High Quality White Barefoot Sneakers Women Wide Toe Box Protection Casual Fitness Walking Shoes Customizable Barefoot Shoes,123,赤足及极简概念鞋,130,公开显示数量；单位/周期/退货及变体范围未明,300,pairs,9.66,10.48,USD,卡片未留存计价单位，详情待核,2026-10-10T17:22:54.273Z,https://www.alibaba.com/product-detail/High-Quality-White-Barefoot-Sneakers-Women_1601140626612.html,https://s.alicdn.com/@sc04/kf/He46fbb006bd54919a846ec4de9e63d203/High-Quality-White-Barefoot-Sneakers-Women-Wide.jpg?hasNWGrade=1,待逐图实看,"00:24
High Quality White Barefoot Sneakers Women Wide Toe Box Protection Casual Fitness Walking Shoes Customizable Barefoot Shoes
$9.66-10.48
Min. Order: 300 pairs
130 sold
Chat now"
1601601926713,8,Casual Sports Shoes for All Seasons High Quality Sneakers with Breathable Upper Mesh for Summer Spring and Autumn OEM,117,休闲及其他成鞋,115,公开显示数量；单位/周期/退货及变体范围未明,2,pairs,15.71,17.6,USD,卡片未留存计价单位，详情待核,2026-10-10T17:20:25.692Z,https://www.alibaba.com/product-detail/Casual-Sports-Shoes-for-All-Seasons_1601601926713.html,https://s.alicdn.com/@sc04/kf/H79dd06c5191b4def8458a08daca4608d4/Casual-Sports-Shoes-for-All-Seasons-High.jpg?hasNWGrade=1,待逐图实看,"certified
Casual Sports Shoes for All Seasons High Quality Sneakers with Breathable Upper Mesh for Summer Spring and Autumn OEM
$15.71-17.60
Min. Order: 2 pairs
115 sold
Chat now"
1601628053116,14,Factory Customization Custom Logo Design Breathable Mesh Sport Shoes for Men-Sporty Fashion Trend Running Shoes Spring Summer,125,跑步运动鞋,115,公开显示数量；单位/周期/退货及变体范围未明,2,pieces,7.31,9.1,USD,卡片未留存计价单位，详情待核,2026-10-10T17:21:22.795Z,https://www.alibaba.com/product-detail/Factory-Customization-Custom-Logo-Design-Breathable_1601628053116.html,https://s.alicdn.com/@sc04/kf/H15a7943cdba94d749b10ecd625603bdf2/Factory-Customization-Custom-Logo-Design-Breathable-Mesh.jpg?hasNWGrade=1,待逐图实看,"certified
Factory Customization Custom Logo Design Breathable Mesh Sport Shoes for Men-Sporty Fashion Trend Running Shoes Spring Summer
$7.31-9.10
Min. Order: 2 pieces
115 sold
Add to cart
Chat now"
1601920889866,4,Vintage Gum Sole Breathable Anti-Slip German Training Shoes Unisex Retro Casual Sneaker Custom Logo OEM ODM Footwear Supplier,125,休闲及其他成鞋,115,公开显示数量；单位/周期/退货及变体范围未明,300,pairs,12.65,13.89,USD,卡片未留存计价单位，详情待核,2026-10-10T17:20:13.221Z,https://www.alibaba.com/product-detail/Vintage-Gum-Sole-Breathable-Anti-Slip_1601920889866.html,https://s.alicdn.com/@sc04/kf/H6607fb115b1b4d7a8e6cffe46c5fa8852/Vintage-Gum-Sole-Breathable-Anti-Slip-German.jpg_480x480.jpg?hasNWGrade=1,待逐图实看,"Vintage Gum Sole Breathable Anti-Slip German Training Shoes Unisex Retro Casual Sneaker Custom Logo OEM ODM Footwear Supplier
$12.65-13.89
Min. Order: 300 pairs
115 sold
Chat now"
1601921024956,4,OEM ODM Custom Men's Summer Basketball Shoes Breathable Mesh Upper Anti-Slip Lightweight Custom Logo Option,107,球类运动鞋,115,公开显示数量；单位/周期/退货及变体范围未明,300,pairs,14.85,16.56,USD,卡片未留存计价单位，详情待核,2026-10-10T17:20:13.221Z,https://www.alibaba.com/product-detail/OEM-ODM-Custom-Men-s-Summer_1601921024956.html,https://s.alicdn.com/@sc04/kf/H082f02457fa14e91a7f427c0f34d1087M/OEM-ODM-Custom-Men-s-Summer-Basketball.jpg_480x480.jpg?hasNWGrade=1,待逐图实看,"OEM ODM Custom Men's Summer Basketball Shoes Breathable Mesh Upper Anti-Slip Lightweight Custom Logo Option
$14.85-16.56
Min. Order: 300 pairs
115 sold
Chat now"
1601921584664,4,KS OEM ODM Custom Lightweight Mesh Racing Running Shoes Breathable Athletic Sneakers Spring Summer Original Factory Custom Logo,127,跑步运动鞋,115,公开显示数量；单位/周期/退货及变体范围未明,300,pairs,15.36,16.54,USD,卡片未留存计价单位，详情待核,2026-10-10T17:20:13.221Z,https://www.alibaba.com/product-detail/KS-OEM-ODM-Custom-Lightweight-Mesh_1601921584664.html,https://s.alicdn.com/@sc04/kf/H25baeb5e1fc444549e947fa7285f7943K/KS-OEM-ODM-Custom-Lightweight-Mesh-Racing.jpg_480x480.jpg?hasNWGrade=1,待逐图实看,"certified
KS OEM ODM Custom Lightweight Mesh Racing Running Shoes Breathable Athletic Sneakers Spring Summer Original Factory Custom Logo
$15.36-16.54
Min. Order: 300 pairs
115 sold
Chat now"
1601921703215,4,Professional Badminton Pickleball Court Shoes OEM Custom Logo Breathable Mesh Anti Slip Sports Sneakers for Men Women,117,球类运动鞋,115,公开显示数量；单位/周期/退货及变体范围未明,2,pieces,17.54,19.89,USD,卡片未留存计价单位，详情待核,2026-10-10T17:20:13.221Z,https://www.alibaba.com/product-detail/Professional-Badminton-Pickleball-Court-Shoes-OEM_1601921703215.html,https://s.alicdn.com/@sc04/kf/Hddc1c3e10f904f7a8b45a40fc32a4176W/Professional-Badminton-Pickleball-Court-Shoes-OEM-Custom.jpg_480x480.jpg?hasNWGrade=1,待逐图实看,"Professional Badminton Pickleball Court Shoes OEM Custom Logo Breathable Mesh Anti Slip Sports Sneakers for Men Women
$17.54-19.89
Min. Order: 2 pieces
115 sold
Chat now"
1601521812430,23,2026 Men's Lightweight Flying Running Shoes Breathable Sports Sneakers with Thick PU Sole Mesh Fashionable for Spring/Summer,124,跑步运动鞋,111,公开显示数量；单位/周期/退货及变体范围未明,300,pieces,7.98,8.7,USD,卡片未留存计价单位，详情待核,2026-10-10T17:22:08.436Z,https://www.alibaba.com/product-detail/2026-Men-s-Lightweight-Flying-Running_1601521812430.html,https://s.alicdn.com/@sc04/kf/H34966064f686436f8ede1323ab9ac090U/2026-Men-s-Lightweight-Flying-Running-Shoes.jpg?hasNWGrade=1,待逐图实看,"00:12
certified
2026 Men's Lightweight Flying Running Shoes Breathable Sports Sneakers with Thick PU Sole Mesh Fashionable for Spring/Summer
$7.98-8.70
Min. Order: 300 pieces
111 sold
Chat now"
1601487334536,17,Men's Fashionable Anti-Slip Sports Gym Shoes Walking Cushioning Comfortable Barefoot Design Wide Toe Autumn Winter Exercise,123,赤足及极简概念鞋,110,公开显示数量；单位/周期/退货及变体范围未明,300,pairs,14.3,16.4,USD,卡片未留存计价单位，详情待核,2026-10-10T17:21:35.394Z,https://www.alibaba.com/product-detail/Men-s-Fashionable-Anti-Slip-Sports_1601487334536.html,https://s.alicdn.com/@sc04/kf/H745d06c7e5fa4143a2cb15e727b57d3cE/Men-s-Fashionable-Anti-Slip-Sports-Gym.jpg?hasNWGrade=1,待逐图实看,"certified
Men's Fashionable Anti-Slip Sports Gym Shoes Walking Cushioning Comfortable Barefoot Design Wide Toe Autumn Winter Exercise
$14.30-16.40
Min. Order: 300 pairs
110 sold
Chat now"
1601513136379,11,High Quality Rubber Sports Leisure Shoes Breathable Lightweight PU Lining Casual Fashionable Lace-Up Trendy OEM ODM,115,休闲及其他成鞋,110,公开显示数量；单位/周期/退货及变体范围未明,300,pairs,15.3,16.8,USD,卡片未留存计价单位，详情待核,2026-10-10T17:20:34.664Z,https://www.alibaba.com/product-detail/High-Quality-Rubber-Sports-Leisure-Shoes_1601513136379.html,https://s.alicdn.com/@sc04/kf/He87c0254e75942008fa8c7b9b02075b9S/High-Quality-Rubber-Sports-Leisure-Shoes-Breathable.jpg?hasNWGrade=1,待逐图实看,"certified
High Quality Rubber Sports Leisure Shoes Breathable Lightweight PU Lining Casual Fashionable Lace-Up Trendy OEM ODM
$15.30-16.80
Min. Order: 300 pairs
110 sold
Chat now"
1600985023288,1,Men's Fashionable Leather Casual Shoes Slip-On Style with Anti-Slip Feature Comfortable Office and Walking Shoes,112,针织套脚及乐福鞋,106,公开显示数量；单位/周期/退货及变体范围未明,2,pairs,10.8,11.55,USD,卡片未留存计价单位，详情待核,2026-10-10T17:17:42.929Z,https://www.alibaba.com/product-detail/Men-s-Fashionable-Leather-Casual-Shoes_1600985023288.html,https://s.alicdn.com/@sc04/kf/H2f5aeb22e3fe44139ac6e862ddc28208O/Men-s-Fashionable-Leather-Casual-Shoes-Slip.jpg?hasNWGrade=1,待逐图实看,"Men's Fashionable Leather Casual Shoes Slip-On Style with Anti-Slip Feature Comfortable Office and Walking Shoes
$10.80-11.55
Min. Order: 2 pairs
106 sold
Add to cart
Chat now"
1600758840697,25,2026 Trend White Breathable Double Layer TPU Sole High Cushioning Customized Mesh Couple Walking Shoes for Men Spring Autumn,124,休闲及其他成鞋,102,公开显示数量；单位/周期/退货及变体范围未明,300,pairs,17.0,18.54,USD,卡片未留存计价单位，详情待核,2026-10-10T17:22:17.959Z,https://www.alibaba.com/product-detail/2026-Trend-White-Breathable-Double-Layer_1600758840697.html,https://s.alicdn.com/@sc04/kf/H202dc6128ae84caa8b62e3a30046f7bfC/2026-Trend-White-Breathable-Double-Layer-TPU.jpg?hasNWGrade=1,待逐图实看,"00:22
certified
2026 Trend White Breathable Double Layer TPU Sole High Cushioning Customized Mesh Couple Walking Shoes for Men Spring Autumn
$17-18.54
Min. Order: 300 pairs
102 sold
Chat now"
1601527118900,28,2026 Women's Casual MD Bottom Shoes Super Soft Ultra Light Anti-Slip Wear Resistant Breathable Barefoot Comfortable Summer,122,赤足及极简概念鞋,102,公开显示数量；单位/周期/退货及变体范围未明,300,pairs,7.42,8.0,USD,卡片未留存计价单位，详情待核,2026-10-10T17:22:39.703Z,https://www.alibaba.com/product-detail/2026-Women-s-Casual-MD-Bottom_1601527118900.html,https://s.alicdn.com/@sc04/kf/Hd804db454e5b4cd4a14a6bc1755b24c5W/2026-Women-s-Casual-MD-Bottom-Shoes.jpg?hasNWGrade=1,待逐图实看,"2026 Women's Casual MD Bottom Shoes Super Soft Ultra Light Anti-Slip Wear Resistant Breathable Barefoot Comfortable Summer
$7.42-8
Min. Order: 300 pairs
102 sold
Chat now"
1601714472127,27,Men's Supportive Running Shoes Cushioned Athletic Sneakers Fashion Trend Breathable Soft Lace-Up Customized Anti-Slip,117,跑步运动鞋,102,公开显示数量；单位/周期/退货及变体范围未明,300,pieces,15.7,16.9,USD,卡片未留存计价单位，详情待核,2026-10-10T17:22:36.648Z,https://www.alibaba.com/product-detail/Men-s-Supportive-Running-Shoes-Cushioned_1601714472127.html,https://s.alicdn.com/@sc04/kf/H6a7de675d80b4d7387d952f2734986e1d/Men-s-Supportive-Running-Shoes-Cushioned-Athletic.jpg_480x480.jpg?hasNWGrade=1,待逐图实看,"certified
Men's Supportive Running Shoes Cushioned Athletic Sneakers Fashion Trend Breathable Soft Lace-Up Customized Anti-Slip
$15.70-16.90
Min. Order: 300 pieces
102 sold
Chat now"
1601576436982,17,High Quality Men's Barefoot Running Shoes Lace-Up Mesh Design Wide Toe Protection Breathable Fashionable for Autumn Winter Use,126,赤足及极简概念鞋,101,公开显示数量；单位/周期/退货及变体范围未明,300,pairs,16.96,18.59,USD,卡片未留存计价单位，详情待核,2026-10-10T17:21:35.394Z,https://www.alibaba.com/product-detail/High-Quality-Men-s-Barefoot-Running_1601576436982.html,https://s.alicdn.com/@sc04/kf/H6f74318bfa1744099b59be7cd5c015bdI/High-Quality-Men-s-Barefoot-Running-Shoes.jpg?hasNWGrade=1,待逐图实看,"certified
High Quality Men's Barefoot Running Shoes Lace-Up Mesh Design Wide Toe Protection Breathable Fashionable for Autumn Winter Use
$16.96-18.59
Min. Order: 300 pairs
101 sold
Chat now"
1600104442735,20,2026 Latest Style Custom Men's Basketball Shoes High Quality Thick Sole Sneakers Rubber Insole Mesh Lining Lace-Up Spring Season,128,球类运动鞋,100,公开显示数量；单位/周期/退货及变体范围未明,300,pairs,17.2,20.3,USD,卡片未留存计价单位，详情待核,2026-10-10T17:21:51.392Z,https://www.alibaba.com/product-detail/2026-Latest-Style-Custom-Men-s_1600104442735.html,https://s.alicdn.com/@sc04/kf/H2432e3a2cedf42389ffef25e11b5233c7/2026-Latest-Style-Custom-Men-s-Basketball.jpg_480x480.jpg?hasNWGrade=1,待逐图实看,"2026 Latest Style Custom Men's Basketball Shoes High Quality Thick Sole Sneakers Rubber Insole Mesh Lining Lace-Up Spring Season
$17.20-20.30
Min. Order: 300 pairs
100 sold
Chat now"
1600478774928,24,2026 New Design Basketball Shoes Latest Fashion Sports Sneaker Spring Style Breathable Anti slip Men Basketball Shoes,117,球类运动鞋,100,公开显示数量；单位/周期/退货及变体范围未明,300,pairs,12.68,14.9,USD,卡片未留存计价单位，详情待核,2026-10-10T17:22:14.469Z,https://www.alibaba.com/product-detail/2026-New-Design-Basketball-Shoes-Latest_1600478774928.html,https://s.alicdn.com/@sc04/kf/H2716dae9664c489b84cdfd63ea22374c9/2026-New-Design-Basketball-Shoes-Latest-Fashion.jpg?hasNWGrade=1,待逐图实看,"00:24
certified
2026 New Design Basketball Shoes Latest Fashion Sports Sneaker Spring Style Breathable Anti slip Men Basketball Shoes
$12.68-14.90
Min. Order: 300 pairs
100 sold
Chat now"
1600884819904,11,Men's Women's Fast Drying Water Sports Shoes Upstream Breathable Hiking Shoes Mesh Upper Rubber Summer River Sea Activities,123,水鞋（不直接对标）,100,公开显示数量；单位/周期/退货及变体范围未明,300,pairs,8.85,9.14,USD,卡片未留存计价单位，详情待核,2026-10-10T17:20:34.664Z,https://www.alibaba.com/product-detail/Men-s-Women-s-Fast-Drying_1600884819904.html,https://s.alicdn.com/@sc04/kf/Hfae60d63935c477e91067bd2edcd4452J/Men-s-Women-s-Fast-Drying-Water.jpg?hasNWGrade=1,待逐图实看,"Men's Women's Fast Drying Water Sports Shoes Upstream Breathable Hiking Shoes Mesh Upper Rubber Summer River Sea Activities
$8.85-9.14
Min. Order: 300 pairs
100 sold
Chat now"
1600918722794,10,Men's Custom Logo Basketball Sneakers Fashionable Casual Mesh Design Breathable Sport Shoes for Spring White for Men,116,球类运动鞋,100,公开显示数量；单位/周期/退货及变体范围未明,300,pairs,9.9,11.2,USD,卡片未留存计价单位，详情待核,2026-10-10T17:20:32.080Z,https://www.alibaba.com/product-detail/Men-s-Custom-Logo-Basketball-Sneakers_1600918722794.html,https://s.alicdn.com/@sc04/kf/Hbcc28f6c2a87443e915a7807bfd883996/Men-s-Custom-Logo-Basketball-Sneakers-Fashionable.jpg?hasNWGrade=1,待逐图实看,"certified
Men's Custom Logo Basketball Sneakers Fashionable Casual Mesh Design Breathable Sport Shoes for Spring White for Men
$9.90-11.20
Min. Order: 300 pairs
100 sold
Chat now"
1601246278536,16,Adult Court Sneakers Lace-Up Breathable Soft Sporty Autumn/Winter Height Increasing Anti-Slippery Comfortable Light Weight,122,休闲及其他成鞋,100,公开显示数量；单位/周期/退货及变体范围未明,300,pairs,12.0,12.0,USD,卡片未留存计价单位，详情待核,2026-10-10T17:21:30.716Z,https://www.alibaba.com/product-detail/Adult-Court-Sneakers-Lace-Up-Breathable_1601246278536.html,https://s.alicdn.com/@sc04/kf/H30b18176ab67453995c33c69d2f9c4f03/Adult-Court-Sneakers-Lace-Up-Breathable-Soft.jpg?hasNWGrade=1,待逐图实看,"certified
Adult Court Sneakers Lace-Up Breathable Soft Sporty Autumn/Winter Height Increasing Anti-Slippery Comfortable Light Weight
$12
Min. Order: 300 pairs
100 sold
Chat now"
1601279064754,15,New Trendy Men's Running Walking Sports Shoes for Sports Leisure Customized Board Shoes for Summer Spring Winter Autumn,119,跑步运动鞋,100,公开显示数量；单位/周期/退货及变体范围未明,300,pairs,9.04,9.86,USD,卡片未留存计价单位，详情待核,2026-10-10T17:21:27.594Z,https://www.alibaba.com/product-detail/New-Trendy-Men-s-Running-Walking_1601279064754.html,https://s.alicdn.com/@sc04/kf/H9c7710b7969b45eba3e34c203f8caa5fT/New-Trendy-Men-s-Running-Walking-Sports.jpg?hasNWGrade=1,待逐图实看,"certified
New Trendy Men's Running Walking Sports Shoes for Sports Leisure Customized Board Shoes for Summer Spring Winter Autumn
$9.04-9.86
Min. Order: 300 pairs
100 sold
Chat now"
1601488803171,13,Men's Casual Cross Border Board Sneakers for All Seasons Large Sizes 39-48 Breathable Canvas Cloth Upper for Spring Walking,123,休闲及其他成鞋,100,公开显示数量；单位/周期/退货及变体范围未明,300,pairs,12.6,13.6,USD,卡片未留存计价单位，详情待核,2026-10-10T17:21:08.395Z,https://www.alibaba.com/product-detail/Men-s-Casual-Cross-Border-Board_1601488803171.html,https://s.alicdn.com/@sc04/kf/Hc2df237c1d324a95a51df204fbba3d6cg/Men-s-Casual-Cross-Border-Board-Sneakers.jpg?hasNWGrade=1,待逐图实看,"certified
Men's Casual Cross Border Board Sneakers for All Seasons Large Sizes 39-48 Breathable Canvas Cloth Upper for Spring Walking
$12.60-13.60
Min. Order: 300 pairs
100 sold
Chat now"
1601492436967,33,High Quality White Barefoot Sneakers Men Wide Toe Box Protection Casual Fitness Walking Shoes Customized Barefoot Shoes,119,赤足及极简概念鞋,100,公开显示数量；单位/周期/退货及变体范围未明,300,pairs,9.38,10.8,USD,卡片未留存计价单位，详情待核,2026-10-10T17:22:57.692Z,https://www.alibaba.com/product-detail/High-Quality-White-Barefoot-Sneakers-Men_1601492436967.html,https://s.alicdn.com/@sc04/kf/H99238583dadb4a1181b4d0fe328a96897/High-Quality-White-Barefoot-Sneakers-Men-Wide.jpg?hasNWGrade=1,待逐图实看,"High Quality White Barefoot Sneakers Men Wide Toe Box Protection Casual Fitness Walking Shoes Customized Barefoot Shoes
$9.38-10.80
Min. Order: 300 pairs
100 sold
Chat now"
1601248701939,28,Men's Large Size Anti-Slip Breathable Mesh Barefoot Shoes for All Seasons Outdoor Leisure Hiking and Mountaineering,115,赤足及极简概念鞋,99,公开显示数量；单位/周期/退货及变体范围未明,300,pairs,8.8,10.21,USD,卡片未留存计价单位，详情待核,2026-10-10T17:22:39.703Z,https://www.alibaba.com/product-detail/Men-s-Large-Size-Anti-Slip_1601248701939.html,https://s.alicdn.com/@sc04/kf/Hc4261ca9c39042f9a413f628ec42946eW/Men-s-Large-Size-Anti-Slip-Breathable.jpg?hasNWGrade=1,待逐图实看,"Men's Large Size Anti-Slip Breathable Mesh Barefoot Shoes for All Seasons Outdoor Leisure Hiking and Mountaineering
$8.80-10.21
Min. Order: 300 pairs
99 sold
Chat now"
1601487216837,33,Customized Men's Sports Shoes New Design Ultra-Light Soft Sole Wide Toe Barefoot Casual Wear-Resistant Summer Spring,116,赤足及极简概念鞋,99,公开显示数量；单位/周期/退货及变体范围未明,300,pairs,14.6,15.9,USD,卡片未留存计价单位，详情待核,2026-10-10T17:22:57.692Z,https://www.alibaba.com/product-detail/Customized-Men-s-Sports-Shoes-New_1601487216837.html,https://s.alicdn.com/@sc04/kf/H6f9dff3a1e8f49f796fce3100dacf7f4r/Customized-Men-s-Sports-Shoes-New-Design.jpg?hasNWGrade=1,待逐图实看,"certified
Customized Men's Sports Shoes New Design Ultra-Light Soft Sole Wide Toe Barefoot Casual Wear-Resistant Summer Spring
$14.60-15.90
Min. Order: 300 pairs
99 sold
Chat now"
1601487690195,28,Comfortable Non-Slip Casual Shoes High Quality Microfiber Rubber for Spring Fashion Trend Designer Customized Barefoot Shoes,124,赤足及极简概念鞋,76,公开显示数量；单位/周期/退货及变体范围未明,300,pairs,10.5,12.0,USD,卡片未留存计价单位，详情待核,2026-10-10T17:22:39.703Z,https://www.alibaba.com/product-detail/Comfortable-Non-Slip-Casual-Shoes-High_1601487690195.html,https://s.alicdn.com/@sc04/kf/Ha3e44e3a31c44ee1bb1838b897dbd7050/Comfortable-Non-Slip-Casual-Shoes-High-Quality.jpg?hasNWGrade=1,待逐图实看,"certified
Comfortable Non-Slip Casual Shoes High Quality Microfiber Rubber for Spring Fashion Trend Designer Customized Barefoot Shoes
$10.50-12
Min. Order: 300 pairs
76 sold
Chat now"
1601670720722,29,Custom OEM & ODM High Quality Breathable Mesh Upper Rubber Sole Men's Badminton and Tennis Shoes Summer Autumn Spring,117,球类运动鞋,76,公开显示数量；单位/周期/退货及变体范围未明,2,pairs,17.92,19.32,USD,卡片未留存计价单位，详情待核,2026-10-10T17:22:43.759Z,https://www.alibaba.com/product-detail/Custom-OEM-ODM-High-Quality-Breathable_1601670720722.html,https://s.alicdn.com/@sc04/kf/He0c0b4dcdbaa4b00a4f7b802a53eaf32v/Custom-OEM-ODM-High-Quality-Breathable-Mesh.jpg?hasNWGrade=1,待逐图实看,"certified
Custom OEM & ODM High Quality Breathable Mesh Upper Rubber Sole Men's Badminton and Tennis Shoes Summer Autumn Spring
$17.92-19.32
Min. Order: 2 pairs
76 sold
Chat now"
1601694914940,29,High-quality Custom Men's Tennis Badminton Pickleball Volleyball Shoes Mesh Upper Rubber Midsole MD Sole Summer Autumn Spring,125,球类运动鞋,76,公开显示数量；单位/周期/退货及变体范围未明,300,pairs,18.0,19.8,USD,卡片未留存计价单位，详情待核,2026-10-10T17:22:43.759Z,https://www.alibaba.com/product-detail/High-quality-Custom-Men-s-Tennis_1601694914940.html,https://s.alicdn.com/@sc04/kf/H55316b48385f441ab06bfcc4f0173a24u/High-quality-Custom-Men-s-Tennis-Badminton.jpg?hasNWGrade=1,待逐图实看,"certified
High-quality Custom Men's Tennis Badminton Pickleball Volleyball Shoes Mesh Upper Rubber Midsole MD Sole Summer Autumn Spring
$18-19.80
Min. Order: 300 pairs
76 sold
Chat now"
1600541522930,10,Men Sneakers Good Price Sport Sneaker Shoes Wholesale High Quality Fashion 2023 Vegan Black Waterproof Leather Summer Trend Key,127,休闲及其他成鞋,66,公开显示数量；单位/周期/退货及变体范围未明,300,pairs,10.39,13.7,USD,卡片未留存计价单位，详情待核,2026-10-10T17:20:32.080Z,https://www.alibaba.com/product-detail/Men-Sneakers-Good-Price-Sport-Sneaker_1600541522930.html,https://s.alicdn.com/@sc04/kf/Hee8b7868c7a94cf79e57067a327f06013/Men-Sneakers-Good-Price-Sport-Sneaker-Shoes.jpg?hasNWGrade=1,待逐图实看,"certified
Men Sneakers Good Price Sport Sneaker Shoes Wholesale High Quality Fashion 2023 Vegan Black Waterproof Leather Summer Trend Key
$10.39-13.70
Min. Order: 300 pairs
66 sold
Chat now"
1600918017792,10,Summer Fashion Men's Running Sports Shoes New Design PU Soft Breathable Sneakers Anti-Slip Flat Mesh Lining Round Toe Insole,124,跑步运动鞋,66,公开显示数量；单位/周期/退货及变体范围未明,300,pairs,7.24,8.03,USD,卡片未留存计价单位，详情待核,2026-10-10T17:20:32.080Z,https://www.alibaba.com/product-detail/Summer-Fashion-Men-s-Running-Sports_1600918017792.html,https://s.alicdn.com/@sc04/kf/Hdc290c1d68034ff98fc3daa8ca803e11s/Summer-Fashion-Men-s-Running-Sports-Shoes.jpg?hasNWGrade=1,待逐图实看,"certified
Summer Fashion Men's Running Sports Shoes New Design PU Soft Breathable Sneakers Anti-Slip Flat Mesh Lining Round Toe Insole
$7.24-8.03
Min. Order: 300 pairs
66 sold
Chat now"
1601059068075,28,Wholesale Large Size Mesh Shoes Breathable Casual Barefoot with Rubber Outsole Wide Toe Protection Quick Drying for Men,119,赤足及极简概念鞋,66,公开显示数量；单位/周期/退货及变体范围未明,300,pairs,9.5,10.84,USD,卡片未留存计价单位，详情待核,2026-10-10T17:22:39.703Z,https://www.alibaba.com/product-detail/Wholesale-Large-Size-Mesh-Shoes-Breathable_1601059068075.html,https://s.alicdn.com/@sc04/kf/H7a9cacf9beba442a94767b9b5157d06bY/Wholesale-Large-Size-Mesh-Shoes-Breathable-Casual.jpg?hasNWGrade=1,待逐图实看,"Wholesale Large Size Mesh Shoes Breathable Casual Barefoot with Rubber Outsole Wide Toe Protection Quick Drying for Men
$9.50-10.84
Min. Order: 300 pairs
66 sold
Chat now"
1601166894864,28,Men's Customized Casual Shoes Soft Faux Leather with Barefoot Concept Rubber Sole New Design,92,赤足及极简概念鞋,66,公开显示数量；单位/周期/退货及变体范围未明,300,pairs,9.42,10.9,USD,卡片未留存计价单位，详情待核,2026-10-10T17:22:39.703Z,https://www.alibaba.com/product-detail/Men-s-Customized-Casual-Shoes-Soft_1601166894864.html,https://s.alicdn.com/@sc04/kf/Hc4934a19d09145ddbfed58bc2ebec31ch/Men-s-Customized-Casual-Shoes-Soft-Faux.jpg?hasNWGrade=1,待逐图实看,"00:45
Men's Customized Casual Shoes Soft Faux Leather with Barefoot Concept Rubber Sole New Design
$9.42-10.90
Min. Order: 300 pairs
66 sold
Chat now"
1601240611793,23,2026 New Customizable Breathable Mesh Barefoot Shoes Fashionable Year-Round Protection Summer Winter Spring Autumn,114,赤足及极简概念鞋,66,公开显示数量；单位/周期/退货及变体范围未明,500,pairs,11.36,12.1,USD,卡片未留存计价单位，详情待核,2026-10-10T17:22:08.436Z,https://www.alibaba.com/product-detail/2026-New-Customizable-Breathable-Mesh-Barefoot_1601240611793.html,https://s.alicdn.com/@sc04/kf/H57c1ad49aab343b48d1821f5e87479982/2026-New-Customizable-Breathable-Mesh-Barefoot-Shoes.jpg?hasNWGrade=1,待逐图实看,"2026 New Customizable Breathable Mesh Barefoot Shoes Fashionable Year-Round Protection Summer Winter Spring Autumn
$11.36-12.10
Min. Order: 500 pairs
66 sold
Chat now"
1601241325877,28,Men Women Non-slip Wide Toe Sports Flat Shoes Training Fitness Beach Trail Walking Barefoot Shoes for Summer Winter Spring,122,赤足及极简概念鞋,66,公开显示数量；单位/周期/退货及变体范围未明,300,pairs,10.7,12.5,USD,卡片未留存计价单位，详情待核,2026-10-10T17:22:39.703Z,https://www.alibaba.com/product-detail/Men-Women-Non-slip-Wide-Toe_1601241325877.html,https://s.alicdn.com/@sc04/kf/H0969c1c96b594ff8993969b0f61f94bfd/Men-Women-Non-slip-Wide-Toe-Sports.jpg?hasNWGrade=1,待逐图实看,"Men Women Non-slip Wide Toe Sports Flat Shoes Training Fitness Beach Trail Walking Barefoot Shoes for Summer Winter Spring
$10.70-12.50
Min. Order: 300 pairs
66 sold
Chat now"
1601560883563,28,Customized Logo Men's Casual Barefoot Shoes Large Wide Palm Big Head New Anti-Slip Rubber Outsole Soft Suede Upper All Seasons,126,赤足及极简概念鞋,66,公开显示数量；单位/周期/退货及变体范围未明,300,pairs,9.65,10.2,USD,卡片未留存计价单位，详情待核,2026-10-10T17:22:39.703Z,https://www.alibaba.com/product-detail/Customized-Logo-Men-s-Casual-Barefoot_1601560883563.html,https://s.alicdn.com/@sc04/kf/H821a5775ffd645c4b05edc63783540b5K/Customized-Logo-Men-s-Casual-Barefoot-Shoes.jpg?hasNWGrade=1,待逐图实看,"Customized Logo Men's Casual Barefoot Shoes Large Wide Palm Big Head New Anti-Slip Rubber Outsole Soft Suede Upper All Seasons
$9.65-10.20
Min. Order: 300 pairs
66 sold
Chat now"
1601561003089,28,Customized Logo Outdoor Wide Palm Barefoot Shoes Anti-Slip Soft Suede for Hiking Mountaineering Big Head Comfortable Design,123,赤足及极简概念鞋,66,公开显示数量；单位/周期/退货及变体范围未明,300,pairs,10.1,11.0,USD,卡片未留存计价单位，详情待核,2026-10-10T17:22:39.703Z,https://www.alibaba.com/product-detail/Customized-Logo-Outdoor-Wide-Palm-Barefoot_1601561003089.html,https://s.alicdn.com/@sc04/kf/Hd22d5eed359f47d380624b02b23782b9B/Customized-Logo-Outdoor-Wide-Palm-Barefoot-Shoes.jpg?hasNWGrade=1,待逐图实看,"Customized Logo Outdoor Wide Palm Barefoot Shoes Anti-Slip Soft Suede for Hiking Mountaineering Big Head Comfortable Design
$10.10-11
Min. Order: 300 pairs
66 sold
Chat now"
1601589098985,24,2026 New Spring/Summer British Retro Single Casual Shoes Lightweight Lace-Up Business & Casual Style Fashionable Walking Style,126,休闲及其他成鞋,66,公开显示数量；单位/周期/退货及变体范围未明,300,pieces,13.76,14.85,USD,卡片未留存计价单位，详情待核,2026-10-10T17:22:14.469Z,https://www.alibaba.com/product-detail/2026-New-Spring-Summer-British-Retro_1601589098985.html,https://s.alicdn.com/@sc04/kf/H9d7d6bc0564141a092cbce6fe6769d7fg/2026-New-Spring-Summer-British-Retro-Single.jpg?hasNWGrade=1,待逐图实看,"certified
2026 New Spring/Summer British Retro Single Casual Shoes Lightweight Lace-Up Business & Casual Style Fashionable Walking Style
$13.76-14.85
Min. Order: 300 pieces
66 sold
Chat now"
1601603597304,24,Men's 2026 Lightweight Fashion Trend Sports Sneakers Anti-Slip Lighted Soles Microfiber Upper Print Pattern-All Daily Use,121,休闲及其他成鞋,66,公开显示数量；单位/周期/退货及变体范围未明,300,pairs,14.12,16.58,USD,卡片未留存计价单位，详情待核,2026-10-10T17:22:14.469Z,https://www.alibaba.com/product-detail/Men-s-2026-Lightweight-Fashion-Trend_1601603597304.html,https://s.alicdn.com/@sc04/kf/H4a4248dfe8374364aba6128436a427d4Z/Men-s-2026-Lightweight-Fashion-Trend-Sports.jpg?hasNWGrade=1,待逐图实看,"certified
Men's 2026 Lightweight Fashion Trend Sports Sneakers Anti-Slip Lighted Soles Microfiber Upper Print Pattern-All Daily Use
$14.12-16.58
Min. Order: 300 pairs
66 sold
Chat now"
1601694765417,20,KS 3555 Men's Lightweight Casual Running Shoes with EVA Midsole Rubber Outsole-Soft Elastic Comfortable for Spring Summer Winter,128,跑步运动鞋,66,公开显示数量；单位/周期/退货及变体范围未明,300,pieces,17.0,18.9,USD,卡片未留存计价单位，详情待核,2026-10-10T17:21:51.392Z,https://www.alibaba.com/product-detail/KS-3555-Men-s-Lightweight-Casual_1601694765417.html,https://s.alicdn.com/@sc04/kf/H424b96aacda443fd956ac684fef14ca4A/KS-3555-Men-s-Lightweight-Casual-Running.jpg?hasNWGrade=1,待逐图实看,"certified
KS 3555 Men's Lightweight Casual Running Shoes with EVA Midsole Rubber Outsole-Soft Elastic Comfortable for Spring Summer Winter
$17-18.90
Min. Order: 300 pieces
66 sold
Chat now"
1601713432967,27,Men's Wide Toe Hiking Shoes Mesh Upper EVA Outsole Breathable Soft Lightweight Comfortable Non-Slip All Seasons Outdoor Trekking,128,户外鞋靴,66,公开显示数量；单位/周期/退货及变体范围未明,300,pieces,12.89,14.4,USD,卡片未留存计价单位，详情待核,2026-10-10T17:22:36.648Z,https://www.alibaba.com/product-detail/Men-s-Wide-Toe-Hiking-Shoes_1601713432967.html,https://s.alicdn.com/@sc04/kf/H3d5bfe41c18549fb82c822d3a22a7ad71/Men-s-Wide-Toe-Hiking-Shoes-Mesh.jpg?hasNWGrade=1,待逐图实看,"Men's Wide Toe Hiking Shoes Mesh Upper EVA Outsole Breathable Soft Lightweight Comfortable Non-Slip All Seasons Outdoor Trekking
$12.89-14.40
Min. Order: 300 pieces
66 sold
Chat now"
1601713462961,28,Men's Wide Toe Box Anti-Slip Summer Soft Cushion Trail Running Shoes for Walking Barefoot Tennis Workout Gym Cross Training,123,球类运动鞋,66,公开显示数量；单位/周期/退货及变体范围未明,300,pieces,12.89,14.4,USD,卡片未留存计价单位，详情待核,2026-10-10T17:22:39.703Z,https://www.alibaba.com/product-detail/Men-s-Wide-Toe-Box-Anti_1601713462961.html,https://s.alicdn.com/@sc04/kf/H22bcc63ba49a45308e2316c12345adccM/Men-s-Wide-Toe-Box-Anti-Slip.jpg?hasNWGrade=1,待逐图实看,"Men's Wide Toe Box Anti-Slip Summer Soft Cushion Trail Running Shoes for Walking Barefoot Tennis Workout Gym Cross Training
$12.89-14.40
Min. Order: 300 pieces
66 sold
Chat now"
1601713487655,28,Custom Comfortable Barefoot Zero Drop Wide Fashion Sneakers for Men-Anti-Slip Breathable Soft Flat Faux Leather Upper Rubber,124,赤足及极简概念鞋,66,公开显示数量；单位/周期/退货及变体范围未明,300,pairs,10.55,11.6,USD,卡片未留存计价单位，详情待核,2026-10-10T17:22:39.703Z,https://www.alibaba.com/product-detail/Custom-Comfortable-Barefoot-Zero-Drop-Wide_1601713487655.html,https://s.alicdn.com/@sc04/kf/H9d0c753b75db4d43a755e7dce2092d23h/Custom-Comfortable-Barefoot-Zero-Drop-Wide-Fashion.jpg?hasNWGrade=1,待逐图实看,"Custom Comfortable Barefoot Zero Drop Wide Fashion Sneakers for Men-Anti-Slip Breathable Soft Flat Faux Leather Upper Rubber
$10.55-11.60
Min. Order: 300 pairs
66 sold
Chat now"
1601713898866,27,Men's Trail Running Barefoot Shoes | Wide Toe Box Minimalist Sneakers | Zero Drop Customized Comfortable Soft Breathable,120,赤足及极简概念鞋,66,公开显示数量；单位/周期/退货及变体范围未明,300,pairs,8.72,9.63,USD,卡片未留存计价单位，详情待核,2026-10-10T17:22:36.648Z,https://www.alibaba.com/product-detail/Men-s-Trail-Running-Barefoot-Shoes_1601713898866.html,https://s.alicdn.com/@sc04/kf/Hcb977f477b744ad2a08fb84fc4559dc5I/Men-s-Trail-Running-Barefoot-Shoes-Wide.jpg_480x480.jpg?hasNWGrade=1,待逐图实看,"Men's Trail Running Barefoot Shoes | Wide Toe Box Minimalist Sneakers | Zero Drop Customized Comfortable Soft Breathable
$8.72-9.63
Min. Order: 300 pairs
66 sold
Chat now"
1601714115469,28,Kid Wide Barefoot Shoes | Boys/Girls Minimalist Sneakers | Splay Naturally | Anti-Slip Breathable Soft Lightweight Spring Summer,128,童鞋（不直接对标）,66,公开显示数量；单位/周期/退货及变体范围未明,300,pairs,7.24,8.0,USD,卡片未留存计价单位，详情待核,2026-10-10T17:22:39.703Z,https://www.alibaba.com/product-detail/Kid-Wide-Barefoot-Shoes-Boys-Girls_1601714115469.html,https://s.alicdn.com/@sc04/kf/H3f6242c3055648fa9d5e8ebf5d3850391/Kid-Wide-Barefoot-Shoes-Boys-Girls-Minimalist.jpg_480x480.jpg?hasNWGrade=1,待逐图实看,"Kid Wide Barefoot Shoes | Boys/Girls Minimalist Sneakers | Splay Naturally | Anti-Slip Breathable Soft Lightweight Spring Summer
$7.24-8
Min. Order: 300 pairs
66 sold
Chat now"
1601714150165,26,Wide Toe Box Barefoot Shoes for Boys Girls PU Upper Rubber Midsole-Non-Slip Lightweight Comfort First Walking Running Shoes,123,童鞋（不直接对标）,66,公开显示数量；单位/周期/退货及变体范围未明,300,pairs,7.8,8.58,USD,卡片未留存计价单位，详情待核,2026-10-10T17:22:33.302Z,https://www.alibaba.com/product-detail/Wide-Toe-Box-Barefoot-Shoes-for_1601714150165.html,https://s.alicdn.com/@sc04/kf/Hb03a4db2453844ca8396c81e458e2993T/Wide-Toe-Box-Barefoot-Shoes-for-Boys.jpg_480x480.jpg?hasNWGrade=1,待逐图实看,"Wide Toe Box Barefoot Shoes for Boys Girls PU Upper Rubber Midsole-Non-Slip Lightweight Comfort First Walking Running Shoes
$7.80-8.58
Min. Order: 300 pairs
66 sold
Chat now"
1601723707458,27,Comfortable Non-slip White Retro Lace-up Shoes New High-quality Ultra-fine Rubber Spring Fashion Trend Designer Customized Shoes,128,休闲及其他成鞋,66,公开显示数量；单位/周期/退货及变体范围未明,300,pairs,12.2,13.5,USD,卡片未留存计价单位，详情待核,2026-10-10T17:22:36.648Z,https://www.alibaba.com/product-detail/Comfortable-Non-slip-White-Retro-Lace_1601723707458.html,https://s.alicdn.com/@sc04/kf/H4971187d02684022ac7da2af02cd3668K/Comfortable-Non-slip-White-Retro-Lace-up.jpg_480x480.jpg?hasNWGrade=1,待逐图实看,"certified
Comfortable Non-slip White Retro Lace-up Shoes New High-quality Ultra-fine Rubber Spring Fashion Trend Designer Customized Shoes
$12.20-13.50
Min. Order: 300 pairs
66 sold
Chat now"
1601742058575,25,Customized Big Kid Wide Barefoot Shoes Boys Girls Minimalist Sneakers Comfortable Soft Naturally Lightweight Breathable Casual,126,童鞋（不直接对标）,66,公开显示数量；单位/周期/退货及变体范围未明,300,pairs,10.22,11.88,USD,卡片未留存计价单位，详情待核,2026-10-10T17:22:17.959Z,https://www.alibaba.com/product-detail/Customized-Big-Kid-Wide-Barefoot-Shoes_1601742058575.html,https://s.alicdn.com/@sc04/kf/H848823aaa8fe4336bdcd0cd0f07b1763Z/Customized-Big-Kid-Wide-Barefoot-Shoes-Boys.jpg?hasNWGrade=1,待逐图实看,"Customized Big Kid Wide Barefoot Shoes Boys Girls Minimalist Sneakers Comfortable Soft Naturally Lightweight Breathable Casual
$10.22-11.88
Min. Order: 300 pairs
66 sold
Chat now"
1601742059623,25,Customized Men's Wide Minimalist Barefoot Sneakers | Anti-Slip Breathable Comfortable Soft Zero Drop Sole Zapatos,113,赤足及极简概念鞋,66,公开显示数量；单位/周期/退货及变体范围未明,300,pairs,11.3,12.9,USD,卡片未留存计价单位，详情待核,2026-10-10T17:22:17.959Z,https://www.alibaba.com/product-detail/Customized-Men-s-Wide-Minimalist-Barefoot_1601742059623.html,https://s.alicdn.com/@sc04/kf/H6703e1bedacf40628652815295d6374eQ/Customized-Men-s-Wide-Minimalist-Barefoot-Sneakers.jpg?hasNWGrade=1,待逐图实看,"Customized Men's Wide Minimalist Barefoot Sneakers | Anti-Slip Breathable Comfortable Soft Zero Drop Sole Zapatos
$11.30-12.90
Min. Order: 300 pairs
66 sold
Chat now"
1601742116812,25,Wide Toe Box Anti-Slip Breathable Comfortable Soft Barefoot Shoes | Zero Drop Flat Design Fashion Sneaker OEM & ODM,115,赤足及极简概念鞋,66,公开显示数量；单位/周期/退货及变体范围未明,300,pairs,12.0,13.2,USD,卡片未留存计价单位，详情待核,2026-10-10T17:22:17.959Z,https://www.alibaba.com/product-detail/Wide-Toe-Box-Anti-Slip-Breathable_1601742116812.html,https://s.alicdn.com/@sc04/kf/H7de1514e2376487e8a485719bb45f897o/Wide-Toe-Box-Anti-Slip-Breathable-Comfortable.jpg?hasNWGrade=1,待逐图实看,"Wide Toe Box Anti-Slip Breathable Comfortable Soft Barefoot Shoes | Zero Drop Flat Design Fashion Sneaker OEM & ODM
$12-13.20
Min. Order: 300 pairs
66 sold
Chat now"
1601577854994,17,Men's High Quality Soft Outdoor Hiking Shoes with Wide-Sole Anti-Slip Mesh Upper for Sports & Casual Use in Summer Spring Autumn,128,户外鞋靴,64,公开显示数量；单位/周期/退货及变体范围未明,300,pieces,13.16,14.19,USD,卡片未留存计价单位，详情待核,2026-10-10T17:21:35.394Z,https://www.alibaba.com/product-detail/Men-s-High-Quality-Soft-Outdoor_1601577854994.html,https://s.alicdn.com/@sc04/kf/H91dd7fca10714d168563bf9bac0b576cO/Men-s-High-Quality-Soft-Outdoor-Hiking.jpg?hasNWGrade=1,待逐图实看,"Men's High Quality Soft Outdoor Hiking Shoes with Wide-Sole Anti-Slip Mesh Upper for Sports & Casual Use in Summer Spring Autumn
$13.16-14.19
Min. Order: 300 pieces
64 sold
Chat now"
1601164391100,31,Customized Barefoot Sports Sneakers for Casual Fitness Hiking Wide Toe Design with Custom Logo Insole Material of Rubber Mesh,125,赤足及极简概念鞋,50,公开显示数量；单位/周期/退货及变体范围未明,300,pairs,8.35,9.2,USD,卡片未留存计价单位，详情待核,2026-10-10T17:22:50.339Z,https://www.alibaba.com/product-detail/Customized-Barefoot-Sports-Sneakers-for-Casual_1601164391100.html,https://s.alicdn.com/@sc04/kf/H3102e77f900441fb892c666bc73f4d85U/Customized-Barefoot-Sports-Sneakers-for-Casual-Fitness.jpg?hasNWGrade=1,待逐图实看,"Customized Barefoot Sports Sneakers for Casual Fitness Hiking Wide Toe Design with Custom Logo Insole Material of Rubber Mesh
$8.35-9.20
Min. Order: 300 pairs
50 sold
Chat now"
1601929867861,6,OEM ODM Men Professional Basketball Shoes Breathable Canvas Lightweight Gradient Non-Slip Sport Sneakers Autumn/Spring/Summer,125,球类运动鞋,50,公开显示数量；单位/周期/退货及变体范围未明,300,pairs,16.0,18.9,USD,卡片未留存计价单位，详情待核,2026-10-10T17:20:20.240Z,https://www.alibaba.com/product-detail/OEM-ODM-Men-Professional-Basketball-Shoes_1601929867861.html,https://s.alicdn.com/@sc04/kf/Haae9ea3674154b7cb1be9ab949120274E/OEM-ODM-Men-Professional-Basketball-Shoes-Breathable.jpg_480x480.jpg?hasNWGrade=1,待逐图实看,"OEM ODM Men Professional Basketball Shoes Breathable Canvas Lightweight Gradient Non-Slip Sport Sneakers Autumn/Spring/Summer
$16-18.90
Min. Order: 300 pairs
50 sold
Chat now"
1601929880984,5,High Quality KS Men's Running Shoes Spring Breathable Lightweight EVA Midsole Custom Logo Marathon Shoes,104,跑步运动鞋,50,公开显示数量；单位/周期/退货及变体范围未明,300,pairs,16.0,18.4,USD,卡片未留存计价单位，详情待核,2026-10-10T17:20:16.254Z,https://www.alibaba.com/product-detail/High-Quality-KS-Men-s-Running_1601929880984.html,https://s.alicdn.com/@sc04/kf/H91458cc29c4342df9208446665869f585/High-Quality-KS-Men-s-Running-Shoes.jpg_480x480.jpg?hasNWGrade=1,待逐图实看,"certified
High Quality KS Men's Running Shoes Spring Breathable Lightweight EVA Midsole Custom Logo Marathon Shoes
$16-18.40
Min. Order: 300 pairs
50 sold
Chat now"
1601929981268,6,Wholesale ODM OEM Custom Logo KS Men High Performance Basketball & Walking Shoes Breathable Mesh Shock-Absorbing Light Weight,125,球类运动鞋,50,公开显示数量；单位/周期/退货及变体范围未明,300,pairs,16.0,18.9,USD,卡片未留存计价单位，详情待核,2026-10-10T17:20:20.240Z,https://www.alibaba.com/product-detail/Wholesale-ODM-OEM-Custom-Logo-KS_1601929981268.html,https://s.alicdn.com/@sc04/kf/Hcee2b04421244735a4df676a0446019cr/Wholesale-ODM-OEM-Custom-Logo-KS-Men.jpg?hasNWGrade=1,待逐图实看,"Wholesale ODM OEM Custom Logo KS Men High Performance Basketball & Walking Shoes Breathable Mesh Shock-Absorbing Light Weight
$16-18.90
Min. Order: 300 pairs
50 sold
Chat now"
1601935352187,6,Custom Logo Men Chunky Big Size Running Shoes Breathable Mesh Thick Cushion Sole Casual Sports Sneakers Custom Design Footwear,126,跑步运动鞋,50,公开显示数量；单位/周期/退货及变体范围未明,300,pieces,15.2,16.69,USD,卡片未留存计价单位，详情待核,2026-10-10T17:20:20.240Z,https://www.alibaba.com/product-detail/Custom-Logo-Men-Chunky-Big-Size_1601935352187.html,https://s.alicdn.com/@sc04/kf/H1da044fca7854cffb41d29ff44606ba8W/Custom-Logo-Men-Chunky-Big-Size-Running.jpg?hasNWGrade=1,待逐图实看,"certified
Custom Logo Men Chunky Big Size Running Shoes Breathable Mesh Thick Cushion Sole Casual Sports Sneakers Custom Design Footwear
$15.20-16.69
Min. Order: 300 pieces
50 sold
Chat now"
1601936066150,6,Customized KS Unisex Cross Trainer Pickleball Shoes All Tennis OEM ODM Service Custom Logo Color Breathable Sports Sneakers,123,球类运动鞋,50,公开显示数量；单位/周期/退货及变体范围未明,300,pieces,14.36,16.22,USD,卡片未留存计价单位，详情待核,2026-10-10T17:20:20.240Z,https://www.alibaba.com/product-detail/Customized-KS-Unisex-Cross-Trainer-Pickleball_1601936066150.html,https://s.alicdn.com/@sc04/kf/He54a019ec8f2469db31caca4532bb028W/Customized-KS-Unisex-Cross-Trainer-Pickleball-Shoes.jpg_480x480.jpg?hasNWGrade=1,待逐图实看,"Customized KS Unisex Cross Trainer Pickleball Shoes All Tennis OEM ODM Service Custom Logo Color Breathable Sports Sneakers
$14.36-16.22
Min. Order: 300 pieces
50 sold
Chat now"
1601935318309,5,Unisex Badminton Shoes Pickleball Shoes Auto Rotating Knob Breathable Mesh Non-Slip Professional Court Sports Sneakers Summer,125,球类运动鞋,42,公开显示数量；单位/周期/退货及变体范围未明,300,pieces,16.85,18.33,USD,卡片未留存计价单位，详情待核,2026-10-10T17:20:16.254Z,https://www.alibaba.com/product-detail/Unisex-Badminton-Shoes-Pickleball-Shoes-Auto_1601935318309.html,https://s.alicdn.com/@sc04/kf/Hb600f48314184e93b914e80a9e8947fdG/Unisex-Badminton-Shoes-Pickleball-Shoes-Auto-Rotating.jpg?hasNWGrade=1,待逐图实看,"Unisex Badminton Shoes Pickleball Shoes Auto Rotating Knob Breathable Mesh Non-Slip Professional Court Sports Sneakers Summer
$16.85-18.33
Min. Order: 300 pieces
42 sold
Chat now"
1601242984621,19,2026 Men's Casual Fashion Breathable Canvas Shoes Waterproof and Rubber Insole Board Walking Shoes with Low Style Thick Soled,125,休闲及其他成鞋,37,公开显示数量；单位/周期/退货及变体范围未明,300,pairs,5.6,5.6,USD,卡片未留存计价单位，详情待核,2026-10-10T17:21:45.677Z,https://www.alibaba.com/product-detail/2026-Men-s-Casual-Fashion-Breathable_1601242984621.html,https://s.alicdn.com/@sc04/kf/Hf161f76ce74f4bbeaab86f9972364d9b5/2026-Men-s-Casual-Fashion-Breathable-Canvas.jpg?hasNWGrade=1,待逐图实看,"00:32
certified
2026 Men's Casual Fashion Breathable Canvas Shoes Waterproof and Rubber Insole Board Walking Shoes with Low Style Thick Soled
$5.60
Min. Order: 300 pairs
37 sold
Chat now"
1601284587460,9,Wholesale Custom Logo Zero Drop Barefoot Running Shoes for Boys Outdoor Walking Minimalist Wide Toe Box Spring Autumn Seasons,125,童鞋（不直接对标）,36,公开显示数量；单位/周期/退货及变体范围未明,300,pairs,8.8,9.35,USD,卡片未留存计价单位，详情待核,2026-10-10T17:20:28.496Z,https://www.alibaba.com/product-detail/Wholesale-Custom-Logo-Zero-Drop-Barefoot_1601284587460.html,https://s.alicdn.com/@sc04/kf/Hfd39ab3bf89e4ae09d81fca5e255735bB/Wholesale-Custom-Logo-Zero-Drop-Barefoot-Running.jpg?hasNWGrade=1,待逐图实看,"certified
Wholesale Custom Logo Zero Drop Barefoot Running Shoes for Boys Outdoor Walking Minimalist Wide Toe Box Spring Autumn Seasons
$8.80-9.35
Min. Order: 300 pairs
36 sold
Chat now"
1601290765768,9,Customizable High Elastic Fly Knit Women's Slip-On Sneakers Comfortable Soft Round Low Board Casual Shoes Spring Autumn Seasons,127,针织套脚及乐福鞋,36,公开显示数量；单位/周期/退货及变体范围未明,300,pairs,15.26,17.8,USD,卡片未留存计价单位，详情待核,2026-10-10T17:20:28.496Z,https://www.alibaba.com/product-detail/Customizable-High-Elastic-Fly-Knit-Women_1601290765768.html,https://s.alicdn.com/@sc04/kf/H8a6bb9c9b8604569b0c30d995c63c2626/Customizable-High-Elastic-Fly-Knit-Women-s.jpg?hasNWGrade=1,待逐图实看,"certified
Customizable High Elastic Fly Knit Women's Slip-On Sneakers Comfortable Soft Round Low Board Casual Shoes Spring Autumn Seasons
$15.26-17.80
Min. Order: 300 pairs
36 sold
Chat now"
1601487383094,18,2026 Customized Casual Wide Toe Sports Shoes Breathable Mesh Lightweight Non-Slip Soft Sole Summer Running Barefoot Shoes,121,赤足及极简概念鞋,36,公开显示数量；单位/周期/退货及变体范围未明,300,pairs,12.88,14.49,USD,卡片未留存计价单位，详情待核,2026-10-10T17:21:39.600Z,https://www.alibaba.com/product-detail/2026-Customized-Casual-Wide-Toe-Sports_1601487383094.html,https://s.alicdn.com/@sc04/kf/Hb704b8a81c674e15939cb4144ef38fc3X/2026-Customized-Casual-Wide-Toe-Sports-Shoes.jpg?hasNWGrade=1,待逐图实看,"certified
2026 Customized Casual Wide Toe Sports Shoes Breathable Mesh Lightweight Non-Slip Soft Sole Summer Running Barefoot Shoes
$12.88-14.49
Min. Order: 300 pairs
36 sold
Chat now"
1601521972063,14,Designer Men's Low Cut Casual Skateboarding Sports Shoes Comfortable Breathable Anti-Slip with Lace-Up Closure and Mesh Lining,126,休闲及其他成鞋,36,公开显示数量；单位/周期/退货及变体范围未明,300,pieces,9.6,10.5,USD,卡片未留存计价单位，详情待核,2026-10-10T17:21:22.795Z,https://www.alibaba.com/product-detail/Designer-Men-s-Low-Cut-Casual_1601521972063.html,https://s.alicdn.com/@sc04/kf/Hfa493de9f3ac424ebe12fb5a261bc8bb1/Designer-Men-s-Low-Cut-Casual-Skateboarding.jpg?hasNWGrade=1,待逐图实看,"certified
Designer Men's Low Cut Casual Skateboarding Sports Shoes Comfortable Breathable Anti-Slip with Lace-Up Closure and Mesh Lining
$9.60-10.50
Min. Order: 300 pieces
36 sold
Chat now"
1601161830030,32,Cross-Border Men's Large Size Barefoot Shoes with Soft Mesh Upper Non-Slip Elastic Sole Wide Last Breathable Design All Seasons,127,赤足及极简概念鞋,20,公开显示数量；单位/周期/退货及变体范围未明,300,pairs,9.64,10.21,USD,卡片未留存计价单位，详情待核,2026-10-10T17:22:54.273Z,https://www.alibaba.com/product-detail/Cross-Border-Men-s-Large-Size_1601161830030.html,https://s.alicdn.com/@sc04/kf/H60c96f81f06a4eebab747577fee95b2f3/Cross-Border-Men-s-Large-Size-Barefoot.jpg?hasNWGrade=1,待逐图实看,"00:30
Cross-Border Men's Large Size Barefoot Shoes with Soft Mesh Upper Non-Slip Elastic Sole Wide Last Breathable Design All Seasons
$9.64-10.21
Min. Order: 300 pairs
20 sold
Chat now"
1601935161294,5,KS Custom Logo Men Shiny Patent Leather Platform Sneakers Silver Glossy Casual Skate Board Shoes Fashion Trend Soft Breathable,126,休闲及其他成鞋,20,公开显示数量；单位/周期/退货及变体范围未明,300,pairs,8.45,9.84,USD,卡片未留存计价单位，详情待核,2026-10-10T17:20:16.254Z,https://www.alibaba.com/product-detail/KS-Custom-Logo-Men-Shiny-Patent_1601935161294.html,https://s.alicdn.com/@sc04/kf/H8fe0f51460bc4e57b35fae7ff761acc8r/KS-Custom-Logo-Men-Shiny-Patent-Leather.jpg_480x480.jpg?hasNWGrade=1,待逐图实看,"certified
KS Custom Logo Men Shiny Patent Leather Platform Sneakers Silver Glossy Casual Skate Board Shoes Fashion Trend Soft Breathable
$8.45-9.84
Min. Order: 300 pairs
20 sold
Chat now"
1601289031073,7,Factory Custom Unisex Breathable Knit Lace-up Light Weight Sports Walking Shoes Light Sole Daily Casual Sneaker Free Design,123,针织套脚及乐福鞋,15,公开显示数量；单位/周期/退货及变体范围未明,300,pairs,9.26,9.93,USD,卡片未留存计价单位，详情待核,2026-10-10T17:20:23.127Z,https://www.alibaba.com/product-detail/Factory-Custom-Unisex-Breathable-Knit-Lace_1601289031073.html,https://s.alicdn.com/@sc04/kf/Hc11387b4b405490ebc8d9c474dcb64fcR/Factory-Custom-Unisex-Breathable-Knit-Lace-up.jpg?hasNWGrade=1,待逐图实看,"certified
Factory Custom Unisex Breathable Knit Lace-up Light Weight Sports Walking Shoes Light Sole Daily Casual Sneaker Free Design
$9.26-9.93
Min. Order: 300 pairs
15 sold
Chat now"
1601921101237,5,Minimalist Retro Breathable Anti-Slip Soft Mesh Lining All Season Casual Shoes Low Top Lace Sneaker Custom Design OEM ODM,121,赤足及极简概念鞋,12,公开显示数量；单位/周期/退货及变体范围未明,300,pairs,9.9,11.5,USD,卡片未留存计价单位，详情待核,2026-10-10T17:20:16.254Z,https://www.alibaba.com/product-detail/Minimalist-Retro-Breathable-Anti-Slip-Soft_1601921101237.html,https://s.alicdn.com/@sc04/kf/H3af8f29d2ce14d60afeb09f2be5f6aadL/Minimalist-Retro-Breathable-Anti-Slip-Soft-Mesh.jpg_480x480.jpg?hasNWGrade=1,待逐图实看,"Minimalist Retro Breathable Anti-Slip Soft Mesh Lining All Season Casual Shoes Low Top Lace Sneaker Custom Design OEM ODM
$9.90-11.50
Min. Order: 300 pairs
12 sold
Chat now"
1601713340514,27,KS Wide Anti-Slip Suede Soft Barefoot Shoes Men Gym Zero Drop Sole Minimalist Cross Trainer Width Toe Box Sneakers Customized,125,赤足及极简概念鞋,11,公开显示数量；单位/周期/退货及变体范围未明,300,pairs,10.1,11.6,USD,卡片未留存计价单位，详情待核,2026-10-10T17:22:36.648Z,https://www.alibaba.com/product-detail/KS-Wide-Anti-Slip-Suede-Soft_1601713340514.html,https://s.alicdn.com/@sc04/kf/H8b52272214384f8baaf8f0f9de71e3eeE/KS-Wide-Anti-Slip-Suede-Soft-Barefoot.jpg?hasNWGrade=1,待逐图实看,"KS Wide Anti-Slip Suede Soft Barefoot Shoes Men Gym Zero Drop Sole Minimalist Cross Trainer Width Toe Box Sneakers Customized
$10.10-11.60
Min. Order: 300 pairs
11 sold
Chat now"
1600885823417,30,Hot Selling Custom Designed Men's Platform Heel Shoes Big Size Tennis Sneaker PU Insole Mesh Lining Light Weight Autumn Winter,126,球类运动鞋,10,公开显示数量；单位/周期/退货及变体范围未明,300,pairs,17.1,17.4,USD,卡片未留存计价单位，详情待核,2026-10-10T17:22:47.256Z,https://www.alibaba.com/product-detail/Hot-Selling-Custom-Designed-Men-s_1600885823417.html,https://s.alicdn.com/@sc04/kf/Hc4a60f27f2e8486c8b8a887310fc60e0X/Hot-Selling-Custom-Designed-Men-s-Platform.jpg?hasNWGrade=1,待逐图实看,"certified
Hot Selling Custom Designed Men's Platform Heel Shoes Big Size Tennis Sneaker PU Insole Mesh Lining Light Weight Autumn Winter
$17.10-17.40
Min. Order: 300 pairs
10 sold
Chat now"
1601571718440,31,High Quality Men's Spring Autumn Driving Shoes New Board Design Wide Toe Barefoot Casual Style Customizable Fitness Walking,123,赤足及极简概念鞋,10,公开显示数量；单位/周期/退货及变体范围未明,300,pieces,8.9,10.2,USD,卡片未留存计价单位，详情待核,2026-10-10T17:22:50.339Z,https://www.alibaba.com/product-detail/High-Quality-Men-s-Spring-Autumn_1601571718440.html,https://s.alicdn.com/@sc04/kf/H9095b4b08a8f41c59a808401d859b4dcL/High-Quality-Men-s-Spring-Autumn-Driving.jpg?hasNWGrade=1,待逐图实看,"High Quality Men's Spring Autumn Driving Shoes New Board Design Wide Toe Barefoot Casual Style Customizable Fitness Walking
$8.90-10.20
Min. Order: 300 pieces
10 sold
Chat now"
1600095421865,24,2026 Hot Selling Summer Hiking Sports Outdoor Beach Closed Toe Flat Sandals Breathable Anti-Slip Hook Loop Closure Men Sandal,125,户外鞋靴,5,公开显示数量；单位/周期/退货及变体范围未明,300,pairs,12.22,15.56,USD,卡片未留存计价单位，详情待核,2026-10-10T17:22:14.469Z,https://www.alibaba.com/product-detail/2026-Hot-Selling-Summer-Hiking-Sports_1600095421865.html,https://s.alicdn.com/@sc04/kf/H69f7835561d145f09ffcccec8ce0de69G/2026-Hot-Selling-Summer-Hiking-Sports-Outdoor.jpg?hasNWGrade=1,待逐图实看,"2026 Hot Selling Summer Hiking Sports Outdoor Beach Closed Toe Flat Sandals Breathable Anti-Slip Hook Loop Closure Men Sandal
$12.22-15.56
Min. Order: 300 pairs
5 sold
Chat now"
1600972400540,14,Kids Casual Sport Sneakers Light Weight Round Toe Boys Girls Comfortable Children Casual Sports Shoes,101,童鞋（不直接对标）,5,公开显示数量；单位/周期/退货及变体范围未明,300,pairs,4.8,6.5,USD,卡片未留存计价单位，详情待核,2026-10-10T17:21:22.795Z,https://www.alibaba.com/product-detail/Kids-Casual-Sport-Sneakers-Light-Weight_1600972400540.html,https://s.alicdn.com/@sc04/kf/Hf363015353404300ac38653a05bbb300C/Kids-Casual-Sport-Sneakers-Light-Weight-Round.jpg?hasNWGrade=1,待逐图实看,"Kids Casual Sport Sneakers Light Weight Round Toe Boys Girls Comfortable Children Casual Sports Shoes
$4.80-6.50
Min. Order: 300 pairs
5 sold
Chat now"
1600095924095,10,New Fashion Trend Mesh Shoes for Sports and Leisure Customizable and Anti-Odor Versatile for Autumn and Spring,110,休闲及其他成鞋,2,公开显示数量；单位/周期/退货及变体范围未明,300,pairs,10.77,11.6,USD,卡片未留存计价单位，详情待核,2026-10-10T17:20:32.080Z,https://www.alibaba.com/product-detail/New-Fashion-Trend-Mesh-Shoes-for_1600095924095.html,https://s.alicdn.com/@sc04/kf/H557c5f8dd3c3406e9343bc4351bdad5fR/New-Fashion-Trend-Mesh-Shoes-for-Sports.jpg?hasNWGrade=1,待逐图实看,"New Fashion Trend Mesh Shoes for Sports and Leisure Customizable and Anti-Odor Versatile for Autumn and Spring
$10.77-11.60
Min. Order: 300 pairs
2 sold
Chat now"
1601211031072,24,Women's Summer Anti-Slip Breathable Microfiber Casual Shoes with Custom Logo Fashion Korean School Style Round Toe Lace-Up,122,休闲及其他成鞋,2,公开显示数量；单位/周期/退货及变体范围未明,300,pairs,10.86,11.2,USD,卡片未留存计价单位，详情待核,2026-10-10T17:22:14.469Z,https://www.alibaba.com/product-detail/Women-s-Summer-Anti-Slip-Breathable_1601211031072.html,https://s.alicdn.com/@sc04/kf/H9b832e5d00514e88a0e6a5060435f9f17/Women-s-Summer-Anti-Slip-Breathable-Microfiber.jpg?hasNWGrade=1,待逐图实看,"Women's Summer Anti-Slip Breathable Microfiber Casual Shoes with Custom Logo Fashion Korean School Style Round Toe Lace-Up
$10.86-11.20
Min. Order: 300 pairs
2 sold
Chat now"
1600130497977,18,2026 Custom Sneaker Breathable Running Shoes for Men OEM Air Cushion Sole Breathable Mesh Lining Lace-Up Closure Spring Winter,126,跑步运动鞋,,公开显示数量；单位/周期/退货及变体范围未明,300,pairs,15.6,17.29,USD,卡片未留存计价单位，详情待核,2026-10-10T17:21:39.600Z,https://www.alibaba.com/product-detail/2026-Custom-Sneaker-Breathable-Running-Shoes_1600130497977.html,https://s.alicdn.com/@sc04/kf/Hacaad5ab39f04a2fb1ced897554dbb7cC/2026-Custom-Sneaker-Breathable-Running-Shoes-for.jpg?hasNWGrade=1,待逐图实看,"00:43
certified
2026 Custom Sneaker Breathable Running Shoes for Men OEM Air Cushion Sole Breathable Mesh Lining Lace-Up Closure Spring Winter
$15.60-17.29
Min. Order: 300 pairs
5 recent viewed
Chat now"
1600168503490,23,2026 Men's Fashion Sneakers Casual Mesh Jogging Shoes Custom Breathable Flats with Clear Plastic Stackable Shoe Boxes,117,休闲及其他成鞋,,公开显示数量；单位/周期/退货及变体范围未明,300,pairs,10.23,10.95,USD,卡片未留存计价单位，详情待核,2026-10-10T17:22:08.436Z,https://www.alibaba.com/product-detail/2026-Men-s-Fashion-Sneakers-Casual_1600168503490.html,https://s.alicdn.com/@sc04/kf/Hbdf49dc887b247828b89125af988c537i/2026-Men-s-Fashion-Sneakers-Casual-Mesh.jpg?hasNWGrade=1,待逐图实看,"certified
2026 Men's Fashion Sneakers Casual Mesh Jogging Shoes Custom Breathable Flats with Clear Plastic Stackable Shoe Boxes
$10.23-10.95
Min. Order: 300 pairs
Chat now"
1600384191468,24,2026 New Design Sport Sneaker Breathable Mesh Upper White Green Soft Sole Custom Logo Large Size Tennis Casual Shoes Women,122,球类运动鞋,,公开显示数量；单位/周期/退货及变体范围未明,300,pairs,6.6,7.11,USD,卡片未留存计价单位，详情待核,2026-10-10T17:22:14.469Z,https://www.alibaba.com/product-detail/2026-New-Design-Sport-Sneaker-Breathable_1600384191468.html,https://s.alicdn.com/@sc04/kf/H832b3586be1b4048b8d22d142076af39M/2026-New-Design-Sport-Sneaker-Breathable-Mesh.jpg?hasNWGrade=1,待逐图实看,"00:39
2026 New Design Sport Sneaker Breathable Mesh Upper White Green Soft Sole Custom Logo Large Size Tennis Casual Shoes Women
$6.60-7.11
Min. Order: 300 pairs
1 recent viewed
Chat now"
1600406790180,14,High Quality Men's Retro Style Walking Shoes Customizable Lightweight Breathable Casual Shoes Wholesale Factory Prices,118,休闲及其他成鞋,,公开显示数量；单位/周期/退货及变体范围未明,300,pairs,9.1,9.8,USD,卡片未留存计价单位，详情待核,2026-10-10T17:21:22.795Z,https://www.alibaba.com/product-detail/High-Quality-Men-s-Retro-Style_1600406790180.html,https://s.alicdn.com/@sc04/kf/H52ecb067871c441d8690e274aafe069eA/High-Quality-Men-s-Retro-Style-Walking.jpg?hasNWGrade=1,待逐图实看,"certified
High Quality Men's Retro Style Walking Shoes Customizable Lightweight Breathable Casual Shoes Wholesale Factory Prices
$9.10-9.80
Min. Order: 300 pairs
2 recent viewed
Chat now"
1600408447018,11,Guangzhou's New Design Men's Casual Sport Sneakers Comfortable Lace-Up High Top Basketball Shoes Luxury Canvas Boys' Walking,124,童鞋（不直接对标）,,公开显示数量；单位/周期/退货及变体范围未明,300,pairs,7.9,8.7,USD,卡片未留存计价单位，详情待核,2026-10-10T17:20:34.664Z,https://www.alibaba.com/product-detail/Guangzhou-s-New-Design-Men-s_1600408447018.html,https://s.alicdn.com/@sc04/kf/H27531067033c479faf4a824dfa7d8b52B/Guangzhou-s-New-Design-Men-s-Casual.jpg?hasNWGrade=1,待逐图实看,"certified
Guangzhou's New Design Men's Casual Sport Sneakers Comfortable Lace-Up High Top Basketball Shoes Luxury Canvas Boys' Walking
$7.90-8.70
Min. Order: 300 pairs
6 recent viewed
Chat now"
1600415546659,34,Men's Customized Microfiber Soft Light Weight Casual Sports Shoes KS High Style Barefoot Concept Rubber Insole Boxed,116,赤足及极简概念鞋,,公开显示数量；单位/周期/退货及变体范围未明,300,pairs,9.84,10.86,USD,卡片未留存计价单位，详情待核,2026-10-10T17:23:02.047Z,https://www.alibaba.com/product-detail/Men-s-Customized-Microfiber-Soft-Light_1600415546659.html,https://s.alicdn.com/@sc04/kf/Hb270f851072344bfaad3cd4a5a15c8407/Men-s-Customized-Microfiber-Soft-Light-Weight.jpg?hasNWGrade=1,待逐图实看,"Men's Customized Microfiber Soft Light Weight Casual Sports Shoes KS High Style Barefoot Concept Rubber Insole Boxed
$9.84-10.86
Min. Order: 300 pairs
Chat now"
1600444532559,9,High-End Shoes in Large Size Stylish Combination with High Sole Customizable Breathable Autumn-Fashionable Versatile Shoes,122,休闲及其他成鞋,,公开显示数量；单位/周期/退货及变体范围未明,300,pairs,15.2,16.4,USD,卡片未留存计价单位，详情待核,2026-10-10T17:20:28.496Z,https://www.alibaba.com/product-detail/High-End-Shoes-in-Large-Size_1600444532559.html,https://s.alicdn.com/@sc04/kf/Hdb224ca1be2d44a89e2af0f4d6e6f48ch/High-End-Shoes-in-Large-Size-Stylish.jpg?hasNWGrade=1,待逐图实看,"High-End Shoes in Large Size Stylish Combination with High Sole Customizable Breathable Autumn-Fashionable Versatile Shoes
$15.20-16.40
Min. Order: 300 pairs
1 recent viewed
Chat now"
1600455084259,20,2026 High-Top Men's Casual Microsoft Shoes Lace-Up Custom Logo White Trendy Lighted Autumn Wear-Resistant,105,休闲及其他成鞋,,公开显示数量；单位/周期/退货及变体范围未明,500,pairs,14.57,17.0,USD,卡片未留存计价单位，详情待核,2026-10-10T17:21:51.392Z,https://www.alibaba.com/product-detail/2026-High-Top-Men-s-Casual_1600455084259.html,https://s.alicdn.com/@sc04/kf/H83044791bc6c441990e66d183e973857P/2026-High-Top-Men-s-Casual-Microsoft.jpg?hasNWGrade=1,待逐图实看,"00:20
2026 High-Top Men's Casual Microsoft Shoes Lace-Up Custom Logo White Trendy Lighted Autumn Wear-Resistant
$14.57-17
Min. Order: 500 pairs
Chat now"
1600488236813,9,High Quality Men's Fashion Sneaker Custom Logo Breathable Rubber Insole New Cool Walking Casual Shoes for Winter and Spring,123,休闲及其他成鞋,,公开显示数量；单位/周期/退货及变体范围未明,300,pairs,4.36,4.55,USD,卡片未留存计价单位，详情待核,2026-10-10T17:20:28.496Z,https://www.alibaba.com/product-detail/High-Quality-Men-s-Fashion-Sneaker_1600488236813.html,https://s.alicdn.com/@sc04/kf/H1ef1c5ec8bac45f48df2196028fab8d5o/High-Quality-Men-s-Fashion-Sneaker-Custom.jpg?hasNWGrade=1,待逐图实看,"certified
High Quality Men's Fashion Sneaker Custom Logo Breathable Rubber Insole New Cool Walking Casual Shoes for Winter and Spring
$4.36-4.55
Min. Order: 300 pairs
4 recent viewed
Chat now"
1600516317577,10,Men's Air Cushion Running Shoes Shock-Absorbing Rubber Outsole Fly Woven Mesh Fabric Breathable Upper Casual Sports Training,124,针织套脚及乐福鞋,,公开显示数量；单位/周期/退货及变体范围未明,300,pairs,15.22,16.5,USD,卡片未留存计价单位，详情待核,2026-10-10T17:20:32.080Z,https://www.alibaba.com/product-detail/Men-s-Air-Cushion-Running-Shoes_1600516317577.html,https://s.alicdn.com/@sc04/kf/H33e49afc3bde43f5bdd4473a4aad12d7F/Men-s-Air-Cushion-Running-Shoes-Shock.jpg?hasNWGrade=1,待逐图实看,"certified
Men's Air Cushion Running Shoes Shock-Absorbing Rubber Outsole Fly Woven Mesh Fabric Breathable Upper Casual Sports Training
$15.22-16.50
Min. Order: 300 pairs
8 recent viewed
Chat now"
1600699163238,14,Boots Men's Middle Top British Style Leather Shoes Men's Retro Leather Workwear Short Boots Casual Versatile Boots Men,118,户外鞋靴,,公开显示数量；单位/周期/退货及变体范围未明,300,pairs,15.35,19.55,USD,卡片未留存计价单位，详情待核,2026-10-10T17:21:22.795Z,https://www.alibaba.com/product-detail/Boots-Men-s-Middle-Top-British_1600699163238.html,https://s.alicdn.com/@sc04/kf/Hcf30f2bdc84043d2ae10bf55b7eb2c55h/Boots-Men-s-Middle-Top-British-Style.jpg_480x480.jpg?hasNWGrade=1,待逐图实看,"certified
Boots Men's Middle Top British Style Leather Shoes Men's Retro Leather Workwear Short Boots Casual Versatile Boots Men
$15.35-19.55
Min. Order: 300 pairs
Chat now"
1600740389514,22,2026 Kaisun Trading Spring and Autumn New Fashion TPU Sole White Breathable Casual Shoes High Top Custom logo Man Shoes Sneaker,127,休闲及其他成鞋,,公开显示数量；单位/周期/退货及变体范围未明,300,pairs,18.4,19.1,USD,卡片未留存计价单位，详情待核,2026-10-10T17:22:03.692Z,https://www.alibaba.com/product-detail/2026-Kaisun-Trading-Spring-and-Autumn_1600740389514.html,https://s.alicdn.com/@sc04/kf/H7a12e01ade29435598aee4aee07af4406/2026-Kaisun-Trading-Spring-and-Autumn-New.jpg?hasNWGrade=1,待逐图实看,"certified
2026 Kaisun Trading Spring and Autumn New Fashion TPU Sole White Breathable Casual Shoes High Top Custom logo Man Shoes Sneaker
$18.40-19.10
Min. Order: 300 pairs
Chat now"
1600788619027,11,Men's Fashion Basketball Sneakers Khaki by Fashion Custom Flow Packing Machine Low MOQ 300 Anti-Slippery Shoes,110,球类运动鞋,,公开显示数量；单位/周期/退货及变体范围未明,300,pairs,15.9,20.0,USD,卡片未留存计价单位，详情待核,2026-10-10T17:20:34.664Z,https://www.alibaba.com/product-detail/Men-s-Fashion-Basketball-Sneakers-Khaki_1600788619027.html,https://s.alicdn.com/@sc04/kf/H3d4dc09337bd41c59c932b6081d85fe8m/Men-s-Fashion-Basketball-Sneakers-Khaki-by.jpg?hasNWGrade=1,待逐图实看,"Men's Fashion Basketball Sneakers Khaki by Fashion Custom Flow Packing Machine Low MOQ 300 Anti-Slippery Shoes
$15.90-20
Min. Order: 300 pairs
1 recent viewed
Chat now"
1600835135795,9,Latest Breathable Mesh Casual Sneakers Shoes Lightweight Custom logo Action Men Sport Running Shoes,99,跑步运动鞋,,公开显示数量；单位/周期/退货及变体范围未明,300,pairs,15.0,16.32,USD,卡片未留存计价单位，详情待核,2026-10-10T17:20:28.496Z,https://www.alibaba.com/product-detail/Latest-Breathable-Mesh-Casual-Sneakers-Shoes_1600835135795.html,https://s.alicdn.com/@sc04/kf/Hb0dd3ee3c7674564bfda363a59c375e55/Latest-Breathable-Mesh-Casual-Sneakers-Shoes-Lightweight.jpg?hasNWGrade=1,待逐图实看,"certified
Latest Breathable Mesh Casual Sneakers Shoes Lightweight Custom logo Action Men Sport Running Shoes
$15-16.32
Min. Order: 300 pairs
Chat now"
1600851049992,29,Newest KS Customizable Men's Professional Badminton Pickleball Shoes Summer Autumn Shockproof Mitigation Carbon Fiber Plate Mesh,128,球类运动鞋,,公开显示数量；单位/周期/退货及变体范围未明,300,pairs,14.88,15.53,USD,卡片未留存计价单位，详情待核,2026-10-10T17:22:43.759Z,https://www.alibaba.com/product-detail/Newest-KS-Customizable-Men-s-Professional_1600851049992.html,https://s.alicdn.com/@sc04/kf/H8a023745139e499aa15692fccf3ccd2dj/Newest-KS-Customizable-Men-s-Professional-Badminton.jpg?hasNWGrade=1,待逐图实看,"certified
Newest KS Customizable Men's Professional Badminton Pickleball Shoes Summer Autumn Shockproof Mitigation Carbon Fiber Plate Mesh
$14.88-15.53
Min. Order: 300 pairs
2 recent viewed
Chat now"
1600881411205,30,Men's Women's Lightweight Tennis Sneaker Indoor Outdoor Courts Comfortable Racketball Volleyball Training Summer Autumn Genuine,127,球类运动鞋,,公开显示数量；单位/周期/退货及变体范围未明,300,pairs,19.6,22.61,USD,卡片未留存计价单位，详情待核,2026-10-10T17:22:47.256Z,https://www.alibaba.com/product-detail/Men-s-Women-s-Lightweight-Tennis_1600881411205.html,https://s.alicdn.com/@sc04/kf/H26ca158403174087a2bafd1ea4028bdfZ/Men-s-Women-s-Lightweight-Tennis-Sneaker.jpg?hasNWGrade=1,待逐图实看,"certified
Men's Women's Lightweight Tennis Sneaker Indoor Outdoor Courts Comfortable Racketball Volleyball Training Summer Autumn Genuine
$19.60-22.61
Min. Order: 300 pairs
2 recent viewed
Chat now"
1600884258323,30,New Double Rotary Button Table Tennis Shoes for Spring Summer Casual Toe Style Children Students Teenagers Competition Training,127,童鞋（不直接对标）,,公开显示数量；单位/周期/退货及变体范围未明,300,pairs,25.71,30.0,USD,卡片未留存计价单位，详情待核,2026-10-10T17:22:47.256Z,https://www.alibaba.com/product-detail/New-Double-Rotary-Button-Table-Tennis_1600884258323.html,https://s.alicdn.com/@sc04/kf/H76b6c05d8ad94edea5c64f49fc884cc1N/New-Double-Rotary-Button-Table-Tennis-Shoes.jpg?hasNWGrade=1,待逐图实看,"New Double Rotary Button Table Tennis Shoes for Spring Summer Casual Toe Style Children Students Teenagers Competition Training
$25.71-30
Min. Order: 300 pairs
2 recent viewed
Chat now"
1600885156001,15,Men's High-Top Custom Logo Basketball Sneakers New No-Brand Big Size for Mesh Upper Loafers Walking Shoes Cushioning,116,球类运动鞋,,公开显示数量；单位/周期/退货及变体范围未明,300,pairs,14.25,15.2,USD,卡片未留存计价单位，详情待核,2026-10-10T17:21:27.594Z,https://www.alibaba.com/product-detail/Men-s-High-Top-Custom-Logo_1600885156001.html,https://s.alicdn.com/@sc04/kf/H1d6b4a9c9e07495390457e195811bd04i/Men-s-High-Top-Custom-Logo-Basketball.jpg?hasNWGrade=1,待逐图实看,"Men's High-Top Custom Logo Basketball Sneakers New No-Brand Big Size for Mesh Upper Loafers Walking Shoes Cushioning
$14.25-15.20
Min. Order: 300 pairs
5 recent viewed
Chat now"
1600885177030,24,Men's 2026 Custom Light Weight Anti-Slip Basketball & Walking Style Trendy Casual Sneakers,90,球类运动鞋,,公开显示数量；单位/周期/退货及变体范围未明,300,pairs,16.78,17.35,USD,卡片未留存计价单位，详情待核,2026-10-10T17:22:14.469Z,https://www.alibaba.com/product-detail/Men-s-2026-Custom-Light-Weight_1600885177030.html,https://s.alicdn.com/@sc04/kf/He1dc3afa577041ddabd450c8e400b98bk/Men-s-2026-Custom-Light-Weight-Anti.jpg?hasNWGrade=1,待逐图实看,"Men's 2026 Custom Light Weight Anti-Slip Basketball & Walking Style Trendy Casual Sneakers
$16.78-17.35
Min. Order: 300 pairs
Chat now"
1600885885363,18,36-47 Men's Lightweight Lace up Casual Walking Shoes Breathable Athletic Fitness Running Tennis Shoes Sport Pickleball Sneakers,127,球类运动鞋,,公开显示数量；单位/周期/退货及变体范围未明,300,pairs,24.0,25.0,USD,卡片未留存计价单位，详情待核,2026-10-10T17:21:39.600Z,https://www.alibaba.com/product-detail/36-47-Men-s-Lightweight-Lace_1600885885363.html,https://s.alicdn.com/@sc04/kf/H69fdad6147144ab8ac96150f9c4c4bf9F/36-47-Men-s-Lightweight-Lace-up.jpg?hasNWGrade=1,待逐图实看,"00:22
certified
36-47 Men's Lightweight Lace up Casual Walking Shoes Breathable Athletic Fitness Running Tennis Shoes Sport Pickleball Sneakers
$24-25
Min. Order: 300 pairs
5 recent viewed
Chat now"
1600891564788,14,OEM Custom High Quality Men's Sneakers White Shoes with My Own Logo PU & Rubber Insole Mesh Lining Flat Feature Winter Season,125,休闲及其他成鞋,,公开显示数量；单位/周期/退货及变体范围未明,300,pairs,15.5,18.0,USD,卡片未留存计价单位，详情待核,2026-10-10T17:21:22.795Z,https://www.alibaba.com/product-detail/OEM-Custom-High-Quality-Men-s_1600891564788.html,https://s.alicdn.com/@sc04/kf/Ha2b8df851a7348cb9e4e6e6a57ac1a5dn/OEM-Custom-High-Quality-Men-s-Sneakers.jpg?hasNWGrade=1,待逐图实看,"certified
OEM Custom High Quality Men's Sneakers White Shoes with My Own Logo PU & Rubber Insole Mesh Lining Flat Feature Winter Season
$15.50-18
Min. Order: 300 pairs
3 recent viewed
Chat now"
1600893487271,12,Men's High Quality Winter Snow Boots Size 40-48 Waterproof Ankle Height Lace-Up Boot Shoes Warm Working Snowfield Boots,119,户外鞋靴,,公开显示数量；单位/周期/退货及变体范围未明,500,pairs,17.27,18.71,USD,卡片未留存计价单位，详情待核,2026-10-10T17:20:37.257Z,https://www.alibaba.com/product-detail/Men-s-High-Quality-Winter-Snow_1600893487271.html,https://s.alicdn.com/@sc04/kf/Hbf1b5ff58c274e2a98c434d3e159eb8fR/Men-s-High-Quality-Winter-Snow-Boots.jpg?hasNWGrade=1,待逐图实看,"Men's High Quality Winter Snow Boots Size 40-48 Waterproof Ankle Height Lace-Up Boot Shoes Warm Working Snowfield Boots
$17.27-18.71
Min. Order: 500 pairs
2 recent viewed
Chat now"
1600896885191,10,Luxury Men's Casual Sneakers Custom Fashion Trend Walking Style Shoes with Breathable Mesh Lining for Spring and Autumn,119,休闲及其他成鞋,,公开显示数量；单位/周期/退货及变体范围未明,300,pairs,9.1,9.99,USD,卡片未留存计价单位，详情待核,2026-10-10T17:20:32.080Z,https://www.alibaba.com/product-detail/Luxury-Men-s-Casual-Sneakers-Custom_1600896885191.html,https://s.alicdn.com/@sc04/kf/H2ba401f326fa444aa1c6ea7e3748483fU/Luxury-Men-s-Casual-Sneakers-Custom-Fashion.jpg?hasNWGrade=1,待逐图实看,"certified
Luxury Men's Casual Sneakers Custom Fashion Trend Walking Style Shoes with Breathable Mesh Lining for Spring and Autumn
$9.10-9.99
Min. Order: 300 pairs
6 recent viewed
Chat now"
1600897441760,9,Brand Men's Leather Sneaker Custom Factory Logo Sports Casual Running Shoes with Round Anti-Slip Feature Loafers Style,118,针织套脚及乐福鞋,,公开显示数量；单位/周期/退货及变体范围未明,300,pairs,16.37,17.6,USD,卡片未留存计价单位，详情待核,2026-10-10T17:20:28.496Z,https://www.alibaba.com/product-detail/Brand-Men-s-Leather-Sneaker-Custom_1600897441760.html,https://s.alicdn.com/@sc04/kf/Hb36085f8584e449cbc12ddd082612ad5a/Brand-Men-s-Leather-Sneaker-Custom-Factory.jpg?hasNWGrade=1,待逐图实看,"certified
Brand Men's Leather Sneaker Custom Factory Logo Sports Casual Running Shoes with Round Anti-Slip Feature Loafers Style
$16.37-17.60
Min. Order: 300 pairs
1 recent viewed
Chat now"
1600902155665,12,Men Fashion Sneakers Comfortable Forrest Gump Shoes Lightweight and Walking Style Shoes Men Casual Shoes,104,休闲及其他成鞋,,公开显示数量；单位/周期/退货及变体范围未明,500,pairs,19.63,22.9,USD,卡片未留存计价单位，详情待核,2026-10-10T17:20:37.257Z,https://www.alibaba.com/product-detail/Men-Fashion-Sneakers-Comfortable-Forrest-Gump_1600902155665.html,https://s.alicdn.com/@sc04/kf/H939ecac0416542ba9d85756a4cf10bb3E/Men-Fashion-Sneakers-Comfortable-Forrest-Gump-Shoes.jpg?hasNWGrade=1,待逐图实看,"certified
Men Fashion Sneakers Comfortable Forrest Gump Shoes Lightweight and Walking Style Shoes Men Casual Shoes
$19.63-22.90
Min. Order: 500 pairs
Chat now"
1600907283715,24,2026 Latest Design Solid Sole Sneaker with Rubber Insole and Breathable Mesh Lining From China High Cut Men's Basketball Shoes,126,球类运动鞋,,公开显示数量；单位/周期/退货及变体范围未明,500,pairs,16.0,17.5,USD,卡片未留存计价单位，详情待核,2026-10-10T17:22:14.469Z,https://www.alibaba.com/product-detail/2026-Latest-Design-Solid-Sole-Sneaker_1600907283715.html,https://s.alicdn.com/@sc04/kf/Hf26cd3d5beba46ee94a5019b8e328a676/2026-Latest-Design-Solid-Sole-Sneaker-with.jpg?hasNWGrade=1,待逐图实看,"certified
2026 Latest Design Solid Sole Sneaker with Rubber Insole and Breathable Mesh Lining From China High Cut Men's Basketball Shoes
$16-17.50
Min. Order: 500 pairs
Chat now"
1600907329662,14,Wholesale Men's High Top Custom Logo Sport Sneakers Black Rubber Basketball Shoes with OEM Winter Fashion,105,球类运动鞋,,公开显示数量；单位/周期/退货及变体范围未明,500,pairs,10.2,11.66,USD,卡片未留存计价单位，详情待核,2026-10-10T17:21:22.795Z,https://www.alibaba.com/product-detail/Wholesale-Men-s-High-Top-Custom_1600907329662.html,https://s.alicdn.com/@sc04/kf/Hc6a10488763c43e9994a976dd2a563f6k/Wholesale-Men-s-High-Top-Custom-Logo.jpg?hasNWGrade=1,待逐图实看,"certified
Wholesale Men's High Top Custom Logo Sport Sneakers Black Rubber Basketball Shoes with OEM Winter Fashion
$10.20-11.66
Min. Order: 500 pairs
Chat now"
1600917888670,29,Wide-Toe-Box Barefoot Shoes for Mens Womens Minimalist Breathable Comfortable Trail Running Walking Shoes,105,赤足及极简概念鞋,,公开显示数量；单位/周期/退货及变体范围未明,300,pairs,11.5,12.6,USD,卡片未留存计价单位，详情待核,2026-10-10T17:22:43.759Z,https://www.alibaba.com/product-detail/Wide-Toe-Box-Barefoot-Shoes-for_1600917888670.html,https://s.alicdn.com/@sc04/kf/H24e70f1c22d84d7a977b1295f5ef0270V/Wide-Toe-Box-Barefoot-Shoes-for-Mens.jpg?hasNWGrade=1,待逐图实看,"Wide-Toe-Box Barefoot Shoes for Mens Womens Minimalist Breathable Comfortable Trail Running Walking Shoes
$11.50-12.60
Min. Order: 300 pairs
Chat now"
1600920798929,18,2026 New Men's Sneakers Outdoor Trendy Mens Trainers Casual Breathable Male Running Shoes Flats Blade Sneakers Zapatillas Hombre,128,跑步运动鞋,,公开显示数量；单位/周期/退货及变体范围未明,300,pairs,16.82,17.43,USD,卡片未留存计价单位，详情待核,2026-10-10T17:21:39.600Z,https://www.alibaba.com/product-detail/2026-New-Men-s-Sneakers-Outdoor_1600920798929.html,https://s.alicdn.com/@sc04/kf/Hb5b3ffe716f246fba6a9795561968eb8r/2026-New-Men-s-Sneakers-Outdoor-Trendy.jpg?hasNWGrade=1,待逐图实看,"00:26
certified
2026 New Men's Sneakers Outdoor Trendy Mens Trainers Casual Breathable Male Running Shoes Flats Blade Sneakers Zapatillas Hombre
$16.82-17.43
Min. Order: 300 pairs
2 recent viewed
Chat now"
1600924837366,11,Men's Lightweight Waterproof Tactical Boots-Free Walking Breathable Desert Boots with Hard-Wearing Leather Upper EVA Insole,123,户外鞋靴,,公开显示数量；单位/周期/退货及变体范围未明,300,pairs,17.3,17.3,USD,卡片未留存计价单位，详情待核,2026-10-10T17:20:34.664Z,https://www.alibaba.com/product-detail/Men-s-Lightweight-Waterproof-Tactical-Boots_1600924837366.html,https://s.alicdn.com/@sc04/kf/H08cc7c5550e9499788d5975fda59ea2bQ/Men-s-Lightweight-Waterproof-Tactical-Boots-Free.jpg?hasNWGrade=1,待逐图实看,"Men's Lightweight Waterproof Tactical Boots-Free Walking Breathable Desert Boots with Hard-Wearing Leather Upper EVA Insole
$17.30
Min. Order: 300 pairs
Chat now"
1600925094293,30,Manufacturer's Pickleball Casual Badminton Volleyball Shoes Lightweight Comfortable Anti-Slippery Mesh Summer Sports Spring,123,球类运动鞋,,公开显示数量；单位/周期/退货及变体范围未明,300,pairs,21.19,23.2,USD,卡片未留存计价单位，详情待核,2026-10-10T17:22:47.256Z,https://www.alibaba.com/product-detail/Manufacturer-s-Pickleball-Casual-Badminton-Volleyball_1600925094293.html,https://s.alicdn.com/@sc04/kf/Hb27338de02a744c4aff9b75e9b80fb3cN/Manufacturer-s-Pickleball-Casual-Badminton-Volleyball-Shoes.jpg?hasNWGrade=1,待逐图实看,"certified
Manufacturer's Pickleball Casual Badminton Volleyball Shoes Lightweight Comfortable Anti-Slippery Mesh Summer Sports Spring
$21.19-23.20
Min. Order: 300 pairs
8 recent viewed
Chat now"
1600927801688,11,Kaisun Men's Fashion Breathable Walking Shoes Customized Black Board Upper Lace Light Weight Autumn Wholesale Factory Price,123,休闲及其他成鞋,,公开显示数量；单位/周期/退货及变体范围未明,300,pairs,8.43,9.06,USD,卡片未留存计价单位，详情待核,2026-10-10T17:20:34.664Z,https://www.alibaba.com/product-detail/Kaisun-Men-s-Fashion-Breathable-Walking_1600927801688.html,https://s.alicdn.com/@sc04/kf/Haecfd06850ab46d2ad2f8a1ed79ed9fbZ/Kaisun-Men-s-Fashion-Breathable-Walking-Shoes.jpg?hasNWGrade=1,待逐图实看,"certified
Kaisun Men's Fashion Breathable Walking Shoes Customized Black Board Upper Lace Light Weight Autumn Wholesale Factory Price
$8.43-9.06
Min. Order: 300 pairs
2 recent viewed
Chat now"
1600929901167,25,2026 Designer Design Casual Shoes Factory High Quality Leather Low Top Walking Shoes Fashion Personality Custom logo Shoes,122,休闲及其他成鞋,,公开显示数量；单位/周期/退货及变体范围未明,300,pairs,9.87,11.76,USD,卡片未留存计价单位，详情待核,2026-10-10T17:22:17.959Z,https://www.alibaba.com/product-detail/2026-Designer-Design-Casual-Shoes-Factory_1600929901167.html,https://s.alicdn.com/@sc04/kf/Hdfc0bb3146a143ce81f1e9ce3c6d8559t/2026-Designer-Design-Casual-Shoes-Factory-High.jpg?hasNWGrade=1,待逐图实看,"00:23
certified
2026 Designer Design Casual Shoes Factory High Quality Leather Low Top Walking Shoes Fashion Personality Custom logo Shoes
$9.87-11.76
Min. Order: 300 pairs
Chat now"
1600930240940,24,2026 Men's Casual Sneakers Retro Design Real Leather Lace-Up Hard-Wearing Anti-Odor Anti-Slippery Walking Sneaker,113,休闲及其他成鞋,,公开显示数量；单位/周期/退货及变体范围未明,300,pairs,13.0,14.3,USD,卡片未留存计价单位，详情待核,2026-10-10T17:22:14.469Z,https://www.alibaba.com/product-detail/2026-Men-s-Casual-Sneakers-Retro_1600930240940.html,https://s.alicdn.com/@sc04/kf/H2cf790b88dd04d11af60ecc108402655j/2026-Men-s-Casual-Sneakers-Retro-Design.jpg?hasNWGrade=1,待逐图实看,"2026 Men's Casual Sneakers Retro Design Real Leather Lace-Up Hard-Wearing Anti-Odor Anti-Slippery Walking Sneaker
$13-14.30
Min. Order: 300 pairs
1 recent viewed
Chat now"
1600934128819,12,Men's Large Size Spring Blade Sneakers Fashionable Lace-Up Running Sports Shoes with Rubber Insole Mesh Lining Shock Absorption,127,跑步运动鞋,,公开显示数量；单位/周期/退货及变体范围未明,300,pairs,15.0,18.7,USD,卡片未留存计价单位，详情待核,2026-10-10T17:20:37.257Z,https://www.alibaba.com/product-detail/Men-s-Large-Size-Spring-Blade_1600934128819.html,https://s.alicdn.com/@sc04/kf/H0c480c6809834eb8b801ae0dd0d8dccdq/Men-s-Large-Size-Spring-Blade-Sneakers.jpg?hasNWGrade=1,待逐图实看,"certified
Men's Large Size Spring Blade Sneakers Fashionable Lace-Up Running Sports Shoes with Rubber Insole Mesh Lining Shock Absorption
$15-18.70
Min. Order: 300 pairs
1 recent viewed
Chat now"
1600939933904,13,Hot Selling Men's Casual Running Tennis Shoes Breathable Canvas Upper Mesh Trendy New Comfortable Lightweight Sneakers Walking,126,球类运动鞋,,公开显示数量；单位/周期/退货及变体范围未明,300,pairs,8.5,9.54,USD,卡片未留存计价单位，详情待核,2026-10-10T17:21:08.395Z,https://www.alibaba.com/product-detail/Hot-Selling-Men-s-Casual-Running_1600939933904.html,https://s.alicdn.com/@sc04/kf/H4f55a9c1af76414492764f31d99cd935i/Hot-Selling-Men-s-Casual-Running-Tennis.jpg?hasNWGrade=1,待逐图实看,"certified
Hot Selling Men's Casual Running Tennis Shoes Breathable Canvas Upper Mesh Trendy New Comfortable Lightweight Sneakers Walking
$8.50-9.54
Min. Order: 300 pairs
Chat now"
1600959558207,23,2026 New Design of High Quality Men's Board Shoes Comfortable Pu Upper Thick Sole Fashion Shoes 39-44 Size Casual Shoes,119,休闲及其他成鞋,,公开显示数量；单位/周期/退货及变体范围未明,300,pairs,7.38,8.91,USD,卡片未留存计价单位，详情待核,2026-10-10T17:22:08.436Z,https://www.alibaba.com/product-detail/2026-New-Design-of-High-Quality_1600959558207.html,https://s.alicdn.com/@sc04/kf/H8aa4ac0da7504ad0af6be2f389791f1bc/2026-New-Design-of-High-Quality-Men.jpg?hasNWGrade=1,待逐图实看,"certified
2026 New Design of High Quality Men's Board Shoes Comfortable Pu Upper Thick Sole Fashion Shoes 39-44 Size Casual Shoes
$7.38-8.91
Min. Order: 300 pairs
Chat now"
1600960777974,29,Unisex Tennis & Pickleball Shoes Breathable Mesh Anti-Slip Comfortable All Seasons,82,球类运动鞋,,公开显示数量；单位/周期/退货及变体范围未明,300,pairs,14.23,14.95,USD,卡片未留存计价单位，详情待核,2026-10-10T17:22:43.759Z,https://www.alibaba.com/product-detail/Unisex-Tennis-Pickleball-Shoes-Breathable-Mesh_1600960777974.html,https://s.alicdn.com/@sc04/kf/H0d0e897e7297483bb3b8f6de94ae8df8x/Unisex-Tennis-Pickleball-Shoes-Breathable-Mesh-Anti.jpg?hasNWGrade=1,待逐图实看,"Unisex Tennis & Pickleball Shoes Breathable Mesh Anti-Slip Comfortable All Seasons
$14.23-14.95
Min. Order: 300 pairs
4 recent viewed
Chat now"
1600971025401,32,Factory Unisex Lightweight Anti-slip Men Flat Zero Drop Sole Wide Toe Box Shoes Custom logo Minimalist Barefoot Shoes,117,赤足及极简概念鞋,,公开显示数量；单位/周期/退货及变体范围未明,300,pairs,9.86,10.65,USD,卡片未留存计价单位，详情待核,2026-10-10T17:22:54.273Z,https://www.alibaba.com/product-detail/Factory-Unisex-Lightweight-Anti-slip-Men_1600971025401.html,https://s.alicdn.com/@sc04/kf/H5322a56e478140f2b412f5337c994f13b/Factory-Unisex-Lightweight-Anti-slip-Men-Flat.jpg?hasNWGrade=1,待逐图实看,"Factory Unisex Lightweight Anti-slip Men Flat Zero Drop Sole Wide Toe Box Shoes Custom logo Minimalist Barefoot Shoes
$9.86-10.65
Min. Order: 300 pairs
1 recent viewed
Chat now"
1600971025677,31,High Quality Trail Running Sneakers Minimalist Shoes Wide Toe Box Zero Drop Sole Men and Women Barefoot Shoes,109,赤足及极简概念鞋,,公开显示数量；单位/周期/退货及变体范围未明,300,pairs,12.32,13.5,USD,卡片未留存计价单位，详情待核,2026-10-10T17:22:50.339Z,https://www.alibaba.com/product-detail/High-Quality-Trail-Running-Sneakers-Minimalist_1600971025677.html,https://s.alicdn.com/@sc04/kf/Hc48b7ea8a48d4d7199609b42f069eeceb/High-Quality-Trail-Running-Sneakers-Minimalist-Shoes.jpg?hasNWGrade=1,待逐图实看,"High Quality Trail Running Sneakers Minimalist Shoes Wide Toe Box Zero Drop Sole Men and Women Barefoot Shoes
$12.32-13.50
Min. Order: 300 pairs
Chat now"
1600972118361,23,2026 Custom Logo Retro Style Casual Shoes for Children Comfortable Anti-Slip Breathable Canvas Insole Printed Walking Shoes,123,童鞋（不直接对标）,,公开显示数量；单位/周期/退货及变体范围未明,300,pairs,7.0,7.6,USD,卡片未留存计价单位，详情待核,2026-10-10T17:22:08.436Z,https://www.alibaba.com/product-detail/2026-Custom-Logo-Retro-Style-Casual_1600972118361.html,https://s.alicdn.com/@sc04/kf/H3a323675d8794485b8fe7f243daed8474/2026-Custom-Logo-Retro-Style-Casual-Shoes.jpg?hasNWGrade=1,待逐图实看,"00:19
2026 Custom Logo Retro Style Casual Shoes for Children Comfortable Anti-Slip Breathable Canvas Insole Printed Walking Shoes
$7-7.60
Min. Order: 300 pairs
Chat now"
1600972465869,33,Customizable Men's Geo Racer Barefoot Walking Shoes Mesh Upper Rubber Outsole for Winter/Spring/Summer/Autumn-Outdoor Leisure,125,赤足及极简概念鞋,,公开显示数量；单位/周期/退货及变体范围未明,300,pairs,10.34,11.28,USD,卡片未留存计价单位，详情待核,2026-10-10T17:22:57.692Z,https://www.alibaba.com/product-detail/Customizable-Men-s-Geo-Racer-Barefoot_1600972465869.html,https://s.alicdn.com/@sc04/kf/H93daffc2d4664cd883735f6747b36a00p/Customizable-Men-s-Geo-Racer-Barefoot-Walking.jpg?hasNWGrade=1,待逐图实看,"Customizable Men's Geo Racer Barefoot Walking Shoes Mesh Upper Rubber Outsole for Winter/Spring/Summer/Autumn-Outdoor Leisure
$10.34-11.28
Min. Order: 300 pairs
Chat now"
1600976563003,15,Casual Sports Running Shoes Men Quality Goods Breathable Mesh Lining Custom Logo Anti-Slip Rubber Insole Spring Autumn Walking,126,跑步运动鞋,,公开显示数量；单位/周期/退货及变体范围未明,300,pairs,7.66,8.57,USD,卡片未留存计价单位，详情待核,2026-10-10T17:21:27.594Z,https://www.alibaba.com/product-detail/Casual-Sports-Running-Shoes-Men-Quality_1600976563003.html,https://s.alicdn.com/@sc04/kf/H9585fc35325541ef9c5acd59cd53ab24c/Casual-Sports-Running-Shoes-Men-Quality-Goods.jpg?hasNWGrade=1,待逐图实看,"certified
Casual Sports Running Shoes Men Quality Goods Breathable Mesh Lining Custom Logo Anti-Slip Rubber Insole Spring Autumn Walking
$7.66-8.57
Min. Order: 300 pairs
Chat now"
1600977632237,13,Hot Selling Unisex Casual Bread Shoes for Boys Girls Trendy Lace Upper Material for Sports Walking in Summer Winter Spring,122,童鞋（不直接对标）,,公开显示数量；单位/周期/退货及变体范围未明,300,pairs,8.35,9.2,USD,卡片未留存计价单位，详情待核,2026-10-10T17:21:08.395Z,https://www.alibaba.com/product-detail/Hot-Selling-Unisex-Casual-Bread-Shoes_1600977632237.html,https://s.alicdn.com/@sc04/kf/H2a5c5044e7c04308babe7abdf08a49e0v/Hot-Selling-Unisex-Casual-Bread-Shoes-for.jpg?hasNWGrade=1,待逐图实看,"Hot Selling Unisex Casual Bread Shoes for Boys Girls Trendy Lace Upper Material for Sports Walking in Summer Winter Spring
$8.35-9.20
Min. Order: 300 pairs
Chat now"
1600979384144,12,High Quality European Men's Casual Sports Shoes Breathable Thick Sole with Anti-Slippery Mesh Lining Cushioning Autumn Walking,126,休闲及其他成鞋,,公开显示数量；单位/周期/退货及变体范围未明,300,pairs,8.5,9.7,USD,卡片未留存计价单位，详情待核,2026-10-10T17:20:37.257Z,https://www.alibaba.com/product-detail/High-Quality-European-Men-s-Casual_1600979384144.html,https://s.alicdn.com/@sc04/kf/Hd63a880bc67644ffbc5bb22d9e2b50c4C/High-Quality-European-Men-s-Casual-Sports.jpg?hasNWGrade=1,待逐图实看,"certified
High Quality European Men's Casual Sports Shoes Breathable Thick Sole with Anti-Slippery Mesh Lining Cushioning Autumn Walking
$8.50-9.70
Min. Order: 300 pairs
Chat now"
1600980406997,9,China Manufacturer's Men's Sports Skateboard Sneakers Good Quality with Customizable Patch Support Mesh Lining Zapatos De Hombre,128,休闲及其他成鞋,,公开显示数量；单位/周期/退货及变体范围未明,300,pairs,12.3,13.3,USD,卡片未留存计价单位，详情待核,2026-10-10T17:20:28.496Z,https://www.alibaba.com/product-detail/China-Manufacturer-s-Men-s-Sports_1600980406997.html,https://s.alicdn.com/@sc04/kf/H7753b92f16e14f98bedda8353171f003W/China-Manufacturer-s-Men-s-Sports-Skateboard.jpg?hasNWGrade=1,待逐图实看,"certified
China Manufacturer's Men's Sports Skateboard Sneakers Good Quality with Customizable Patch Support Mesh Lining Zapatos De Hombre
$12.30-13.30
Min. Order: 300 pairs
1 recent viewed
Chat now"
1600981626694,8,Original Manufacturer's Customized Logo Skateboard Casual Men's Low Sneakers Platform Style Shoes for Men,105,休闲及其他成鞋,,公开显示数量；单位/周期/退货及变体范围未明,500,pairs,10.72,12.14,USD,卡片未留存计价单位，详情待核,2026-10-10T17:20:25.692Z,https://www.alibaba.com/product-detail/Original-Manufacturer-s-Customized-Logo-Skateboard_1600981626694.html,https://s.alicdn.com/@sc04/kf/Hea7d3927162a481990cf991e85e59982r/Original-Manufacturer-s-Customized-Logo-Skateboard-Casual.jpg?hasNWGrade=1,待逐图实看,"Original Manufacturer's Customized Logo Skateboard Casual Men's Low Sneakers Platform Style Shoes for Men
$10.72-12.14
Min. Order: 500 pairs
Chat now"
1600986601728,34,Factory Direct Custom Quick-Dry Barefoot Shoes Men Swimming Shoes Anti-Slip Aqua Water Sports Creek Wading Water Shoes Wholesale,128,水鞋（不直接对标）,,公开显示数量；单位/周期/退货及变体范围未明,300,pairs,3.4,4.4,USD,卡片未留存计价单位，详情待核,2026-10-10T17:23:02.047Z,https://www.alibaba.com/product-detail/Factory-Direct-Custom-Quick-Dry-Barefoot_1600986601728.html,https://s.alicdn.com/@sc04/kf/H29820aab2dd04633bd36c67b7c2c5946b/Factory-Direct-Custom-Quick-Dry-Barefoot-Shoes.jpg?hasNWGrade=1,待逐图实看,"Factory Direct Custom Quick-Dry Barefoot Shoes Men Swimming Shoes Anti-Slip Aqua Water Sports Creek Wading Water Shoes Wholesale
$3.40-4.40
Min. Order: 300 pairs
Chat now"
1600989123668,29,Wholesale Men's White Barefoot Lace-Up Mesh Shoes Large Size with Wide Toe Protection Breathable and Fashionable Walking Shoes,126,赤足及极简概念鞋,,公开显示数量；单位/周期/退货及变体范围未明,300,pairs,10.6,11.48,USD,卡片未留存计价单位，详情待核,2026-10-10T17:22:43.759Z,https://www.alibaba.com/product-detail/Wholesale-Men-s-White-Barefoot-Lace_1600989123668.html,https://s.alicdn.com/@sc04/kf/H3c18fac96f0c4ba3a283d1b263d0b804r/Wholesale-Men-s-White-Barefoot-Lace-Up.jpg?hasNWGrade=1,待逐图实看,"Wholesale Men's White Barefoot Lace-Up Mesh Shoes Large Size with Wide Toe Protection Breathable and Fashionable Walking Shoes
$10.60-11.48
Min. Order: 300 pairs
Chat now"
1600989204220,32,Custom Large Size Wide Toe Protection Lace-Up Mesh Fashion Walking Summer Spring Winter Wholesale Cheap Sneakers Men's White,124,休闲及其他成鞋,,公开显示数量；单位/周期/退货及变体范围未明,300,pairs,8.64,9.48,USD,卡片未留存计价单位，详情待核,2026-10-10T17:22:54.273Z,https://www.alibaba.com/product-detail/Custom-Large-Size-Wide-Toe-Protection_1600989204220.html,https://s.alicdn.com/@sc04/kf/Haa6221be60534d328b3b35558e3e23f0l/Custom-Large-Size-Wide-Toe-Protection-Lace.jpg?hasNWGrade=1,待逐图实看,"Custom Large Size Wide Toe Protection Lace-Up Mesh Fashion Walking Summer Spring Winter Wholesale Cheap Sneakers Men's White
$8.64-9.48
Min. Order: 300 pairs
1 recent viewed
Chat now"
1600992964740,22,2026 Women's White Barefoot Sneakers Wide Toe Box Protection Lace up Style Factory Price Custom Casual Shoes for Men,116,赤足及极简概念鞋,,公开显示数量；单位/周期/退货及变体范围未明,300,pairs,9.48,10.48,USD,卡片未留存计价单位，详情待核,2026-10-10T17:22:03.692Z,https://www.alibaba.com/product-detail/2026-Women-s-White-Barefoot-Sneakers_1600992964740.html,https://s.alicdn.com/@sc04/kf/H3f69ab218b5b4b46867aa70dda6938a9c/2026-Women-s-White-Barefoot-Sneakers-Wide.jpg?hasNWGrade=1,待逐图实看,"certified
2026 Women's White Barefoot Sneakers Wide Toe Box Protection Lace up Style Factory Price Custom Casual Shoes for Men
$9.48-10.48
Min. Order: 300 pairs
Chat now"
1601009390204,28,Men's Large Size Barefoot Shoes Comfortable and Lightweight Fashionable Breathable Walking Shoes with Wide Toe Protection,121,赤足及极简概念鞋,,公开显示数量；单位/周期/退货及变体范围未明,300,pairs,12.27,13.18,USD,卡片未留存计价单位，详情待核,2026-10-10T17:22:39.703Z,https://www.alibaba.com/product-detail/Men-s-Large-Size-Barefoot-Shoes_1601009390204.html,https://s.alicdn.com/@sc04/kf/Ha085aeed21494bfca528614f86063c369/Men-s-Large-Size-Barefoot-Shoes-Comfortable.jpg?hasNWGrade=1,待逐图实看,"Men's Large Size Barefoot Shoes Comfortable and Lightweight Fashionable Breathable Walking Shoes with Wide Toe Protection
$12.27-13.18
Min. Order: 300 pairs
Chat now"
1601009717470,20,Wholesale Blade Sole Fashion Toe Style Trendy Mesh Lining Winter Spring-Manufacturer 2026 Custom Men's Casual Shoes,115,休闲及其他成鞋,,公开显示数量；单位/周期/退货及变体范围未明,300,pairs,12.9,14.93,USD,卡片未留存计价单位，详情待核,2026-10-10T17:21:51.392Z,https://www.alibaba.com/product-detail/Wholesale-Blade-Sole-Fashion-Toe-Style_1601009717470.html,https://s.alicdn.com/@sc04/kf/Hd7e78c0b4e744a9a8dc3ffb3f64c7559D/Wholesale-Blade-Sole-Fashion-Toe-Style-Trendy.jpg?hasNWGrade=1,待逐图实看,"certified
Wholesale Blade Sole Fashion Toe Style Trendy Mesh Lining Winter Spring-Manufacturer 2026 Custom Men's Casual Shoes
$12.90-14.93
Min. Order: 300 pairs
Chat now"
1601020956970,8,Breathable Men's Casual Sports Shoes Daddy Design Durable Summer Walking Shoes with Rubber Mesh Factory Price,109,休闲及其他成鞋,,公开显示数量；单位/周期/退货及变体范围未明,300,pairs,14.48,14.48,USD,卡片未留存计价单位，详情待核,2026-10-10T17:20:25.692Z,https://www.alibaba.com/product-detail/Breathable-Men-s-Casual-Sports-Shoes_1601020956970.html,https://s.alicdn.com/@sc04/kf/H39366760e05f4e42b0516b9b765543a8v/Breathable-Men-s-Casual-Sports-Shoes-Daddy.jpg?hasNWGrade=1,待逐图实看,"certified
Breathable Men's Casual Sports Shoes Daddy Design Durable Summer Walking Shoes with Rubber Mesh Factory Price
$14.48
Min. Order: 300 pairs
Chat now"
1601023435234,12,Large Men's Casual Sports Shoes Lightweight Breathable Woven Couple Style for Walking Other Sports Spring Fashion Trend Mesh,124,针织套脚及乐福鞋,,公开显示数量；单位/周期/退货及变体范围未明,300,pairs,8.8,9.96,USD,卡片未留存计价单位，详情待核,2026-10-10T17:20:37.257Z,https://www.alibaba.com/product-detail/Large-Men-s-Casual-Sports-Shoes_1601023435234.html,https://s.alicdn.com/@sc04/kf/H21cccd6e0d744db291433c7cba4235712/Large-Men-s-Casual-Sports-Shoes-Lightweight.jpg?hasNWGrade=1,待逐图实看,"00:19
certified
Large Men's Casual Sports Shoes Lightweight Breathable Woven Couple Style for Walking Other Sports Spring Fashion Trend Mesh
$8.80-9.96
Min. Order: 300 pairs
Chat now"
1601025316376,12,Factory Direct Large-Sized Couple Casual Sports Shoes Flying Weaving Style for Walking Soft and for Winter Summer Spring,120,针织套脚及乐福鞋,,公开显示数量；单位/周期/退货及变体范围未明,300,pairs,7.5,8.86,USD,卡片未留存计价单位，详情待核,2026-10-10T17:20:37.257Z,https://www.alibaba.com/product-detail/Factory-Direct-Large-Sized-Couple-Casual_1601025316376.html,https://s.alicdn.com/@sc04/kf/H554fa940ce1b4fc992c4e7cea8f5db67K/Factory-Direct-Large-Sized-Couple-Casual-Sports.jpg?hasNWGrade=1,待逐图实看,"certified
Factory Direct Large-Sized Couple Casual Sports Shoes Flying Weaving Style for Walking Soft and for Winter Summer Spring
$7.50-8.86
Min. Order: 300 pairs
Chat now"
1601042576212,33,New High Elastic Barefoot Running Sports Shoes Fitness and Yoga Shoes for All Seasons-Summer Winter Spring Autumn,113,赤足及极简概念鞋,,公开显示数量；单位/周期/退货及变体范围未明,300,pairs,9.9,11.49,USD,卡片未留存计价单位，详情待核,2026-10-10T17:22:57.692Z,https://www.alibaba.com/product-detail/New-High-Elastic-Barefoot-Running-Sports_1601042576212.html,https://s.alicdn.com/@sc04/kf/H48f55d055963490ca684f37ee88687dfy/New-High-Elastic-Barefoot-Running-Sports-Shoes.jpg?hasNWGrade=1,待逐图实看,"New High Elastic Barefoot Running Sports Shoes Fitness and Yoga Shoes for All Seasons-Summer Winter Spring Autumn
$9.90-11.49
Min. Order: 300 pairs
Chat now"
1601042731824,19,2026 Men's Sneakers Custom with Logo Fashion Air Sport Shoes by Small Order Custom Sneaker Manufacturer for Spring,114,休闲及其他成鞋,,公开显示数量；单位/周期/退货及变体范围未明,300,pairs,8.11,9.23,USD,卡片未留存计价单位，详情待核,2026-10-10T17:21:45.677Z,https://www.alibaba.com/product-detail/2026-Men-s-Sneakers-Custom-with_1601042731824.html,https://s.alicdn.com/@sc04/kf/H420a00a5e1bd40398c4a200661729537O/2026-Men-s-Sneakers-Custom-with-Logo.jpg?hasNWGrade=1,待逐图实看,"00:26
certified
2026 Men's Sneakers Custom with Logo Fashion Air Sport Shoes by Small Order Custom Sneaker Manufacturer for Spring
$8.11-9.23
Min. Order: 300 pairs
9 recent viewed
Chat now"
1601046238211,33,High Quality Customizable Barefoot Casual Shoes Men Women Wide Toe Box Protection Winter Spring Autumn Factory Price Available,126,赤足及极简概念鞋,,公开显示数量；单位/周期/退货及变体范围未明,300,pairs,9.9,11.2,USD,卡片未留存计价单位，详情待核,2026-10-10T17:22:57.692Z,https://www.alibaba.com/product-detail/High-Quality-Customizable-Barefoot-Casual-Shoes_1601046238211.html,https://s.alicdn.com/@sc04/kf/H36321e8df10f45fc96fd5e99dcbca556S/High-Quality-Customizable-Barefoot-Casual-Shoes-Men.jpg?hasNWGrade=1,待逐图实看,"High Quality Customizable Barefoot Casual Shoes Men Women Wide Toe Box Protection Winter Spring Autumn Factory Price Available
$9.90-11.20
Min. Order: 300 pairs
Chat now"
1601046260152,32,Wholesale Men's White Barefoot Lace-Up Mesh Walking Shoes Large Size with Wide Toe Protection Fashionable Spring Autumn Winter,126,赤足及极简概念鞋,,公开显示数量；单位/周期/退货及变体范围未明,300,pairs,9.64,10.48,USD,卡片未留存计价单位，详情待核,2026-10-10T17:22:54.273Z,https://www.alibaba.com/product-detail/Wholesale-Men-s-White-Barefoot-Lace_1601046260152.html,https://s.alicdn.com/@sc04/kf/H9c7877a1ecd04db9a6b98110e3a0733eg/Wholesale-Men-s-White-Barefoot-Lace-Up.jpg?hasNWGrade=1,待逐图实看,"00:29
Wholesale Men's White Barefoot Lace-Up Mesh Walking Shoes Large Size with Wide Toe Protection Fashionable Spring Autumn Winter
$9.64-10.48
Min. Order: 300 pairs
1 recent viewed
Chat now"
1601053283526,34,Customizable Men's Geo Racer Barefoot Shoes for Outdoor Walking for Summer Winter Spring Autumn Seasons,103,赤足及极简概念鞋,,公开显示数量；单位/周期/退货及变体范围未明,300,pairs,12.86,14.28,USD,卡片未留存计价单位，详情待核,2026-10-10T17:23:02.047Z,https://www.alibaba.com/product-detail/Customizable-Men-s-Geo-Racer-Barefoot_1601053283526.html,https://s.alicdn.com/@sc04/kf/H080742d5cca9477ab6faeccff2d7ab1dR/Customizable-Men-s-Geo-Racer-Barefoot-Shoes.jpg?hasNWGrade=1,待逐图实看,"Customizable Men's Geo Racer Barefoot Shoes for Outdoor Walking for Summer Winter Spring Autumn Seasons
$12.86-14.28
Min. Order: 300 pairs
Chat now"
1601053412190,34,2026 High Quality Casual Barefoot Shoes with Breathable Mesh Protection New Fitness Walking Shoes with Toe Protection,117,赤足及极简概念鞋,,公开显示数量；单位/周期/退货及变体范围未明,300,pairs,10.3,11.2,USD,卡片未留存计价单位，详情待核,2026-10-10T17:23:02.047Z,https://www.alibaba.com/product-detail/2026-High-Quality-Casual-Barefoot-Shoes_1601053412190.html,https://s.alicdn.com/@sc04/kf/H936c353072bb478d82981f68d806d6b8y/2026-High-Quality-Casual-Barefoot-Shoes-with.jpg?hasNWGrade=1,待逐图实看,"2026 High Quality Casual Barefoot Shoes with Breathable Mesh Protection New Fitness Walking Shoes with Toe Protection
$10.30-11.20
Min. Order: 300 pairs
Chat now"
1601057840384,34,Wholesale Barefoot Shoes Men Lace-Up Mesh Shoes Large Size with Wide Toe Protection Breathable and Fashionable Walking Shoes,124,赤足及极简概念鞋,,公开显示数量；单位/周期/退货及变体范围未明,300,pairs,10.2,11.4,USD,卡片未留存计价单位，详情待核,2026-10-10T17:23:02.047Z,https://www.alibaba.com/product-detail/Wholesale-Barefoot-Shoes-Men-Lace-Up_1601057840384.html,https://s.alicdn.com/@sc04/kf/Hb44d593805904ae0a75cc15b88b42e21A/Wholesale-Barefoot-Shoes-Men-Lace-Up-Mesh.jpg?hasNWGrade=1,待逐图实看,"Wholesale Barefoot Shoes Men Lace-Up Mesh Shoes Large Size with Wide Toe Protection Breathable and Fashionable Walking Shoes
$10.20-11.40
Min. Order: 300 pairs
Chat now"
1601058382841,34,Wholesale Men's Breathable Lace up Mesh Shoes Large Size Wide Toe Protection Barefoot Quick Drying Casual All Seasons,117,赤足及极简概念鞋,,公开显示数量；单位/周期/退货及变体范围未明,300,pairs,9.6,11.3,USD,卡片未留存计价单位，详情待核,2026-10-10T17:23:02.047Z,https://www.alibaba.com/product-detail/Wholesale-Men-s-Breathable-Lace-up_1601058382841.html,https://s.alicdn.com/@sc04/kf/H230ef187a06049a38f9e701607291199s/Wholesale-Men-s-Breathable-Lace-up-Mesh.jpg?hasNWGrade=1,待逐图实看,"Wholesale Men's Breathable Lace up Mesh Shoes Large Size Wide Toe Protection Barefoot Quick Drying Casual All Seasons
$9.60-11.30
Min. Order: 300 pairs
Chat now"
1601058927353,33,High Quality Minimalist Barefoot Shoes Zero Drop Sole with Wide Toe Box Trail Running Sneakers Men Women Spring Autumn Summer,125,赤足及极简概念鞋,,公开显示数量；单位/周期/退货及变体范围未明,300,pairs,9.8,10.95,USD,卡片未留存计价单位，详情待核,2026-10-10T17:22:57.692Z,https://www.alibaba.com/product-detail/High-Quality-Minimalist-Barefoot-Shoes-Zero_1601058927353.html,https://s.alicdn.com/@sc04/kf/Hfe89c980fd6b4819a226389e52b45837l/High-Quality-Minimalist-Barefoot-Shoes-Zero-Drop.jpg?hasNWGrade=1,待逐图实看,"High Quality Minimalist Barefoot Shoes Zero Drop Sole with Wide Toe Box Trail Running Sneakers Men Women Spring Autumn Summer
$9.80-10.95
Min. Order: 300 pairs
Chat now"
1601104673456,33,Men's New Oversized Casual Shoes with Wide Last Barefoot Sports Running Fitness Walking Shoes Featuring Big Toe Wide Toe Design,127,赤足及极简概念鞋,,公开显示数量；单位/周期/退货及变体范围未明,300,pairs,8.45,9.23,USD,卡片未留存计价单位，详情待核,2026-10-10T17:22:57.692Z,https://www.alibaba.com/product-detail/Men-s-New-Oversized-Casual-Shoes_1601104673456.html,https://s.alicdn.com/@sc04/kf/H6e1590d2e82a4af2a8559fd2ea0cb35cr/Men-s-New-Oversized-Casual-Shoes-with.jpg?hasNWGrade=1,待逐图实看,"Men's New Oversized Casual Shoes with Wide Last Barefoot Sports Running Fitness Walking Shoes Featuring Big Toe Wide Toe Design
$8.45-9.23
Min. Order: 300 pairs
Chat now"
1601111556647,34,2026 All-Match Casual Shoes New Breathable Design Wide Head Toe Protection Bean Fitness Walking Barefoot Shoes for Summer Spring,128,赤足及极简概念鞋,,公开显示数量；单位/周期/退货及变体范围未明,300,pairs,9.84,10.86,USD,卡片未留存计价单位，详情待核,2026-10-10T17:23:02.047Z,https://www.alibaba.com/product-detail/2026-All-Match-Casual-Shoes-New_1601111556647.html,https://s.alicdn.com/@sc04/kf/Hfed9d26556d2462eadfc6257334088b3o/2026-All-Match-Casual-Shoes-New-Breathable.jpg?hasNWGrade=1,待逐图实看,"2026 All-Match Casual Shoes New Breathable Design Wide Head Toe Protection Bean Fitness Walking Barefoot Shoes for Summer Spring
$9.84-10.86
Min. Order: 300 pairs
Chat now"
1601112373247,13,Fashion Design Khaki Men Sneaker Hot Selling New Cool Flat Sole Walking Shoes Support Custom logo Men Casual Shoes,114,休闲及其他成鞋,,公开显示数量；单位/周期/退货及变体范围未明,300,pairs,7.8,8.6,USD,卡片未留存计价单位，详情待核,2026-10-10T17:21:08.395Z,https://www.alibaba.com/product-detail/Fashion-Design-Khaki-Men-Sneaker-Hot_1601112373247.html,https://s.alicdn.com/@sc04/kf/H041b42e731b04d999560b2b73f30296bQ/Fashion-Design-Khaki-Men-Sneaker-Hot-Selling.jpg?hasNWGrade=1,待逐图实看,"certified
Fashion Design Khaki Men Sneaker Hot Selling New Cool Flat Sole Walking Shoes Support Custom logo Men Casual Shoes
$7.80-8.60
Min. Order: 300 pairs
Chat now"
1601114628205,9,Fashion Blade Tennis Casual Sneakers Colorful Comfort Non Slip Work Sport Athletic Trainer Men Slip on Running Walking Shoes,124,球类运动鞋,,公开显示数量；单位/周期/退货及变体范围未明,300,pairs,9.99,17.7,USD,卡片未留存计价单位，详情待核,2026-10-10T17:20:28.496Z,https://www.alibaba.com/product-detail/Fashion-Blade-Tennis-Casual-Sneakers-Colorful_1601114628205.html,https://s.alicdn.com/@sc04/kf/H8eb97c1d32374bfbac01be3494340a62R/Fashion-Blade-Tennis-Casual-Sneakers-Colorful-Comfort.jpg?hasNWGrade=1,待逐图实看,"certified
Fashion Blade Tennis Casual Sneakers Colorful Comfort Non Slip Work Sport Athletic Trainer Men Slip on Running Walking Shoes
$9.99-17.70
Min. Order: 300 pairs
2 recent viewed
Chat now"
1601150089218,17,Men's High Top Sneakers Comfortable Basketball Style Shoes for Students Sports Enthusiasts Trendy Casual Sports Shoes Rubber,124,球类运动鞋,,公开显示数量；单位/周期/退货及变体范围未明,300,pairs,12.0,13.97,USD,卡片未留存计价单位，详情待核,2026-10-10T17:21:35.394Z,https://www.alibaba.com/product-detail/Men-s-High-Top-Sneakers-Comfortable_1601150089218.html,https://s.alicdn.com/@sc04/kf/H1f2f60be13f54b488af9d1143ea95096x/Men-s-High-Top-Sneakers-Comfortable-Basketball.jpg?hasNWGrade=1,待逐图实看,"00:12
certified
Men's High Top Sneakers Comfortable Basketball Style Shoes for Students Sports Enthusiasts Trendy Casual Sports Shoes Rubber
$12-13.97
Min. Order: 300 pairs
Chat now"
1601150146023,15,Men's High Top Casual Sports Shoes Round Toe Basketball & Running Shoes for Students Trendy & Seasonal-for Summer & Autumn,122,球类运动鞋,,公开显示数量；单位/周期/退货及变体范围未明,300,pairs,12.0,13.2,USD,卡片未留存计价单位，详情待核,2026-10-10T17:21:27.594Z,https://www.alibaba.com/product-detail/Men-s-High-Top-Casual-Sports_1601150146023.html,https://s.alicdn.com/@sc04/kf/H987fda01977044c6b0783925109589a61/Men-s-High-Top-Casual-Sports-Shoes.jpg?hasNWGrade=1,待逐图实看,"Men's High Top Casual Sports Shoes Round Toe Basketball & Running Shoes for Students Trendy & Seasonal-for Summer & Autumn
$12-13.20
Min. Order: 300 pairs
13 recent viewed
Chat now"
1601157778623,13,Lightweight Casual Mesh Sports Shoes for Boys and Girls Comfortable Breathable Design with Round Toe for Summer,111,童鞋（不直接对标）,,公开显示数量；单位/周期/退货及变体范围未明,300,pairs,4.8,6.5,USD,卡片未留存计价单位，详情待核,2026-10-10T17:21:08.395Z,https://www.alibaba.com/product-detail/Lightweight-Casual-Mesh-Sports-Shoes-for_1601157778623.html,https://s.alicdn.com/@sc04/kf/H0ebc17181c6c464886d614a7c3bf0feeQ/Lightweight-Casual-Mesh-Sports-Shoes-for-Boys.jpg?hasNWGrade=1,待逐图实看,"Lightweight Casual Mesh Sports Shoes for Boys and Girls Comfortable Breathable Design with Round Toe for Summer
$4.80-6.50
Min. Order: 300 pairs
Chat now"
1601160049097,16,Men's Outdoor Hiking Barefoot Shoes Cycling Recreational Sports River Shoes Casual Shoes for Summer Sneaker Manufacturer,120,赤足及极简概念鞋,,公开显示数量；单位/周期/退货及变体范围未明,500,pairs,8.57,9.6,USD,卡片未留存计价单位，详情待核,2026-10-10T17:21:30.716Z,https://www.alibaba.com/product-detail/Men-s-Outdoor-Hiking-Barefoot-Shoes_1601160049097.html,https://s.alicdn.com/@sc04/kf/Hd6d442a816354d60bbcfd56110f6dca1V/Men-s-Outdoor-Hiking-Barefoot-Shoes-Cycling.jpg?hasNWGrade=1,待逐图实看,"Men's Outdoor Hiking Barefoot Shoes Cycling Recreational Sports River Shoes Casual Shoes for Summer Sneaker Manufacturer
$8.57-9.60
Min. Order: 500 pairs
2 recent viewed
Chat now"
1601160929256,19,2026 New High Quality Men's Sports Casual Shoes Black Hemp Rope Board Multi-Seasonal Walking Shoes,98,休闲及其他成鞋,,公开显示数量；单位/周期/退货及变体范围未明,300,pairs,7.1,7.8,USD,卡片未留存计价单位，详情待核,2026-10-10T17:21:45.677Z,https://www.alibaba.com/product-detail/2026-New-High-Quality-Men-s_1601160929256.html,https://s.alicdn.com/@sc04/kf/Ha8a3fbd31ada4ed9825e1dd34db433c45/2026-New-High-Quality-Men-s-Sports.jpg?hasNWGrade=1,待逐图实看,"certified
2026 New High Quality Men's Sports Casual Shoes Black Hemp Rope Board Multi-Seasonal Walking Shoes
$7.10-7.80
Min. Order: 300 pairs
Chat now"
1601161108170,34,2026 Cross-border Loose Plus Size Comfortable Sports Shoes for Men and Women's Outdoor Leisure Lightweight Barefoot Shoes,121,赤足及极简概念鞋,,公开显示数量；单位/周期/退货及变体范围未明,300,pairs,9.28,10.25,USD,卡片未留存计价单位，详情待核,2026-10-10T17:23:02.047Z,https://www.alibaba.com/product-detail/2026-Cross-border-Loose-Plus-Size_1601161108170.html,https://s.alicdn.com/@sc04/kf/Hccf8fea0a025432583a8c22a30d8d6f3K/2026-Cross-border-Loose-Plus-Size-Comfortable.jpg?hasNWGrade=1,待逐图实看,"2026 Cross-border Loose Plus Size Comfortable Sports Shoes for Men and Women's Outdoor Leisure Lightweight Barefoot Shoes
$9.28-10.25
Min. Order: 300 pairs
Chat now"
1601161486476,32,Factory Price New Wide Head Barefoot Sneakers Breathable and Protective Toes Casual Fitness Shoes for Summer Spring Autumn,122,赤足及极简概念鞋,,公开显示数量；单位/周期/退货及变体范围未明,300,pairs,9.28,10.2,USD,卡片未留存计价单位，详情待核,2026-10-10T17:22:54.273Z,https://www.alibaba.com/product-detail/Factory-Price-New-Wide-Head-Barefoot_1601161486476.html,https://s.alicdn.com/@sc04/kf/Hfe6dd5bd13554755b3c5fdb598cfc1a8C/Factory-Price-New-Wide-Head-Barefoot-Sneakers.jpg?hasNWGrade=1,待逐图实看,"Factory Price New Wide Head Barefoot Sneakers Breathable and Protective Toes Casual Fitness Shoes for Summer Spring Autumn
$9.28-10.20
Min. Order: 300 pairs
1 recent viewed
Chat now"
1601166014164,34,High Quality Minimalist Zero Drop Sole Fitness Walking Sneakers for Men and Women Wide Toe Box Barefoot Shoes for Trail Running,127,赤足及极简概念鞋,,公开显示数量；单位/周期/退货及变体范围未明,300,pairs,9.6,11.0,USD,卡片未留存计价单位，详情待核,2026-10-10T17:23:02.047Z,https://www.alibaba.com/product-detail/High-Quality-Minimalist-Zero-Drop-Sole_1601166014164.html,https://s.alicdn.com/@sc04/kf/Hcd74af2ca88a402795339c7ab5db6815H/High-Quality-Minimalist-Zero-Drop-Sole-Fitness.jpg?hasNWGrade=1,待逐图实看,"High Quality Minimalist Zero Drop Sole Fitness Walking Sneakers for Men and Women Wide Toe Box Barefoot Shoes for Trail Running
$9.60-11
Min. Order: 300 pairs
Chat now"
1601166733937,12,Direct Factory Sales-New Large-Size Flying Weaving Casual Sports Shoes Couples Breathable Anti-Slippery Spring Autumn Size 35-46,128,针织套脚及乐福鞋,,公开显示数量；单位/周期/退货及变体范围未明,300,pairs,8.22,9.6,USD,卡片未留存计价单位，详情待核,2026-10-10T17:20:37.257Z,https://www.alibaba.com/product-detail/Direct-Factory-Sales-New-Large-Size_1601166733937.html,https://s.alicdn.com/@sc04/kf/H9410c7da57cc4b8ebf8c60fbed8cff0dO/Direct-Factory-Sales-New-Large-Size-Flying.jpg?hasNWGrade=1,待逐图实看,"certified
Direct Factory Sales-New Large-Size Flying Weaving Casual Sports Shoes Couples Breathable Anti-Slippery Spring Autumn Size 35-46
$8.22-9.60
Min. Order: 300 pairs
Chat now"
1601166843804,16,Men's Lightweight Casual Sports Retro Skateboard Shoes Mesh Lining Spring Anti-Slip Round Toe Fashion Trend,107,休闲及其他成鞋,,公开显示数量；单位/周期/退货及变体范围未明,300,pairs,8.22,9.6,USD,卡片未留存计价单位，详情待核,2026-10-10T17:21:30.716Z,https://www.alibaba.com/product-detail/Men-s-Lightweight-Casual-Sports-Retro_1601166843804.html,https://s.alicdn.com/@sc04/kf/H4d6bae864ffb4cbd9db912deb0df63e8Q/Men-s-Lightweight-Casual-Sports-Retro-Skateboard.jpg?hasNWGrade=1,待逐图实看,"certified
Men's Lightweight Casual Sports Retro Skateboard Shoes Mesh Lining Spring Anti-Slip Round Toe Fashion Trend
$8.22-9.60
Min. Order: 300 pairs
Chat now"
1601167084711,19,Net Wide Men/Women's Barefoot Shoes Soft Soles Non-Slip Comfortable Breathable Cycling Fitness Shoes Summer Walking Style,121,赤足及极简概念鞋,,公开显示数量；单位/周期/退货及变体范围未明,300,pairs,9.42,11.0,USD,卡片未留存计价单位，详情待核,2026-10-10T17:21:45.677Z,https://www.alibaba.com/product-detail/Net-Wide-Men-Women-s-Barefoot_1601167084711.html,https://s.alicdn.com/@sc04/kf/H44805fad97974b19bde79a306668696fu/Net-Wide-Men-Women-s-Barefoot-Shoes.jpg?hasNWGrade=1,待逐图实看,"Net Wide Men/Women's Barefoot Shoes Soft Soles Non-Slip Comfortable Breathable Cycling Fitness Shoes Summer Walking Style
$9.42-11
Min. Order: 300 pairs
3 recent viewed
Chat now"
1601173312432,34,Manufacturer Direct Sales New Wide Toe Barefoot Sports Shoes for Outdoor Leisure Fitness & Cycling Custom Logo Rubber Insole,124,赤足及极简概念鞋,,公开显示数量；单位/周期/退货及变体范围未明,300,pairs,8.5,9.6,USD,卡片未留存计价单位，详情待核,2026-10-10T17:23:02.047Z,https://www.alibaba.com/product-detail/Manufacturer-Direct-Sales-New-Wide-Toe_1601173312432.html,https://s.alicdn.com/@sc04/kf/H72346244cad742838bc99b8fe95449dbU/Manufacturer-Direct-Sales-New-Wide-Toe-Barefoot.jpg?hasNWGrade=1,待逐图实看,"Manufacturer Direct Sales New Wide Toe Barefoot Sports Shoes for Outdoor Leisure Fitness & Cycling Custom Logo Rubber Insole
$8.50-9.60
Min. Order: 300 pairs
Chat now"
1601173517312,31,Cross-Border New Wide Head Barefoot Casual Shoes Mesh Anti-Slip Spring Soft Fashion Hiking and Fitness Walking Shoes for Couples,128,赤足及极简概念鞋,,公开显示数量；单位/周期/退货及变体范围未明,300,pairs,10.4,11.2,USD,卡片未留存计价单位，详情待核,2026-10-10T17:22:50.339Z,https://www.alibaba.com/product-detail/Cross-Border-New-Wide-Head-Barefoot_1601173517312.html,https://s.alicdn.com/@sc04/kf/Ha3f25cd4b972443c98cd18eb984886eep/Cross-Border-New-Wide-Head-Barefoot-Casual.jpg?hasNWGrade=1,待逐图实看,"Cross-Border New Wide Head Barefoot Casual Shoes Mesh Anti-Slip Spring Soft Fashion Hiking and Fitness Walking Shoes for Couples
$10.40-11.20
Min. Order: 300 pairs
Chat now"
1601173531319,32,Cross-Border New Wide Headed Barefoot Shoes Casual Mesh Fashion Hiking Fitness Couple Walking Shoes Summer & Winter One-Step,124,赤足及极简概念鞋,,公开显示数量；单位/周期/退货及变体范围未明,300,pairs,9.89,10.76,USD,卡片未留存计价单位，详情待核,2026-10-10T17:22:54.273Z,https://www.alibaba.com/product-detail/Cross-Border-New-Wide-Headed-Barefoot_1601173531319.html,https://s.alicdn.com/@sc04/kf/H216d5a3f652f461dab380acbd0eaba17D/Cross-Border-New-Wide-Headed-Barefoot-Shoes.jpg?hasNWGrade=1,待逐图实看,"Cross-Border New Wide Headed Barefoot Shoes Casual Mesh Fashion Hiking Fitness Couple Walking Shoes Summer & Winter One-Step
$9.89-10.76
Min. Order: 300 pairs
2 recent viewed
Chat now"
1601180715471,11,Classic Couple Thick-Soled PU Cold Adhesive Walking Shoes for Summer Versatile and Fashionable Casual Sports Design,115,休闲及其他成鞋,,公开显示数量；单位/周期/退货及变体范围未明,300,pairs,11.68,13.6,USD,卡片未留存计价单位，详情待核,2026-10-10T17:20:34.664Z,https://www.alibaba.com/product-detail/Classic-Couple-Thick-Soled-PU-Cold_1601180715471.html,https://s.alicdn.com/@sc04/kf/H333d16e87d7643ccb7b9778721d47d1b0/Classic-Couple-Thick-Soled-PU-Cold-Adhesive.jpg?hasNWGrade=1,待逐图实看,"Classic Couple Thick-Soled PU Cold Adhesive Walking Shoes for Summer Versatile and Fashionable Casual Sports Design
$11.68-13.60
Min. Order: 300 pairs
Chat now"
1601198522972,9,New Style Lightweight Canvas Running & Walking Shoes for All Seasons for Summer Spring Autumn Casual Shoes Men,110,跑步运动鞋,,公开显示数量；单位/周期/退货及变体范围未明,300,pairs,6.51,7.6,USD,卡片未留存计价单位，详情待核,2026-10-10T17:20:28.496Z,https://www.alibaba.com/product-detail/New-Style-Lightweight-Canvas-Running-Walking_1601198522972.html,https://s.alicdn.com/@sc04/kf/H7d7b024ff5504952b0e78d4a77caab07e/New-Style-Lightweight-Canvas-Running-Walking-Shoes.jpg?hasNWGrade=1,待逐图实看,"certified
New Style Lightweight Canvas Running & Walking Shoes for All Seasons for Summer Spring Autumn Casual Shoes Men
$6.51-7.60
Min. Order: 300 pairs
Chat now"
1601202510846,34,2026 Customised Men's Black Athletic Shoes Spring Summer Autumn Trendy Barefoot Shoes Mesh Lining for Walking Style Wholesale,125,赤足及极简概念鞋,,公开显示数量；单位/周期/退货及变体范围未明,500,pairs,12.75,14.8,USD,卡片未留存计价单位，详情待核,2026-10-10T17:23:02.047Z,https://www.alibaba.com/product-detail/2026-Customised-Men-s-Black-Athletic_1601202510846.html,https://s.alicdn.com/@sc04/kf/Hb7e85750d7f640f2b61ccac521681d32d/2026-Customised-Men-s-Black-Athletic-Shoes.jpg?hasNWGrade=1,待逐图实看,"2026 Customised Men's Black Athletic Shoes Spring Summer Autumn Trendy Barefoot Shoes Mesh Lining for Walking Style Wholesale
$12.75-14.80
Min. Order: 500 pairs
Chat now"
1601228285093,9,New Fashionable Full Diamond Casual Women's Chunky Shoes Transparent Mesh and Increased Height Thick Bottom Sports Sneakers,123,休闲及其他成鞋,,公开显示数量；单位/周期/退货及变体范围未明,300,pairs,14.5,16.45,USD,卡片未留存计价单位，详情待核,2026-10-10T17:20:28.496Z,https://www.alibaba.com/product-detail/New-Fashionable-Full-Diamond-Casual-Women_1601228285093.html,https://s.alicdn.com/@sc04/kf/H6b8a4f58b9d94ef9a67b92978b7ceacc4/New-Fashionable-Full-Diamond-Casual-Women-s.jpg?hasNWGrade=1,待逐图实看,"New Fashionable Full Diamond Casual Women's Chunky Shoes Transparent Mesh and Increased Height Thick Bottom Sports Sneakers
$14.50-16.45
Min. Order: 300 pairs
Chat now"
1601240844108,33,New Barefoot Lace-Up Shoes Large Size Wide Toe Protection for Summer Fitness Fashionable Spring Autumn Winter,109,赤足及极简概念鞋,,公开显示数量；单位/周期/退货及变体范围未明,500,pairs,10.88,12.0,USD,卡片未留存计价单位，详情待核,2026-10-10T17:22:57.692Z,https://www.alibaba.com/product-detail/New-Barefoot-Lace-Up-Shoes-Large_1601240844108.html,https://s.alicdn.com/@sc04/kf/H92ec63d7841d4de6a6d384f3fbfcee34K/New-Barefoot-Lace-Up-Shoes-Large-Size.jpg?hasNWGrade=1,待逐图实看,"New Barefoot Lace-Up Shoes Large Size Wide Toe Protection for Summer Fitness Fashionable Spring Autumn Winter
$10.88-12
Min. Order: 500 pairs
Chat now"
1601245565458,19,Men's 2026 Casual Sneakers Versatile Sports Shoes Toe Anti-Slip Lighted Features Summer Autumn Running Custom Fashion Trend,123,跑步运动鞋,,公开显示数量；单位/周期/退货及变体范围未明,500,pairs,7.54,7.54,USD,卡片未留存计价单位，详情待核,2026-10-10T17:21:45.677Z,https://www.alibaba.com/product-detail/Men-s-2026-Casual-Sneakers-Versatile_1601245565458.html,https://s.alicdn.com/@sc04/kf/Hd6440b3a06184f18a66c93bc7bee099bh/Men-s-2026-Casual-Sneakers-Versatile-Sports.jpg?hasNWGrade=1,待逐图实看,"certified
Men's 2026 Casual Sneakers Versatile Sports Shoes Toe Anti-Slip Lighted Features Summer Autumn Running Custom Fashion Trend
$7.54
Min. Order: 500 pairs
1 recent viewed
Chat now"
1601245974954,11,Men's Retro Shoes Fashionable Design Hot Selling Customized Logo Light Weight Anti-Slippery Feature Casual Running Styles,121,跑步运动鞋,,公开显示数量；单位/周期/退货及变体范围未明,300,pairs,8.72,9.68,USD,卡片未留存计价单位，详情待核,2026-10-10T17:20:34.664Z,https://www.alibaba.com/product-detail/Men-s-Retro-Shoes-Fashionable-Design_1601245974954.html,https://s.alicdn.com/@sc04/kf/H755ca6b9c7744de89ce61fea662c6dcc7/Men-s-Retro-Shoes-Fashionable-Design-Hot.jpg?hasNWGrade=1,待逐图实看,"certified
Men's Retro Shoes Fashionable Design Hot Selling Customized Logo Light Weight Anti-Slippery Feature Casual Running Styles
$8.72-9.68
Min. Order: 300 pairs
Chat now"
1601248272650,34,New Soft Soled Barefoot Wide Toe Design Mesh Casual Shoes for Men Women Children Slip-On Closure Rubber Insole Barefoot Shoes,125,童鞋（不直接对标）,,公开显示数量；单位/周期/退货及变体范围未明,300,pairs,9.46,10.4,USD,卡片未留存计价单位，详情待核,2026-10-10T17:23:02.047Z,https://www.alibaba.com/product-detail/New-Soft-Soled-Barefoot-Wide-Toe_1601248272650.html,https://s.alicdn.com/@sc04/kf/H906d1bd5999c491a9be625e58fb1a8c5z/New-Soft-Soled-Barefoot-Wide-Toe-Design.jpg?hasNWGrade=1,待逐图实看,"New Soft Soled Barefoot Wide Toe Design Mesh Casual Shoes for Men Women Children Slip-On Closure Rubber Insole Barefoot Shoes
$9.46-10.40
Min. Order: 300 pairs
Chat now"
1601249018528,34,2026 Unisex High Quality Casual Shoes for Kids Protective Toe Barefoot Style Wide Design for Boys and Girls Toddler Age Group,125,童鞋（不直接对标）,,公开显示数量；单位/周期/退货及变体范围未明,300,pairs,9.78,10.6,USD,卡片未留存计价单位，详情待核,2026-10-10T17:23:02.047Z,https://www.alibaba.com/product-detail/2026-Unisex-High-Quality-Casual-Shoes_1601249018528.html,https://s.alicdn.com/@sc04/kf/H333d9db1343b4a8e93c535568857b7caN/2026-Unisex-High-Quality-Casual-Shoes-for.jpg?hasNWGrade=1,待逐图实看,"2026 Unisex High Quality Casual Shoes for Kids Protective Toe Barefoot Style Wide Design for Boys and Girls Toddler Age Group
$9.78-10.60
Min. Order: 300 pairs
1 recent viewed
Chat now"
1601266885864,33,Men's Customizable White Sport Barefoot Sneakers Wide Toe Box Protection Mesh Fashion Casual Shoes Winter Spring Logo,117,赤足及极简概念鞋,,公开显示数量；单位/周期/退货及变体范围未明,500,pairs,11.2,12.42,USD,卡片未留存计价单位，详情待核,2026-10-10T17:22:57.692Z,https://www.alibaba.com/product-detail/Men-s-Customizable-White-Sport-Barefoot_1601266885864.html,https://s.alicdn.com/@sc04/kf/H66381af064444d96bcd0661db730ae15A/Men-s-Customizable-White-Sport-Barefoot-Sneakers.jpg?hasNWGrade=1,待逐图实看,"certified
Men's Customizable White Sport Barefoot Sneakers Wide Toe Box Protection Mesh Fashion Casual Shoes Winter Spring Logo
$11.20-12.42
Min. Order: 500 pairs
Chat now"
1601279351006,11,Men's Casual Sports Board Shoes Four Seasons Breathable Low-Profile Running Shoes Anti-Slippery Feature Mesh Fashion Trend,122,跑步运动鞋,,公开显示数量；单位/周期/退货及变体范围未明,300,pairs,9.28,9.28,USD,卡片未留存计价单位，详情待核,2026-10-10T17:20:34.664Z,https://www.alibaba.com/product-detail/Men-s-Casual-Sports-Board-Shoes_1601279351006.html,https://s.alicdn.com/@sc04/kf/Hcb1ff41a7b9c43c89c2905e831b2c1335/Men-s-Casual-Sports-Board-Shoes-Four.jpg?hasNWGrade=1,待逐图实看,"certified
Men's Casual Sports Board Shoes Four Seasons Breathable Low-Profile Running Shoes Anti-Slippery Feature Mesh Fashion Trend
$9.28
Min. Order: 300 pairs
Chat now"
1601282236437,8,High Quality Lace-Up Sports Shoes Customized Logo High Elasticity and Lightweight Design with Cushioning Feature,112,休闲及其他成鞋,,公开显示数量；单位/周期/退货及变体范围未明,300,pairs,14.22,16.0,USD,卡片未留存计价单位，详情待核,2026-10-10T17:20:25.692Z,https://www.alibaba.com/product-detail/High-Quality-Lace-Up-Sports-Shoes_1601282236437.html,https://s.alicdn.com/@sc04/kf/H936ca66a3a7741469f9aeb228605d76a7/High-Quality-Lace-Up-Sports-Shoes-Customized.jpg?hasNWGrade=1,待逐图实看,"High Quality Lace-Up Sports Shoes Customized Logo High Elasticity and Lightweight Design with Cushioning Feature
$14.22-16
Min. Order: 300 pairs
Chat now"
1601284398390,32,Wide Toe Box Grounding Shoes Zero Drop Barefoot Sport Running Shoes with Mesh Insole for All Seasons-Summer Spring Winter Autumn,128,赤足及极简概念鞋,,公开显示数量；单位/周期/退货及变体范围未明,300,pairs,10.12,10.84,USD,卡片未留存计价单位，详情待核,2026-10-10T17:22:54.273Z,https://www.alibaba.com/product-detail/Wide-Toe-Box-Grounding-Shoes-Zero_1601284398390.html,https://s.alicdn.com/@sc04/kf/H8cef59a422a6480495ee2ab28a4bb2beB/Wide-Toe-Box-Grounding-Shoes-Zero-Drop.jpg?hasNWGrade=1,待逐图实看,"Wide Toe Box Grounding Shoes Zero Drop Barefoot Sport Running Shoes with Mesh Insole for All Seasons-Summer Spring Winter Autumn
$10.12-10.84
Min. Order: 300 pairs
1 recent viewed
Chat now"
1601284448651,17,Trendy Fashion Winter Waterproof Barefoot Shoes Large Size 36-50 Lace-Up Design PU Upper Plush Lining for Outdoor Fitness Use,125,赤足及极简概念鞋,,公开显示数量；单位/周期/退货及变体范围未明,300,pairs,10.77,11.65,USD,卡片未留存计价单位，详情待核,2026-10-10T17:21:35.394Z,https://www.alibaba.com/product-detail/Trendy-Fashion-Winter-Waterproof-Barefoot-Shoes_1601284448651.html,https://s.alicdn.com/@sc04/kf/H893bde175a0647aebc1505239f16ff90w/Trendy-Fashion-Winter-Waterproof-Barefoot-Shoes-Large.jpg?hasNWGrade=1,待逐图实看,"certified
Trendy Fashion Winter Waterproof Barefoot Shoes Large Size 36-50 Lace-Up Design PU Upper Plush Lining for Outdoor Fitness Use
$10.77-11.65
Min. Order: 300 pairs
Chat now"
1601285974249,17,Custom Design Men's Athletic Running Sneakers 36-46 Wide Head Fashion Sports Shoes Cotton Lining Summer Spring Winter Wholesale,127,跑步运动鞋,,公开显示数量；单位/周期/退货及变体范围未明,300,pairs,11.2,12.0,USD,卡片未留存计价单位，详情待核,2026-10-10T17:21:35.394Z,https://www.alibaba.com/product-detail/Custom-Design-Men-s-Athletic-Running_1601285974249.html,https://s.alicdn.com/@sc04/kf/Ha41d842adf1b461d8eb8db3a2775190fZ/Custom-Design-Men-s-Athletic-Running-Sneakers.jpg?hasNWGrade=1,待逐图实看,"Custom Design Men's Athletic Running Sneakers 36-46 Wide Head Fashion Sports Shoes Cotton Lining Summer Spring Winter Wholesale
$11.20-12
Min. Order: 300 pairs
Chat now"
1601286053025,19,Unisex Training Barefoot Shoes Outdoor Use Large Size Wide Toe Box Minimalist Non-Slip Rubber Breathable Spring Autumn Seasons,126,赤足及极简概念鞋,,公开显示数量；单位/周期/退货及变体范围未明,300,pairs,9.64,10.23,USD,卡片未留存计价单位，详情待核,2026-10-10T17:21:45.677Z,https://www.alibaba.com/product-detail/Unisex-Training-Barefoot-Shoes-Outdoor-Use_1601286053025.html,https://s.alicdn.com/@sc04/kf/H999edb0da5d341458613c50d71a2fc40b/Unisex-Training-Barefoot-Shoes-Outdoor-Use-Large.jpg?hasNWGrade=1,待逐图实看,"Unisex Training Barefoot Shoes Outdoor Use Large Size Wide Toe Box Minimalist Non-Slip Rubber Breathable Spring Autumn Seasons
$9.64-10.23
Min. Order: 300 pairs
Chat now"
1601286109689,33,Minimalist Breathable Barefoot Shoes with Zero Drop Sole Slip-On Walking & Running Sports Shoes for All Seasons Packaged in Box,127,赤足及极简概念鞋,,公开显示数量；单位/周期/退货及变体范围未明,300,pairs,10.2,10.9,USD,卡片未留存计价单位，详情待核,2026-10-10T17:22:57.692Z,https://www.alibaba.com/product-detail/Minimalist-Breathable-Barefoot-Shoes-with-Zero_1601286109689.html,https://s.alicdn.com/@sc04/kf/H75f5fb2c7e454a3e84e0cd1a811c5399I/Minimalist-Breathable-Barefoot-Shoes-with-Zero-Drop.jpg?hasNWGrade=1,待逐图实看,"00:30
Minimalist Breathable Barefoot Shoes with Zero Drop Sole Slip-On Walking & Running Sports Shoes for All Seasons Packaged in Box
$10.20-10.90
Min. Order: 300 pairs
Chat now"
1601286123637,16,Minimalist Daily Breathable Barefoot Sneakers for Kids Wider Toe Box Zero Drop Flat Ergonomic Sole Synthetic for Girls Babies,125,童鞋（不直接对标）,,公开显示数量；单位/周期/退货及变体范围未明,300,pairs,8.68,9.5,USD,卡片未留存计价单位，详情待核,2026-10-10T17:21:30.716Z,https://www.alibaba.com/product-detail/Minimalist-Daily-Breathable-Barefoot-Sneakers-for_1601286123637.html,https://s.alicdn.com/@sc04/kf/H24880f366daf4621a1d4f5f21f638494S/Minimalist-Daily-Breathable-Barefoot-Sneakers-for-Kids.jpg?hasNWGrade=1,待逐图实看,"Minimalist Daily Breathable Barefoot Sneakers for Kids Wider Toe Box Zero Drop Flat Ergonomic Sole Synthetic for Girls Babies
$8.68-9.50
Min. Order: 300 pairs
2 recent viewed
Chat now"
1601286173401,33,Kids Comfortable Barefoot Shoes with Wide Toe Box Foot Health Friendly Breathable Design for Spring Summer Winter Outdoor Usage,127,童鞋（不直接对标）,,公开显示数量；单位/周期/退货及变体范围未明,300,pairs,9.9,10.34,USD,卡片未留存计价单位，详情待核,2026-10-10T17:22:57.692Z,https://www.alibaba.com/product-detail/Kids-Comfortable-Barefoot-Shoes-with-Wide_1601286173401.html,https://s.alicdn.com/@sc04/kf/H28c5f47de29e410f8a13c8f691fc3bbe0/Kids-Comfortable-Barefoot-Shoes-with-Wide-Toe.jpg?hasNWGrade=1,待逐图实看,"00:26
certified
Kids Comfortable Barefoot Shoes with Wide Toe Box Foot Health Friendly Breathable Design for Spring Summer Winter Outdoor Usage
$9.90-10.34
Min. Order: 300 pairs
Chat now"
1601288505833,11,Custom OEM Breathable Running Shoes for Men Women's Comfortable Walking Sneakers with Chunky Soles Non-Slip New Design,118,跑步运动鞋,,公开显示数量；单位/周期/退货及变体范围未明,300,pairs,14.82,17.29,USD,卡片未留存计价单位，详情待核,2026-10-10T17:20:34.664Z,https://www.alibaba.com/product-detail/Custom-OEM-Breathable-Running-Shoes-for_1601288505833.html,https://s.alicdn.com/@sc04/kf/He34dcc00f36c409ca8a387b566f4d92aQ/Custom-OEM-Breathable-Running-Shoes-for-Men.jpg?hasNWGrade=1,待逐图实看,"Custom OEM Breathable Running Shoes for Men Women's Comfortable Walking Sneakers with Chunky Soles Non-Slip New Design
$14.82-17.29
Min. Order: 300 pairs
Chat now"
1601288764276,10,Custom Men's Fly Knitting Black Sneakers with Logo Breathable Walking Style Shoes for Summer EVA Insole,103,针织套脚及乐福鞋,,公开显示数量；单位/周期/退货及变体范围未明,300,pairs,12.35,12.35,USD,卡片未留存计价单位，详情待核,2026-10-10T17:20:32.080Z,https://www.alibaba.com/product-detail/Custom-Men-s-Fly-Knitting-Black_1601288764276.html,https://s.alicdn.com/@sc04/kf/H2fbcb5f73c624a9784b7b57e34396bfaf/Custom-Men-s-Fly-Knitting-Black-Sneakers.jpg?hasNWGrade=1,待逐图实看,"certified
Custom Men's Fly Knitting Black Sneakers with Logo Breathable Walking Style Shoes for Summer EVA Insole
$12.35
Min. Order: 300 pairs
Chat now"
1601288784463,17,Men's Casual All Seasons Skateboard Shoes with Mesh Factory Direct Walking Style Shoes,86,休闲及其他成鞋,,公开显示数量；单位/周期/退货及变体范围未明,300,pairs,8.91,9.7,USD,卡片未留存计价单位，详情待核,2026-10-10T17:21:35.394Z,https://www.alibaba.com/product-detail/Men-s-Casual-All-Seasons-Skateboard_1601288784463.html,https://s.alicdn.com/@sc04/kf/H65adfa6c2d594d4db3dcc20cd83d4621l/Men-s-Casual-All-Seasons-Skateboard-Shoes.jpg?hasNWGrade=1,待逐图实看,"certified
Men's Casual All Seasons Skateboard Shoes with Mesh Factory Direct Walking Style Shoes
$8.91-9.70
Min. Order: 300 pairs
1 recent viewed
Chat now"
1601288841318,19,2026 High Quality Men's Sneakers Custom Casual Running Shoes with Platform Design Hot Selling Breathable Breathable Sneakers,124,跑步运动鞋,,公开显示数量；单位/周期/退货及变体范围未明,300,pairs,19.0,21.2,USD,卡片未留存计价单位，详情待核,2026-10-10T17:21:45.677Z,https://www.alibaba.com/product-detail/2026-High-Quality-Men-s-Sneakers_1601288841318.html,https://s.alicdn.com/@sc04/kf/H542d904fd5164e27b9eff1588c292645g/2026-High-Quality-Men-s-Sneakers-Custom.jpg?hasNWGrade=1,待逐图实看,"00:26
certified
2026 High Quality Men's Sneakers Custom Casual Running Shoes with Platform Design Hot Selling Breathable Breathable Sneakers
$19-21.20
Min. Order: 300 pairs
Chat now"
1601288852378,10,Men's Casual Board Shoes Trendy and Comfortable Lace-Up with Anti-Slip Feature for Spring Manufacturer Supports Customization,125,休闲及其他成鞋,,公开显示数量；单位/周期/退货及变体范围未明,300,pairs,9.47,10.4,USD,卡片未留存计价单位，详情待核,2026-10-10T17:20:32.080Z,https://www.alibaba.com/product-detail/Men-s-Casual-Board-Shoes-Trendy_1601288852378.html,https://s.alicdn.com/@sc04/kf/Hd24d97e7b2a54e198c1fa5b6072abe4cV/Men-s-Casual-Board-Shoes-Trendy-and.jpg?hasNWGrade=1,待逐图实看,"certified
Men's Casual Board Shoes Trendy and Comfortable Lace-Up with Anti-Slip Feature for Spring Manufacturer Supports Customization
$9.47-10.40
Min. Order: 300 pairs
Chat now"
1601289247928,14,Kids Casual Sport Shoes Sneakers Lightweight Round Toe Boys Girls Comfortable Mesh Lining Flat for Autumn Spring Seasons,120,童鞋（不直接对标）,,公开显示数量；单位/周期/退货及变体范围未明,300,pairs,8.0,8.0,USD,卡片未留存计价单位，详情待核,2026-10-10T17:21:22.795Z,https://www.alibaba.com/product-detail/Kids-Casual-Sport-Shoes-Sneakers-Lightweight_1601289247928.html,https://s.alicdn.com/@sc04/kf/H40d989dcd7f24323a8505c285248b894l/Kids-Casual-Sport-Shoes-Sneakers-Lightweight-Round.jpg?hasNWGrade=1,待逐图实看,"Kids Casual Sport Shoes Sneakers Lightweight Round Toe Boys Girls Comfortable Mesh Lining Flat for Autumn Spring Seasons
$8
Min. Order: 300 pairs
Chat now"
1601289383951,13,Autumn Style White Shoes Versatile Flat Bottomed Board Shoes Casual Student Women's Shoes,89,休闲及其他成鞋,,公开显示数量；单位/周期/退货及变体范围未明,300,pairs,7.8,7.8,USD,卡片未留存计价单位，详情待核,2026-10-10T17:21:08.395Z,https://www.alibaba.com/product-detail/Autumn-Style-White-Shoes-Versatile-Flat_1601289383951.html,https://s.alicdn.com/@sc04/kf/H32d30d2d2a464f3eae38d592cbf0f8506/Autumn-Style-White-Shoes-Versatile-Flat-Bottomed.jpg?hasNWGrade=1,待逐图实看,"Autumn Style White Shoes Versatile Flat Bottomed Board Shoes Casual Student Women's Shoes
$7.80
Min. Order: 300 pairs
Chat now"
1601290869766,10,Logo Mesh Lining Winter Custom Sneakers for Men Original Camo Graffiti Skateboard Shoes,87,休闲及其他成鞋,,公开显示数量；单位/周期/退货及变体范围未明,300,pairs,7.2,9.0,USD,卡片未留存计价单位，详情待核,2026-10-10T17:20:32.080Z,https://www.alibaba.com/product-detail/Logo-Mesh-Lining-Winter-Custom-Sneakers_1601290869766.html,https://s.alicdn.com/@sc04/kf/H097c4f0b604541868b628ad29f5c97b35/Logo-Mesh-Lining-Winter-Custom-Sneakers-for.jpg?hasNWGrade=1,待逐图实看,"certified
Logo Mesh Lining Winter Custom Sneakers for Men Original Camo Graffiti Skateboard Shoes
$7.20-9
Min. Order: 300 pairs
Chat now"
1601291034628,11,Men's Thick-Soled Sports Casual Shoes with Breathable Mesh Lining Lace-Up Closure Anti-Slip Feature Make Old Models,115,休闲及其他成鞋,,公开显示数量；单位/周期/退货及变体范围未明,300,pairs,9.28,10.2,USD,卡片未留存计价单位，详情待核,2026-10-10T17:20:34.664Z,https://www.alibaba.com/product-detail/Men-s-Thick-Soled-Sports-Casual_1601291034628.html,https://s.alicdn.com/@sc04/kf/H64f7f153629642458a632cccb69793a69/Men-s-Thick-Soled-Sports-Casual-Shoes.jpg?hasNWGrade=1,待逐图实看,"certified
Men's Thick-Soled Sports Casual Shoes with Breathable Mesh Lining Lace-Up Closure Anti-Slip Feature Make Old Models
$9.28-10.20
Min. Order: 300 pairs
Chat now"
1601291052541,15,OEM Men's Minimalist PU Breathable Lightweight Running Shoes Soft Bottom Mesh Sneakers for Summer Barefoot Sport Style,118,赤足及极简概念鞋,,公开显示数量；单位/周期/退货及变体范围未明,300,pairs,7.3,7.9,USD,卡片未留存计价单位，详情待核,2026-10-10T17:21:27.594Z,https://www.alibaba.com/product-detail/OEM-Men-s-Minimalist-PU-Breathable_1601291052541.html,https://s.alicdn.com/@sc04/kf/He3d8c6d7b615424e9440579834b7cc0bN/OEM-Men-s-Minimalist-PU-Breathable-Lightweight.jpg?hasNWGrade=1,待逐图实看,"OEM Men's Minimalist PU Breathable Lightweight Running Shoes Soft Bottom Mesh Sneakers for Summer Barefoot Sport Style
$7.30-7.90
Min. Order: 300 pairs
4 recent viewed
Chat now"
1601291308833,23,2026 Summer Spring High Quality PU Dad Shoes Wear-Resistant High Top Design Factory Price Walking Shoes for Autumn Winter,121,休闲及其他成鞋,,公开显示数量；单位/周期/退货及变体范围未明,300,pairs,7.84,8.65,USD,卡片未留存计价单位，详情待核,2026-10-10T17:22:08.436Z,https://www.alibaba.com/product-detail/2026-Summer-Spring-High-Quality-PU_1601291308833.html,https://s.alicdn.com/@sc04/kf/H7b44c7d71daf4f22b915f3273e0407c3c/2026-Summer-Spring-High-Quality-PU-Dad.jpg?hasNWGrade=1,待逐图实看,"certified
2026 Summer Spring High Quality PU Dad Shoes Wear-Resistant High Top Design Factory Price Walking Shoes for Autumn Winter
$7.84-8.65
Min. Order: 300 pairs
Chat now"
1601295590799,33,Men Women Non-slip Wide Toe Box Sports Flat Shoes Minimalist Zero Drop Training Fitness Beach Trail Walking Style Barefoot Shoes,128,赤足及极简概念鞋,,公开显示数量；单位/周期/退货及变体范围未明,300,pairs,8.2,8.9,USD,卡片未留存计价单位，详情待核,2026-10-10T17:22:57.692Z,https://www.alibaba.com/product-detail/Men-Women-Non-slip-Wide-Toe_1601295590799.html,https://s.alicdn.com/@sc04/kf/H2cfd5a76d6974b4592b987cc04b2ed27u/Men-Women-Non-slip-Wide-Toe-Box.jpg?hasNWGrade=1,待逐图实看,"Men Women Non-slip Wide Toe Box Sports Flat Shoes Minimalist Zero Drop Training Fitness Beach Trail Walking Style Barefoot Shoes
$8.20-8.90
Min. Order: 300 pairs
Chat now"
1601338977931,31,Barefoot Cross Trainer for Women Men Lightweight Minimalist Running Shoes Zero Drop Sole Waterproof Breathable Soft Summer,122,赤足及极简概念鞋,,公开显示数量；单位/周期/退货及变体范围未明,300,pairs,8.7,9.8,USD,卡片未留存计价单位，详情待核,2026-10-10T17:22:50.339Z,https://www.alibaba.com/product-detail/Barefoot-Cross-Trainer-for-Women-Men_1601338977931.html,https://s.alicdn.com/@sc04/kf/Hb56e2fe078314a6bb80468df6043ad9ek/Barefoot-Cross-Trainer-for-Women-Men-Lightweight.jpg?hasNWGrade=1,待逐图实看,"Barefoot Cross Trainer for Women Men Lightweight Minimalist Running Shoes Zero Drop Sole Waterproof Breathable Soft Summer
$8.70-9.80
Min. Order: 300 pairs
1 recent viewed
Chat now"
1601385839898,18,New Lightweight Breathable Soft Wide-Palm Barefoot Casual Shoes for Outdoor Sports Fitness Barefoot Shoes Rubber/Mesh Insoles,125,赤足及极简概念鞋,,公开显示数量；单位/周期/退货及变体范围未明,300,pairs,8.77,9.62,USD,卡片未留存计价单位，详情待核,2026-10-10T17:21:39.600Z,https://www.alibaba.com/product-detail/New-Lightweight-Breathable-Soft-Wide-Palm_1601385839898.html,https://s.alicdn.com/@sc04/kf/H5a93f5233c8544bf9248eaf4783226f2E/New-Lightweight-Breathable-Soft-Wide-Palm-Barefoot.jpg?hasNWGrade=1,待逐图实看,"New Lightweight Breathable Soft Wide-Palm Barefoot Casual Shoes for Outdoor Sports Fitness Barefoot Shoes Rubber/Mesh Insoles
$8.77-9.62
Min. Order: 300 pairs
Chat now"
1601446040109,33,KS Barefoot Fitness Walking Shoes for Girls with Rubber Soles and Stretch Fabric Upper-All Seasons,98,童鞋（不直接对标）,,公开显示数量；单位/周期/退货及变体范围未明,300,pairs,9.82,10.6,USD,卡片未留存计价单位，详情待核,2026-10-10T17:22:57.692Z,https://www.alibaba.com/product-detail/KS-Barefoot-Fitness-Walking-Shoes-for_1601446040109.html,https://s.alicdn.com/@sc04/kf/H515495615fa04cbdba4e889a7b6f4e578/KS-Barefoot-Fitness-Walking-Shoes-for-Girls.jpg?hasNWGrade=1,待逐图实看,"00:30
KS Barefoot Fitness Walking Shoes for Girls with Rubber Soles and Stretch Fabric Upper-All Seasons
$9.82-10.60
Min. Order: 300 pairs
Chat now"
1601448514726,34,2026 Popular Men's Wide Toe Barefoot Slip-On Shoes Fashionable Lace-Up Design Anti-Slip Knitting Lining Soft Spring Autumn,122,赤足及极简概念鞋,,公开显示数量；单位/周期/退货及变体范围未明,300,pairs,8.9,9.4,USD,卡片未留存计价单位，详情待核,2026-10-10T17:23:02.047Z,https://www.alibaba.com/product-detail/2026-Popular-Men-s-Wide-Toe_1601448514726.html,https://s.alicdn.com/@sc04/kf/H433f3b6b8c80461fb22b735834a8ac9al/2026-Popular-Men-s-Wide-Toe-Barefoot.jpg?hasNWGrade=1,待逐图实看,"2026 Popular Men's Wide Toe Barefoot Slip-On Shoes Fashionable Lace-Up Design Anti-Slip Knitting Lining Soft Spring Autumn
$8.90-9.40
Min. Order: 300 pairs
Chat now"
1601448559106,28,Men's Fashionable Casual Walking Shoes Breathable Light Weight Wide Last High Stretch Barefoot Design Cotton Lining Anti-Slip,125,赤足及极简概念鞋,,公开显示数量；单位/周期/退货及变体范围未明,300,pairs,8.12,8.8,USD,卡片未留存计价单位，详情待核,2026-10-10T17:22:39.703Z,https://www.alibaba.com/product-detail/Men-s-Fashionable-Casual-Walking-Shoes_1601448559106.html,https://s.alicdn.com/@sc04/kf/Hb6698ef390de485a940c8eaf172831e7L/Men-s-Fashionable-Casual-Walking-Shoes-Breathable.jpg?hasNWGrade=1,待逐图实看,"Men's Fashionable Casual Walking Shoes Breathable Light Weight Wide Last High Stretch Barefoot Design Cotton Lining Anti-Slip
$8.12-8.80
Min. Order: 300 pairs
1 recent viewed
Chat now"
1601448588867,18,Wide-Toed Barefoot Casual Shoes Fitness Sports Shoes Breathable Comfortable Lace-up Walking Shoes Custom Logo for Spring Season,127,赤足及极简概念鞋,,公开显示数量；单位/周期/退货及变体范围未明,300,pairs,9.69,10.35,USD,卡片未留存计价单位，详情待核,2026-10-10T17:21:39.600Z,https://www.alibaba.com/product-detail/Wide-Toed-Barefoot-Casual-Shoes-Fitness_1601448588867.html,https://s.alicdn.com/@sc04/kf/H953c10f51337488091e0876d7eac67f9u/Wide-Toed-Barefoot-Casual-Shoes-Fitness-Sports.jpg?hasNWGrade=1,待逐图实看,"00:19
Wide-Toed Barefoot Casual Shoes Fitness Sports Shoes Breathable Comfortable Lace-up Walking Shoes Custom Logo for Spring Season
$9.69-10.35
Min. Order: 300 pairs
Chat now"
1601448938944,11,High Quality Wide Toe Barefoot Design Fitness Walking Shoes for Outdoor Spring and Autumn Hiking and Mountaineering,115,赤足及极简概念鞋,,公开显示数量；单位/周期/退货及变体范围未明,300,pairs,16.5,18.8,USD,卡片未留存计价单位，详情待核,2026-10-10T17:20:34.664Z,https://www.alibaba.com/product-detail/High-Quality-Wide-Toe-Barefoot-Design_1601448938944.html,https://s.alicdn.com/@sc04/kf/Hded339eff7fc416fbb54adbb540c82c33/High-Quality-Wide-Toe-Barefoot-Design-Fitness.jpg?hasNWGrade=1,待逐图实看,"High Quality Wide Toe Barefoot Design Fitness Walking Shoes for Outdoor Spring and Autumn Hiking and Mountaineering
$16.50-18.80
Min. Order: 300 pairs
3 recent viewed
Chat now"
1601448986528,14,Men's Running Non Slip Fashion Sneakers Breathable Cushioned Mesh Soft Sole Casual Walking Blade Shoes,102,跑步运动鞋,,公开显示数量；单位/周期/退货及变体范围未明,500,pairs,15.8,15.8,USD,卡片未留存计价单位，详情待核,2026-10-10T17:21:22.795Z,https://www.alibaba.com/product-detail/Men-s-Running-Non-Slip-Fashion_1601448986528.html,https://s.alicdn.com/@sc04/kf/He3a2cf08683f4d558c52dda9c6b4e134U/Men-s-Running-Non-Slip-Fashion-Sneakers.jpg?hasNWGrade=1,待逐图实看,"certified
Men's Running Non Slip Fashion Sneakers Breathable Cushioned Mesh Soft Sole Casual Walking Blade Shoes
$15.80
Min. Order: 500 pairs
4 recent viewed
Chat now"
1601449001961,12,New Arrival Men's Running Breathable Antiskid Outsole Sneakers Trendy Cushioning Sport Walking Chunky Shoes,107,跑步运动鞋,,公开显示数量；单位/周期/退货及变体范围未明,500,pairs,15.8,15.8,USD,卡片未留存计价单位，详情待核,2026-10-10T17:20:37.257Z,https://www.alibaba.com/product-detail/New-Arrival-Men-s-Running-Breathable_1601449001961.html,https://s.alicdn.com/@sc04/kf/H53da9205482e445d8a3385d8f10464b2E/New-Arrival-Men-s-Running-Breathable-Antiskid.jpg?hasNWGrade=1,待逐图实看,"certified
New Arrival Men's Running Breathable Antiskid Outsole Sneakers Trendy Cushioning Sport Walking Chunky Shoes
$15.80
Min. Order: 500 pairs
7 recent viewed
Chat now"
1601472357247,10,Popcorn Outsole Running Shoes for Spring Summer Lightweight Cushioning Anti-Odor Slip-On Lace-Up Styles Fashion Trend,117,针织套脚及乐福鞋,,公开显示数量；单位/周期/退货及变体范围未明,300,pieces,13.39,14.46,USD,卡片未留存计价单位，详情待核,2026-10-10T17:20:32.080Z,https://www.alibaba.com/product-detail/Popcorn-Outsole-Running-Shoes-for-Spring_1601472357247.html,https://s.alicdn.com/@sc04/kf/Hf4d414832a74465c8e36ec1b7aeaccb1q/Popcorn-Outsole-Running-Shoes-for-Spring-Summer.jpg?hasNWGrade=1,待逐图实看,"00:20
certified
Popcorn Outsole Running Shoes for Spring Summer Lightweight Cushioning Anti-Odor Slip-On Lace-Up Styles Fashion Trend
$13.39-14.46
Min. Order: 300 pieces
1 recent viewed
Chat now"
1601472585297,16,High Quality Customized Logo Breathable Mesh Luminous Sports Shoes Slip-On Light Weight Soft Spring Winter Basketball Shoes,123,球类运动鞋,,公开显示数量；单位/周期/退货及变体范围未明,300,pairs,13.0,14.3,USD,卡片未留存计价单位，详情待核,2026-10-10T17:21:30.716Z,https://www.alibaba.com/product-detail/High-Quality-Customized-Logo-Breathable-Mesh_1601472585297.html,https://s.alicdn.com/@sc04/kf/Hfaac358db38a46659f4564404fe30700r/High-Quality-Customized-Logo-Breathable-Mesh-Luminous.jpg?hasNWGrade=1,待逐图实看,"certified
High Quality Customized Logo Breathable Mesh Luminous Sports Shoes Slip-On Light Weight Soft Spring Winter Basketball Shoes
$13-14.30
Min. Order: 300 pairs
Chat now"
1601484623423,16,Customized New Men's Mesh Sports Shoes for All Seasons Barefoot Wide-Footed Running at Factory Price,100,赤足及极简概念鞋,,公开显示数量；单位/周期/退货及变体范围未明,300,pairs,13.0,14.4,USD,卡片未留存计价单位，详情待核,2026-10-10T17:21:30.716Z,https://www.alibaba.com/product-detail/Customized-New-Men-s-Mesh-Sports_1601484623423.html,https://s.alicdn.com/@sc04/kf/H6fa0a61fd0f340c5ae0da08bffcb6b72V/Customized-New-Men-s-Mesh-Sports-Shoes.jpg?hasNWGrade=1,待逐图实看,"certified
Customized New Men's Mesh Sports Shoes for All Seasons Barefoot Wide-Footed Running at Factory Price
$13-14.40
Min. Order: 300 pairs
Chat now"
1601484703793,16,Barefoot Shoes Lace-up Mesh Large Size With Wide Toe Protection Breathable and Fashionable Running Shoes Barefoot Shoes for Men,127,赤足及极简概念鞋,,公开显示数量；单位/周期/退货及变体范围未明,300,pairs,13.0,14.2,USD,卡片未留存计价单位，详情待核,2026-10-10T17:21:30.716Z,https://www.alibaba.com/product-detail/Barefoot-Shoes-Lace-up-Mesh-Large_1601484703793.html,https://s.alicdn.com/@sc04/kf/Ha4393bd9904347a4b865396c5359c93ev/Barefoot-Shoes-Lace-up-Mesh-Large-Size.jpg?hasNWGrade=1,待逐图实看,"certified
Barefoot Shoes Lace-up Mesh Large Size With Wide Toe Protection Breathable and Fashionable Running Shoes Barefoot Shoes for Men
$13-14.20
Min. Order: 300 pairs
1 recent viewed
Chat now"
1601484766272,34,Customized Lightweight Sports Shoes for Summer Wide Footed Fly Woven Mesh Cushioned Casual Running Shoes Barefoot Feel,118,赤足及极简概念鞋,,公开显示数量；单位/周期/退货及变体范围未明,300,pairs,13.0,14.2,USD,卡片未留存计价单位，详情待核,2026-10-10T17:23:02.047Z,https://www.alibaba.com/product-detail/Customized-Lightweight-Sports-Shoes-for-Summer_1601484766272.html,https://s.alicdn.com/@sc04/kf/Hddd108a233d341ea89cd60ce150e953bK/Customized-Lightweight-Sports-Shoes-for-Summer-Wide.jpg?hasNWGrade=1,已实看：黑色鞋成对俯视，浅色背景,"certified
Customized Lightweight Sports Shoes for Summer Wide Footed Fly Woven Mesh Cushioned Casual Running Shoes Barefoot Feel
$13-14.20
Min. Order: 300 pairs
1 recent viewed
Chat now"
1601484770104,16,Men's Casual Lace up Sneakers Breathable Lightweight Mesh Lined Barefoot Shoes for All Seasons-for Summer Spring Autumn Winter,126,赤足及极简概念鞋,,公开显示数量；单位/周期/退货及变体范围未明,300,pairs,13.71,15.1,USD,卡片未留存计价单位，详情待核,2026-10-10T17:21:30.716Z,https://www.alibaba.com/product-detail/Men-s-Casual-Lace-up-Sneakers_1601484770104.html,https://s.alicdn.com/@sc04/kf/H003677a47c8546c5a1ab1ceb0cffca68m/Men-s-Casual-Lace-up-Sneakers-Breathable.jpg?hasNWGrade=1,待逐图实看,"certified
Men's Casual Lace up Sneakers Breathable Lightweight Mesh Lined Barefoot Shoes for All Seasons-for Summer Spring Autumn Winter
$13.71-15.10
Min. Order: 300 pairs
2 recent viewed
Chat now"
1601486537652,19,2026 Customized Men's Badminton Pickleball Shoes Training Anti-Slip Lace-Up Design Wear-Resistant Feature Summer Autumn Spring,126,球类运动鞋,,公开显示数量；单位/周期/退货及变体范围未明,300,pairs,14.85,16.4,USD,卡片未留存计价单位，详情待核,2026-10-10T17:21:45.677Z,https://www.alibaba.com/product-detail/2026-Customized-Men-s-Badminton-Pickleball_1601486537652.html,https://s.alicdn.com/@sc04/kf/H5f7d7d7d9eeb4f02b37cb7bbcfaf1c4fV/2026-Customized-Men-s-Badminton-Pickleball-Shoes.jpg?hasNWGrade=1,待逐图实看,"certified
2026 Customized Men's Badminton Pickleball Shoes Training Anti-Slip Lace-Up Design Wear-Resistant Feature Summer Autumn Spring
$14.85-16.40
Min. Order: 300 pairs
Chat now"
1601486603221,19,Customized 2026 Men's Sports Sneakers Breathable Shock-Absorbing Tennis Badminton Training Shoes Mesh Lining for Spring Summer,126,球类运动鞋,,公开显示数量；单位/周期/退货及变体范围未明,300,pairs,19.35,21.4,USD,卡片未留存计价单位，详情待核,2026-10-10T17:21:45.677Z,https://www.alibaba.com/product-detail/Customized-2026-Men-s-Sports-Sneakers_1601486603221.html,https://s.alicdn.com/@sc04/kf/H1e081be6333940b3a87805101992c5418/Customized-2026-Men-s-Sports-Sneakers-Breathable.jpg?hasNWGrade=1,待逐图实看,"certified
Customized 2026 Men's Sports Sneakers Breathable Shock-Absorbing Tennis Badminton Training Shoes Mesh Lining for Spring Summer
$19.35-21.40
Min. Order: 300 pairs
Chat now"
1601487350249,24,Customized 2026 Casual Barefoot Sports Shoes Breathable Lightweight Mesh Anti-Slip Soft Sole Wide Toe Design for Summer,119,赤足及极简概念鞋,,公开显示数量；单位/周期/退货及变体范围未明,300,pairs,12.38,13.68,USD,卡片未留存计价单位，详情待核,2026-10-10T17:22:14.469Z,https://www.alibaba.com/product-detail/Customized-2026-Casual-Barefoot-Sports-Shoes_1601487350249.html,https://s.alicdn.com/@sc04/kf/H36c0a49a25f0415ca91f1fc217af2eba8/Customized-2026-Casual-Barefoot-Sports-Shoes-Breathable.jpg?hasNWGrade=1,待逐图实看,"certified
Customized 2026 Casual Barefoot Sports Shoes Breathable Lightweight Mesh Anti-Slip Soft Sole Wide Toe Design for Summer
$12.38-13.68
Min. Order: 300 pairs
Chat now"
1601490650766,10,Customized Logo Spring Summer New Mesh Casual Shoes Cross-Border Large Size Lightweight Breathable Anti-Slip for Walking Style,126,休闲及其他成鞋,,公开显示数量；单位/周期/退货及变体范围未明,300,pairs,4.8,5.8,USD,卡片未留存计价单位，详情待核,2026-10-10T17:20:32.080Z,https://www.alibaba.com/product-detail/Customized-Logo-Spring-Summer-New-Mesh_1601490650766.html,https://s.alicdn.com/@sc04/kf/He1f9d899b3c84e79a7487e8f35397faa1/Customized-Logo-Spring-Summer-New-Mesh-Casual.jpg?hasNWGrade=1,待逐图实看,"certified
Customized Logo Spring Summer New Mesh Casual Shoes Cross-Border Large Size Lightweight Breathable Anti-Slip for Walking Style
$4.80-5.80
Min. Order: 300 pairs
Chat now"
1601492021490,12,High Quality Men's Casual Board Shoes Trendy Low Top Rubber for Sports Genuine Mesh Lining for Spring and Autumn Walking,120,休闲及其他成鞋,,公开显示数量；单位/周期/退货及变体范围未明,300,pairs,16.7,18.2,USD,卡片未留存计价单位，详情待核,2026-10-10T17:20:37.257Z,https://www.alibaba.com/product-detail/High-Quality-Men-s-Casual-Board_1601492021490.html,https://s.alicdn.com/@sc04/kf/H598ca28ccbaa49c68efbb1a972f3ea02H/High-Quality-Men-s-Casual-Board-Shoes.jpg?hasNWGrade=1,待逐图实看,"certified
High Quality Men's Casual Board Shoes Trendy Low Top Rubber for Sports Genuine Mesh Lining for Spring and Autumn Walking
$16.70-18.20
Min. Order: 300 pairs
1 recent viewed
Chat now"
1601492109175,9,Customized Women's Board Shoes Casual Sports Lightweight and Breathable Plus Size Fashionable Trend Walking Shoes,113,休闲及其他成鞋,,公开显示数量；单位/周期/退货及变体范围未明,300,pairs,8.9,9.7,USD,卡片未留存计价单位，详情待核,2026-10-10T17:20:28.496Z,https://www.alibaba.com/product-detail/Customized-Women-s-Board-Shoes-Casual_1601492109175.html,https://s.alicdn.com/@sc04/kf/H8d6af03c4f73487d8a92b92a073a9bc2I/Customized-Women-s-Board-Shoes-Casual-Sports.jpg?hasNWGrade=1,待逐图实看,"certified
Customized Women's Board Shoes Casual Sports Lightweight and Breathable Plus Size Fashionable Trend Walking Shoes
$8.90-9.70
Min. Order: 300 pairs
Chat now"
1601492158137,8,Four Seasons New Trendy Board Casual Shoes Light Weight Lace-Up Anti-Slip Anti-Odor Customizable for Spring Summer Autumn,121,休闲及其他成鞋,,公开显示数量；单位/周期/退货及变体范围未明,300,pairs,9.65,10.6,USD,卡片未留存计价单位，详情待核,2026-10-10T17:20:25.692Z,https://www.alibaba.com/product-detail/Four-Seasons-New-Trendy-Board-Casual_1601492158137.html,https://s.alicdn.com/@sc04/kf/Hfeeddb8ad5164eee9fd793b66fdc4b2aY/Four-Seasons-New-Trendy-Board-Casual-Shoes.jpg?hasNWGrade=1,待逐图实看,"certified
Four Seasons New Trendy Board Casual Shoes Light Weight Lace-Up Anti-Slip Anti-Odor Customizable for Spring Summer Autumn
$9.65-10.60
Min. Order: 300 pairs
1 recent viewed
Chat now"
1601512174648,9,New Fashionable Sports Board Shoes Casual Trendy Low Top Skateboard Shoes Versatile Slip-On Design Mesh Insole for Spring Autumn,128,针织套脚及乐福鞋,,公开显示数量；单位/周期/退货及变体范围未明,300,pairs,14.5,16.0,USD,卡片未留存计价单位，详情待核,2026-10-10T17:20:28.496Z,https://www.alibaba.com/product-detail/New-Fashionable-Sports-Board-Shoes-Casual_1601512174648.html,https://s.alicdn.com/@sc04/kf/H0724c84e697843f8ab9814feec7a5b6aA/New-Fashionable-Sports-Board-Shoes-Casual-Trendy.jpg?hasNWGrade=1,已实看：浅色系带鞋，浅色背景,"certified
New Fashionable Sports Board Shoes Casual Trendy Low Top Skateboard Shoes Versatile Slip-On Design Mesh Insole for Spring Autumn
$14.50-16
Min. Order: 300 pairs
2 recent viewed
Chat now"
1601515029096,13,Men's Customized Logo Outdoor Walking Shoes for Spring and Autumn Versatile Baotou Half Slipper New Lazy Slippers,113,拖鞋穆勒鞋,,公开显示数量；单位/周期/退货及变体范围未明,300,pairs,15.0,16.5,USD,卡片未留存计价单位，详情待核,2026-10-10T17:21:08.395Z,https://www.alibaba.com/product-detail/Men-s-Customized-Logo-Outdoor-Walking_1601515029096.html,https://s.alicdn.com/@sc04/kf/H126319c2fed54a0c9e4da615bbb8fd07p/Men-s-Customized-Logo-Outdoor-Walking-Shoes.jpg?hasNWGrade=1,待逐图实看,"certified
Men's Customized Logo Outdoor Walking Shoes for Spring and Autumn Versatile Baotou Half Slipper New Lazy Slippers
$15-16.50
Min. Order: 300 pairs
Chat now"
1601521261179,20,2026 Men's Casual Sneakers Soft Lighted Jogging Feature Breathable High Style for Spring Summer Autumn Winter-Fashion Trends,124,休闲及其他成鞋,,公开显示数量；单位/周期/退货及变体范围未明,300,pieces,15.83,17.23,USD,卡片未留存计价单位，详情待核,2026-10-10T17:21:51.392Z,https://www.alibaba.com/product-detail/2026-Men-s-Casual-Sneakers-Soft_1601521261179.html,https://s.alicdn.com/@sc04/kf/H650061e54d6c462188bbbd8ab1f6faa91/2026-Men-s-Casual-Sneakers-Soft-Lighted.jpg?hasNWGrade=1,待逐图实看,"00:11
certified
2026 Men's Casual Sneakers Soft Lighted Jogging Feature Breathable High Style for Spring Summer Autumn Winter-Fashion Trends
$15.83-17.23
Min. Order: 300 pieces
Chat now"
1601521388288,12,Men's Lightweight Summer Athletic Sneakers Low-Top Breathable Air Mesh Fabric Road Running Track Trail Shoes with EVA Insole,124,跑步运动鞋,,公开显示数量；单位/周期/退货及变体范围未明,300,pieces,12.56,13.4,USD,卡片未留存计价单位，详情待核,2026-10-10T17:20:37.257Z,https://www.alibaba.com/product-detail/Men-s-Lightweight-Summer-Athletic-Sneakers_1601521388288.html,https://s.alicdn.com/@sc04/kf/H25dcfe3c741d4669a12f8578bb1050b0J/Men-s-Lightweight-Summer-Athletic-Sneakers-Low.jpg?hasNWGrade=1,待逐图实看,"certified
Men's Lightweight Summer Athletic Sneakers Low-Top Breathable Air Mesh Fabric Road Running Track Trail Shoes with EVA Insole
$12.56-13.40
Min. Order: 300 pieces
2 recent viewed
Chat now"
1601521415209,16,High Quality Sports Grip Shoes for Men New Model Leather Foam Runners Putian Sneakers-Wholesale Cheap Size 39-47# for Spring,124,休闲及其他成鞋,,公开显示数量；单位/周期/退货及变体范围未明,300,pieces,7.49,8.2,USD,卡片未留存计价单位，详情待核,2026-10-10T17:21:30.716Z,https://www.alibaba.com/product-detail/High-Quality-Sports-Grip-Shoes-for_1601521415209.html,https://s.alicdn.com/@sc04/kf/H59b031f3863f4b839698f80cf087143fx/High-Quality-Sports-Grip-Shoes-for-Men.jpg?hasNWGrade=1,待逐图实看,"certified
High Quality Sports Grip Shoes for Men New Model Leather Foam Runners Putian Sneakers-Wholesale Cheap Size 39-47# for Spring
$7.49-8.20
Min. Order: 300 pieces
6 recent viewed
Chat now"
1601523620087,23,2026 Men's Sports Black Breathable Anti-Slip Leisure Mesh Board Shoes with PU Insole Versatile Open-Wear for Spring and Summer,126,休闲及其他成鞋,,公开显示数量；单位/周期/退货及变体范围未明,300,pieces,4.6,4.99,USD,卡片未留存计价单位，详情待核,2026-10-10T17:22:08.436Z,https://www.alibaba.com/product-detail/2026-Men-s-Sports-Black-Breathable_1601523620087.html,https://s.alicdn.com/@sc04/kf/Hba7a7056495f42649b01076f63e40e1c7/2026-Men-s-Sports-Black-Breathable-Anti.jpg?hasNWGrade=1,待逐图实看,"certified
2026 Men's Sports Black Breathable Anti-Slip Leisure Mesh Board Shoes with PU Insole Versatile Open-Wear for Spring and Summer
$4.60-4.99
Min. Order: 300 pieces
Chat now"
1601524009298,12,Men's Fashionable Breathable Mesh Cushioning One Foot Slip-On Walking Shoes for Spring Summer Autumn Winter Casual Style,120,针织套脚及乐福鞋,,公开显示数量；单位/周期/退货及变体范围未明,300,pairs,7.37,8.11,USD,卡片未留存计价单位，详情待核,2026-10-10T17:20:37.257Z,https://www.alibaba.com/product-detail/Men-s-Fashionable-Breathable-Mesh-Cushioning_1601524009298.html,https://s.alicdn.com/@sc04/kf/H469b49aaf1734cb58f926388f515991fd/Men-s-Fashionable-Breathable-Mesh-Cushioning-One.jpg?hasNWGrade=1,已实看：黑色套脚鞋，灰色场景背景,"certified
Men's Fashionable Breathable Mesh Cushioning One Foot Slip-On Walking Shoes for Spring Summer Autumn Winter Casual Style
$7.37-8.11
Min. Order: 300 pairs
Chat now"
1601566388692,22,Unisex High Quality Faux Suede Sneakers Lightweight 3D Printed Logo Men's Women's Sporty Luminous Training Custom Shoes,119,休闲及其他成鞋,,公开显示数量；单位/周期/退货及变体范围未明,300,pairs,4.59,5.09,USD,卡片未留存计价单位，详情待核,2026-10-10T17:22:03.692Z,https://www.alibaba.com/product-detail/Unisex-High-Quality-Faux-Suede-Sneakers_1601566388692.html,https://s.alicdn.com/@sc04/kf/H76cd287d7bef4d4482bf5293e8200a42A/Unisex-High-Quality-Faux-Suede-Sneakers-Lightweight.jpg_480x480.jpg?hasNWGrade=1,待逐图实看,"certified
Unisex High Quality Faux Suede Sneakers Lightweight 3D Printed Logo Men's Women's Sporty Luminous Training Custom Shoes
$4.59-5.09
Min. Order: 300 pairs
Chat now"
1601566422301,13,Breathable Mesh Upper Pu Thick Sole Casual Style Outdoor Activities Street Fashion Low Top Skateboard Shoes for Men,115,休闲及其他成鞋,,公开显示数量；单位/周期/退货及变体范围未明,300,pairs,6.94,7.6,USD,卡片未留存计价单位，详情待核,2026-10-10T17:21:08.395Z,https://www.alibaba.com/product-detail/Breathable-Mesh-Upper-Pu-Thick-Sole_1601566422301.html,https://s.alicdn.com/@sc04/kf/H28571d19af324f33bdd46465a16a95b2p/Breathable-Mesh-Upper-Pu-Thick-Sole-Casual.jpg?hasNWGrade=1,待逐图实看,"certified
Breathable Mesh Upper Pu Thick Sole Casual Style Outdoor Activities Street Fashion Low Top Skateboard Shoes for Men
$6.94-7.60
Min. Order: 300 pairs
Chat now"
1601568628943,29,Professional Competition Badminton Shoes for Men Women Youth New Summer Collection Breathable Mesh for Night Running Autumn,123,球类运动鞋,,公开显示数量；单位/周期/退货及变体范围未明,300,pieces,14.46,15.33,USD,卡片未留存计价单位，详情待核,2026-10-10T17:22:43.759Z,https://www.alibaba.com/product-detail/Professional-Competition-Badminton-Shoes-for-Men_1601568628943.html,https://s.alicdn.com/@sc04/kf/H6b77197720db4ab3bc9c01fafce0bf1aU/Professional-Competition-Badminton-Shoes-for-Men-Women.jpg?hasNWGrade=1,待逐图实看,"certified
Professional Competition Badminton Shoes for Men Women Youth New Summer Collection Breathable Mesh for Night Running Autumn
$14.46-15.33
Min. Order: 300 pieces
2 recent viewed
Chat now"
1601568749373,30,Men's New Badminton Shoes Breathable Non-Slip Design for Indoor Outdoor Sports Training for Adults Teenagers Students Mesh,122,球类运动鞋,,公开显示数量；单位/周期/退货及变体范围未明,300,pieces,14.1,15.23,USD,卡片未留存计价单位，详情待核,2026-10-10T17:22:47.256Z,https://www.alibaba.com/product-detail/Men-s-New-Badminton-Shoes-Breathable_1601568749373.html,https://s.alicdn.com/@sc04/kf/Ha750c51e8c2d47908cb8326591c968a1U/Men-s-New-Badminton-Shoes-Breathable-Non.jpg?hasNWGrade=1,待逐图实看,"certified
Men's New Badminton Shoes Breathable Non-Slip Design for Indoor Outdoor Sports Training for Adults Teenagers Students Mesh
$14.10-15.23
Min. Order: 300 pieces
1 recent viewed
Chat now"
1601576417976,32,Wide Toe New Casual Sports Running Shoes Customized Outdoor Off-Road Mesh Thick Sole Cushioning Rebound Anti-Slip Summer Spring,127,跑步运动鞋,,公开显示数量；单位/周期/退货及变体范围未明,300,pieces,13.22,14.29,USD,卡片未留存计价单位，详情待核,2026-10-10T17:22:54.273Z,https://www.alibaba.com/product-detail/Wide-Toe-New-Casual-Sports-Running_1601576417976.html,https://s.alicdn.com/@sc04/kf/Hedee000b8512450d9f540ccf238b9de4Z/Wide-Toe-New-Casual-Sports-Running-Shoes.jpg?hasNWGrade=1,待逐图实看,"certified
Wide Toe New Casual Sports Running Shoes Customized Outdoor Off-Road Mesh Thick Sole Cushioning Rebound Anti-Slip Summer Spring
$13.22-14.29
Min. Order: 300 pieces
2 recent viewed
Chat now"
1601577837819,32,Factory Direct Sales Stylish Casual Sports Shoes Wide Last Wide Foot Custom Logo Anti-Slip Breathable Soft Light Weight,119,休闲及其他成鞋,,公开显示数量；单位/周期/退货及变体范围未明,300,pieces,8.22,8.89,USD,卡片未留存计价单位，详情待核,2026-10-10T17:22:54.273Z,https://www.alibaba.com/product-detail/Factory-Direct-Sales-Stylish-Casual-Sports_1601577837819.html,https://s.alicdn.com/@sc04/kf/H61134c0203c64ed1aa717f257d14874dr/Factory-Direct-Sales-Stylish-Casual-Sports-Shoes.jpg?hasNWGrade=1,待逐图实看,"Factory Direct Sales Stylish Casual Sports Shoes Wide Last Wide Foot Custom Logo Anti-Slip Breathable Soft Light Weight
$8.22-8.89
Min. Order: 300 pieces
Chat now"
1601577899953,19,Factory-Customized Retro Men's Shoes Large Size 39-47 Barefoot Wide-Toed Design Anti-Slip Breathable Soft for Spring/Summer,123,赤足及极简概念鞋,,公开显示数量；单位/周期/退货及变体范围未明,300,pairs,8.96,9.73,USD,卡片未留存计价单位，详情待核,2026-10-10T17:21:45.677Z,https://www.alibaba.com/product-detail/Factory-Customized-Retro-Men-s-Shoes_1601577899953.html,https://s.alicdn.com/@sc04/kf/H224aefc3643e4694a2171c4b8289f9c3K/Factory-Customized-Retro-Men-s-Shoes-Large.jpg?hasNWGrade=1,待逐图实看,"Factory-Customized Retro Men's Shoes Large Size 39-47 Barefoot Wide-Toed Design Anti-Slip Breathable Soft for Spring/Summer
$8.96-9.73
Min. Order: 300 pairs
1 recent viewed
Chat now"
1601577941468,32,Custom-Made Men's Fitness Cycling Shoes Wide-Toed Barefoot Casual Design Anti-Slip Breathable Soft for Outdoor Activities,121,赤足及极简概念鞋,,公开显示数量；单位/周期/退货及变体范围未明,300,pairs,9.39,10.15,USD,卡片未留存计价单位，详情待核,2026-10-10T17:22:54.273Z,https://www.alibaba.com/product-detail/Custom-Made-Men-s-Fitness-Cycling_1601577941468.html,https://s.alicdn.com/@sc04/kf/Hc68e6099531b4b76876660c71cb03324v/Custom-Made-Men-s-Fitness-Cycling-Shoes.jpg?hasNWGrade=1,待逐图实看,"Custom-Made Men's Fitness Cycling Shoes Wide-Toed Barefoot Casual Design Anti-Slip Breathable Soft for Outdoor Activities
$9.39-10.15
Min. Order: 300 pairs
1 recent viewed
Chat now"
1601577975343,32,Customized Oversized Casual Wide-Toe Shoes New Style Board Shoes with Added Weight and Width Breathable Feature,111,休闲及其他成鞋,,公开显示数量；单位/周期/退货及变体范围未明,300,pairs,10.69,11.4,USD,卡片未留存计价单位，详情待核,2026-10-10T17:22:54.273Z,https://www.alibaba.com/product-detail/Customized-Oversized-Casual-Wide-Toe-Shoes_1601577975343.html,https://s.alicdn.com/@sc04/kf/Hbd8b2e5850744eb09be0f9faa33da814C/Customized-Oversized-Casual-Wide-Toe-Shoes-New.jpg?hasNWGrade=1,待逐图实看,"Customized Oversized Casual Wide-Toe Shoes New Style Board Shoes with Added Weight and Width Breathable Feature
$10.69-11.40
Min. Order: 300 pairs
Chat now"
1601577983461,18,Newly Designed Large-Sized Outdoor Hiking Shoes for Couples Breathable Anti-Slip Barefoot Casual Shoes for Spring and Summer,124,赤足及极简概念鞋,,公开显示数量；单位/周期/退货及变体范围未明,300,pairs,9.49,10.32,USD,卡片未留存计价单位，详情待核,2026-10-10T17:21:39.600Z,https://www.alibaba.com/product-detail/Newly-Designed-Large-Sized-Outdoor-Hiking_1601577983461.html,https://s.alicdn.com/@sc04/kf/H1b764b60fa8a4153857f7ad71e6e69f4s/Newly-Designed-Large-Sized-Outdoor-Hiking-Shoes.jpg?hasNWGrade=1,待逐图实看,"00:15
Newly Designed Large-Sized Outdoor Hiking Shoes for Couples Breathable Anti-Slip Barefoot Casual Shoes for Spring and Summer
$9.49-10.32
Min. Order: 300 pairs
1 recent viewed
Chat now"
1601577995132,32,Factory's New Casual Sports Shoes Wide-Sole Barefoot Fashionable Fitness Breathable Anti-Slip Canvas Upper Spring Summer Soft,125,赤足及极简概念鞋,,公开显示数量；单位/周期/退货及变体范围未明,300,pairs,7.36,7.88,USD,卡片未留存计价单位，详情待核,2026-10-10T17:22:54.273Z,https://www.alibaba.com/product-detail/Factory-s-New-Casual-Sports-Shoes_1601577995132.html,https://s.alicdn.com/@sc04/kf/H420784cd74a54b7a9f4bbb38667fc22eJ/Factory-s-New-Casual-Sports-Shoes-Wide.jpg?hasNWGrade=1,待逐图实看,"Factory's New Casual Sports Shoes Wide-Sole Barefoot Fashionable Fitness Breathable Anti-Slip Canvas Upper Spring Summer Soft
$7.36-7.88
Min. Order: 300 pairs
Chat now"
1601581163139,18,Wholesale Lightweight Barefoot Hiking Shoes Wide Toe Trekking Climbing Travel Shoes Anti-Slip Feature Upper Material Suede Soft,127,赤足及极简概念鞋,,公开显示数量；单位/周期/退货及变体范围未明,300,pairs,10.86,11.78,USD,卡片未留存计价单位，详情待核,2026-10-10T17:21:39.600Z,https://www.alibaba.com/product-detail/Wholesale-Lightweight-Barefoot-Hiking-Shoes-Wide_1601581163139.html,https://s.alicdn.com/@sc04/kf/H96f878c32c3345d48d3d462b1fc9c99bN/Wholesale-Lightweight-Barefoot-Hiking-Shoes-Wide-Toe.jpg?hasNWGrade=1,待逐图实看,"Wholesale Lightweight Barefoot Hiking Shoes Wide Toe Trekking Climbing Travel Shoes Anti-Slip Feature Upper Material Suede Soft
$10.86-11.78
Min. Order: 300 pairs
2 recent viewed
Chat now"
1601589047770,20,Customized Logo Large-sized High-End Sports Snow Boots Wide-Foot Hiking Outdoor Mountaineering Cotton Shoes Size 37-48 Flat,123,户外鞋靴,,公开显示数量；单位/周期/退货及变体范围未明,300,pairs,10.34,11.18,USD,卡片未留存计价单位，详情待核,2026-10-10T17:21:51.392Z,https://www.alibaba.com/product-detail/Customized-Logo-Large-sized-High-End_1601589047770.html,https://s.alicdn.com/@sc04/kf/H9536d4ecc6454552ae3307f35ace8eae3/Customized-Logo-Large-sized-High-End-Sports.jpg?hasNWGrade=1,待逐图实看,"Customized Logo Large-sized High-End Sports Snow Boots Wide-Foot Hiking Outdoor Mountaineering Cotton Shoes Size 37-48 Flat
$10.34-11.18
Min. Order: 300 pairs
Chat now"
1601589058988,18,New Men's Retro Board Shoes Casual Sports Waterproof Breathable Soft Anti-Slip Custom-Made Wide-Toe for Spring & Summer,119,休闲及其他成鞋,,公开显示数量；单位/周期/退货及变体范围未明,300,pairs,8.36,9.22,USD,卡片未留存计价单位，详情待核,2026-10-10T17:21:39.600Z,https://www.alibaba.com/product-detail/New-Men-s-Retro-Board-Shoes_1601589058988.html,https://s.alicdn.com/@sc04/kf/H11e7711ffe5b486b9ca1a91f79487258P/New-Men-s-Retro-Board-Shoes-Casual.jpg?hasNWGrade=1,待逐图实看,"00:15
New Men's Retro Board Shoes Casual Sports Waterproof Breathable Soft Anti-Slip Custom-Made Wide-Toe for Spring & Summer
$8.36-9.22
Min. Order: 300 pairs
2 recent viewed
Chat now"
1601589094368,15,Wholesale Custom Designer Men's Flat Casual Shoes Retro Lace-Up Solid Lightweight Breathable Loafers Soft Bottom Walking Shoes,126,针织套脚及乐福鞋,,公开显示数量；单位/周期/退货及变体范围未明,300,pieces,8.42,9.14,USD,卡片未留存计价单位，详情待核,2026-10-10T17:21:27.594Z,https://www.alibaba.com/product-detail/Wholesale-Custom-Designer-Men-s-Flat_1601589094368.html,https://s.alicdn.com/@sc04/kf/H8bf7869da6c848bf907d7874aa69854b5/Wholesale-Custom-Designer-Men-s-Flat-Casual.jpg?hasNWGrade=1,已实看：棕色及浅色两鞋，浅色背景,"certified
Wholesale Custom Designer Men's Flat Casual Shoes Retro Lace-Up Solid Lightweight Breathable Loafers Soft Bottom Walking Shoes
$8.42-9.14
Min. Order: 300 pieces
2 recent viewed
Chat now"
1601589209282,17,Men's Large-Sized 39-48 Breathable Mesh Barefoot Sports Shoes Thick-Soled Casual Hiking Mountaineering Anti-Slip Wide-Toe,121,赤足及极简概念鞋,,公开显示数量；单位/周期/退货及变体范围未明,300,pairs,12.42,13.6,USD,卡片未留存计价单位，详情待核,2026-10-10T17:21:35.394Z,https://www.alibaba.com/product-detail/Men-s-Large-Sized-39-48_1601589209282.html,https://s.alicdn.com/@sc04/kf/Hc3e327ca483c4d05bf6e834a10f65f9aO/Men-s-Large-Sized-39-48-Breathable.jpg?hasNWGrade=1,待逐图实看,"Men's Large-Sized 39-48 Breathable Mesh Barefoot Sports Shoes Thick-Soled Casual Hiking Mountaineering Anti-Slip Wide-Toe
$12.42-13.60
Min. Order: 300 pairs
Chat now"
1601613143642,31,Custom Anti-Slip Flat Breathable Comfortable Soft Microfiber Upper Rubber Outsole Barefoot Casual Sneakers All Seasons,118,赤足及极简概念鞋,,公开显示数量；单位/周期/退货及变体范围未明,300,pairs,12.32,13.5,USD,卡片未留存计价单位，详情待核,2026-10-10T17:22:50.339Z,https://www.alibaba.com/product-detail/Custom-Anti-Slip-Flat-Breathable-Comfortable_1601613143642.html,https://s.alicdn.com/@sc04/kf/H3857558dc8a6490fae9d6fac5a314889Y/Custom-Anti-Slip-Flat-Breathable-Comfortable-Soft.jpg?hasNWGrade=1,待逐图实看,"00:32
Main product
Custom Anti-Slip Flat Breathable Comfortable Soft Microfiber Upper Rubber Outsole Barefoot Casual Sneakers All Seasons
$12.32-13.50
Min. Order: 300 pairs
1 recent viewed
Chat now"
1601623140184,31,Men's Wide Hi-top Minimalist Barefoot Sneakers | Breathable Mesh Upper | Zero Drop Sole | Cushioned Ankle Fashion Trend Spring,126,赤足及极简概念鞋,,公开显示数量；单位/周期/退货及变体范围未明,300,pairs,12.0,13.5,USD,卡片未留存计价单位，详情待核,2026-10-10T17:22:50.339Z,https://www.alibaba.com/product-detail/Men-s-Wide-Hi-top-Minimalist_1601623140184.html,https://s.alicdn.com/@sc04/kf/Hc990cd7b24784b80acb2b4cdd2fdca4eP/Men-s-Wide-Hi-top-Minimalist-Barefoot.jpg?hasNWGrade=1,待逐图实看,"00:34
certified
Men's Wide Hi-top Minimalist Barefoot Sneakers | Breathable Mesh Upper | Zero Drop Sole | Cushioned Ankle Fashion Trend Spring
$12-13.50
Min. Order: 300 pairs
Chat now"
1601623156427,31,Customized Men's Snow Barefoot Sneakers Lightweight Breathable Waterproof Winter Plush Lined Anti-slip Cold Weather Shoes,121,赤足及极简概念鞋,,公开显示数量；单位/周期/退货及变体范围未明,300,pairs,12.0,14.5,USD,卡片未留存计价单位，详情待核,2026-10-10T17:22:50.339Z,https://www.alibaba.com/product-detail/Customized-Men-s-Snow-Barefoot-Sneakers_1601623156427.html,https://s.alicdn.com/@sc04/kf/Hb44fccd0d9484418a2ea5b14a6e613efq/Customized-Men-s-Snow-Barefoot-Sneakers-Lightweight.jpg?hasNWGrade=1,待逐图实看,"00:34
certified
Customized Men's Snow Barefoot Sneakers Lightweight Breathable Waterproof Winter Plush Lined Anti-slip Cold Weather Shoes
$12-14.50
Min. Order: 300 pairs
1 recent viewed
Chat now"
1601687245765,30,Customized Men's Business Casual Wide-Toed Barefoot Anti-Slip Flat Breathable Comfortable Rubber Outsole Suede Upper All,120,赤足及极简概念鞋,,公开显示数量；单位/周期/退货及变体范围未明,300,pairs,12.3,13.66,USD,卡片未留存计价单位，详情待核,2026-10-10T17:22:47.256Z,https://www.alibaba.com/product-detail/Customized-Men-s-Business-Casual-Wide_1601687245765.html,https://s.alicdn.com/@sc04/kf/H58f2dbd3acb24654befaedee433e7bbeX/Customized-Men-s-Business-Casual-Wide-Toed.jpg_480x480.jpg?hasNWGrade=1,待逐图实看,"Customized Men's Business Casual Wide-Toed Barefoot Anti-Slip Flat Breathable Comfortable Rubber Outsole Suede Upper All
$12.30-13.66
Min. Order: 300 pairs
Chat now"
1601725804732,26,Zapatos Casual Sneakers for Men Women Breathable Mesh Lining Lace-Up Closure Spring Fashion Trend Soft Comfort ODM & OEM,120,休闲及其他成鞋,,公开显示数量；单位/周期/退货及变体范围未明,300,pairs,10.66,11.8,USD,卡片未留存计价单位，详情待核,2026-10-10T17:22:33.302Z,https://www.alibaba.com/product-detail/Zapatos-Casual-Sneakers-for-Men-Women_1601725804732.html,https://s.alicdn.com/@sc04/kf/H211e3123da1b4e64b5eea7c34ca1a261a/Zapatos-Casual-Sneakers-for-Men-Women-Breathable.jpg?hasNWGrade=1,待逐图实看,"certified
Zapatos Casual Sneakers for Men Women Breathable Mesh Lining Lace-Up Closure Spring Fashion Trend Soft Comfort ODM & OEM
$10.66-11.80
Min. Order: 300 pairs
Chat now"
1601834690252,22,Running Shoes Light-Weight Fashion Confortable Breathable Casual Shoes Sneakers Walking Customized Support,106,跑步运动鞋,,公开显示数量；单位/周期/退货及变体范围未明,2,pairs,16.8,18.9,USD,卡片未留存计价单位，详情待核,2026-10-10T17:22:03.692Z,https://www.alibaba.com/product-detail/Running-Shoes-Light-Weight-Fashion-Confortable_1601834690252.html,https://s.alicdn.com/@sc04/kf/Haa1cf5bddf824805a712f7b58cf601f1q/Running-Shoes-Light-Weight-Fashion-Confortable-Breathable.jpg?hasNWGrade=1,待逐图实看,"Running Shoes Light-Weight Fashion Confortable Breathable Casual Shoes Sneakers Walking Customized Support
$16.80-18.90
Min. Order: 2 pairs
Chat now"
1601836005935,22,2026 Brand New Casual Shoes for Man OEM ODM Wholesale Designer Fashion Sneakers Jogging Customized Logo Sport Shoes,115,休闲及其他成鞋,,公开显示数量；单位/周期/退货及变体范围未明,1,pair,17.8,19.9,USD,卡片未留存计价单位，详情待核,2026-10-10T17:22:03.692Z,https://www.alibaba.com/product-detail/2026-Brand-New-Casual-Shoes-for_1601836005935.html,https://s.alicdn.com/@sc04/kf/H48f9c2453df748058aa28f013f711235e/2026-Brand-New-Casual-Shoes-for-Man.jpg_480x480.jpg?hasNWGrade=1,待逐图实看,"certified
2026 Brand New Casual Shoes for Man OEM ODM Wholesale Designer Fashion Sneakers Jogging Customized Logo Sport Shoes
$17.80-19.90
Min. Order: 1 pair
Chat now"
