product_id,scope,position,name,url,width,height,format,risk
10000043732626,sku_color,1,White,https://sc04.alicdn.com/kf/Se290434e457e4468a559c74f48da7890V.png,800,800,PNG,
10000043732626,sku_color,2,Black White,https://sc04.alicdn.com/kf/Sd57a125326b840689de34d39afcea32fa.png,800,800,PNG,
10000043732626,sku_color,3,Black,https://sc04.alicdn.com/kf/S2401593c09494a71a98605dd40d69a5db.png,800,800,PNG,
10000043732626,detail,1,Scene image,https://sc04.alicdn.com/kf/H9fdb4293cdf542f88ff17b487b1a0d13E.jpg,1200,1200,JPEG,DETAIL_DUPLICATES_MAIN
10000043732626,detail,2,Other product images,https://sc04.alicdn.com/kf/H97af2ef343634e7cbc0a91a9daac8883Y.jpg,1200,1200,JPEG,DETAIL_DUPLICATES_MAIN
10000043732626,detail,3,Factory profile,https://sc04.alicdn.com/kf/Sb9164c7402d6413d9db22b0cf5c2f268x.png,1500,1750,PNG,
10000043732626,detail,4,Product dimensions,https://sc04.alicdn.com/kf/S6a9d8387ea1d495bb5edd5a4909d7e55y.jpg,1200,1200,JPEG,
10000043732626,detail,5,Other product images,https://sc04.alicdn.com/kf/H94830f98fbe548f1a98cd90cf0dc7d4dF.jpg,1200,1200,JPEG,DETAIL_DUPLICATES_MAIN
10000043732626,detail,6,Scene image,https://sc04.alicdn.com/kf/Sc93af179d23a4b01bc9a2f33418a10b2Q.png,1500,1750,PNG,
10000043732626,company,1,Production workflow,https://sc04.alicdn.com/kf/Sc1dc6ec7d435404db6a31c6938a734a0g.png,1254,1254,PNG,
10000043732626,company,2,Packaging & shipping specifications,https://sc04.alicdn.com/kf/S2a3af5690d524680824086ad8419dbc9G.png,1254,1254,PNG,
10000043732626,company,3,Factory profile,https://sc04.alicdn.com/kf/Sdc4e18f098e142b797df687e8befbfa14.png,1500,1492,PNG,
10000043732626,company,4,Competitive advantages,https://sc04.alicdn.com/kf/Sfea34bbd56ae4d0583aa855838eb1454F.png,1500,1364,PNG,
10000043732626,company,5,Extended company profile,https://sc04.alicdn.com/kf/Sf587c854711748af9759e77ce5aeb03c3.png,1254,1254,PNG,
10000047221334,sku_color,1,Black/White,https://sc04.alicdn.com/kf/Sdd7c1969f2fa4f4bb854cb19c04bdb2aa.jpg,1000,1000,JPEG,
10000047221334,sku_color,2,All Black,https://sc04.alicdn.com/kf/S9352f71669e6455aabe20ad7ac41073fm.jpg,1000,1000,JPEG,
10000047221334,sku_color,3,White/Green,https://sc04.alicdn.com/kf/S60d0965012c34c49878c5e3ae6a1d26aK.jpg,1000,1000,JPEG,
10000047221334,sku_color,4,White/Grey,https://sc04.alicdn.com/kf/Sa4659d92c4f5477288d68f3f4673191f7.jpg,1000,1000,JPEG,
10000047221334,sku_color,5,White/Purple,https://sc04.alicdn.com/kf/S7040a856ef4147e29edb3de8e8b02395K.jpg,1000,1000,JPEG,
10000047221334,sku_color,6,White/Pink,https://sc04.alicdn.com/kf/S2932b14953194ad7be3e9ae17a9a74abl.jpg,1000,1000,JPEG,
10000047221334,detail,1,Product dimensions,https://sc04.alicdn.com/kf/S7689a2677a184b0f9e58ddc0d5313aaex.jpg,1200,1200,JPEG,
10000047221334,detail,2,Other product images,https://sc04.alicdn.com/kf/Sc0343298ec604d7993acd5f4e34753d3R.jpg,1200,1200,JPEG,
10000047221334,detail,3,Scene image,https://sc04.alicdn.com/kf/S1e60c214d4734686b1a3b02d36826c9bZ.jpg,1200,1200,JPEG,
10000047221334,detail,4,Detail shot,https://sc04.alicdn.com/kf/Sc96faa9609ec4bd3b061b6897898db0ca.jpg,1200,1200,JPEG,
10000047221334,company,1,Production workflow,https://sc04.alicdn.com/kf/Sdc4e18f098e142b797df687e8befbfa14.png,1500,1492,PNG,
10000047221334,company,2,Company overview,https://sc04.alicdn.com/kf/Sf587c854711748af9759e77ce5aeb03c3.png,1254,1254,PNG,
10000047221334,company,3,Factory profile,https://sc04.alicdn.com/kf/Sfea34bbd56ae4d0583aa855838eb1454F.png,1500,1364,PNG,
10000047221334,company,4,Customization capabilities,https://sc04.alicdn.com/kf/S2a3af5690d524680824086ad8419dbc9G.png,1254,1254,PNG,
10000047221334,company,5,Packaging & shipping specifications,https://sc04.alicdn.com/kf/Sc1dc6ec7d435404db6a31c6938a734a0g.png,1254,1254,PNG,
10000047166193,sku_color,1,Black/White,https://sc04.alicdn.com/kf/S0184f2a92f224df78f691c34169aacd2q.png,1254,1254,PNG,
10000047166193,sku_color,2,All Black,https://sc04.alicdn.com/kf/S1d4045fb93b246a79c460fc5a674430dK.png,1254,1254,PNG,
10000047166193,sku_color,3,Beige,https://sc04.alicdn.com/kf/S9c44f775bc5b497d8454113dc97c9ae12.png,1254,1254,PNG,
10000047166193,detail,1,Other product images,https://sc04.alicdn.com/kf/S5cd02b5aa1684c07a4cf37cd5bed055a8.png,1254,1254,PNG,
10000047166193,detail,2,Product dimensions,https://sc04.alicdn.com/kf/S75d748a13f0d4b33aa5c030f6139bc54d.png,1254,1254,PNG,
10000047166193,detail,3,Scene image,https://sc04.alicdn.com/kf/S2b67d1f2068c4f4a8b0a078ccd6821a8I.png,1254,1254,PNG,
10000047166193,detail,4,Detail shot,https://sc04.alicdn.com/kf/Se96960078f164472a9d65748706a2dacn.png,1254,1254,PNG,
10000047166193,company,1,Factory profile,https://sc04.alicdn.com/kf/Sfea34bbd56ae4d0583aa855838eb1454F.png,1500,1364,PNG,
10000047166193,company,2,Packaging & shipping specifications,https://sc04.alicdn.com/kf/Sc1dc6ec7d435404db6a31c6938a734a0g.png,1254,1254,PNG,
10000047166193,company,3,Customization capabilities,https://sc04.alicdn.com/kf/S2a3af5690d524680824086ad8419dbc9G.png,1254,1254,PNG,
10000047166193,company,4,Company overview,https://sc04.alicdn.com/kf/Sf587c854711748af9759e77ce5aeb03c3.png,1254,1254,PNG,
10000047166193,company,5,Production workflow,https://sc04.alicdn.com/kf/Sdc4e18f098e142b797df687e8befbfa14.png,1500,1492,PNG,
10000044007878,sku_color,1,Lavender,https://sc04.alicdn.com/kf/S62a4d98d960f406f8791e22bf72b39c14.jpg,900,900,JPEG,
10000044007878,sku_color,2,Cream,https://sc04.alicdn.com/kf/S45b41b29065e450e86b3db1c52b556352.jpg,900,900,JPEG,
10000044007878,sku_color,3,Black,https://sc04.alicdn.com/kf/S59fd2fd8f3b0458fa053966057219978V.jpg,900,900,JPEG,
10000044007878,sku_color,4,Black White,https://sc04.alicdn.com/kf/S1de5f57933974623b133a3dc835f6c4bO.jpg,900,900,JPEG,
10000044007878,detail,1,Product dimensions,https://sc04.alicdn.com/kf/Sf6a31fc66468494f922e0599c95c498bo.jpg,1200,1200,JPEG,
10000044007878,detail,2,Product dimensions,https://sc04.alicdn.com/kf/Sc8781044e2524ecdafe0f9f6b7e0a8d85.jpg,1200,1200,JPEG,
10000044007878,detail,3,Product dimensions,https://sc04.alicdn.com/kf/S7b32f0c573864fc5a90d8a6f1cddd436i.jpg,1200,1200,JPEG,
10000044007878,detail,4,Product dimensions,https://sc04.alicdn.com/kf/Sd4062f340a1b49029cfbcd672b1e1ad2L.jpg,1200,1200,JPEG,
10000044007878,company,1,Production workflow,https://sc04.alicdn.com/kf/Sc1dc6ec7d435404db6a31c6938a734a0g.png,1254,1254,PNG,
10000044007878,company,2,Factory profile,https://sc04.alicdn.com/kf/Sdc4e18f098e142b797df687e8befbfa14.png,1500,1492,PNG,
10000044007878,company,3,Competitive advantages,https://sc04.alicdn.com/kf/Sfea34bbd56ae4d0583aa855838eb1454F.png,1500,1364,PNG,
10000044007878,company,4,Extended company profile,https://sc04.alicdn.com/kf/Sf587c854711748af9759e77ce5aeb03c3.png,1254,1254,PNG,
10000044007878,company,5,Packaging & shipping specifications,https://sc04.alicdn.com/kf/S2a3af5690d524680824086ad8419dbc9G.png,1254,1254,PNG,
1601924345456,sku_color,1,Black,https://sc04.alicdn.com/kf/S5ee9f570c7c241159982e56104ef78c59.jpg,1000,1000,JPEG,
1601924345456,sku_color,2,Pink,https://sc04.alicdn.com/kf/S93bae5af796b4a0fb1b32cb3d41dd831v.jpg,1000,1000,JPEG,
1601924345456,sku_color,3,Off White,https://sc04.alicdn.com/kf/S79c859c4a1954cd1a997c6243cfa4970e.jpg,1000,1000,JPEG,
1601924345456,sku_color,4,Grey,https://sc04.alicdn.com/kf/Sb343ded6b6184fffbf4c6709a4737f2.jpg,,,,DOWNLOAD_ERROR:HTTPError:HTTP Error 404: Not Found
1601924345456,detail,1,Detail shot,https://sc04.alicdn.com/kf/A8273b8263fa049ecb2f7883b6879a555G.png,1200,1200,JPEG,
1601924345456,detail,2,Other product images,https://sc04.alicdn.com/kf/Af56ce925b77c40579a249f6c2b65c132V.png,1200,1200,JPEG,
1601924345456,detail,3,Product dimensions,https://sc04.alicdn.com/kf/A286e2a3b5d954c67a4925c27c5b8166eW.png,1200,1200,JPEG,
1601924345456,detail,4,Other product images,https://sc04.alicdn.com/kf/A52f58276a43a498a9cb0a14b674d4b21v.png,1200,1200,JPEG,
1601924345456,detail,5,Other product images,https://sc04.alicdn.com/kf/A9f2ca0cc2be74d949d73f2536b93aed86.png,1200,1200,JPEG,
1601924345456,detail,6,Other product images,https://sc04.alicdn.com/kf/A0cf0bc6c7df54523a53ddbca69ae8a42S.png,1200,1200,JPEG,
1601924345456,company,1,Company overview,https://sc04.alicdn.com/kf/S85b6763402114d958afb753952d130e6n.png,1500,1470,PNG,
1601924345456,company,2,Production workflow,https://sc04.alicdn.com/kf/Hc99422065f7644c18da852e6adbd4a40u.png,1500,1200,PNG,
1601924345456,company,3,Competitive advantages,https://sc04.alicdn.com/kf/S08bdd1a31b3541f78e50f4b8be26cfadA.png,1500,1364,PNG,
1601924345456,company,4,Packaging & shipping specifications,https://sc04.alicdn.com/kf/H9c98f0404800441cb760040394aa2294d.png,1500,899,PNG,
1601924345456,company,5,Factory profile,https://sc04.alicdn.com/kf/Sb785a174a04043129c63a39a19df1c2ep.png,1500,1492,PNG,
1601939752005,sku_color,1,Grey,https://sc04.alicdn.com/kf/Sa5cf5d5ec80b495c91f852062f178df5p.jpg,900,900,JPEG,
1601939752005,sku_color,2,Black,https://sc04.alicdn.com/kf/S9d5a26f942c4424b92575d1d1de95645H.jpg,900,900,JPEG,
1601939752005,sku_color,3,Brown,https://sc04.alicdn.com/kf/S5e83980b47c741668b5d8b4f6cc8e4bdt.jpg,900,900,JPEG,
1601939752005,detail,1,Scene image,https://sc04.alicdn.com/kf/Scf04d08b578f49a7affa97416887baa7w.jpg,1200,1200,JPEG,
1601939752005,detail,2,Product dimensions,https://sc04.alicdn.com/kf/Sa7449eac684b49baa26465caa45525f0b.jpg,1200,1200,JPEG,
1601939752005,detail,3,Detail shot,https://sc04.alicdn.com/kf/Sd42fc2ee64f843dcb264cd942523e5f4j.jpg,1200,1200,JPEG,
1601939752005,detail,4,Other product images,https://sc04.alicdn.com/kf/Se74b4ba3c9b448c79e0106aaae79e8adW.jpg,1200,1200,JPEG,
1601939752005,company,1,Packaging & shipping specifications,https://sc04.alicdn.com/kf/Sc1dc6ec7d435404db6a31c6938a734a0g.png,1254,1254,PNG,
1601939752005,company,2,Production workflow,https://sc04.alicdn.com/kf/Sdc4e18f098e142b797df687e8befbfa14.png,1500,1492,PNG,
1601939752005,company,3,Customization capabilities,https://sc04.alicdn.com/kf/S2a3af5690d524680824086ad8419dbc9G.png,1254,1254,PNG,
1601939752005,company,4,Company overview,https://sc04.alicdn.com/kf/Sf587c854711748af9759e77ce5aeb03c3.png,1254,1254,PNG,
1601939752005,company,5,Factory profile,https://sc04.alicdn.com/kf/Sfea34bbd56ae4d0583aa855838eb1454F.png,1500,1364,PNG,
1601939736061,sku_color,1,Wine Red,https://sc04.alicdn.com/kf/S4e6d8fbe85c549ea85e0eba28de4c832P.png,800,800,PNG,
1601939736061,sku_color,2,Grey,https://sc04.alicdn.com/kf/Se55a38db0443412a829fce9f98cea790n.png,800,800,PNG,
1601939736061,sku_color,3,Black,https://sc04.alicdn.com/kf/S3db506c301d54df89b6ad1164a9d8761n.png,800,800,PNG,
1601939736061,detail,1,Product dimensions,https://sc04.alicdn.com/kf/S9692eea3634f4244a87c6a5f042f2218G.jpg,1200,1400,JPEG,
1601939736061,detail,2,Detail shot,https://sc04.alicdn.com/kf/S3ba46a6991414401b0f7bb437383f48cQ.jpg,1200,1400,JPEG,
1601939736061,detail,3,Other product images,https://sc04.alicdn.com/kf/S2b5438cbe0a846c894d36a1a328dd8b1J.jpg,1200,1400,JPEG,
1601939736061,detail,4,Scene image,https://sc04.alicdn.com/kf/S660455bfbb5f4634a50372274d99f4e9H.png,1254,1254,PNG,
1601939736061,company,1,Customization capabilities,https://sc04.alicdn.com/kf/S2a3af5690d524680824086ad8419dbc9G.png,1254,1254,PNG,
1601939736061,company,2,Company overview,https://sc04.alicdn.com/kf/Sf587c854711748af9759e77ce5aeb03c3.png,1254,1254,PNG,
1601939736061,company,3,Packaging & shipping specifications,https://sc04.alicdn.com/kf/Sc1dc6ec7d435404db6a31c6938a734a0g.png,1254,1254,PNG,
1601939736061,company,4,Production workflow,https://sc04.alicdn.com/kf/Sdc4e18f098e142b797df687e8befbfa14.png,1500,1492,PNG,
1601939736061,company,5,Factory profile,https://sc04.alicdn.com/kf/Sfea34bbd56ae4d0583aa855838eb1454F.png,1500,1364,PNG,
1601939722180,sku_color,1,Black,https://sc04.alicdn.com/kf/S9d5a26f942c4424b92575d1d1de95645H.jpg,900,900,JPEG,
1601939722180,sku_color,2,Brown,https://sc04.alicdn.com/kf/S5e83980b47c741668b5d8b4f6cc8e4bdt.jpg,900,900,JPEG,
1601939722180,sku_color,3,Grey,https://sc04.alicdn.com/kf/Sa5cf5d5ec80b495c91f852062f178df5p.jpg,900,900,JPEG,
1601939722180,detail,1,Other product images,https://sc04.alicdn.com/kf/Se74b4ba3c9b448c79e0106aaae79e8adW.jpg,1200,1200,JPEG,
1601939722180,detail,2,Detail shot,https://sc04.alicdn.com/kf/Sd42fc2ee64f843dcb264cd942523e5f4j.jpg,1200,1200,JPEG,
1601939722180,detail,3,Scene image,https://sc04.alicdn.com/kf/Scf04d08b578f49a7affa97416887baa7w.jpg,1200,1200,JPEG,
1601939722180,detail,4,Product dimensions,https://sc04.alicdn.com/kf/Sa7449eac684b49baa26465caa45525f0b.jpg,1200,1200,JPEG,
1601939722180,company,1,Factory profile,https://sc04.alicdn.com/kf/Sfea34bbd56ae4d0583aa855838eb1454F.png,1500,1364,PNG,
1601939722180,company,2,Company overview,https://sc04.alicdn.com/kf/Sf587c854711748af9759e77ce5aeb03c3.png,1254,1254,PNG,
1601939722180,company,3,Production workflow,https://sc04.alicdn.com/kf/Sdc4e18f098e142b797df687e8befbfa14.png,1500,1492,PNG,
1601939722180,company,4,Packaging & shipping specifications,https://sc04.alicdn.com/kf/Sc1dc6ec7d435404db6a31c6938a734a0g.png,1254,1254,PNG,
1601939722180,company,5,Customization capabilities,https://sc04.alicdn.com/kf/S2a3af5690d524680824086ad8419dbc9G.png,1254,1254,PNG,
1601939703288,sku_color,1,Grey,https://sc04.alicdn.com/kf/Seb05122294b9496195395be47a07c8dbf.jpg,900,900,JPEG,
1601939703288,sku_color,2,Black White,https://sc04.alicdn.com/kf/Sd833363272e24b12b30dfbc7794cf8ddl.jpg,900,900,JPEG,
1601939703288,sku_color,3,Black,https://sc04.alicdn.com/kf/S44f5e14251f54de8b7d0a06b9604bd15x.jpg,900,900,JPEG,
1601939703288,sku_color,4,Cream,https://sc04.alicdn.com/kf/S8b2ab7240ff943838b5365039bd3d23eY.jpg,900,900,JPEG,
1601939703288,detail,1,Other product images,https://sc04.alicdn.com/kf/S5587279ebac44ddea3d65863ebc5725cl.jpg,1200,1200,JPEG,
1601939703288,detail,2,Scene image,https://sc04.alicdn.com/kf/Sdc822169fd324194a3f088173364af24J.jpg,1200,1200,JPEG,
1601939703288,detail,3,Detail shot,https://sc04.alicdn.com/kf/Sc0a8106d7fb44a969780a843a7510bcfm.jpg,1200,1200,JPEG,
1601939703288,detail,4,Product dimensions,https://sc04.alicdn.com/kf/S204b28117b7e4f179273b2a4efe4a156V.jpg,1200,1200,JPEG,
1601939703288,company,1,Customization capabilities,https://sc04.alicdn.com/kf/S2a3af5690d524680824086ad8419dbc9G.png,1254,1254,PNG,
1601939703288,company,2,Company overview,https://sc04.alicdn.com/kf/Sf587c854711748af9759e77ce5aeb03c3.png,1254,1254,PNG,
1601939703288,company,3,Factory profile,https://sc04.alicdn.com/kf/Sfea34bbd56ae4d0583aa855838eb1454F.png,1500,1364,PNG,
1601939703288,company,4,Packaging & shipping specifications,https://sc04.alicdn.com/kf/Sc1dc6ec7d435404db6a31c6938a734a0g.png,1254,1254,PNG,
1601939703288,company,5,Production workflow,https://sc04.alicdn.com/kf/Sdc4e18f098e142b797df687e8befbfa14.png,1500,1492,PNG,
1601939691340,sku_color,1,Yellow Sole,https://sc04.alicdn.com/kf/Se68f18810164413e8b8ca2c4052460708.jpg,900,900,JPEG,
1601939691340,sku_color,2,Light Grey,https://sc04.alicdn.com/kf/S66c14dcbc3b848c9946dfc7e3d2b870bE.jpg,900,900,JPEG,
1601939691340,sku_color,3,Dark Grey,https://sc04.alicdn.com/kf/Sffddda0f12a242b3a68efff3fa1aebbd3.jpg,900,900,JPEG,
1601939691340,sku_color,4,All Black,https://sc04.alicdn.com/kf/S3a1525fbe2294800bec12e24fe3c7d33E.jpg,900,900,JPEG,
1601939691340,detail,1,Scene image,https://sc04.alicdn.com/kf/S345c38a66297450786621bf58c46b67aL.jpg,1200,1200,JPEG,
1601939691340,detail,2,Other product images,https://sc04.alicdn.com/kf/S3c48dab5991c48d49e82fd62e90b7df4y.jpg,1200,1200,JPEG,
1601939691340,detail,3,Detail shot,https://sc04.alicdn.com/kf/S1c38ac999ac64347bc3dabf232ec6983k.jpg,1200,1200,JPEG,
1601939691340,detail,4,Product dimensions,https://sc04.alicdn.com/kf/Scfbb2dd004d14e1b9bd78405a9105423U.jpg,1200,1200,JPEG,
1601939691340,company,1,Company overview,https://sc04.alicdn.com/kf/Sf587c854711748af9759e77ce5aeb03c3.png,1254,1254,PNG,
1601939691340,company,2,Factory profile,https://sc04.alicdn.com/kf/Sfea34bbd56ae4d0583aa855838eb1454F.png,1500,1364,PNG,
1601939691340,company,3,Production workflow,https://sc04.alicdn.com/kf/Sdc4e18f098e142b797df687e8befbfa14.png,1500,1492,PNG,
1601939691340,company,4,Packaging & shipping specifications,https://sc04.alicdn.com/kf/Sc1dc6ec7d435404db6a31c6938a734a0g.png,1254,1254,PNG,
1601939691340,company,5,Customization capabilities,https://sc04.alicdn.com/kf/S2a3af5690d524680824086ad8419dbc9G.png,1254,1254,PNG,
1601939665367,sku_color,1,All Black,https://sc04.alicdn.com/kf/S8c6d35295028456789c011305f6bc374Z.png,800,800,PNG,
1601939665367,sku_color,2,Black White,https://sc04.alicdn.com/kf/Sb1dff5fccaa243f1844f899e0ba544bbu.png,800,800,PNG,
1601939665367,sku_color,3,Pink,https://sc04.alicdn.com/kf/S7c0a0c31362042678b4b7b3a19be96707.png,800,800,PNG,
1601939665367,sku_color,4,Grey,https://sc04.alicdn.com/kf/S86f74eea95754663b00777813fbad2cc6.png,800,800,PNG,
1601939665367,sku_color,5,White,https://sc04.alicdn.com/kf/S69b23658e64e49e9bc27dbaad3c5f732l.png,800,800,PNG,
1601939665367,detail,1,Other product images,https://sc04.alicdn.com/kf/Sfc03a06e878447f6b79ca3afe9efb72bO.png,1254,1254,PNG,
1601939665367,detail,2,Product dimensions,https://sc04.alicdn.com/kf/Sfb079d9321414929a5f18743b20a4755m.png,1254,1254,PNG,
1601939665367,detail,3,Detail shot,https://sc04.alicdn.com/kf/S924a855f1a47406d97a1f451a24ef7123.png,1254,1254,PNG,
1601939665367,detail,4,Scene image,https://sc04.alicdn.com/kf/Sa8b3fd02756748a0856ec0d5abbc8f3c1.png,1254,1254,PNG,
1601939665367,company,1,Customization capabilities,https://sc04.alicdn.com/kf/S2a3af5690d524680824086ad8419dbc9G.png,1254,1254,PNG,
1601939665367,company,2,Company overview,https://sc04.alicdn.com/kf/Sf587c854711748af9759e77ce5aeb03c3.png,1254,1254,PNG,
1601939665367,company,3,Production workflow,https://sc04.alicdn.com/kf/Sdc4e18f098e142b797df687e8befbfa14.png,1500,1492,PNG,
1601939665367,company,4,Packaging & shipping specifications,https://sc04.alicdn.com/kf/Sc1dc6ec7d435404db6a31c6938a734a0g.png,1254,1254,PNG,
1601939665367,company,5,Factory profile,https://sc04.alicdn.com/kf/Sfea34bbd56ae4d0583aa855838eb1454F.png,1500,1364,PNG,
1601939666421,sku_color,1,Grey Black,https://sc04.alicdn.com/kf/Sfb0129075f6646019a79b071d857e6b1l.jpg,800,800,JPEG,
1601939666421,sku_color,2,Light Grey,https://sc04.alicdn.com/kf/S02841e5087294d3da7d1abb9abb8e103G.jpg,800,800,JPEG,
1601939666421,sku_color,3,Grey White,https://sc04.alicdn.com/kf/Sa9ea974bdbe14b5684c52680c0a7ec7eS.jpg,800,800,JPEG,
1601939666421,detail,1,Scene image,https://sc04.alicdn.com/kf/Sca0bf46c9bfb494fbed27cc73e746e34o.png,1254,1254,PNG,
1601939666421,detail,2,Product dimensions,https://sc04.alicdn.com/kf/A7ab855c861834ddb92607ed1afefec5bX.jpg,1200,1200,JPEG,
1601939666421,detail,3,Detail shot,https://sc04.alicdn.com/kf/Acf613970c7cb4ea7a63d8a29d4e0785cR.jpg,1200,1200,JPEG,
1601939666421,detail,4,Other product images,https://sc04.alicdn.com/kf/Sbe39f58e9d3b47a9825edba41478bc81u.jpg,1200,1200,JPEG,
1601939666421,company,1,Packaging & shipping specifications,https://sc04.alicdn.com/kf/Sc1dc6ec7d435404db6a31c6938a734a0g.png,1254,1254,PNG,
1601939666421,company,2,Customization capabilities,https://sc04.alicdn.com/kf/S2a3af5690d524680824086ad8419dbc9G.png,1254,1254,PNG,
1601939666421,company,3,Factory profile,https://sc04.alicdn.com/kf/Sfea34bbd56ae4d0583aa855838eb1454F.png,1500,1364,PNG,
1601939666421,company,4,Production workflow,https://sc04.alicdn.com/kf/Sdc4e18f098e142b797df687e8befbfa14.png,1500,1492,PNG,
1601939666421,company,5,Company overview,https://sc04.alicdn.com/kf/Sf587c854711748af9759e77ce5aeb03c3.png,1254,1254,PNG,
1601939663432,sku_color,1,All Black,https://sc04.alicdn.com/kf/S8c6d35295028456789c011305f6bc374Z.png,800,800,PNG,
1601939663432,sku_color,2,Black White,https://sc04.alicdn.com/kf/Sb1dff5fccaa243f1844f899e0ba544bbu.png,800,800,PNG,
1601939663432,sku_color,3,White,https://sc04.alicdn.com/kf/S69b23658e64e49e9bc27dbaad3c5f732l.png,800,800,PNG,
1601939663432,sku_color,4,Pink,https://sc04.alicdn.com/kf/S7c0a0c31362042678b4b7b3a19be96707.png,800,800,PNG,
1601939663432,sku_color,5,Grey,https://sc04.alicdn.com/kf/S86f74eea95754663b00777813fbad2cc6.png,800,800,PNG,
1601939663432,detail,1,Other product images,https://sc04.alicdn.com/kf/Sfc03a06e878447f6b79ca3afe9efb72bO.png,1254,1254,PNG,
1601939663432,detail,2,Product dimensions,https://sc04.alicdn.com/kf/Sfb079d9321414929a5f18743b20a4755m.png,1254,1254,PNG,
1601939663432,detail,3,Detail shot,https://sc04.alicdn.com/kf/S924a855f1a47406d97a1f451a24ef7123.png,1254,1254,PNG,
1601939663432,detail,4,Scene image,https://sc04.alicdn.com/kf/Sa8b3fd02756748a0856ec0d5abbc8f3c1.png,1254,1254,PNG,
1601939663432,company,1,Company overview,https://sc04.alicdn.com/kf/Sf587c854711748af9759e77ce5aeb03c3.png,1254,1254,PNG,
1601939663432,company,2,Customization capabilities,https://sc04.alicdn.com/kf/S2a3af5690d524680824086ad8419dbc9G.png,1254,1254,PNG,
1601939663432,company,3,Packaging & shipping specifications,https://sc04.alicdn.com/kf/Sc1dc6ec7d435404db6a31c6938a734a0g.png,1254,1254,PNG,
1601939663432,company,4,Production workflow,https://sc04.alicdn.com/kf/Sdc4e18f098e142b797df687e8befbfa14.png,1500,1492,PNG,
1601939663432,company,5,Factory profile,https://sc04.alicdn.com/kf/Sfea34bbd56ae4d0583aa855838eb1454F.png,1500,1364,PNG,
1601939659415,sku_color,1,Black White,https://sc04.alicdn.com/kf/S5233bd32ea3a48dfaeda865804394ccaM.png,800,800,PNG,
1601939659415,sku_color,2,All Black,https://sc04.alicdn.com/kf/Sedc33690ef824f9c91f299248c076511l.png,800,800,PNG,
1601939659415,sku_color,3,White Black,https://sc04.alicdn.com/kf/S714b9d5874c248e1b8026360c3d386d9w.png,800,800,PNG,
1601939659415,sku_color,4,Grey Green,https://sc04.alicdn.com/kf/S7ef8582d961f4f82bb7ebd432cc5b0abL.png,800,800,PNG,
1601939659415,detail,1,Detail shot,https://sc04.alicdn.com/kf/Hc489d083b55e4fa683500cf60216821aN.jpg,1200,1200,JPEG,
1601939659415,detail,2,Other product images,https://sc04.alicdn.com/kf/H9baca523b47d4f6294df9b287ac57cfcC.jpg,1200,1200,JPEG,
1601939659415,detail,3,Scene image,https://sc04.alicdn.com/kf/S740ab006ba9c464f924e72915c6843498.png,1254,1254,PNG,
1601939659415,detail,4,Product dimensions,https://sc04.alicdn.com/kf/H23ca6027e04f455689312466a3e85daf1.jpg,1200,1200,JPEG,
1601939659415,company,1,Production workflow,https://sc04.alicdn.com/kf/Sdc4e18f098e142b797df687e8befbfa14.png,1500,1492,PNG,
1601939659415,company,2,Factory profile,https://sc04.alicdn.com/kf/Sfea34bbd56ae4d0583aa855838eb1454F.png,1500,1364,PNG,
1601939659415,company,3,Company overview,https://sc04.alicdn.com/kf/Sf587c854711748af9759e77ce5aeb03c3.png,1254,1254,PNG,
1601939659415,company,4,Customization capabilities,https://sc04.alicdn.com/kf/S2a3af5690d524680824086ad8419dbc9G.png,1254,1254,PNG,
1601939659415,company,5,Packaging & shipping specifications,https://sc04.alicdn.com/kf/Sc1dc6ec7d435404db6a31c6938a734a0g.png,1254,1254,PNG,
1601939633580,sku_color,1,Black,https://sc04.alicdn.com/kf/S1b151e11749145f9952e78cd13b27841m.jpg,1000,1000,JPEG,
1601939633580,sku_color,2,Zebra Stripe,https://sc04.alicdn.com/kf/S398f9e5e19e149da9dd5c01533ee8a39t.jpg,1000,1000,JPEG,
1601939633580,sku_color,3,Pink,https://sc04.alicdn.com/kf/S66e6afc453fd4dba84bb64d1164c5848k.jpg,1000,1000,JPEG,
1601939633580,detail,1,Other product images,https://sc04.alicdn.com/kf/S4ebf06dbb0c74e5b8692f6e15e6b1c3fW.jpg,1200,1200,JPEG,
1601939633580,detail,2,Product dimensions,https://sc04.alicdn.com/kf/Sdafafcc35f5d4d18adf9f5d5017753e9s.jpg,1200,1200,JPEG,
1601939633580,detail,3,Detail shot,https://sc04.alicdn.com/kf/Sce30c0cef8d64ebc874b33062c4bf6f4r.jpg,1200,1200,JPEG,
1601939633580,detail,4,Scene image,https://sc04.alicdn.com/kf/S19b3fa49e3ed49c7838ac4ff81a3b418d.jpg,1200,1200,JPEG,
1601939633580,company,1,Customization capabilities,https://sc04.alicdn.com/kf/S2a3af5690d524680824086ad8419dbc9G.png,1254,1254,PNG,
1601939633580,company,2,Production workflow,https://sc04.alicdn.com/kf/Sdc4e18f098e142b797df687e8befbfa14.png,1500,1492,PNG,
1601939633580,company,3,Packaging & shipping specifications,https://sc04.alicdn.com/kf/Sc1dc6ec7d435404db6a31c6938a734a0g.png,1254,1254,PNG,
1601939633580,company,4,Company overview,https://sc04.alicdn.com/kf/Sf587c854711748af9759e77ce5aeb03c3.png,1254,1254,PNG,
1601939633580,company,5,Factory profile,https://sc04.alicdn.com/kf/Sfea34bbd56ae4d0583aa855838eb1454F.png,1500,1364,PNG,
1601939608691,sku_color,1,Zebra Stripe,https://sc04.alicdn.com/kf/S398f9e5e19e149da9dd5c01533ee8a39t.jpg,1000,1000,JPEG,
1601939608691,sku_color,2,Pink,https://sc04.alicdn.com/kf/S66e6afc453fd4dba84bb64d1164c5848k.jpg,1000,1000,JPEG,
1601939608691,sku_color,3,Black,https://sc04.alicdn.com/kf/S1b151e11749145f9952e78cd13b27841m.jpg,1000,1000,JPEG,
1601939608691,detail,1,Other product images,https://sc04.alicdn.com/kf/S4ebf06dbb0c74e5b8692f6e15e6b1c3fW.jpg,1200,1200,JPEG,
1601939608691,detail,2,Detail shot,https://sc04.alicdn.com/kf/Sce30c0cef8d64ebc874b33062c4bf6f4r.jpg,1200,1200,JPEG,
1601939608691,detail,3,Product dimensions,https://sc04.alicdn.com/kf/Sdafafcc35f5d4d18adf9f5d5017753e9s.jpg,1200,1200,JPEG,
1601939608691,detail,4,Scene image,https://sc04.alicdn.com/kf/S19b3fa49e3ed49c7838ac4ff81a3b418d.jpg,1200,1200,JPEG,
1601939608691,company,1,Factory profile,https://sc04.alicdn.com/kf/Sfea34bbd56ae4d0583aa855838eb1454F.png,1500,1364,PNG,
1601939608691,company,2,Company overview,https://sc04.alicdn.com/kf/Sf587c854711748af9759e77ce5aeb03c3.png,1254,1254,PNG,
1601939608691,company,3,Packaging & shipping specifications,https://sc04.alicdn.com/kf/Sc1dc6ec7d435404db6a31c6938a734a0g.png,1254,1254,PNG,
1601939608691,company,4,Production workflow,https://sc04.alicdn.com/kf/Sdc4e18f098e142b797df687e8befbfa14.png,1500,1492,PNG,
1601939608691,company,5,Customization capabilities,https://sc04.alicdn.com/kf/S2a3af5690d524680824086ad8419dbc9G.png,1254,1254,PNG,
1601939606858,sku_color,1,White,https://sc04.alicdn.com/kf/S2f8de665c58d43b29eaf3c351cf76820m.jpg,900,900,JPEG,
1601939606858,sku_color,2,Blue,https://sc04.alicdn.com/kf/S6d62f8557e4947398e99d1783f8e1d0bV.jpg,900,900,JPEG,
1601939606858,sku_color,3,All Black,https://sc04.alicdn.com/kf/S16e4825094eb4081997a1b9868cb3704W.jpg,900,900,JPEG,
1601939606858,sku_color,4,Black White,https://sc04.alicdn.com/kf/Se0a270d5955c425c9a8507ca4118ffe3n.jpg,900,900,JPEG,
1601939606858,sku_color,5,Grey,https://sc04.alicdn.com/kf/Scf0ae59ab4784dc4a99b01197ebdc9cfo.jpg,900,900,JPEG,
1601939606858,detail,1,Product dimensions,https://sc04.alicdn.com/kf/Hedb24b270ee44c3eb5dc3aa29df12801g.jpg,1200,1200,JPEG,
1601939606858,detail,2,Detail shot,https://sc04.alicdn.com/kf/H30bc6ef2c77c45bd9525528a2292f7c9n.jpg,1200,1200,JPEG,
1601939606858,detail,3,Scene image,https://sc04.alicdn.com/kf/Hc1eda81a347d458391937f0e3f69d487Q.jpg,1200,1200,JPEG,
1601939606858,detail,4,Other product images,https://sc04.alicdn.com/kf/S75d1d87067b342cb940167c6ebb48ee7K.jpg,1200,1200,JPEG,
1601939606858,company,1,Factory profile,https://sc04.alicdn.com/kf/Sfea34bbd56ae4d0583aa855838eb1454F.png,1500,1364,PNG,
1601939606858,company,2,Company overview,https://sc04.alicdn.com/kf/Sf587c854711748af9759e77ce5aeb03c3.png,1254,1254,PNG,
1601939606858,company,3,Production workflow,https://sc04.alicdn.com/kf/Sdc4e18f098e142b797df687e8befbfa14.png,1500,1492,PNG,
1601939606858,company,4,Packaging & shipping specifications,https://sc04.alicdn.com/kf/Sc1dc6ec7d435404db6a31c6938a734a0g.png,1254,1254,PNG,
1601939606858,company,5,Customization capabilities,https://sc04.alicdn.com/kf/S2a3af5690d524680824086ad8419dbc9G.png,1254,1254,PNG,
1601939606805,sku_color,1,Red White,https://sc04.alicdn.com/kf/S9c49f633d786469c9930387649022e34z.png,800,800,PNG,
1601939606805,sku_color,2,Black Black,https://sc04.alicdn.com/kf/Saab4281be8054defb796abe52bfb6826C.png,800,800,PNG,
1601939606805,sku_color,3,Black White,https://sc04.alicdn.com/kf/S69a60978d28748f8a3a0d5f174d32a59l.png,800,800,PNG,
1601939606805,detail,1,Scene image,https://sc04.alicdn.com/kf/S0b861a156687452db5b5e111ae4ba4b4J.png,1254,1254,PNG,
1601939606805,detail,2,Product dimensions,https://sc04.alicdn.com/kf/S38ecd4758cfa4cc49a2bcb8758fa7bbfv.jpg,1200,1400,JPEG,
1601939606805,detail,3,Detail shot,https://sc04.alicdn.com/kf/Sffed317fbb51434b8c7f0b44b6eeb6dag.jpg,1200,1400,JPEG,
1601939606805,detail,4,Other product images,https://sc04.alicdn.com/kf/Sc5a091048b7e4cfaafbeda42a434ff3aQ.jpg,1200,1400,JPEG,
1601939606805,company,1,Factory profile,https://sc04.alicdn.com/kf/Sfea34bbd56ae4d0583aa855838eb1454F.png,1500,1364,PNG,
1601939606805,company,2,Customization capabilities,https://sc04.alicdn.com/kf/S2a3af5690d524680824086ad8419dbc9G.png,1254,1254,PNG,
1601939606805,company,3,Company overview,https://sc04.alicdn.com/kf/Sf587c854711748af9759e77ce5aeb03c3.png,1254,1254,PNG,
1601939606805,company,4,Packaging & shipping specifications,https://sc04.alicdn.com/kf/Sc1dc6ec7d435404db6a31c6938a734a0g.png,1254,1254,PNG,
1601939606805,company,5,Production workflow,https://sc04.alicdn.com/kf/Sdc4e18f098e142b797df687e8befbfa14.png,1500,1492,PNG,
1601939590957,sku_color,1,White,https://sc04.alicdn.com/kf/Se21bbd23fce143c88997d0c11f4c4d10Q.jpg,900,900,JPEG,
1601939590957,sku_color,2,Grey,https://sc04.alicdn.com/kf/S0513f465c5534f5ca8dc2cb84fa20d83H.jpg,900,900,JPEG,
1601939590957,sku_color,3,All Black,https://sc04.alicdn.com/kf/Sda6990613aca4561abd538220d92dc348.jpg,900,900,JPEG,
1601939590957,sku_color,4,Black White,https://sc04.alicdn.com/kf/Sff0efbb0e5424829a81575e702f355081.jpg,900,900,JPEG,
1601939590957,detail,1,Detail shot,https://sc04.alicdn.com/kf/Hf3f3de5923c443eb9b20d8caa5c55be9X.jpg,1200,1200,JPEG,
1601939590957,detail,2,Product dimensions,https://sc04.alicdn.com/kf/H3d0630b9d3c3469fa873638708f637a6d.jpg,1200,1200,JPEG,
1601939590957,detail,3,Scene image,https://sc04.alicdn.com/kf/H1be4238290ff4f8f8fbcce1c8c4af73fx.jpg,1200,1200,JPEG,
1601939590957,detail,4,Other product images,https://sc04.alicdn.com/kf/S709c472ffaa64f1dbac61fe382cd539bV.jpg,1200,1200,JPEG,
1601939590957,company,1,Packaging & shipping specifications,https://sc04.alicdn.com/kf/Sc1dc6ec7d435404db6a31c6938a734a0g.png,1254,1254,PNG,
1601939590957,company,2,Factory profile,https://sc04.alicdn.com/kf/Sfea34bbd56ae4d0583aa855838eb1454F.png,1500,1364,PNG,
1601939590957,company,3,Customization capabilities,https://sc04.alicdn.com/kf/S2a3af5690d524680824086ad8419dbc9G.png,1254,1254,PNG,
1601939590957,company,4,Company overview,https://sc04.alicdn.com/kf/Sf587c854711748af9759e77ce5aeb03c3.png,1254,1254,PNG,
1601939590957,company,5,Production workflow,https://sc04.alicdn.com/kf/Sdc4e18f098e142b797df687e8befbfa14.png,1500,1492,PNG,
1601939606803,sku_color,1,Grey Black,https://sc04.alicdn.com/kf/Sfb0129075f6646019a79b071d857e6b1l.jpg,800,800,JPEG,
1601939606803,sku_color,2,Light Grey,https://sc04.alicdn.com/kf/S02841e5087294d3da7d1abb9abb8e103G.jpg,800,800,JPEG,
1601939606803,sku_color,3,Grey White,https://sc04.alicdn.com/kf/Sa9ea974bdbe14b5684c52680c0a7ec7eS.jpg,800,800,JPEG,
1601939606803,detail,1,Detail shot,https://sc04.alicdn.com/kf/Acf613970c7cb4ea7a63d8a29d4e0785cR.jpg,1200,1200,JPEG,
1601939606803,detail,2,Other product images,https://sc04.alicdn.com/kf/Sbe39f58e9d3b47a9825edba41478bc81u.jpg,1200,1200,JPEG,
1601939606803,detail,3,Scene image,https://sc04.alicdn.com/kf/Sca0bf46c9bfb494fbed27cc73e746e34o.png,1254,1254,PNG,
1601939606803,detail,4,Product dimensions,https://sc04.alicdn.com/kf/A7ab855c861834ddb92607ed1afefec5bX.jpg,1200,1200,JPEG,
1601939606803,company,1,Company overview,https://sc04.alicdn.com/kf/Sf587c854711748af9759e77ce5aeb03c3.png,1254,1254,PNG,
1601939606803,company,2,Factory profile,https://sc04.alicdn.com/kf/Sfea34bbd56ae4d0583aa855838eb1454F.png,1500,1364,PNG,
1601939606803,company,3,Production workflow,https://sc04.alicdn.com/kf/Sdc4e18f098e142b797df687e8befbfa14.png,1500,1492,PNG,
1601939606803,company,4,Packaging & shipping specifications,https://sc04.alicdn.com/kf/Sc1dc6ec7d435404db6a31c6938a734a0g.png,1254,1254,PNG,
1601939606803,company,5,Customization capabilities,https://sc04.alicdn.com/kf/S2a3af5690d524680824086ad8419dbc9G.png,1254,1254,PNG,
11000037600317,sku_color,1,Black,https://sc04.alicdn.com/kf/Abe77192ec902463d9bac40b0ae7ce6f1X.jpg,1000,1000,JPEG,
11000037600317,sku_color,2,Brown,https://sc04.alicdn.com/kf/A831745c382b44d5aa402b8731cd45020B.jpg,1000,1000,JPEG,
11000037600317,sku_color,3,Grey,https://sc04.alicdn.com/kf/Aa1ddbe7e38344348aa141df45dc91e34t.jpg,1000,1000,JPEG,
11000037600317,detail,1,Detail shot,https://sc04.alicdn.com/kf/A884ed4dcc2d943d89a2cc7b562721acdW.jpg,1200,1200,JPEG,
11000037600317,detail,2,Product dimensions,https://sc04.alicdn.com/kf/Ad381bfcc3ef04934b6b614aea8de29a78.jpg,1200,1200,JPEG,
11000037600317,detail,3,Other product images,https://sc04.alicdn.com/kf/A49f2b046487845518fcc515c9f11646eH.jpg,1200,1200,JPEG,
11000037600317,detail,4,Other product images,https://sc04.alicdn.com/kf/S30549da0fd6041989000348017c1bf35I.jpg,1200,1200,JPEG,
11000037600317,detail,5,Other product images,https://sc04.alicdn.com/kf/Aa5dad8b5f8904c6f9164cd79bf4e5915i.jpg,1200,1200,JPEG,
11000037600317,detail,6,Other product images,https://sc04.alicdn.com/kf/Adbc1e7fbf1594410a4dce2145c944435P.jpg,1200,1200,JPEG,
11000037600317,company,1,Production workflow,https://sc04.alicdn.com/kf/Hc99422065f7644c18da852e6adbd4a40u.png,1500,1200,PNG,
11000037600317,company,2,Company overview,https://sc04.alicdn.com/kf/S85b6763402114d958afb753952d130e6n.png,1500,1470,PNG,
11000037600317,company,3,Competitive advantages,https://sc04.alicdn.com/kf/S08bdd1a31b3541f78e50f4b8be26cfadA.png,1500,1364,PNG,
11000037600317,company,4,Packaging & shipping specifications,https://sc04.alicdn.com/kf/H9c98f0404800441cb760040394aa2294d.png,1500,899,PNG,
11000037600317,company,5,Factory profile,https://sc04.alicdn.com/kf/Sb785a174a04043129c63a39a19df1c2ep.png,1500,1492,PNG,
1601924755368,sku_color,1,Black,https://sc04.alicdn.com/kf/A6dd9ffde37bd4b6ca94fcf3d39483f92o.jpg,1000,1000,JPEG,
1601924755368,sku_color,2,Red,https://sc04.alicdn.com/kf/Ad7fb6ec062ff4e1d8522e3cf388911c2Q.jpg,1000,1000,JPEG,
1601924755368,detail,1,Product dimensions,https://sc04.alicdn.com/kf/Sfcc75cc903654a1f8009566a5e28f56at.jpg,1200,1200,JPEG,
1601924755368,detail,2,Detail shot,https://sc04.alicdn.com/kf/S037148c048bd4719808ed8bb027c031b1.jpg,1200,1200,JPEG,
1601924755368,detail,3,Other product images,https://sc04.alicdn.com/kf/Se4b32e60c3da4e7c83d639ffe97f3489A.jpg,1200,1200,JPEG,
1601924755368,detail,4,Other product images,https://sc04.alicdn.com/kf/Sf3fd6b949806464aa7a95859fc1482b9I.jpg,1200,1200,JPEG,
1601924755368,detail,5,Other product images,https://sc04.alicdn.com/kf/S6f7df16179e944cdb56d14c11c3803d9K.jpg,1200,1200,JPEG,
1601924755368,detail,6,Other product images,https://sc04.alicdn.com/kf/S65a0a0672dd948f0bc5df4fe4c6fc3f4K.jpg,1200,1200,JPEG,
1601924755368,company,1,Factory profile,https://sc04.alicdn.com/kf/Sb785a174a04043129c63a39a19df1c2ep.png,1500,1492,PNG,
1601924755368,company,2,Packaging & shipping specifications,https://sc04.alicdn.com/kf/H9c98f0404800441cb760040394aa2294d.png,1500,899,PNG,
1601924755368,company,3,Competitive advantages,https://sc04.alicdn.com/kf/S08bdd1a31b3541f78e50f4b8be26cfadA.png,1500,1364,PNG,
1601924755368,company,4,Production workflow,https://sc04.alicdn.com/kf/Hc99422065f7644c18da852e6adbd4a40u.png,1500,1200,PNG,
1601924755368,company,5,Company overview,https://sc04.alicdn.com/kf/S85b6763402114d958afb753952d130e6n.png,1500,1470,PNG,
1601939589876,sku_color,1,White Sole Black,https://sc04.alicdn.com/kf/Sdbb492f0fe004a50baf815075489cac8T.jpg,800,800,JPEG,
1601939589876,sku_color,2,All Black,https://sc04.alicdn.com/kf/S5d3fb6eea8d04813bd6550a56c4ac1933.jpg,800,800,JPEG,
1601939589876,detail,1,Detail shot,https://sc04.alicdn.com/kf/H8cf8fded7e5e42b9a5d86a51703189bf5.jpg,1200,1200,JPEG,
1601939589876,detail,2,Scene image,https://sc04.alicdn.com/kf/S439c0c68f79d42908079159be4c24e29r.png,1254,1254,PNG,
1601939589876,detail,3,Product dimensions,https://sc04.alicdn.com/kf/H633bdee9f8764097ac4d768b7ef6819cK.jpg,1200,1200,JPEG,
1601939589876,detail,4,Other product images,https://sc04.alicdn.com/kf/Sbb4900174b8441f09e6c76db6a9932e0Y.jpg,1200,1200,JPEG,
1601939589876,company,1,Company overview,https://sc04.alicdn.com/kf/Sf587c854711748af9759e77ce5aeb03c3.png,1254,1254,PNG,
1601939589876,company,2,Factory profile,https://sc04.alicdn.com/kf/Sfea34bbd56ae4d0583aa855838eb1454F.png,1500,1364,PNG,
1601939589876,company,3,Production workflow,https://sc04.alicdn.com/kf/Sdc4e18f098e142b797df687e8befbfa14.png,1500,1492,PNG,
1601939589876,company,4,Packaging & shipping specifications,https://sc04.alicdn.com/kf/Sc1dc6ec7d435404db6a31c6938a734a0g.png,1254,1254,PNG,
1601939589876,company,5,Customization capabilities,https://sc04.alicdn.com/kf/S2a3af5690d524680824086ad8419dbc9G.png,1254,1254,PNG,
1601939572948,sku_color,1,All Black,https://sc04.alicdn.com/kf/S5fb4d87cb4c64b578410018fcfd720d2d.jpg,800,800,JPEG,
1601939572948,sku_color,2,Black White,https://sc04.alicdn.com/kf/Se543cacc99e94062ae641dd26506e58dy.jpg,800,800,JPEG,
1601939572948,sku_color,3,White,https://sc04.alicdn.com/kf/Seb52623cee6f48f1b99fd35b260cef73E.jpg,800,800,JPEG,
1601939572948,detail,1,Other product images,https://sc04.alicdn.com/kf/S192613265d024f65a687f2723a4ffef9j.jpg,1200,1200,JPEG,
1601939572948,detail,2,Product dimensions,https://sc04.alicdn.com/kf/S0b307a6fe21e4309aff7ca7c28ffa16fp.png,1254,1254,PNG,
1601939572948,detail,3,Detail shot,https://sc04.alicdn.com/kf/See6e068f2a72493fa33d43729e79ed57R.jpg,1200,1200,JPEG,
1601939572948,detail,4,Scene image,https://sc04.alicdn.com/kf/Sb8f355e62d11412aafc5f0ac83399da75.jpg,1200,1200,JPEG,
1601939572948,company,1,Production workflow,https://sc04.alicdn.com/kf/Sdc4e18f098e142b797df687e8befbfa14.png,1500,1492,PNG,
1601939572948,company,2,Factory profile,https://sc04.alicdn.com/kf/Sfea34bbd56ae4d0583aa855838eb1454F.png,1500,1364,PNG,
1601939572948,company,3,Customization capabilities,https://sc04.alicdn.com/kf/S2a3af5690d524680824086ad8419dbc9G.png,1254,1254,PNG,
1601939572948,company,4,Company overview,https://sc04.alicdn.com/kf/Sf587c854711748af9759e77ce5aeb03c3.png,1254,1254,PNG,
1601939572948,company,5,Packaging & shipping specifications,https://sc04.alicdn.com/kf/Sc1dc6ec7d435404db6a31c6938a734a0g.png,1254,1254,PNG,
10000047356491,sku_color,1,Floating Gold,https://sc04.alicdn.com/kf/Sba6b71d7c9b2487ca690d45cee2e3340E.jpg,1000,1000,JPEG,
10000047356491,sku_color,2,Plant Grey,https://sc04.alicdn.com/kf/S10bcd70aaf38440d91d2d0b7897fc816J.jpg,1000,1000,JPEG,
10000047356491,sku_color,3,Spring Green,https://sc04.alicdn.com/kf/S4dd58f2680384822bb1729fa1624e5e9j.jpg,1000,1000,JPEG,
10000047356491,sku_color,4,Cool White,https://sc04.alicdn.com/kf/S395510a616274a8ab73fca63079ba2c1p.jpg,1000,1000,JPEG,
10000047356491,detail,1,Other product images,https://sc04.alicdn.com/kf/S3c1f188198ae4384b4eac0ae0c66cf5f2.jpg,1200,1200,JPEG,
10000047356491,detail,2,Detail shot,https://sc04.alicdn.com/kf/S1e9db7da3bc94b2da2243d7a2ecd7786B.jpg,1200,1200,JPEG,
10000047356491,detail,3,Scene image,https://sc04.alicdn.com/kf/S0fd61e2658a34e14afa797dac1b409d9G.jpg,1200,1200,JPEG,
10000047356491,detail,4,Product dimensions,https://sc04.alicdn.com/kf/S19e4ebd13a944596a833eb1fa560dd289.jpg,1200,1200,JPEG,
10000047356491,company,1,Customization capabilities,https://sc04.alicdn.com/kf/S2a3af5690d524680824086ad8419dbc9G.png,1254,1254,PNG,
10000047356491,company,2,Company overview,https://sc04.alicdn.com/kf/Sf587c854711748af9759e77ce5aeb03c3.png,1254,1254,PNG,
10000047356491,company,3,Production workflow,https://sc04.alicdn.com/kf/Sdc4e18f098e142b797df687e8befbfa14.png,1500,1492,PNG,
10000047356491,company,4,Packaging & shipping specifications,https://sc04.alicdn.com/kf/Sc1dc6ec7d435404db6a31c6938a734a0g.png,1254,1254,PNG,
10000047356491,company,5,Factory profile,https://sc04.alicdn.com/kf/Sfea34bbd56ae4d0583aa855838eb1454F.png,1500,1364,PNG,
10000047201716,sku_color,1,Black/Apricot,https://sc04.alicdn.com/kf/Sc2b93b7af6b84c6aa124575cfa40d8b90.jpg,1000,1000,JPEG,
10000047201716,sku_color,2,All Black,https://sc04.alicdn.com/kf/S0767b4fce02945cba5fed1bddc7311a0u.jpg,1000,1000,JPEG,
10000047201716,sku_color,3,White,https://sc04.alicdn.com/kf/Sd2629e536d95495b8388fa8389cadebe1.jpg,1000,1000,JPEG,
10000047201716,sku_color,4,Apricot,https://sc04.alicdn.com/kf/Sb9a396301b8449e19f2f354ad55644ca2.jpg,1000,1000,JPEG,
10000047201716,detail,1,Scene image,https://sc04.alicdn.com/kf/Scbb2bb8835c44078857a4578c5df48c4Y.jpg,1200,1200,JPEG,
10000047201716,detail,2,Product dimensions,https://sc04.alicdn.com/kf/Sd1a6f42b9eaa4996857d7ddfd36ad1123.jpg,1200,1200,JPEG,
10000047201716,detail,3,Detail shot,https://sc04.alicdn.com/kf/S1efda930619a4931815da86a61ec8e0bc.jpg,1200,1200,JPEG,
10000047201716,detail,4,Other product images,https://sc04.alicdn.com/kf/Sf01c15dca4e64dbb9b1d343ff053913cs.jpg,1200,1200,JPEG,
10000047201716,company,1,Factory profile,https://sc04.alicdn.com/kf/Sfea34bbd56ae4d0583aa855838eb1454F.png,1500,1364,PNG,
10000047201716,company,2,Customization capabilities,https://sc04.alicdn.com/kf/S2a3af5690d524680824086ad8419dbc9G.png,1254,1254,PNG,
10000047201716,company,3,Company overview,https://sc04.alicdn.com/kf/Sf587c854711748af9759e77ce5aeb03c3.png,1254,1254,PNG,
10000047201716,company,4,Production workflow,https://sc04.alicdn.com/kf/Sdc4e18f098e142b797df687e8befbfa14.png,1500,1492,PNG,
10000047201716,company,5,Packaging & shipping specifications,https://sc04.alicdn.com/kf/Sc1dc6ec7d435404db6a31c6938a734a0g.png,1254,1254,PNG,
10000046653813,sku_color,1,Black,https://sc04.alicdn.com/kf/A5630ba38720f4046a61d4ccc61b55a16h.jpg,1000,1000,JPEG,
10000046653813,sku_color,2,Black/White,https://sc04.alicdn.com/kf/A14190b4cb176487cb50dfb95e568c843s.jpg,1000,1000,JPEG,
10000046653813,sku_color,3,Apricot,https://sc04.alicdn.com/kf/Af507fe34eca34529b4229b0a8d982fefS.jpg,1000,1000,JPEG,
10000046653813,sku_color,4,Grey,https://sc04.alicdn.com/kf/A0bdf33ba78594c6bba75699b187240eae.jpg,1000,1000,JPEG,
10000046653813,sku_color,5,White,https://sc04.alicdn.com/kf/A922579046bd9469497b5ac1dbda82f0cx.jpg,1000,1000,JPEG,
10000046653813,sku_color,6,Blue,https://sc04.alicdn.com/kf/A58058d3fc03c4dacb95e084b597d44fcR.jpg,1000,1000,JPEG,
10000046653813,detail,1,Other product images,https://sc04.alicdn.com/kf/Adf716611a04a484d9933f060d1bf796cn.jpg,1200,1200,JPEG,
10000046653813,detail,2,Other product images,https://sc04.alicdn.com/kf/S442a6e8f6d264d978e8349bc74b5ebf9Z.jpg,1200,1200,JPEG,
10000046653813,detail,3,Other product images,https://sc04.alicdn.com/kf/Sfa85ed2714524dff9c3f69e401880259F.jpg,1200,1200,JPEG,
10000046653813,detail,4,Other product images,https://sc04.alicdn.com/kf/S275f5c54b4b944b5a2cdeddbf85cd30a8.jpg,1200,1200,JPEG,
10000046653813,company,1,Company overview,https://sc04.alicdn.com/kf/Sf587c854711748af9759e77ce5aeb03c3.png,1254,1254,PNG,
10000046653813,company,2,Packaging & shipping specifications,https://sc04.alicdn.com/kf/S2a3af5690d524680824086ad8419dbc9G.png,1254,1254,PNG,
10000046653813,company,3,Production workflow,https://sc04.alicdn.com/kf/Sc1dc6ec7d435404db6a31c6938a734a0g.png,1254,1254,PNG,
10000046653813,company,4,Competitive advantages,https://sc04.alicdn.com/kf/Sfea34bbd56ae4d0583aa855838eb1454F.png,1500,1364,PNG,
10000046653813,company,5,Factory profile,https://sc04.alicdn.com/kf/Sdc4e18f098e142b797df687e8befbfa14.png,1500,1492,PNG,
10000047127570,detail,,,,,,,DETAIL_IMAGE_COUNT_0
10000047127570,company,,,,,,,COMPANY_IMAGE_COUNT_0
10000047127570,sku_color,1,Purple,https://sc04.alicdn.com/kf/S5424b3c187c4414cb19218d64d3b9c763.jpg,1000,1000,JPEG,
10000047127570,sku_color,2,Blue,https://sc04.alicdn.com/kf/Sc3b880c8f806411fb23b9d70128a0b09s.png,1254,1254,PNG,
10000047127570,sku_color,3,Black,https://sc04.alicdn.com/kf/S3822457e1fdf4c8a88e02e732d19e12ar.png,1254,1254,PNG,
10000043763325,sku_color,1,Grey,https://sc04.alicdn.com/kf/S7fd729b795894115b7874474557ddbe4Y.png,800,800,PNG,
10000043763325,sku_color,2,Black,https://sc04.alicdn.com/kf/Sb27a50f90d4d4132a894c71a1b557456P.png,800,800,PNG,
10000043763325,sku_color,3,Wine Red,https://sc04.alicdn.com/kf/Sd56efce9eff447f691784cdb8c296356K.png,800,800,PNG,
10000043763325,detail,1,Factory profile,https://sc04.alicdn.com/kf/S16e6ec9ef1a34193b6d8fca3995122c3w.png,1500,1750,PNG,
10000043763325,detail,2,Other product images,https://sc04.alicdn.com/kf/H885b4524f9b243eaaad9ec94dd445553l.jpg,1200,1200,JPEG,DETAIL_DUPLICATES_MAIN
10000043763325,detail,3,Scene image,https://sc04.alicdn.com/kf/H452dbc9df0fb4bf3a05b152c25ea8b81k.jpg,1200,1200,JPEG,DETAIL_DUPLICATES_MAIN
10000043763325,detail,4,Scene image,https://sc04.alicdn.com/kf/Seeaaa4596fb9485b82f48b07ad56ac7a7.png,1500,1750,PNG,
10000043763325,detail,5,Other product images,https://sc04.alicdn.com/kf/H915bb9e87f6c4f29bd5e4283eb6dfaaen.jpg,1200,1200,JPEG,DETAIL_DUPLICATES_MAIN
10000043763325,company,1,Packaging & shipping specifications,https://sc04.alicdn.com/kf/S2a3af5690d524680824086ad8419dbc9G.png,1254,1254,PNG,
10000043763325,company,2,Factory profile,https://sc04.alicdn.com/kf/Sdc4e18f098e142b797df687e8befbfa14.png,1500,1492,PNG,
10000043763325,company,3,Production workflow,https://sc04.alicdn.com/kf/Sc1dc6ec7d435404db6a31c6938a734a0g.png,1254,1254,PNG,
10000043763325,company,4,Competitive advantages,https://sc04.alicdn.com/kf/Sfea34bbd56ae4d0583aa855838eb1454F.png,1500,1364,PNG,
10000043763325,company,5,Extended company profile,https://sc04.alicdn.com/kf/Sf587c854711748af9759e77ce5aeb03c3.png,1254,1254,PNG,
10000043725883,sku_color,1,Light Grey,https://sc04.alicdn.com/kf/S1d1d3830b47643d284b8d48d1c27d652U.jpg,800,800,JPEG,
10000043725883,sku_color,2,Grey White,https://sc04.alicdn.com/kf/Sb865b26c7aca43fbbc52fb8bde0471e3b.jpg,800,800,JPEG,
10000043725883,sku_color,3,Grey Black,https://sc04.alicdn.com/kf/S403314a4bf184abba6f2224b553168e7A.jpg,800,800,JPEG,
10000043725883,detail,1,Product dimensions,https://sc04.alicdn.com/kf/S8fcc997a9cf84c9fa53efe22353cf033j.png,1500,1500,PNG,
10000043725883,detail,2,Factory profile,https://sc04.alicdn.com/kf/S85b6763402114d958afb753952d130e6n.png,1500,1470,PNG,
10000043725883,detail,3,Scene image,https://sc04.alicdn.com/kf/S0dfe76f607da4b199b8bd4e445377acfF.png,1500,1500,PNG,
10000043725883,detail,4,Other product images,https://sc04.alicdn.com/kf/S073bca3898824ab1abdc126fb579b710i.png,1500,1500,PNG,
10000043725883,detail,5,Scene image,https://sc04.alicdn.com/kf/S33a734e8205943c181e77b86f702e81fv.png,1500,1500,PNG,
10000043725883,company,1,Packaging & shipping specifications,https://sc04.alicdn.com/kf/S2a3af5690d524680824086ad8419dbc9G.png,1254,1254,PNG,
10000043725883,company,2,Production workflow,https://sc04.alicdn.com/kf/Sc1dc6ec7d435404db6a31c6938a734a0g.png,1254,1254,PNG,
10000043725883,company,3,Factory profile,https://sc04.alicdn.com/kf/Sdc4e18f098e142b797df687e8befbfa14.png,1500,1492,PNG,
10000043725883,company,4,Competitive advantages,https://sc04.alicdn.com/kf/Sfea34bbd56ae4d0583aa855838eb1454F.png,1500,1364,PNG,
10000043725883,company,5,Extended company profile,https://sc04.alicdn.com/kf/Sf587c854711748af9759e77ce5aeb03c3.png,1254,1254,PNG,
1601939754004,sku_color,1,Black/White,https://sc04.alicdn.com/kf/Sd8d6b7fa901d443e832cd445d486b4bbh.jpg,1200,1200,JPEG,
1601939754004,sku_color,2,All Black,https://sc04.alicdn.com/kf/S2e2767e986af4e78b7c8ade00fc85ba2f.jpg,1200,1200,JPEG,
1601939754004,sku_color,3,Green/White,https://sc04.alicdn.com/kf/Sb115546e7d1b4ca29fa4956c07f7de058.jpg,1200,1200,JPEG,
1601939754004,sku_color,4,Off White,https://sc04.alicdn.com/kf/S63a4755c7a7847bcbdfccf9d50550a60g.jpg,1200,1200,JPEG,
1601939754004,sku_color,5,Grey/White,https://sc04.alicdn.com/kf/S4d61138df2ef4c118a32beb81aa086c7P.jpg,1200,1200,JPEG,
1601939754004,detail,1,Product dimensions,https://sc04.alicdn.com/kf/S161431d31bcd42ad881f5f0affa2bfbbD.png,979,1606,PNG,
1601939754004,detail,2,Other product images,https://sc04.alicdn.com/kf/S06676d12ecf14d5aaa51e7e03c1d453e1.jpg,800,800,JPEG,
1601939754004,detail,3,Detail shot,https://sc04.alicdn.com/kf/S1a9fedceaff046e9a15d98b3572f2bd5o.jpg,800,800,JPEG,
1601939754004,detail,4,Scene image,https://sc04.alicdn.com/kf/S0d8217d344364b4f8d742d1556ac4c44T.jpg,800,800,JPEG,
1601939754004,company,1,Factory profile,https://sc04.alicdn.com/kf/Sfea34bbd56ae4d0583aa855838eb1454F.png,1500,1364,PNG,
1601939754004,company,2,Production workflow,https://sc04.alicdn.com/kf/Sdc4e18f098e142b797df687e8befbfa14.png,1500,1492,PNG,
1601939754004,company,3,Company overview,https://sc04.alicdn.com/kf/Sf587c854711748af9759e77ce5aeb03c3.png,1254,1254,PNG,
1601939754004,company,4,Customization capabilities,https://sc04.alicdn.com/kf/S2a3af5690d524680824086ad8419dbc9G.png,1254,1254,PNG,
1601939754004,company,5,Packaging & shipping specifications,https://sc04.alicdn.com/kf/Sc1dc6ec7d435404db6a31c6938a734a0g.png,1254,1254,PNG,
10000043744505,sku_color,1,Black Black,https://sc04.alicdn.com/kf/S84ac5830f4dd4c5faf1dac4d77863b41O.png,800,800,PNG,
10000043744505,sku_color,2,Black White,https://sc04.alicdn.com/kf/S1d99e955c50b49ec8108031ac23d2eded.png,800,800,PNG,
10000043744505,sku_color,3,Red White,https://sc04.alicdn.com/kf/S67e835c414d745da82794a5bb2ea8f89O.png,800,800,PNG,
10000043744505,detail,1,Factory profile,https://sc04.alicdn.com/kf/S85b6763402114d958afb753952d130e6n.png,1500,1470,PNG,
10000043744505,detail,2,Other product images,https://sc04.alicdn.com/kf/S10d4131e90d74d399e9e71fec605f9724.png,1500,1750,PNG,
10000043744505,detail,3,Product dimensions,https://sc04.alicdn.com/kf/S504c612aef83479d82e744c0ae85a0fea.png,1500,1750,PNG,
10000043744505,detail,4,Scene image,https://sc04.alicdn.com/kf/S3c9f5b028a144e7eb2dfff164a73e357h.png,1500,1750,PNG,
10000043744505,detail,5,Scene image,https://sc04.alicdn.com/kf/S7ba5487ab075475c88fbd39235512facV.png,1500,1750,PNG,
10000043744505,company,1,Competitive advantages,https://sc04.alicdn.com/kf/Sfea34bbd56ae4d0583aa855838eb1454F.png,1500,1364,PNG,
10000043744505,company,2,Production workflow,https://sc04.alicdn.com/kf/Sc1dc6ec7d435404db6a31c6938a734a0g.png,1254,1254,PNG,
10000043744505,company,3,Factory profile,https://sc04.alicdn.com/kf/Sdc4e18f098e142b797df687e8befbfa14.png,1500,1492,PNG,
10000043744505,company,4,Packaging & shipping specifications,https://sc04.alicdn.com/kf/S2a3af5690d524680824086ad8419dbc9G.png,1254,1254,PNG,
10000043744505,company,5,Extended company profile,https://sc04.alicdn.com/kf/Sf587c854711748af9759e77ce5aeb03c3.png,1254,1254,PNG,
1601939651515,sku_color,1,White,https://sc04.alicdn.com/kf/Af36f65c4e9e1473496d259271cada89cs.jpg,1000,1000,JPEG,
1601939651515,sku_color,2,Grey,https://sc04.alicdn.com/kf/A34e701239bd340e2868145ae4515b9c1Z.jpg,1000,1000,JPEG,
1601939651515,sku_color,3,Apricot,https://sc04.alicdn.com/kf/A98732640d96e487190edd4d956e6f7f2c.jpg,1000,1000,JPEG,
1601939651515,sku_color,4,Blue,https://sc04.alicdn.com/kf/A7c7d2e1145214d5484da10b394a811e8o.jpg,1000,1000,JPEG,
1601939651515,sku_color,5,All Black,https://sc04.alicdn.com/kf/A6ea8f3cc83bd4ab3b60b61a77d02fb27h.jpg,1000,1000,JPEG,
1601939651515,sku_color,6,Black/White,https://sc04.alicdn.com/kf/A99d7813c6b3449f6b3a1897c61d1f1294.jpg,1000,1000,JPEG,
1601939651515,detail,1,Scene image,https://sc04.alicdn.com/kf/S442a6e8f6d264d978e8349bc74b5ebf9Z.jpg,1200,1200,JPEG,
1601939651515,detail,2,Other product images,https://sc04.alicdn.com/kf/S1cc1d8247d324a969011254c0c6b4099F.jpg,1200,1200,JPEG,
1601939651515,detail,3,Product dimensions,https://sc04.alicdn.com/kf/Adf716611a04a484d9933f060d1bf796cn.jpg,1200,1200,JPEG,
1601939651515,detail,4,Detail shot,https://sc04.alicdn.com/kf/Sfa85ed2714524dff9c3f69e401880259F.jpg,1200,1200,JPEG,
1601939651515,company,1,Customization capabilities,https://sc04.alicdn.com/kf/S2a3af5690d524680824086ad8419dbc9G.png,1254,1254,PNG,
1601939651515,company,2,Company overview,https://sc04.alicdn.com/kf/Sf587c854711748af9759e77ce5aeb03c3.png,1254,1254,PNG,
1601939651515,company,3,Factory profile,https://sc04.alicdn.com/kf/Sfea34bbd56ae4d0583aa855838eb1454F.png,1500,1364,PNG,
1601939651515,company,4,Production workflow,https://sc04.alicdn.com/kf/Sdc4e18f098e142b797df687e8befbfa14.png,1500,1492,PNG,
1601939651515,company,5,Packaging & shipping specifications,https://sc04.alicdn.com/kf/Sc1dc6ec7d435404db6a31c6938a734a0g.png,1254,1254,PNG,
12000003229472,detail,,,,,,,DETAIL_IMAGE_COUNT_0
12000003229472,company,,,,,,,COMPANY_IMAGE_COUNT_0
12000003229472,sku_color,1,Black Dark Gray,https://sc04.alicdn.com/kf/Af525b9d690cd436d9d29101b39c24d54p.png,1254,1254,PNG,
12000003229472,sku_color,2,Cool Gray Black,https://sc04.alicdn.com/kf/Af383375f11ec477f9939da21cb23fbbcQ.png,1254,1254,PNG,
12000003229472,sku_color,3,Ivory Navy,https://sc04.alicdn.com/kf/A492691dd0f084069a669b4b14f202c93U.png,1254,1254,PNG,
1601939751023,sku_color,1,Grey,https://sc04.alicdn.com/kf/A34e701239bd340e2868145ae4515b9c1Z.jpg,1000,1000,JPEG,
1601939751023,sku_color,2,White,https://sc04.alicdn.com/kf/Af36f65c4e9e1473496d259271cada89cs.jpg,1000,1000,JPEG,
1601939751023,sku_color,3,Blue,https://sc04.alicdn.com/kf/A7c7d2e1145214d5484da10b394a811e8o.jpg,1000,1000,JPEG,
1601939751023,sku_color,4,Apricot,https://sc04.alicdn.com/kf/A98732640d96e487190edd4d956e6f7f2c.jpg,1000,1000,JPEG,
1601939751023,sku_color,5,All Black,https://sc04.alicdn.com/kf/A6ea8f3cc83bd4ab3b60b61a77d02fb27h.jpg,1000,1000,JPEG,
1601939751023,sku_color,6,Black/White,https://sc04.alicdn.com/kf/A99d7813c6b3449f6b3a1897c61d1f1294.jpg,1000,1000,JPEG,
1601939751023,detail,1,Product dimensions,https://sc04.alicdn.com/kf/Adf716611a04a484d9933f060d1bf796cn.jpg,1200,1200,JPEG,
1601939751023,detail,2,Scene image,https://sc04.alicdn.com/kf/S442a6e8f6d264d978e8349bc74b5ebf9Z.jpg,1200,1200,JPEG,
1601939751023,detail,3,Other product images,https://sc04.alicdn.com/kf/S1cc1d8247d324a969011254c0c6b4099F.jpg,1200,1200,JPEG,
1601939751023,detail,4,Detail shot,https://sc04.alicdn.com/kf/Sfa85ed2714524dff9c3f69e401880259F.jpg,1200,1200,JPEG,
1601939751023,company,1,Production workflow,https://sc04.alicdn.com/kf/Sdc4e18f098e142b797df687e8befbfa14.png,1500,1492,PNG,
1601939751023,company,2,Factory profile,https://sc04.alicdn.com/kf/Sfea34bbd56ae4d0583aa855838eb1454F.png,1500,1364,PNG,
1601939751023,company,3,Company overview,https://sc04.alicdn.com/kf/Sf587c854711748af9759e77ce5aeb03c3.png,1254,1254,PNG,
1601939751023,company,4,Customization capabilities,https://sc04.alicdn.com/kf/S2a3af5690d524680824086ad8419dbc9G.png,1254,1254,PNG,
1601939751023,company,5,Packaging & shipping specifications,https://sc04.alicdn.com/kf/Sc1dc6ec7d435404db6a31c6938a734a0g.png,1254,1254,PNG,
1601939722196,sku_color,1,White,https://sc04.alicdn.com/kf/Af36f65c4e9e1473496d259271cada89cs.jpg,1000,1000,JPEG,
1601939722196,sku_color,2,Apricot,https://sc04.alicdn.com/kf/A98732640d96e487190edd4d956e6f7f2c.jpg,1000,1000,JPEG,
1601939722196,sku_color,3,Blue,https://sc04.alicdn.com/kf/A7c7d2e1145214d5484da10b394a811e8o.jpg,1000,1000,JPEG,
1601939722196,sku_color,4,All Black,https://sc04.alicdn.com/kf/A6ea8f3cc83bd4ab3b60b61a77d02fb27h.jpg,1000,1000,JPEG,
1601939722196,sku_color,5,Black/White,https://sc04.alicdn.com/kf/A99d7813c6b3449f6b3a1897c61d1f1294.jpg,1000,1000,JPEG,
1601939722196,sku_color,6,Grey,https://sc04.alicdn.com/kf/A34e701239bd340e2868145ae4515b9c1Z.jpg,1000,1000,JPEG,
1601939722196,detail,1,Other product images,https://sc04.alicdn.com/kf/S1cc1d8247d324a969011254c0c6b4099F.jpg,1200,1200,JPEG,
1601939722196,detail,2,Product dimensions,https://sc04.alicdn.com/kf/Adf716611a04a484d9933f060d1bf796cn.jpg,1200,1200,JPEG,
1601939722196,detail,3,Detail shot,https://sc04.alicdn.com/kf/Sfa85ed2714524dff9c3f69e401880259F.jpg,1200,1200,JPEG,
1601939722196,detail,4,Scene image,https://sc04.alicdn.com/kf/S442a6e8f6d264d978e8349bc74b5ebf9Z.jpg,1200,1200,JPEG,
1601939722196,company,1,Production workflow,https://sc04.alicdn.com/kf/Sdc4e18f098e142b797df687e8befbfa14.png,1500,1492,PNG,
1601939722196,company,2,Packaging & shipping specifications,https://sc04.alicdn.com/kf/Sc1dc6ec7d435404db6a31c6938a734a0g.png,1254,1254,PNG,
1601939722196,company,3,Factory profile,https://sc04.alicdn.com/kf/Sfea34bbd56ae4d0583aa855838eb1454F.png,1500,1364,PNG,
1601939722196,company,4,Company overview,https://sc04.alicdn.com/kf/Sf587c854711748af9759e77ce5aeb03c3.png,1254,1254,PNG,
1601939722196,company,5,Customization capabilities,https://sc04.alicdn.com/kf/S2a3af5690d524680824086ad8419dbc9G.png,1254,1254,PNG,
1601939693331,sku_color,1,Grey/White,https://sc04.alicdn.com/kf/S4d61138df2ef4c118a32beb81aa086c7P.jpg,1200,1200,JPEG,
1601939693331,sku_color,2,Black/White,https://sc04.alicdn.com/kf/Sd8d6b7fa901d443e832cd445d486b4bbh.jpg,1200,1200,JPEG,
1601939693331,sku_color,3,All Black,https://sc04.alicdn.com/kf/S2e2767e986af4e78b7c8ade00fc85ba2f.jpg,1200,1200,JPEG,
1601939693331,sku_color,4,Green/White,https://sc04.alicdn.com/kf/Sb115546e7d1b4ca29fa4956c07f7de058.jpg,1200,1200,JPEG,
1601939693331,sku_color,5,Off White,https://sc04.alicdn.com/kf/S63a4755c7a7847bcbdfccf9d50550a60g.jpg,1200,1200,JPEG,
1601939693331,detail,1,Other product images,https://sc04.alicdn.com/kf/S06676d12ecf14d5aaa51e7e03c1d453e1.jpg,800,800,JPEG,
1601939693331,detail,2,Detail shot,https://sc04.alicdn.com/kf/S1a9fedceaff046e9a15d98b3572f2bd5o.jpg,800,800,JPEG,
1601939693331,detail,3,Product dimensions,https://sc04.alicdn.com/kf/S161431d31bcd42ad881f5f0affa2bfbbD.png,979,1606,PNG,
1601939693331,detail,4,Scene image,https://sc04.alicdn.com/kf/S0d8217d344364b4f8d742d1556ac4c44T.jpg,800,800,JPEG,
1601939693331,company,1,Company overview,https://sc04.alicdn.com/kf/Sf587c854711748af9759e77ce5aeb03c3.png,1254,1254,PNG,
1601939693331,company,2,Factory profile,https://sc04.alicdn.com/kf/Sfea34bbd56ae4d0583aa855838eb1454F.png,1500,1364,PNG,
1601939693331,company,3,Production workflow,https://sc04.alicdn.com/kf/Sdc4e18f098e142b797df687e8befbfa14.png,1500,1492,PNG,
1601939693331,company,4,Packaging & shipping specifications,https://sc04.alicdn.com/kf/Sc1dc6ec7d435404db6a31c6938a734a0g.png,1254,1254,PNG,
1601939693331,company,5,Customization capabilities,https://sc04.alicdn.com/kf/S2a3af5690d524680824086ad8419dbc9G.png,1254,1254,PNG,
1601939667426,sku_color,1,Grey/White,https://sc04.alicdn.com/kf/S4d61138df2ef4c118a32beb81aa086c7P.jpg,1200,1200,JPEG,
1601939667426,sku_color,2,Black/White,https://sc04.alicdn.com/kf/Sd8d6b7fa901d443e832cd445d486b4bbh.jpg,1200,1200,JPEG,
1601939667426,sku_color,3,All Black,https://sc04.alicdn.com/kf/S2e2767e986af4e78b7c8ade00fc85ba2f.jpg,1200,1200,JPEG,
1601939667426,sku_color,4,Green/White,https://sc04.alicdn.com/kf/Sb115546e7d1b4ca29fa4956c07f7de058.jpg,1200,1200,JPEG,
1601939667426,sku_color,5,Off White,https://sc04.alicdn.com/kf/S63a4755c7a7847bcbdfccf9d50550a60g.jpg,1200,1200,JPEG,
1601939667426,detail,1,Detail shot,https://sc04.alicdn.com/kf/S1a9fedceaff046e9a15d98b3572f2bd5o.jpg,800,800,JPEG,
1601939667426,detail,2,Other product images,https://sc04.alicdn.com/kf/S06676d12ecf14d5aaa51e7e03c1d453e1.jpg,800,800,JPEG,
1601939667426,detail,3,Product dimensions,https://sc04.alicdn.com/kf/S161431d31bcd42ad881f5f0affa2bfbbD.png,979,1606,PNG,
1601939667426,detail,4,Scene image,https://sc04.alicdn.com/kf/S0d8217d344364b4f8d742d1556ac4c44T.jpg,800,800,JPEG,
1601939667426,company,1,Company overview,https://sc04.alicdn.com/kf/Sf587c854711748af9759e77ce5aeb03c3.png,1254,1254,PNG,
1601939667426,company,2,Factory profile,https://sc04.alicdn.com/kf/Sfea34bbd56ae4d0583aa855838eb1454F.png,1500,1364,PNG,
1601939667426,company,3,Packaging & shipping specifications,https://sc04.alicdn.com/kf/Sc1dc6ec7d435404db6a31c6938a734a0g.png,1254,1254,PNG,
1601939667426,company,4,Production workflow,https://sc04.alicdn.com/kf/Sdc4e18f098e142b797df687e8befbfa14.png,1500,1492,PNG,
1601939667426,company,5,Customization capabilities,https://sc04.alicdn.com/kf/S2a3af5690d524680824086ad8419dbc9G.png,1254,1254,PNG,
1601939672381,sku_color,1,Green,https://sc04.alicdn.com/kf/Se37387c09d3e4f59b9112440a3d48d215.jpg,900,900,JPEG,
1601939672381,sku_color,2,Grey,https://sc04.alicdn.com/kf/S249c57b03c3b4ae492a756b38db06344W.jpg,900,900,JPEG,
1601939672381,sku_color,3,Purple,https://sc04.alicdn.com/kf/Sc69e5819f5e941948c6fa7102227a28dl.jpg,900,900,JPEG,
1601939672381,sku_color,4,Pink,https://sc04.alicdn.com/kf/S4b39d8d97c2d4abfadc534a9ffde7d70u.jpg,900,900,JPEG,
1601939672381,detail,1,Detail shot,https://sc04.alicdn.com/kf/H3b8a125279654c43ae8aea27945c8257T.jpg,1200,1200,JPEG,
1601939672381,detail,2,Other product images,https://sc04.alicdn.com/kf/S19a92ff9ed7a49aeb411d19cc2c87870d.jpg,1200,1200,JPEG,
1601939672381,detail,3,Scene image,https://sc04.alicdn.com/kf/H6010caa184524559828140707dd31d51J.jpg,1200,1200,JPEG,
1601939672381,detail,4,Product dimensions,https://sc04.alicdn.com/kf/Haa29391799df4de68b3b465b2ab45bb0R.jpg,1200,1200,JPEG,
1601939672381,company,1,Production workflow,https://sc04.alicdn.com/kf/Sdc4e18f098e142b797df687e8befbfa14.png,1500,1492,PNG,
1601939672381,company,2,Packaging & shipping specifications,https://sc04.alicdn.com/kf/Sc1dc6ec7d435404db6a31c6938a734a0g.png,1254,1254,PNG,
1601939672381,company,3,Company overview,https://sc04.alicdn.com/kf/Sf587c854711748af9759e77ce5aeb03c3.png,1254,1254,PNG,
1601939672381,company,4,Factory profile,https://sc04.alicdn.com/kf/Sfea34bbd56ae4d0583aa855838eb1454F.png,1500,1364,PNG,
1601939672381,company,5,Customization capabilities,https://sc04.alicdn.com/kf/S2a3af5690d524680824086ad8419dbc9G.png,1254,1254,PNG,
1601939679363,sku_color,1,Green,https://sc04.alicdn.com/kf/Se37387c09d3e4f59b9112440a3d48d215.jpg,900,900,JPEG,
1601939679363,sku_color,2,Grey,https://sc04.alicdn.com/kf/S249c57b03c3b4ae492a756b38db06344W.jpg,900,900,JPEG,
1601939679363,sku_color,3,Purple,https://sc04.alicdn.com/kf/Sc69e5819f5e941948c6fa7102227a28dl.jpg,900,900,JPEG,
1601939679363,sku_color,4,Pink,https://sc04.alicdn.com/kf/S4b39d8d97c2d4abfadc534a9ffde7d70u.jpg,900,900,JPEG,
1601939679363,detail,1,Product dimensions,https://sc04.alicdn.com/kf/Haa29391799df4de68b3b465b2ab45bb0R.jpg,1200,1200,JPEG,
1601939679363,detail,2,Detail shot,https://sc04.alicdn.com/kf/H3b8a125279654c43ae8aea27945c8257T.jpg,1200,1200,JPEG,
1601939679363,detail,3,Other product images,https://sc04.alicdn.com/kf/S19a92ff9ed7a49aeb411d19cc2c87870d.jpg,1200,1200,JPEG,
1601939679363,detail,4,Scene image,https://sc04.alicdn.com/kf/H6010caa184524559828140707dd31d51J.jpg,1200,1200,JPEG,
1601939679363,company,1,Packaging & shipping specifications,https://sc04.alicdn.com/kf/Sc1dc6ec7d435404db6a31c6938a734a0g.png,1254,1254,PNG,
1601939679363,company,2,Customization capabilities,https://sc04.alicdn.com/kf/S2a3af5690d524680824086ad8419dbc9G.png,1254,1254,PNG,
1601939679363,company,3,Production workflow,https://sc04.alicdn.com/kf/Sdc4e18f098e142b797df687e8befbfa14.png,1500,1492,PNG,
1601939679363,company,4,Factory profile,https://sc04.alicdn.com/kf/Sfea34bbd56ae4d0583aa855838eb1454F.png,1500,1364,PNG,
1601939679363,company,5,Company overview,https://sc04.alicdn.com/kf/Sf587c854711748af9759e77ce5aeb03c3.png,1254,1254,PNG,
1601939749045,sku_color,1,All Black,https://sc04.alicdn.com/kf/Sbb9ad584dbce4eca97ad9c0512ff38c98.jpg,900,900,JPEG,
1601939749045,sku_color,2,Black White,https://sc04.alicdn.com/kf/Secfd69d307a04e55889fd051b44c54c4y.jpg,900,900,JPEG,
1601939749045,detail,1,Detail shot,https://sc04.alicdn.com/kf/H60b05585d86141068da86dad7d4c5c4dv.jpg,1200,1200,JPEG,
1601939749045,detail,2,Other product images,https://sc04.alicdn.com/kf/Hc14a04b98a8443a1b92a1779e73e09fdv.jpg,1200,1200,JPEG,
1601939749045,detail,3,Scene image,https://sc04.alicdn.com/kf/H04e86676bca643cca9167de6fcf80964y.jpg,1200,1200,JPEG,
1601939749045,detail,4,Product dimensions,https://sc04.alicdn.com/kf/H50fb69196e2a44409ddd0a888431b49aW.jpg,1200,1200,JPEG,
1601939749045,company,1,Production workflow,https://sc04.alicdn.com/kf/Sdc4e18f098e142b797df687e8befbfa14.png,1500,1492,PNG,
1601939749045,company,2,Factory profile,https://sc04.alicdn.com/kf/Sfea34bbd56ae4d0583aa855838eb1454F.png,1500,1364,PNG,
1601939749045,company,3,Customization capabilities,https://sc04.alicdn.com/kf/S2a3af5690d524680824086ad8419dbc9G.png,1254,1254,PNG,
1601939749045,company,4,Packaging & shipping specifications,https://sc04.alicdn.com/kf/Sc1dc6ec7d435404db6a31c6938a734a0g.png,1254,1254,PNG,
1601939749045,company,5,Company overview,https://sc04.alicdn.com/kf/Sf587c854711748af9759e77ce5aeb03c3.png,1254,1254,PNG,
1601939615744,sku_color,1,Green,https://sc04.alicdn.com/kf/Se37387c09d3e4f59b9112440a3d48d215.jpg,900,900,JPEG,
1601939615744,sku_color,2,Grey,https://sc04.alicdn.com/kf/S249c57b03c3b4ae492a756b38db06344W.jpg,900,900,JPEG,
1601939615744,sku_color,3,Purple,https://sc04.alicdn.com/kf/Sc69e5819f5e941948c6fa7102227a28dl.jpg,900,900,JPEG,
1601939615744,sku_color,4,Pink,https://sc04.alicdn.com/kf/S4b39d8d97c2d4abfadc534a9ffde7d70u.jpg,900,900,JPEG,
1601939615744,detail,1,Scene image,https://sc04.alicdn.com/kf/H6010caa184524559828140707dd31d51J.jpg,1200,1200,JPEG,
1601939615744,detail,2,Product dimensions,https://sc04.alicdn.com/kf/Haa29391799df4de68b3b465b2ab45bb0R.jpg,1200,1200,JPEG,
1601939615744,detail,3,Detail shot,https://sc04.alicdn.com/kf/H3b8a125279654c43ae8aea27945c8257T.jpg,1200,1200,JPEG,
1601939615744,detail,4,Other product images,https://sc04.alicdn.com/kf/S19a92ff9ed7a49aeb411d19cc2c87870d.jpg,1200,1200,JPEG,
1601939615744,company,1,Customization capabilities,https://sc04.alicdn.com/kf/S2a3af5690d524680824086ad8419dbc9G.png,1254,1254,PNG,
1601939615744,company,2,Packaging & shipping specifications,https://sc04.alicdn.com/kf/Sc1dc6ec7d435404db6a31c6938a734a0g.png,1254,1254,PNG,
1601939615744,company,3,Production workflow,https://sc04.alicdn.com/kf/Sdc4e18f098e142b797df687e8befbfa14.png,1500,1492,PNG,
1601939615744,company,4,Factory profile,https://sc04.alicdn.com/kf/Sfea34bbd56ae4d0583aa855838eb1454F.png,1500,1364,PNG,
1601939615744,company,5,Company overview,https://sc04.alicdn.com/kf/Sf587c854711748af9759e77ce5aeb03c3.png,1254,1254,PNG,
1601939607770,sku_color,1,Black White,https://sc04.alicdn.com/kf/Secfd69d307a04e55889fd051b44c54c4y.jpg,900,900,JPEG,
1601939607770,sku_color,2,All Black,https://sc04.alicdn.com/kf/Sbb9ad584dbce4eca97ad9c0512ff38c98.jpg,900,900,JPEG,
1601939607770,detail,1,Detail shot,https://sc04.alicdn.com/kf/H60b05585d86141068da86dad7d4c5c4dv.jpg,1200,1200,JPEG,
1601939607770,detail,2,Other product images,https://sc04.alicdn.com/kf/Hc14a04b98a8443a1b92a1779e73e09fdv.jpg,1200,1200,JPEG,
1601939607770,detail,3,Product dimensions,https://sc04.alicdn.com/kf/H50fb69196e2a44409ddd0a888431b49aW.jpg,1200,1200,JPEG,
1601939607770,detail,4,Scene image,https://sc04.alicdn.com/kf/H04e86676bca643cca9167de6fcf80964y.jpg,1200,1200,JPEG,
1601939607770,company,1,Packaging & shipping specifications,https://sc04.alicdn.com/kf/Sc1dc6ec7d435404db6a31c6938a734a0g.png,1254,1254,PNG,
1601939607770,company,2,Production workflow,https://sc04.alicdn.com/kf/Sdc4e18f098e142b797df687e8befbfa14.png,1500,1492,PNG,
1601939607770,company,3,Customization capabilities,https://sc04.alicdn.com/kf/S2a3af5690d524680824086ad8419dbc9G.png,1254,1254,PNG,
1601939607770,company,4,Factory profile,https://sc04.alicdn.com/kf/Sfea34bbd56ae4d0583aa855838eb1454F.png,1500,1364,PNG,
1601939607770,company,5,Company overview,https://sc04.alicdn.com/kf/Sf587c854711748af9759e77ce5aeb03c3.png,1254,1254,PNG,
1601939721228,sku_color,1,Black White,https://sc04.alicdn.com/kf/Secfd69d307a04e55889fd051b44c54c4y.jpg,900,900,JPEG,
1601939721228,sku_color,2,All Black,https://sc04.alicdn.com/kf/Sbb9ad584dbce4eca97ad9c0512ff38c98.jpg,900,900,JPEG,
1601939721228,detail,1,Detail shot,https://sc04.alicdn.com/kf/H60b05585d86141068da86dad7d4c5c4dv.jpg,1200,1200,JPEG,
1601939721228,detail,2,Other product images,https://sc04.alicdn.com/kf/Hc14a04b98a8443a1b92a1779e73e09fdv.jpg,1200,1200,JPEG,
1601939721228,detail,3,Scene image,https://sc04.alicdn.com/kf/H04e86676bca643cca9167de6fcf80964y.jpg,1200,1200,JPEG,
1601939721228,detail,4,Product dimensions,https://sc04.alicdn.com/kf/H50fb69196e2a44409ddd0a888431b49aW.jpg,1200,1200,JPEG,
1601939721228,company,1,Company overview,https://sc04.alicdn.com/kf/Sf587c854711748af9759e77ce5aeb03c3.png,1254,1254,PNG,
1601939721228,company,2,Production workflow,https://sc04.alicdn.com/kf/Sdc4e18f098e142b797df687e8befbfa14.png,1500,1492,PNG,
1601939721228,company,3,Customization capabilities,https://sc04.alicdn.com/kf/S2a3af5690d524680824086ad8419dbc9G.png,1254,1254,PNG,
1601939721228,company,4,Packaging & shipping specifications,https://sc04.alicdn.com/kf/Sc1dc6ec7d435404db6a31c6938a734a0g.png,1254,1254,PNG,
1601939721228,company,5,Factory profile,https://sc04.alicdn.com/kf/Sfea34bbd56ae4d0583aa855838eb1454F.png,1500,1364,PNG,
1601939720204,sku_color,1,Blue,https://sc04.alicdn.com/kf/S3ee1fe3ddfff4f00ba00c8975e83f4acj.jpg,1000,1000,JPEG,
1601939720204,sku_color,2,Grey,https://sc04.alicdn.com/kf/S840ec60105a7483da34391fb5efc2dbdR.jpg,1000,1000,JPEG,
1601939720204,sku_color,3,Black White,https://sc04.alicdn.com/kf/S7281b7ce1e3a42918b2f90bd0088d622t.jpg,1000,1000,JPEG,
1601939720204,sku_color,4,White,https://sc04.alicdn.com/kf/Sfac3c3d26d3f404b86cd3addb65d5109A.jpg,1000,1000,JPEG,
1601939720204,sku_color,5,Apricot,https://sc04.alicdn.com/kf/S153f232093a1490582fed2b62170a351f.jpg,1000,1000,JPEG,
1601939720204,detail,1,Scene image,https://sc04.alicdn.com/kf/H012dffbee27c42fda380f26b0be0f6b74.jpg,1200,1200,JPEG,
1601939720204,detail,2,Product dimensions,https://sc04.alicdn.com/kf/Hb6b84cc0154a4a4b98a1dfde50a8f3c78.jpg,1200,1200,JPEG,
1601939720204,detail,3,Detail shot,https://sc04.alicdn.com/kf/H7c90db4a64c54e509bc7e5d5eab8a0c8A.jpg,1200,1200,JPEG,
1601939720204,detail,4,Other product images,https://sc04.alicdn.com/kf/S64cfcb466e56406a96915a3e63b8a4c2C.jpg,1200,1200,JPEG,
1601939720204,company,1,Factory profile,https://sc04.alicdn.com/kf/Sfea34bbd56ae4d0583aa855838eb1454F.png,1500,1364,PNG,
1601939720204,company,2,Company overview,https://sc04.alicdn.com/kf/Sf587c854711748af9759e77ce5aeb03c3.png,1254,1254,PNG,
1601939720204,company,3,Packaging & shipping specifications,https://sc04.alicdn.com/kf/Sc1dc6ec7d435404db6a31c6938a734a0g.png,1254,1254,PNG,
1601939720204,company,4,Production workflow,https://sc04.alicdn.com/kf/Sdc4e18f098e142b797df687e8befbfa14.png,1500,1492,PNG,
1601939720204,company,5,Customization capabilities,https://sc04.alicdn.com/kf/S2a3af5690d524680824086ad8419dbc9G.png,1254,1254,PNG,
1601939625627,sku_color,1,Blue,https://sc04.alicdn.com/kf/S3ee1fe3ddfff4f00ba00c8975e83f4acj.jpg,1000,1000,JPEG,
1601939625627,sku_color,2,Grey,https://sc04.alicdn.com/kf/S840ec60105a7483da34391fb5efc2dbdR.jpg,1000,1000,JPEG,
1601939625627,sku_color,3,Black White,https://sc04.alicdn.com/kf/S7281b7ce1e3a42918b2f90bd0088d622t.jpg,1000,1000,JPEG,
1601939625627,sku_color,4,White,https://sc04.alicdn.com/kf/Sfac3c3d26d3f404b86cd3addb65d5109A.jpg,1000,1000,JPEG,
1601939625627,sku_color,5,Apricot,https://sc04.alicdn.com/kf/S153f232093a1490582fed2b62170a351f.jpg,1000,1000,JPEG,
1601939625627,detail,1,Other product images,https://sc04.alicdn.com/kf/S64cfcb466e56406a96915a3e63b8a4c2C.jpg,1200,1200,JPEG,
1601939625627,detail,2,Scene image,https://sc04.alicdn.com/kf/H012dffbee27c42fda380f26b0be0f6b74.jpg,1200,1200,JPEG,
1601939625627,detail,3,Detail shot,https://sc04.alicdn.com/kf/H7c90db4a64c54e509bc7e5d5eab8a0c8A.jpg,1200,1200,JPEG,
1601939625627,detail,4,Product dimensions,https://sc04.alicdn.com/kf/Hb6b84cc0154a4a4b98a1dfde50a8f3c78.jpg,1200,1200,JPEG,
1601939625627,company,1,Factory profile,https://sc04.alicdn.com/kf/Sfea34bbd56ae4d0583aa855838eb1454F.png,1500,1364,PNG,
1601939625627,company,2,Company overview,https://sc04.alicdn.com/kf/Sf587c854711748af9759e77ce5aeb03c3.png,1254,1254,PNG,
1601939625627,company,3,Production workflow,https://sc04.alicdn.com/kf/Sdc4e18f098e142b797df687e8befbfa14.png,1500,1492,PNG,
1601939625627,company,4,Customization capabilities,https://sc04.alicdn.com/kf/S2a3af5690d524680824086ad8419dbc9G.png,1254,1254,PNG,
1601939625627,company,5,Packaging & shipping specifications,https://sc04.alicdn.com/kf/Sc1dc6ec7d435404db6a31c6938a734a0g.png,1254,1254,PNG,
1601939616762,sku_color,1,Cream,https://sc04.alicdn.com/kf/S8b2ab7240ff943838b5365039bd3d23eY.jpg,900,900,JPEG,
1601939616762,sku_color,2,Grey,https://sc04.alicdn.com/kf/Seb05122294b9496195395be47a07c8dbf.jpg,900,900,JPEG,
1601939616762,sku_color,3,Black White,https://sc04.alicdn.com/kf/Sd833363272e24b12b30dfbc7794cf8ddl.jpg,900,900,JPEG,
1601939616762,sku_color,4,Black,https://sc04.alicdn.com/kf/S44f5e14251f54de8b7d0a06b9604bd15x.jpg,900,900,JPEG,
1601939616762,detail,1,Scene image,https://sc04.alicdn.com/kf/Sdc822169fd324194a3f088173364af24J.jpg,1200,1200,JPEG,
1601939616762,detail,2,Other product images,https://sc04.alicdn.com/kf/S5587279ebac44ddea3d65863ebc5725cl.jpg,1200,1200,JPEG,
1601939616762,detail,3,Detail shot,https://sc04.alicdn.com/kf/Sc0a8106d7fb44a969780a843a7510bcfm.jpg,1200,1200,JPEG,
1601939616762,detail,4,Product dimensions,https://sc04.alicdn.com/kf/S204b28117b7e4f179273b2a4efe4a156V.jpg,1200,1200,JPEG,
1601939616762,company,1,Customization capabilities,https://sc04.alicdn.com/kf/S2a3af5690d524680824086ad8419dbc9G.png,1254,1254,PNG,
1601939616762,company,2,Packaging & shipping specifications,https://sc04.alicdn.com/kf/Sc1dc6ec7d435404db6a31c6938a734a0g.png,1254,1254,PNG,
1601939616762,company,3,Production workflow,https://sc04.alicdn.com/kf/Sdc4e18f098e142b797df687e8befbfa14.png,1500,1492,PNG,
1601939616762,company,4,Factory profile,https://sc04.alicdn.com/kf/Sfea34bbd56ae4d0583aa855838eb1454F.png,1500,1364,PNG,
1601939616762,company,5,Company overview,https://sc04.alicdn.com/kf/Sf587c854711748af9759e77ce5aeb03c3.png,1254,1254,PNG,
1601939705262,sku_color,1,Black White,https://sc04.alicdn.com/kf/S7281b7ce1e3a42918b2f90bd0088d622t.jpg,1000,1000,JPEG,
1601939705262,sku_color,2,White,https://sc04.alicdn.com/kf/Sfac3c3d26d3f404b86cd3addb65d5109A.jpg,1000,1000,JPEG,
1601939705262,sku_color,3,Apricot,https://sc04.alicdn.com/kf/S153f232093a1490582fed2b62170a351f.jpg,1000,1000,JPEG,
1601939705262,sku_color,4,Grey,https://sc04.alicdn.com/kf/S840ec60105a7483da34391fb5efc2dbdR.jpg,1000,1000,JPEG,
1601939705262,sku_color,5,Blue,https://sc04.alicdn.com/kf/S3ee1fe3ddfff4f00ba00c8975e83f4acj.jpg,1000,1000,JPEG,
1601939705262,detail,1,Product dimensions,https://sc04.alicdn.com/kf/Hb6b84cc0154a4a4b98a1dfde50a8f3c78.jpg,1200,1200,JPEG,
1601939705262,detail,2,Detail shot,https://sc04.alicdn.com/kf/H7c90db4a64c54e509bc7e5d5eab8a0c8A.jpg,1200,1200,JPEG,
1601939705262,detail,3,Other product images,https://sc04.alicdn.com/kf/S64cfcb466e56406a96915a3e63b8a4c2C.jpg,1200,1200,JPEG,
1601939705262,detail,4,Scene image,https://sc04.alicdn.com/kf/H012dffbee27c42fda380f26b0be0f6b74.jpg,1200,1200,JPEG,
1601939705262,company,1,Customization capabilities,https://sc04.alicdn.com/kf/S2a3af5690d524680824086ad8419dbc9G.png,1254,1254,PNG,
1601939705262,company,2,Company overview,https://sc04.alicdn.com/kf/Sf587c854711748af9759e77ce5aeb03c3.png,1254,1254,PNG,
1601939705262,company,3,Production workflow,https://sc04.alicdn.com/kf/Sdc4e18f098e142b797df687e8befbfa14.png,1500,1492,PNG,
1601939705262,company,4,Packaging & shipping specifications,https://sc04.alicdn.com/kf/Sc1dc6ec7d435404db6a31c6938a734a0g.png,1254,1254,PNG,
1601939705262,company,5,Factory profile,https://sc04.alicdn.com/kf/Sfea34bbd56ae4d0583aa855838eb1454F.png,1500,1364,PNG,
1601939745065,sku_color,1,Pink,https://sc04.alicdn.com/kf/S19dd11c05ae14c7fa6d38c064ed52d232.jpg,900,900,JPEG,
1601939745065,sku_color,2,White,https://sc04.alicdn.com/kf/S69f2e4a3e2cf4925a9a4f0509a227c9cv.jpg,900,900,JPEG,
1601939745065,sku_color,3,Black,https://sc04.alicdn.com/kf/Sfbd4e01f42504025a4098b5c715d8124N.jpg,900,900,JPEG,
1601939745065,sku_color,4,Red,https://sc04.alicdn.com/kf/Sf0f48be61bd549a9a90641accc3b6d506.jpg,900,900,JPEG,
1601939745065,sku_color,5,Grey,https://sc04.alicdn.com/kf/S1a1137295d1740caa8b1123b7601c1daj.jpg,900,900,JPEG,
1601939745065,detail,1,Detail shot,https://sc04.alicdn.com/kf/S7d5287ffe1e8471da4fb21b50c2051dcT.jpg,1200,1200,JPEG,
1601939745065,detail,2,Scene image,https://sc04.alicdn.com/kf/S68186673a54d451b9f132a6ea4b2a308R.jpg,1200,1200,JPEG,
1601939745065,detail,3,Other product images,https://sc04.alicdn.com/kf/Se773778ed0cd45bb8aeaa222146e6eb8Q.jpg,1200,1200,JPEG,
1601939745065,detail,4,Product dimensions,https://sc04.alicdn.com/kf/S028a8494c6684240a465e9c720f5ded8H.jpg,1200,1200,JPEG,
1601939745065,company,1,Production workflow,https://sc04.alicdn.com/kf/Sdc4e18f098e142b797df687e8befbfa14.png,1500,1492,PNG,
1601939745065,company,2,Packaging & shipping specifications,https://sc04.alicdn.com/kf/Sc1dc6ec7d435404db6a31c6938a734a0g.png,1254,1254,PNG,
1601939745065,company,3,Factory profile,https://sc04.alicdn.com/kf/Sfea34bbd56ae4d0583aa855838eb1454F.png,1500,1364,PNG,
1601939745065,company,4,Company overview,https://sc04.alicdn.com/kf/Sf587c854711748af9759e77ce5aeb03c3.png,1254,1254,PNG,
1601939745065,company,5,Customization capabilities,https://sc04.alicdn.com/kf/S2a3af5690d524680824086ad8419dbc9G.png,1254,1254,PNG,
1601939692338,sku_color,1,Grey,https://sc04.alicdn.com/kf/Seb05122294b9496195395be47a07c8dbf.jpg,900,900,JPEG,
1601939692338,sku_color,2,Black White,https://sc04.alicdn.com/kf/Sd833363272e24b12b30dfbc7794cf8ddl.jpg,900,900,JPEG,
1601939692338,sku_color,3,Black,https://sc04.alicdn.com/kf/S44f5e14251f54de8b7d0a06b9604bd15x.jpg,900,900,JPEG,
1601939692338,sku_color,4,Cream,https://sc04.alicdn.com/kf/S8b2ab7240ff943838b5365039bd3d23eY.jpg,900,900,JPEG,
1601939692338,detail,1,Other product images,https://sc04.alicdn.com/kf/S5587279ebac44ddea3d65863ebc5725cl.jpg,1200,1200,JPEG,
1601939692338,detail,2,Scene image,https://sc04.alicdn.com/kf/Sdc822169fd324194a3f088173364af24J.jpg,1200,1200,JPEG,
1601939692338,detail,3,Detail shot,https://sc04.alicdn.com/kf/Sc0a8106d7fb44a969780a843a7510bcfm.jpg,1200,1200,JPEG,
1601939692338,detail,4,Product dimensions,https://sc04.alicdn.com/kf/S204b28117b7e4f179273b2a4efe4a156V.jpg,1200,1200,JPEG,
1601939692338,company,1,Customization capabilities,https://sc04.alicdn.com/kf/S2a3af5690d524680824086ad8419dbc9G.png,1254,1254,PNG,
1601939692338,company,2,Company overview,https://sc04.alicdn.com/kf/Sf587c854711748af9759e77ce5aeb03c3.png,1254,1254,PNG,
1601939692338,company,3,Factory profile,https://sc04.alicdn.com/kf/Sfea34bbd56ae4d0583aa855838eb1454F.png,1500,1364,PNG,
1601939692338,company,4,Packaging & shipping specifications,https://sc04.alicdn.com/kf/Sc1dc6ec7d435404db6a31c6938a734a0g.png,1254,1254,PNG,
1601939692338,company,5,Production workflow,https://sc04.alicdn.com/kf/Sdc4e18f098e142b797df687e8befbfa14.png,1500,1492,PNG,
1601939714238,sku_color,1,Red,https://sc04.alicdn.com/kf/Sf0f48be61bd549a9a90641accc3b6d506.jpg,900,900,JPEG,
1601939714238,sku_color,2,Grey,https://sc04.alicdn.com/kf/S1a1137295d1740caa8b1123b7601c1daj.jpg,900,900,JPEG,
1601939714238,sku_color,3,White,https://sc04.alicdn.com/kf/S69f2e4a3e2cf4925a9a4f0509a227c9cv.jpg,900,900,JPEG,
1601939714238,sku_color,4,Black,https://sc04.alicdn.com/kf/Sfbd4e01f42504025a4098b5c715d8124N.jpg,900,900,JPEG,
1601939714238,sku_color,5,Pink,https://sc04.alicdn.com/kf/S19dd11c05ae14c7fa6d38c064ed52d232.jpg,900,900,JPEG,
1601939714238,detail,1,Detail shot,https://sc04.alicdn.com/kf/S7d5287ffe1e8471da4fb21b50c2051dcT.jpg,1200,1200,JPEG,
1601939714238,detail,2,Product dimensions,https://sc04.alicdn.com/kf/S028a8494c6684240a465e9c720f5ded8H.jpg,1200,1200,JPEG,
1601939714238,detail,3,Other product images,https://sc04.alicdn.com/kf/Se773778ed0cd45bb8aeaa222146e6eb8Q.jpg,1200,1200,JPEG,
1601939714238,detail,4,Scene image,https://sc04.alicdn.com/kf/S68186673a54d451b9f132a6ea4b2a308R.jpg,1200,1200,JPEG,
1601939714238,company,1,Customization capabilities,https://sc04.alicdn.com/kf/S2a3af5690d524680824086ad8419dbc9G.png,1254,1254,PNG,
1601939714238,company,2,Packaging & shipping specifications,https://sc04.alicdn.com/kf/Sc1dc6ec7d435404db6a31c6938a734a0g.png,1254,1254,PNG,
1601939714238,company,3,Company overview,https://sc04.alicdn.com/kf/Sf587c854711748af9759e77ce5aeb03c3.png,1254,1254,PNG,
1601939714238,company,4,Factory profile,https://sc04.alicdn.com/kf/Sfea34bbd56ae4d0583aa855838eb1454F.png,1500,1364,PNG,
1601939714238,company,5,Production workflow,https://sc04.alicdn.com/kf/Sdc4e18f098e142b797df687e8befbfa14.png,1500,1492,PNG,
1601939725201,sku_color,1,White,https://sc04.alicdn.com/kf/S69f2e4a3e2cf4925a9a4f0509a227c9cv.jpg,900,900,JPEG,
1601939725201,sku_color,2,Black,https://sc04.alicdn.com/kf/Sfbd4e01f42504025a4098b5c715d8124N.jpg,900,900,JPEG,
1601939725201,sku_color,3,Pink,https://sc04.alicdn.com/kf/S19dd11c05ae14c7fa6d38c064ed52d232.jpg,900,900,JPEG,
1601939725201,sku_color,4,Red,https://sc04.alicdn.com/kf/Sf0f48be61bd549a9a90641accc3b6d506.jpg,900,900,JPEG,
1601939725201,sku_color,5,Grey,https://sc04.alicdn.com/kf/S1a1137295d1740caa8b1123b7601c1daj.jpg,900,900,JPEG,
1601939725201,detail,1,Product dimensions,https://sc04.alicdn.com/kf/S028a8494c6684240a465e9c720f5ded8H.jpg,1200,1200,JPEG,
1601939725201,detail,2,Scene image,https://sc04.alicdn.com/kf/S68186673a54d451b9f132a6ea4b2a308R.jpg,1200,1200,JPEG,
1601939725201,detail,3,Other product images,https://sc04.alicdn.com/kf/Se773778ed0cd45bb8aeaa222146e6eb8Q.jpg,1200,1200,JPEG,
1601939725201,detail,4,Detail shot,https://sc04.alicdn.com/kf/S7d5287ffe1e8471da4fb21b50c2051dcT.jpg,1200,1200,JPEG,
1601939725201,company,1,Factory profile,https://sc04.alicdn.com/kf/Sfea34bbd56ae4d0583aa855838eb1454F.png,1500,1364,PNG,
1601939725201,company,2,Packaging & shipping specifications,https://sc04.alicdn.com/kf/Sc1dc6ec7d435404db6a31c6938a734a0g.png,1254,1254,PNG,
1601939725201,company,3,Production workflow,https://sc04.alicdn.com/kf/Sdc4e18f098e142b797df687e8befbfa14.png,1500,1492,PNG,
1601939725201,company,4,Customization capabilities,https://sc04.alicdn.com/kf/S2a3af5690d524680824086ad8419dbc9G.png,1254,1254,PNG,
1601939725201,company,5,Company overview,https://sc04.alicdn.com/kf/Sf587c854711748af9759e77ce5aeb03c3.png,1254,1254,PNG,
1601939751016,sku_color,1,Black White,https://sc04.alicdn.com/kf/See4aa86fc7ae434dabbb36b98e80129av.jpg,900,900,JPEG,
1601939751016,sku_color,2,Light Grey,https://sc04.alicdn.com/kf/S9412c01e0cc34202ac9e53cd21584434B.jpg,900,900,JPEG,
1601939751016,sku_color,3,All Black,https://sc04.alicdn.com/kf/S2f63987357be46e6a8d26926fe216bb8i.jpg,900,900,JPEG,
1601939751016,detail,1,Scene image,https://sc04.alicdn.com/kf/Sb4123efa57484fb594186f1f084f3e5at.jpg,1200,1200,JPEG,
1601939751016,detail,2,Other product images,https://sc04.alicdn.com/kf/S686e579526d54a5abbb2df6d3255ad69n.jpg,1200,1200,JPEG,
1601939751016,detail,3,Detail shot,https://sc04.alicdn.com/kf/Sf0fa3b73f6cb42478ed002b586e4f4cfO.jpg,1200,1200,JPEG,
1601939751016,detail,4,Product dimensions,https://sc04.alicdn.com/kf/S7636353d67074060a73acbb5f7d9bbaec.jpg,1200,1200,JPEG,
1601939751016,company,1,Company overview,https://sc04.alicdn.com/kf/Sf587c854711748af9759e77ce5aeb03c3.png,1254,1254,PNG,
1601939751016,company,2,Factory profile,https://sc04.alicdn.com/kf/Sfea34bbd56ae4d0583aa855838eb1454F.png,1500,1364,PNG,
1601939751016,company,3,Production workflow,https://sc04.alicdn.com/kf/Sdc4e18f098e142b797df687e8befbfa14.png,1500,1492,PNG,
1601939751016,company,4,Packaging & shipping specifications,https://sc04.alicdn.com/kf/Sc1dc6ec7d435404db6a31c6938a734a0g.png,1254,1254,PNG,
1601939751016,company,5,Customization capabilities,https://sc04.alicdn.com/kf/S2a3af5690d524680824086ad8419dbc9G.png,1254,1254,PNG,
1601939612707,sku_color,1,All Black,https://sc04.alicdn.com/kf/S2f63987357be46e6a8d26926fe216bb8i.jpg,900,900,JPEG,
1601939612707,sku_color,2,Black White,https://sc04.alicdn.com/kf/See4aa86fc7ae434dabbb36b98e80129av.jpg,900,900,JPEG,
1601939612707,sku_color,3,Light Grey,https://sc04.alicdn.com/kf/S9412c01e0cc34202ac9e53cd21584434B.jpg,900,900,JPEG,
1601939612707,detail,1,Product dimensions,https://sc04.alicdn.com/kf/S7636353d67074060a73acbb5f7d9bbaec.jpg,1200,1200,JPEG,
1601939612707,detail,2,Scene image,https://sc04.alicdn.com/kf/Sb4123efa57484fb594186f1f084f3e5at.jpg,1200,1200,JPEG,
1601939612707,detail,3,Other product images,https://sc04.alicdn.com/kf/S686e579526d54a5abbb2df6d3255ad69n.jpg,1200,1200,JPEG,
1601939612707,detail,4,Detail shot,https://sc04.alicdn.com/kf/Sf0fa3b73f6cb42478ed002b586e4f4cfO.jpg,1200,1200,JPEG,
1601939612707,company,1,Customization capabilities,https://sc04.alicdn.com/kf/S2a3af5690d524680824086ad8419dbc9G.png,1254,1254,PNG,
1601939612707,company,2,Production workflow,https://sc04.alicdn.com/kf/Sdc4e18f098e142b797df687e8befbfa14.png,1500,1492,PNG,
1601939612707,company,3,Packaging & shipping specifications,https://sc04.alicdn.com/kf/Sc1dc6ec7d435404db6a31c6938a734a0g.png,1254,1254,PNG,
1601939612707,company,4,Company overview,https://sc04.alicdn.com/kf/Sf587c854711748af9759e77ce5aeb03c3.png,1254,1254,PNG,
1601939612707,company,5,Factory profile,https://sc04.alicdn.com/kf/Sfea34bbd56ae4d0583aa855838eb1454F.png,1500,1364,PNG,
1601939691342,sku_color,1,All Black,https://sc04.alicdn.com/kf/S3a1525fbe2294800bec12e24fe3c7d33E.jpg,900,900,JPEG,
1601939691342,sku_color,2,Yellow Sole,https://sc04.alicdn.com/kf/Se68f18810164413e8b8ca2c4052460708.jpg,900,900,JPEG,
1601939691342,sku_color,3,Light Grey,https://sc04.alicdn.com/kf/S66c14dcbc3b848c9946dfc7e3d2b870bE.jpg,900,900,JPEG,
1601939691342,sku_color,4,Dark Grey,https://sc04.alicdn.com/kf/Sffddda0f12a242b3a68efff3fa1aebbd3.jpg,900,900,JPEG,
1601939691342,detail,1,Scene image,https://sc04.alicdn.com/kf/S345c38a66297450786621bf58c46b67aL.jpg,1200,1200,JPEG,
1601939691342,detail,2,Product dimensions,https://sc04.alicdn.com/kf/Scfbb2dd004d14e1b9bd78405a9105423U.jpg,1200,1200,JPEG,
1601939691342,detail,3,Detail shot,https://sc04.alicdn.com/kf/S1c38ac999ac64347bc3dabf232ec6983k.jpg,1200,1200,JPEG,
1601939691342,detail,4,Other product images,https://sc04.alicdn.com/kf/S3c48dab5991c48d49e82fd62e90b7df4y.jpg,1200,1200,JPEG,
1601939691342,company,1,Factory profile,https://sc04.alicdn.com/kf/Sfea34bbd56ae4d0583aa855838eb1454F.png,1500,1364,PNG,
1601939691342,company,2,Customization capabilities,https://sc04.alicdn.com/kf/S2a3af5690d524680824086ad8419dbc9G.png,1254,1254,PNG,
1601939691342,company,3,Company overview,https://sc04.alicdn.com/kf/Sf587c854711748af9759e77ce5aeb03c3.png,1254,1254,PNG,
1601939691342,company,4,Production workflow,https://sc04.alicdn.com/kf/Sdc4e18f098e142b797df687e8befbfa14.png,1500,1492,PNG,
1601939691342,company,5,Packaging & shipping specifications,https://sc04.alicdn.com/kf/Sc1dc6ec7d435404db6a31c6938a734a0g.png,1254,1254,PNG,
1601939733108,sku_color,1,All Black,https://sc04.alicdn.com/kf/S2f63987357be46e6a8d26926fe216bb8i.jpg,900,900,JPEG,
1601939733108,sku_color,2,Black White,https://sc04.alicdn.com/kf/See4aa86fc7ae434dabbb36b98e80129av.jpg,900,900,JPEG,
1601939733108,sku_color,3,Light Grey,https://sc04.alicdn.com/kf/S9412c01e0cc34202ac9e53cd21584434B.jpg,900,900,JPEG,
1601939733108,detail,1,Other product images,https://sc04.alicdn.com/kf/S686e579526d54a5abbb2df6d3255ad69n.jpg,1200,1200,JPEG,
1601939733108,detail,2,Detail shot,https://sc04.alicdn.com/kf/Sf0fa3b73f6cb42478ed002b586e4f4cfO.jpg,1200,1200,JPEG,
1601939733108,detail,3,Product dimensions,https://sc04.alicdn.com/kf/S7636353d67074060a73acbb5f7d9bbaec.jpg,1200,1200,JPEG,
1601939733108,detail,4,Scene image,https://sc04.alicdn.com/kf/Sb4123efa57484fb594186f1f084f3e5at.jpg,1200,1200,JPEG,
1601939733108,company,1,Production workflow,https://sc04.alicdn.com/kf/Sdc4e18f098e142b797df687e8befbfa14.png,1500,1492,PNG,
1601939733108,company,2,Packaging & shipping specifications,https://sc04.alicdn.com/kf/Sc1dc6ec7d435404db6a31c6938a734a0g.png,1254,1254,PNG,
1601939733108,company,3,Customization capabilities,https://sc04.alicdn.com/kf/S2a3af5690d524680824086ad8419dbc9G.png,1254,1254,PNG,
1601939733108,company,4,Company overview,https://sc04.alicdn.com/kf/Sf587c854711748af9759e77ce5aeb03c3.png,1254,1254,PNG,
1601939733108,company,5,Factory profile,https://sc04.alicdn.com/kf/Sfea34bbd56ae4d0583aa855838eb1454F.png,1500,1364,PNG,
1601939684371,sku_color,1,Dark Grey,https://sc04.alicdn.com/kf/Sffddda0f12a242b3a68efff3fa1aebbd3.jpg,900,900,JPEG,
1601939684371,sku_color,2,All Black,https://sc04.alicdn.com/kf/S3a1525fbe2294800bec12e24fe3c7d33E.jpg,900,900,JPEG,
1601939684371,sku_color,3,Yellow Sole,https://sc04.alicdn.com/kf/Se68f18810164413e8b8ca2c4052460708.jpg,900,900,JPEG,
1601939684371,sku_color,4,Light Grey,https://sc04.alicdn.com/kf/S66c14dcbc3b848c9946dfc7e3d2b870bE.jpg,900,900,JPEG,
1601939684371,detail,1,Detail shot,https://sc04.alicdn.com/kf/S1c38ac999ac64347bc3dabf232ec6983k.jpg,1200,1200,JPEG,
1601939684371,detail,2,Other product images,https://sc04.alicdn.com/kf/S3c48dab5991c48d49e82fd62e90b7df4y.jpg,1200,1200,JPEG,
1601939684371,detail,3,Scene image,https://sc04.alicdn.com/kf/S345c38a66297450786621bf58c46b67aL.jpg,1200,1200,JPEG,
1601939684371,detail,4,Product dimensions,https://sc04.alicdn.com/kf/Scfbb2dd004d14e1b9bd78405a9105423U.jpg,1200,1200,JPEG,
1601939684371,company,1,Production workflow,https://sc04.alicdn.com/kf/Sdc4e18f098e142b797df687e8befbfa14.png,1500,1492,PNG,
1601939684371,company,2,Company overview,https://sc04.alicdn.com/kf/Sf587c854711748af9759e77ce5aeb03c3.png,1254,1254,PNG,
1601939684371,company,3,Factory profile,https://sc04.alicdn.com/kf/Sfea34bbd56ae4d0583aa855838eb1454F.png,1500,1364,PNG,
1601939684371,company,4,Customization capabilities,https://sc04.alicdn.com/kf/S2a3af5690d524680824086ad8419dbc9G.png,1254,1254,PNG,
1601939684371,company,5,Packaging & shipping specifications,https://sc04.alicdn.com/kf/Sc1dc6ec7d435404db6a31c6938a734a0g.png,1254,1254,PNG,
1601939616754,sku_color,1,Grey,https://sc04.alicdn.com/kf/Sa5cf5d5ec80b495c91f852062f178df5p.jpg,900,900,JPEG,
1601939616754,sku_color,2,Black,https://sc04.alicdn.com/kf/S9d5a26f942c4424b92575d1d1de95645H.jpg,900,900,JPEG,
1601939616754,sku_color,3,Brown,https://sc04.alicdn.com/kf/S5e83980b47c741668b5d8b4f6cc8e4bdt.jpg,900,900,JPEG,
1601939616754,detail,1,Product dimensions,https://sc04.alicdn.com/kf/Sa7449eac684b49baa26465caa45525f0b.jpg,1200,1200,JPEG,
1601939616754,detail,2,Scene image,https://sc04.alicdn.com/kf/Scf04d08b578f49a7affa97416887baa7w.jpg,1200,1200,JPEG,
1601939616754,detail,3,Detail shot,https://sc04.alicdn.com/kf/Sd42fc2ee64f843dcb264cd942523e5f4j.jpg,1200,1200,JPEG,
1601939616754,detail,4,Other product images,https://sc04.alicdn.com/kf/Se74b4ba3c9b448c79e0106aaae79e8adW.jpg,1200,1200,JPEG,
1601939616754,company,1,Factory profile,https://sc04.alicdn.com/kf/Sfea34bbd56ae4d0583aa855838eb1454F.png,1500,1364,PNG,
1601939616754,company,2,Packaging & shipping specifications,https://sc04.alicdn.com/kf/Sc1dc6ec7d435404db6a31c6938a734a0g.png,1254,1254,PNG,
1601939616754,company,3,Production workflow,https://sc04.alicdn.com/kf/Sdc4e18f098e142b797df687e8befbfa14.png,1500,1492,PNG,
1601939616754,company,4,Customization capabilities,https://sc04.alicdn.com/kf/S2a3af5690d524680824086ad8419dbc9G.png,1254,1254,PNG,
1601939616754,company,5,Company overview,https://sc04.alicdn.com/kf/Sf587c854711748af9759e77ce5aeb03c3.png,1254,1254,PNG,
1601939641581,sku_color,1,Black,https://sc04.alicdn.com/kf/S31678bf54e1b48aea05cc8676eaa1cd72.jpg,1000,1000,JPEG,
1601939641581,sku_color,2,Light Grey,https://sc04.alicdn.com/kf/S68775e0b2cf34c80bb16375031b6fb7bz.jpg,1000,1000,JPEG,
1601939641581,sku_color,3,Black White Stripe,https://sc04.alicdn.com/kf/Scffb1b02f7a04f4fb4b0c67647ed47606.jpg,1000,1000,JPEG,
1601939641581,detail,1,Scene image,https://sc04.alicdn.com/kf/Sdcddfeb73ab24258812445df1394fb2d0.jpg,1200,1200,JPEG,
1601939641581,detail,2,Product dimensions,https://sc04.alicdn.com/kf/Sf72cc813ebbe4db5a991489382052cffI.jpg,1200,1200,JPEG,
1601939641581,detail,3,Detail shot,https://sc04.alicdn.com/kf/S0434196955de443193cf612bc62e59ddf.jpg,1200,1200,JPEG,
1601939641581,detail,4,Other product images,https://sc04.alicdn.com/kf/S5b602fdf23604ed49db56f2711c63cfcD.jpg,1200,1200,JPEG,
1601939641581,company,1,Customization capabilities,https://sc04.alicdn.com/kf/S2a3af5690d524680824086ad8419dbc9G.png,1254,1254,PNG,
1601939641581,company,2,Factory profile,https://sc04.alicdn.com/kf/Sfea34bbd56ae4d0583aa855838eb1454F.png,1500,1364,PNG,
1601939641581,company,3,Packaging & shipping specifications,https://sc04.alicdn.com/kf/Sc1dc6ec7d435404db6a31c6938a734a0g.png,1254,1254,PNG,
1601939641581,company,4,Production workflow,https://sc04.alicdn.com/kf/Sdc4e18f098e142b797df687e8befbfa14.png,1500,1492,PNG,
1601939641581,company,5,Company overview,https://sc04.alicdn.com/kf/Sf587c854711748af9759e77ce5aeb03c3.png,1254,1254,PNG,
1601939659468,sku_color,1,Light Grey,https://sc04.alicdn.com/kf/S68775e0b2cf34c80bb16375031b6fb7bz.jpg,1000,1000,JPEG,
1601939659468,sku_color,2,Black White Stripe,https://sc04.alicdn.com/kf/Scffb1b02f7a04f4fb4b0c67647ed47606.jpg,1000,1000,JPEG,
1601939659468,sku_color,3,Black,https://sc04.alicdn.com/kf/S31678bf54e1b48aea05cc8676eaa1cd72.jpg,1000,1000,JPEG,
1601939659468,detail,1,Other product images,https://sc04.alicdn.com/kf/S5b602fdf23604ed49db56f2711c63cfcD.jpg,1200,1200,JPEG,
1601939659468,detail,2,Product dimensions,https://sc04.alicdn.com/kf/Sf72cc813ebbe4db5a991489382052cffI.jpg,1200,1200,JPEG,
1601939659468,detail,3,Scene image,https://sc04.alicdn.com/kf/Sdcddfeb73ab24258812445df1394fb2d0.jpg,1200,1200,JPEG,
1601939659468,detail,4,Detail shot,https://sc04.alicdn.com/kf/S0434196955de443193cf612bc62e59ddf.jpg,1200,1200,JPEG,
1601939659468,company,1,Customization capabilities,https://sc04.alicdn.com/kf/S2a3af5690d524680824086ad8419dbc9G.png,1254,1254,PNG,
1601939659468,company,2,Packaging & shipping specifications,https://sc04.alicdn.com/kf/Sc1dc6ec7d435404db6a31c6938a734a0g.png,1254,1254,PNG,
1601939659468,company,3,Production workflow,https://sc04.alicdn.com/kf/Sdc4e18f098e142b797df687e8befbfa14.png,1500,1492,PNG,
1601939659468,company,4,Factory profile,https://sc04.alicdn.com/kf/Sfea34bbd56ae4d0583aa855838eb1454F.png,1500,1364,PNG,
1601939659468,company,5,Company overview,https://sc04.alicdn.com/kf/Sf587c854711748af9759e77ce5aeb03c3.png,1254,1254,PNG,
1601939709217,sku_color,1,Grey,https://sc04.alicdn.com/kf/Scf0ae59ab4784dc4a99b01197ebdc9cfo.jpg,900,900,JPEG,
1601939709217,sku_color,2,Blue,https://sc04.alicdn.com/kf/S6d62f8557e4947398e99d1783f8e1d0bV.jpg,900,900,JPEG,
1601939709217,sku_color,3,White,https://sc04.alicdn.com/kf/S2f8de665c58d43b29eaf3c351cf76820m.jpg,900,900,JPEG,
1601939709217,sku_color,4,All Black,https://sc04.alicdn.com/kf/S16e4825094eb4081997a1b9868cb3704W.jpg,900,900,JPEG,
1601939709217,sku_color,5,Black White,https://sc04.alicdn.com/kf/Se0a270d5955c425c9a8507ca4118ffe3n.jpg,900,900,JPEG,
1601939709217,detail,1,Scene image,https://sc04.alicdn.com/kf/Hc1eda81a347d458391937f0e3f69d487Q.jpg,1200,1200,JPEG,
1601939709217,detail,2,Product dimensions,https://sc04.alicdn.com/kf/Hedb24b270ee44c3eb5dc3aa29df12801g.jpg,1200,1200,JPEG,
1601939709217,detail,3,Other product images,https://sc04.alicdn.com/kf/S75d1d87067b342cb940167c6ebb48ee7K.jpg,1200,1200,JPEG,
1601939709217,detail,4,Detail shot,https://sc04.alicdn.com/kf/H30bc6ef2c77c45bd9525528a2292f7c9n.jpg,1200,1200,JPEG,
1601939709217,company,1,Production workflow,https://sc04.alicdn.com/kf/Sdc4e18f098e142b797df687e8befbfa14.png,1500,1492,PNG,
1601939709217,company,2,Packaging & shipping specifications,https://sc04.alicdn.com/kf/Sc1dc6ec7d435404db6a31c6938a734a0g.png,1254,1254,PNG,
1601939709217,company,3,Company overview,https://sc04.alicdn.com/kf/Sf587c854711748af9759e77ce5aeb03c3.png,1254,1254,PNG,
1601939709217,company,4,Factory profile,https://sc04.alicdn.com/kf/Sfea34bbd56ae4d0583aa855838eb1454F.png,1500,1364,PNG,
1601939709217,company,5,Customization capabilities,https://sc04.alicdn.com/kf/S2a3af5690d524680824086ad8419dbc9G.png,1254,1254,PNG,
1601939709218,sku_color,1,Black White Stripe,https://sc04.alicdn.com/kf/Scffb1b02f7a04f4fb4b0c67647ed47606.jpg,1000,1000,JPEG,
1601939709218,sku_color,2,Black,https://sc04.alicdn.com/kf/S31678bf54e1b48aea05cc8676eaa1cd72.jpg,1000,1000,JPEG,
1601939709218,sku_color,3,Light Grey,https://sc04.alicdn.com/kf/S68775e0b2cf34c80bb16375031b6fb7bz.jpg,1000,1000,JPEG,
1601939709218,detail,1,Product dimensions,https://sc04.alicdn.com/kf/Sf72cc813ebbe4db5a991489382052cffI.jpg,1200,1200,JPEG,
1601939709218,detail,2,Other product images,https://sc04.alicdn.com/kf/S5b602fdf23604ed49db56f2711c63cfcD.jpg,1200,1200,JPEG,
1601939709218,detail,3,Detail shot,https://sc04.alicdn.com/kf/S0434196955de443193cf612bc62e59ddf.jpg,1200,1200,JPEG,
1601939709218,detail,4,Scene image,https://sc04.alicdn.com/kf/Sdcddfeb73ab24258812445df1394fb2d0.jpg,1200,1200,JPEG,
1601939709218,company,1,Customization capabilities,https://sc04.alicdn.com/kf/S2a3af5690d524680824086ad8419dbc9G.png,1254,1254,PNG,
1601939709218,company,2,Packaging & shipping specifications,https://sc04.alicdn.com/kf/Sc1dc6ec7d435404db6a31c6938a734a0g.png,1254,1254,PNG,
1601939709218,company,3,Production workflow,https://sc04.alicdn.com/kf/Sdc4e18f098e142b797df687e8befbfa14.png,1500,1492,PNG,
1601939709218,company,4,Company overview,https://sc04.alicdn.com/kf/Sf587c854711748af9759e77ce5aeb03c3.png,1254,1254,PNG,
1601939709218,company,5,Factory profile,https://sc04.alicdn.com/kf/Sfea34bbd56ae4d0583aa855838eb1454F.png,1500,1364,PNG,
1601939712249,sku_color,1,All Black,https://sc04.alicdn.com/kf/Sda6990613aca4561abd538220d92dc348.jpg,900,900,JPEG,
1601939712249,sku_color,2,Black White,https://sc04.alicdn.com/kf/Sff0efbb0e5424829a81575e702f355081.jpg,900,900,JPEG,
1601939712249,sku_color,3,White,https://sc04.alicdn.com/kf/Se21bbd23fce143c88997d0c11f4c4d10Q.jpg,900,900,JPEG,
1601939712249,sku_color,4,Grey,https://sc04.alicdn.com/kf/S0513f465c5534f5ca8dc2cb84fa20d83H.jpg,900,900,JPEG,
1601939712249,detail,1,Scene image,https://sc04.alicdn.com/kf/H1be4238290ff4f8f8fbcce1c8c4af73fx.jpg,1200,1200,JPEG,
1601939712249,detail,2,Product dimensions,https://sc04.alicdn.com/kf/H3d0630b9d3c3469fa873638708f637a6d.jpg,1200,1200,JPEG,
1601939712249,detail,3,Other product images,https://sc04.alicdn.com/kf/S709c472ffaa64f1dbac61fe382cd539bV.jpg,1200,1200,JPEG,
1601939712249,detail,4,Detail shot,https://sc04.alicdn.com/kf/Hf3f3de5923c443eb9b20d8caa5c55be9X.jpg,1200,1200,JPEG,
1601939712249,company,1,Customization capabilities,https://sc04.alicdn.com/kf/S2a3af5690d524680824086ad8419dbc9G.png,1254,1254,PNG,
1601939712249,company,2,Company overview,https://sc04.alicdn.com/kf/Sf587c854711748af9759e77ce5aeb03c3.png,1254,1254,PNG,
1601939712249,company,3,Production workflow,https://sc04.alicdn.com/kf/Sdc4e18f098e142b797df687e8befbfa14.png,1500,1492,PNG,
1601939712249,company,4,Packaging & shipping specifications,https://sc04.alicdn.com/kf/Sc1dc6ec7d435404db6a31c6938a734a0g.png,1254,1254,PNG,
1601939712249,company,5,Factory profile,https://sc04.alicdn.com/kf/Sfea34bbd56ae4d0583aa855838eb1454F.png,1500,1364,PNG,
1601939739115,sku_color,1,Grey,https://sc04.alicdn.com/kf/Scf0ae59ab4784dc4a99b01197ebdc9cfo.jpg,900,900,JPEG,
1601939739115,sku_color,2,Blue,https://sc04.alicdn.com/kf/S6d62f8557e4947398e99d1783f8e1d0bV.jpg,900,900,JPEG,
1601939739115,sku_color,3,White,https://sc04.alicdn.com/kf/S2f8de665c58d43b29eaf3c351cf76820m.jpg,900,900,JPEG,
1601939739115,sku_color,4,All Black,https://sc04.alicdn.com/kf/S16e4825094eb4081997a1b9868cb3704W.jpg,900,900,JPEG,
1601939739115,sku_color,5,Black White,https://sc04.alicdn.com/kf/Se0a270d5955c425c9a8507ca4118ffe3n.jpg,900,900,JPEG,
1601939739115,detail,1,Other product images,https://sc04.alicdn.com/kf/S75d1d87067b342cb940167c6ebb48ee7K.jpg,1200,1200,JPEG,
1601939739115,detail,2,Detail shot,https://sc04.alicdn.com/kf/H30bc6ef2c77c45bd9525528a2292f7c9n.jpg,1200,1200,JPEG,
1601939739115,detail,3,Scene image,https://sc04.alicdn.com/kf/Hc1eda81a347d458391937f0e3f69d487Q.jpg,1200,1200,JPEG,
1601939739115,detail,4,Product dimensions,https://sc04.alicdn.com/kf/Hedb24b270ee44c3eb5dc3aa29df12801g.jpg,1200,1200,JPEG,
1601939739115,company,1,Customization capabilities,https://sc04.alicdn.com/kf/S2a3af5690d524680824086ad8419dbc9G.png,1254,1254,PNG,
1601939739115,company,2,Production workflow,https://sc04.alicdn.com/kf/Sdc4e18f098e142b797df687e8befbfa14.png,1500,1492,PNG,
1601939739115,company,3,Packaging & shipping specifications,https://sc04.alicdn.com/kf/Sc1dc6ec7d435404db6a31c6938a734a0g.png,1254,1254,PNG,
1601939739115,company,4,Company overview,https://sc04.alicdn.com/kf/Sf587c854711748af9759e77ce5aeb03c3.png,1254,1254,PNG,
1601939739115,company,5,Factory profile,https://sc04.alicdn.com/kf/Sfea34bbd56ae4d0583aa855838eb1454F.png,1500,1364,PNG,
1601939625613,sku_color,1,White,https://sc04.alicdn.com/kf/Se21bbd23fce143c88997d0c11f4c4d10Q.jpg,900,900,JPEG,
1601939625613,sku_color,2,Grey,https://sc04.alicdn.com/kf/S0513f465c5534f5ca8dc2cb84fa20d83H.jpg,900,900,JPEG,
1601939625613,sku_color,3,All Black,https://sc04.alicdn.com/kf/Sda6990613aca4561abd538220d92dc348.jpg,900,900,JPEG,
1601939625613,sku_color,4,Black White,https://sc04.alicdn.com/kf/Sff0efbb0e5424829a81575e702f355081.jpg,900,900,JPEG,
1601939625613,detail,1,Product dimensions,https://sc04.alicdn.com/kf/H3d0630b9d3c3469fa873638708f637a6d.jpg,1200,1200,JPEG,
1601939625613,detail,2,Scene image,https://sc04.alicdn.com/kf/H1be4238290ff4f8f8fbcce1c8c4af73fx.jpg,1200,1200,JPEG,
1601939625613,detail,3,Other product images,https://sc04.alicdn.com/kf/S709c472ffaa64f1dbac61fe382cd539bV.jpg,1200,1200,JPEG,
1601939625613,detail,4,Detail shot,https://sc04.alicdn.com/kf/Hf3f3de5923c443eb9b20d8caa5c55be9X.jpg,1200,1200,JPEG,
1601939625613,company,1,Customization capabilities,https://sc04.alicdn.com/kf/S2a3af5690d524680824086ad8419dbc9G.png,1254,1254,PNG,
1601939625613,company,2,Company overview,https://sc04.alicdn.com/kf/Sf587c854711748af9759e77ce5aeb03c3.png,1254,1254,PNG,
1601939625613,company,3,Packaging & shipping specifications,https://sc04.alicdn.com/kf/Sc1dc6ec7d435404db6a31c6938a734a0g.png,1254,1254,PNG,
1601939625613,company,4,Production workflow,https://sc04.alicdn.com/kf/Sdc4e18f098e142b797df687e8befbfa14.png,1500,1492,PNG,
1601939625613,company,5,Factory profile,https://sc04.alicdn.com/kf/Sfea34bbd56ae4d0583aa855838eb1454F.png,1500,1364,PNG,
1601939616747,sku_color,1,Black,https://sc04.alicdn.com/kf/Sdca99864bfe5455db8e9626f632bd3b2v.jpg,900,900,JPEG,
1601939616747,sku_color,2,White,https://sc04.alicdn.com/kf/S7c88fb211abe4f73a6f76c591e537134t.jpg,900,900,JPEG,
1601939616747,sku_color,3,Light Grey,https://sc04.alicdn.com/kf/S341c196efc8c4751865f65b2f3a6d3bfX.jpg,900,900,JPEG,
1601939616747,sku_color,4,Cream,https://sc04.alicdn.com/kf/S0a0fc807053640a6b9894d2ca8f95e800.jpg,900,900,JPEG,
1601939616747,detail,1,Other product images,https://sc04.alicdn.com/kf/Sf629e537fc964a9984cf4c80f8e7b2aap.jpg,1200,1200,JPEG,
1601939616747,detail,2,Detail shot,https://sc04.alicdn.com/kf/A40ca667b5dcb494cb4349fe0b98db6f0C.jpg,1200,1200,JPEG,
1601939616747,detail,3,Scene image,https://sc04.alicdn.com/kf/Aba4fdd6630fb45679cd169b5e475c0b7S.jpg,1200,1200,JPEG,
1601939616747,detail,4,Product dimensions,https://sc04.alicdn.com/kf/A31bac423886340038a888c21c7472ad4Z.jpg,1200,1200,JPEG,
1601939616747,company,1,Customization capabilities,https://sc04.alicdn.com/kf/S2a3af5690d524680824086ad8419dbc9G.png,1254,1254,PNG,
1601939616747,company,2,Company overview,https://sc04.alicdn.com/kf/Sf587c854711748af9759e77ce5aeb03c3.png,1254,1254,PNG,
1601939616747,company,3,Production workflow,https://sc04.alicdn.com/kf/Sdc4e18f098e142b797df687e8befbfa14.png,1500,1492,PNG,
1601939616747,company,4,Packaging & shipping specifications,https://sc04.alicdn.com/kf/Sc1dc6ec7d435404db6a31c6938a734a0g.png,1254,1254,PNG,
1601939616747,company,5,Factory profile,https://sc04.alicdn.com/kf/Sfea34bbd56ae4d0583aa855838eb1454F.png,1500,1364,PNG,
1601939602873,sku_color,1,Black,https://sc04.alicdn.com/kf/Sdca99864bfe5455db8e9626f632bd3b2v.jpg,900,900,JPEG,
1601939602873,sku_color,2,White,https://sc04.alicdn.com/kf/S7c88fb211abe4f73a6f76c591e537134t.jpg,900,900,JPEG,
1601939602873,sku_color,3,Light Grey,https://sc04.alicdn.com/kf/S341c196efc8c4751865f65b2f3a6d3bfX.jpg,900,900,JPEG,
1601939602873,sku_color,4,Cream,https://sc04.alicdn.com/kf/S0a0fc807053640a6b9894d2ca8f95e800.jpg,900,900,JPEG,
1601939602873,detail,1,Scene image,https://sc04.alicdn.com/kf/Aba4fdd6630fb45679cd169b5e475c0b7S.jpg,1200,1200,JPEG,
1601939602873,detail,2,Product dimensions,https://sc04.alicdn.com/kf/A31bac423886340038a888c21c7472ad4Z.jpg,1200,1200,JPEG,
1601939602873,detail,3,Other product images,https://sc04.alicdn.com/kf/Sf629e537fc964a9984cf4c80f8e7b2aap.jpg,1200,1200,JPEG,
1601939602873,detail,4,Detail shot,https://sc04.alicdn.com/kf/A40ca667b5dcb494cb4349fe0b98db6f0C.jpg,1200,1200,JPEG,
1601939602873,company,1,Production workflow,https://sc04.alicdn.com/kf/Sdc4e18f098e142b797df687e8befbfa14.png,1500,1492,PNG,
1601939602873,company,2,Company overview,https://sc04.alicdn.com/kf/Sf587c854711748af9759e77ce5aeb03c3.png,1254,1254,PNG,
1601939602873,company,3,Factory profile,https://sc04.alicdn.com/kf/Sfea34bbd56ae4d0583aa855838eb1454F.png,1500,1364,PNG,
1601939602873,company,4,Packaging & shipping specifications,https://sc04.alicdn.com/kf/Sc1dc6ec7d435404db6a31c6938a734a0g.png,1254,1254,PNG,
1601939602873,company,5,Customization capabilities,https://sc04.alicdn.com/kf/S2a3af5690d524680824086ad8419dbc9G.png,1254,1254,PNG,
1601939695286,sku_color,1,White,https://sc04.alicdn.com/kf/S7c88fb211abe4f73a6f76c591e537134t.jpg,900,900,JPEG,
1601939695286,sku_color,2,Light Grey,https://sc04.alicdn.com/kf/S341c196efc8c4751865f65b2f3a6d3bfX.jpg,900,900,JPEG,
1601939695286,sku_color,3,Cream,https://sc04.alicdn.com/kf/S0a0fc807053640a6b9894d2ca8f95e800.jpg,900,900,JPEG,
1601939695286,sku_color,4,Black,https://sc04.alicdn.com/kf/Sdca99864bfe5455db8e9626f632bd3b2v.jpg,900,900,JPEG,
1601939695286,detail,1,Detail shot,https://sc04.alicdn.com/kf/A40ca667b5dcb494cb4349fe0b98db6f0C.jpg,1200,1200,JPEG,
1601939695286,detail,2,Product dimensions,https://sc04.alicdn.com/kf/A31bac423886340038a888c21c7472ad4Z.jpg,1200,1200,JPEG,
1601939695286,detail,3,Other product images,https://sc04.alicdn.com/kf/Sf629e537fc964a9984cf4c80f8e7b2aap.jpg,1200,1200,JPEG,
1601939695286,detail,4,Scene image,https://sc04.alicdn.com/kf/Aba4fdd6630fb45679cd169b5e475c0b7S.jpg,1200,1200,JPEG,
1601939695286,company,1,Factory profile,https://sc04.alicdn.com/kf/Sfea34bbd56ae4d0583aa855838eb1454F.png,1500,1364,PNG,
1601939695286,company,2,Production workflow,https://sc04.alicdn.com/kf/Sdc4e18f098e142b797df687e8befbfa14.png,1500,1492,PNG,
1601939695286,company,3,Customization capabilities,https://sc04.alicdn.com/kf/S2a3af5690d524680824086ad8419dbc9G.png,1254,1254,PNG,
1601939695286,company,4,Company overview,https://sc04.alicdn.com/kf/Sf587c854711748af9759e77ce5aeb03c3.png,1254,1254,PNG,
1601939695286,company,5,Packaging & shipping specifications,https://sc04.alicdn.com/kf/Sc1dc6ec7d435404db6a31c6938a734a0g.png,1254,1254,PNG,
1601939726170,sku_color,1,Cream,https://sc04.alicdn.com/kf/S616ed02bb2e9432a9ef8d7f39fa5a25f3.jpg,900,900,JPEG,
1601939726170,sku_color,2,Lavender,https://sc04.alicdn.com/kf/S783d5394ead14c42956e0eee6d570652U.jpg,900,900,JPEG,
1601939726170,sku_color,3,Black White,https://sc04.alicdn.com/kf/Saa8be4cb586e4eb6881fe0419b4378e0I.jpg,900,900,JPEG,
1601939726170,sku_color,4,Black,https://sc04.alicdn.com/kf/S6c2add39ffa04564bffa92c22c639b7bC.jpg,900,900,JPEG,
1601939726170,detail,1,Product dimensions,https://sc04.alicdn.com/kf/Sf6a31fc66468494f922e0599c95c498bo.jpg,1200,1200,JPEG,
1601939726170,detail,2,Detail shot,https://sc04.alicdn.com/kf/Sc8781044e2524ecdafe0f9f6b7e0a8d85.jpg,1200,1200,JPEG,
1601939726170,detail,3,Scene image,https://sc04.alicdn.com/kf/S7a577c269d2c407cbb5d654bc2b10922w.jpg,1200,1200,JPEG,
1601939726170,detail,4,Other product images,https://sc04.alicdn.com/kf/S7b32f0c573864fc5a90d8a6f1cddd436i.jpg,1200,1200,JPEG,
1601939726170,company,1,Customization capabilities,https://sc04.alicdn.com/kf/S2a3af5690d524680824086ad8419dbc9G.png,1254,1254,PNG,
1601939726170,company,2,Company overview,https://sc04.alicdn.com/kf/Sf587c854711748af9759e77ce5aeb03c3.png,1254,1254,PNG,
1601939726170,company,3,Production workflow,https://sc04.alicdn.com/kf/Sdc4e18f098e142b797df687e8befbfa14.png,1500,1492,PNG,
1601939726170,company,4,Packaging & shipping specifications,https://sc04.alicdn.com/kf/Sc1dc6ec7d435404db6a31c6938a734a0g.png,1254,1254,PNG,
1601939726170,company,5,Factory profile,https://sc04.alicdn.com/kf/Sfea34bbd56ae4d0583aa855838eb1454F.png,1500,1364,PNG,
1601939641542,sku_color,1,Black White,https://sc04.alicdn.com/kf/Saa8be4cb586e4eb6881fe0419b4378e0I.jpg,900,900,JPEG,
1601939641542,sku_color,2,Black,https://sc04.alicdn.com/kf/S6c2add39ffa04564bffa92c22c639b7bC.jpg,900,900,JPEG,
1601939641542,sku_color,3,Cream,https://sc04.alicdn.com/kf/S616ed02bb2e9432a9ef8d7f39fa5a25f3.jpg,900,900,JPEG,
1601939641542,sku_color,4,Lavender,https://sc04.alicdn.com/kf/S783d5394ead14c42956e0eee6d570652U.jpg,900,900,JPEG,
1601939641542,detail,1,Scene image,https://sc04.alicdn.com/kf/S7a577c269d2c407cbb5d654bc2b10922w.jpg,1200,1200,JPEG,
1601939641542,detail,2,Product dimensions,https://sc04.alicdn.com/kf/Sf6a31fc66468494f922e0599c95c498bo.jpg,1200,1200,JPEG,
1601939641542,detail,3,Other product images,https://sc04.alicdn.com/kf/S7b32f0c573864fc5a90d8a6f1cddd436i.jpg,1200,1200,JPEG,
1601939641542,detail,4,Detail shot,https://sc04.alicdn.com/kf/Sc8781044e2524ecdafe0f9f6b7e0a8d85.jpg,1200,1200,JPEG,
1601939641542,company,1,Packaging & shipping specifications,https://sc04.alicdn.com/kf/Sc1dc6ec7d435404db6a31c6938a734a0g.png,1254,1254,PNG,
1601939641542,company,2,Factory profile,https://sc04.alicdn.com/kf/Sfea34bbd56ae4d0583aa855838eb1454F.png,1500,1364,PNG,
1601939641542,company,3,Customization capabilities,https://sc04.alicdn.com/kf/S2a3af5690d524680824086ad8419dbc9G.png,1254,1254,PNG,
1601939641542,company,4,Company overview,https://sc04.alicdn.com/kf/Sf587c854711748af9759e77ce5aeb03c3.png,1254,1254,PNG,
1601939641542,company,5,Production workflow,https://sc04.alicdn.com/kf/Sdc4e18f098e142b797df687e8befbfa14.png,1500,1492,PNG,
1601939636508,sku_color,1,All Black,https://sc04.alicdn.com/kf/Sc1086eb9c3a940d1a03edae7fb714d1fx.jpg,900,900,JPEG,
1601939636508,sku_color,2,Black White,https://sc04.alicdn.com/kf/Scd3665a3d2184fe98ce0768023afb7d4x.jpg,900,900,JPEG,
1601939636508,sku_color,3,White,https://sc04.alicdn.com/kf/S25edfa2e41f4495fa2ba657ef272fad2B.jpg,900,900,JPEG,
1601939636508,sku_color,4,Grey,https://sc04.alicdn.com/kf/S42e227ee893f49dfa82f266144711793o.jpg,900,900,JPEG,
1601939636508,detail,1,Product dimensions,https://sc04.alicdn.com/kf/S6b0b288bc1e944098931cd847a2c9251G.jpg,1200,1200,JPEG,
1601939636508,detail,2,Other product images,https://sc04.alicdn.com/kf/S77ab286d4837483eb730f4c31cca66240.jpg,1200,1200,JPEG,
1601939636508,detail,3,Detail shot,https://sc04.alicdn.com/kf/S95ab32768bea433da5276ed7606281abn.jpg,1200,1200,JPEG,
1601939636508,detail,4,Scene image,https://sc04.alicdn.com/kf/Seb38452604f6480dbfb368418d69c68fG.jpg,1200,1200,JPEG,
1601939636508,company,1,Factory profile,https://sc04.alicdn.com/kf/Sfea34bbd56ae4d0583aa855838eb1454F.png,1500,1364,PNG,
1601939636508,company,2,Packaging & shipping specifications,https://sc04.alicdn.com/kf/Sc1dc6ec7d435404db6a31c6938a734a0g.png,1254,1254,PNG,
1601939636508,company,3,Company overview,https://sc04.alicdn.com/kf/Sf587c854711748af9759e77ce5aeb03c3.png,1254,1254,PNG,
1601939636508,company,4,Customization capabilities,https://sc04.alicdn.com/kf/S2a3af5690d524680824086ad8419dbc9G.png,1254,1254,PNG,
1601939636508,company,5,Production workflow,https://sc04.alicdn.com/kf/Sdc4e18f098e142b797df687e8befbfa14.png,1500,1492,PNG,
1601939589890,sku_color,1,Black White,https://sc04.alicdn.com/kf/Saa8be4cb586e4eb6881fe0419b4378e0I.jpg,900,900,JPEG,
1601939589890,sku_color,2,Black,https://sc04.alicdn.com/kf/S6c2add39ffa04564bffa92c22c639b7bC.jpg,900,900,JPEG,
1601939589890,sku_color,3,Cream,https://sc04.alicdn.com/kf/S616ed02bb2e9432a9ef8d7f39fa5a25f3.jpg,900,900,JPEG,
1601939589890,sku_color,4,Lavender,https://sc04.alicdn.com/kf/S783d5394ead14c42956e0eee6d570652U.jpg,900,900,JPEG,
1601939589890,detail,1,Scene image,https://sc04.alicdn.com/kf/S7a577c269d2c407cbb5d654bc2b10922w.jpg,1200,1200,JPEG,
1601939589890,detail,2,Product dimensions,https://sc04.alicdn.com/kf/Sf6a31fc66468494f922e0599c95c498bo.jpg,1200,1200,JPEG,
1601939589890,detail,3,Detail shot,https://sc04.alicdn.com/kf/Sc8781044e2524ecdafe0f9f6b7e0a8d85.jpg,1200,1200,JPEG,
1601939589890,detail,4,Other product images,https://sc04.alicdn.com/kf/S7b32f0c573864fc5a90d8a6f1cddd436i.jpg,1200,1200,JPEG,
1601939589890,company,1,Production workflow,https://sc04.alicdn.com/kf/Sdc4e18f098e142b797df687e8befbfa14.png,1500,1492,PNG,
1601939589890,company,2,Packaging & shipping specifications,https://sc04.alicdn.com/kf/Sc1dc6ec7d435404db6a31c6938a734a0g.png,1254,1254,PNG,
1601939589890,company,3,Company overview,https://sc04.alicdn.com/kf/Sf587c854711748af9759e77ce5aeb03c3.png,1254,1254,PNG,
1601939589890,company,4,Factory profile,https://sc04.alicdn.com/kf/Sfea34bbd56ae4d0583aa855838eb1454F.png,1500,1364,PNG,
1601939589890,company,5,Customization capabilities,https://sc04.alicdn.com/kf/S2a3af5690d524680824086ad8419dbc9G.png,1254,1254,PNG,
1601939593839,sku_color,1,All Black,https://sc04.alicdn.com/kf/Sc1086eb9c3a940d1a03edae7fb714d1fx.jpg,900,900,JPEG,
1601939593839,sku_color,2,Black White,https://sc04.alicdn.com/kf/Scd3665a3d2184fe98ce0768023afb7d4x.jpg,900,900,JPEG,
1601939593839,sku_color,3,White,https://sc04.alicdn.com/kf/S25edfa2e41f4495fa2ba657ef272fad2B.jpg,900,900,JPEG,
1601939593839,sku_color,4,Grey,https://sc04.alicdn.com/kf/S42e227ee893f49dfa82f266144711793o.jpg,900,900,JPEG,
1601939593839,detail,1,Product dimensions,https://sc04.alicdn.com/kf/S6b0b288bc1e944098931cd847a2c9251G.jpg,1200,1200,JPEG,
1601939593839,detail,2,Scene image,https://sc04.alicdn.com/kf/Seb38452604f6480dbfb368418d69c68fG.jpg,1200,1200,JPEG,
1601939593839,detail,3,Other product images,https://sc04.alicdn.com/kf/S77ab286d4837483eb730f4c31cca66240.jpg,1200,1200,JPEG,
1601939593839,detail,4,Detail shot,https://sc04.alicdn.com/kf/S95ab32768bea433da5276ed7606281abn.jpg,1200,1200,JPEG,
1601939593839,company,1,Company overview,https://sc04.alicdn.com/kf/Sf587c854711748af9759e77ce5aeb03c3.png,1254,1254,PNG,
1601939593839,company,2,Factory profile,https://sc04.alicdn.com/kf/Sfea34bbd56ae4d0583aa855838eb1454F.png,1500,1364,PNG,
1601939593839,company,3,Packaging & shipping specifications,https://sc04.alicdn.com/kf/Sc1dc6ec7d435404db6a31c6938a734a0g.png,1254,1254,PNG,
1601939593839,company,4,Production workflow,https://sc04.alicdn.com/kf/Sdc4e18f098e142b797df687e8befbfa14.png,1500,1492,PNG,
1601939593839,company,5,Customization capabilities,https://sc04.alicdn.com/kf/S2a3af5690d524680824086ad8419dbc9G.png,1254,1254,PNG,
1601939697271,sku_color,1,White,https://sc04.alicdn.com/kf/S25edfa2e41f4495fa2ba657ef272fad2B.jpg,900,900,JPEG,
1601939697271,sku_color,2,Grey,https://sc04.alicdn.com/kf/S42e227ee893f49dfa82f266144711793o.jpg,900,900,JPEG,
1601939697271,sku_color,3,All Black,https://sc04.alicdn.com/kf/Sc1086eb9c3a940d1a03edae7fb714d1fx.jpg,900,900,JPEG,
1601939697271,sku_color,4,Black White,https://sc04.alicdn.com/kf/Scd3665a3d2184fe98ce0768023afb7d4x.jpg,900,900,JPEG,
1601939697271,detail,1,Scene image,https://sc04.alicdn.com/kf/Seb38452604f6480dbfb368418d69c68fG.jpg,1200,1200,JPEG,
1601939697271,detail,2,Other product images,https://sc04.alicdn.com/kf/S77ab286d4837483eb730f4c31cca66240.jpg,1200,1200,JPEG,
1601939697271,detail,3,Detail shot,https://sc04.alicdn.com/kf/S95ab32768bea433da5276ed7606281abn.jpg,1200,1200,JPEG,
1601939697271,detail,4,Product dimensions,https://sc04.alicdn.com/kf/S6b0b288bc1e944098931cd847a2c9251G.jpg,1200,1200,JPEG,
1601939697271,company,1,Packaging & shipping specifications,https://sc04.alicdn.com/kf/Sc1dc6ec7d435404db6a31c6938a734a0g.png,1254,1254,PNG,
1601939697271,company,2,Production workflow,https://sc04.alicdn.com/kf/Sdc4e18f098e142b797df687e8befbfa14.png,1500,1492,PNG,
1601939697271,company,3,Company overview,https://sc04.alicdn.com/kf/Sf587c854711748af9759e77ce5aeb03c3.png,1254,1254,PNG,
1601939697271,company,4,Factory profile,https://sc04.alicdn.com/kf/Sfea34bbd56ae4d0583aa855838eb1454F.png,1500,1364,PNG,
1601939697271,company,5,Customization capabilities,https://sc04.alicdn.com/kf/S2a3af5690d524680824086ad8419dbc9G.png,1254,1254,PNG,
1601939743040,sku_color,1,Grey White,https://sc04.alicdn.com/kf/Sadea5c90d2bc48cabf1888feb5e64047z.png,800,800,PNG,
1601939743040,sku_color,2,Black White,https://sc04.alicdn.com/kf/S396374542ee3443ba5b24c981f735e9ck.png,800,800,PNG,
1601939743040,sku_color,3,Black,https://sc04.alicdn.com/kf/S15fe0acad64e42909ce93ad6b3184d37F.png,800,800,PNG,
1601939743040,detail,1,Detail shot,https://sc04.alicdn.com/kf/S94bc34cc74d347ba921a7460fc5765271.jpg,1200,1400,JPEG,
1601939743040,detail,2,Scene image,https://sc04.alicdn.com/kf/Se614b09cd6c946869225b614948fa770o.png,1254,1254,PNG,
1601939743040,detail,3,Product dimensions,https://sc04.alicdn.com/kf/Sbb97a12ac50f48e8bfda17e0701e187d6.jpg,1200,1400,JPEG,
1601939743040,detail,4,Other product images,https://sc04.alicdn.com/kf/S483602dda426415aa8063657a240fc184.jpg,1200,1400,JPEG,
1601939743040,company,1,Packaging & shipping specifications,https://sc04.alicdn.com/kf/Sc1dc6ec7d435404db6a31c6938a734a0g.png,1254,1254,PNG,
1601939743040,company,2,Company overview,https://sc04.alicdn.com/kf/Sf587c854711748af9759e77ce5aeb03c3.png,1254,1254,PNG,
1601939743040,company,3,Customization capabilities,https://sc04.alicdn.com/kf/S2a3af5690d524680824086ad8419dbc9G.png,1254,1254,PNG,
1601939743040,company,4,Production workflow,https://sc04.alicdn.com/kf/Sdc4e18f098e142b797df687e8befbfa14.png,1500,1492,PNG,
1601939743040,company,5,Factory profile,https://sc04.alicdn.com/kf/Sfea34bbd56ae4d0583aa855838eb1454F.png,1500,1364,PNG,
1601939691301,sku_color,1,Pink,https://sc04.alicdn.com/kf/S66e6afc453fd4dba84bb64d1164c5848k.jpg,1000,1000,JPEG,
1601939691301,sku_color,2,Black,https://sc04.alicdn.com/kf/S1b151e11749145f9952e78cd13b27841m.jpg,1000,1000,JPEG,
1601939691301,sku_color,3,Zebra Stripe,https://sc04.alicdn.com/kf/S398f9e5e19e149da9dd5c01533ee8a39t.jpg,1000,1000,JPEG,
1601939691301,detail,1,Scene image,https://sc04.alicdn.com/kf/S19b3fa49e3ed49c7838ac4ff81a3b418d.jpg,1200,1200,JPEG,
1601939691301,detail,2,Detail shot,https://sc04.alicdn.com/kf/Sce30c0cef8d64ebc874b33062c4bf6f4r.jpg,1200,1200,JPEG,
1601939691301,detail,3,Product dimensions,https://sc04.alicdn.com/kf/Sdafafcc35f5d4d18adf9f5d5017753e9s.jpg,1200,1200,JPEG,
1601939691301,detail,4,Other product images,https://sc04.alicdn.com/kf/S4ebf06dbb0c74e5b8692f6e15e6b1c3fW.jpg,1200,1200,JPEG,
1601939691301,company,1,Production workflow,https://sc04.alicdn.com/kf/Sdc4e18f098e142b797df687e8befbfa14.png,1500,1492,PNG,
1601939691301,company,2,Packaging & shipping specifications,https://sc04.alicdn.com/kf/Sc1dc6ec7d435404db6a31c6938a734a0g.png,1254,1254,PNG,
1601939691301,company,3,Factory profile,https://sc04.alicdn.com/kf/Sfea34bbd56ae4d0583aa855838eb1454F.png,1500,1364,PNG,
1601939691301,company,4,Company overview,https://sc04.alicdn.com/kf/Sf587c854711748af9759e77ce5aeb03c3.png,1254,1254,PNG,
1601939691301,company,5,Customization capabilities,https://sc04.alicdn.com/kf/S2a3af5690d524680824086ad8419dbc9G.png,1254,1254,PNG,
1601939747001,sku_color,1,Black White,https://sc04.alicdn.com/kf/S396374542ee3443ba5b24c981f735e9ck.png,800,800,PNG,
1601939747001,sku_color,2,Black,https://sc04.alicdn.com/kf/S15fe0acad64e42909ce93ad6b3184d37F.png,800,800,PNG,
1601939747001,sku_color,3,Grey White,https://sc04.alicdn.com/kf/Sadea5c90d2bc48cabf1888feb5e64047z.png,800,800,PNG,
1601939747001,detail,1,Scene image,https://sc04.alicdn.com/kf/Se614b09cd6c946869225b614948fa770o.png,1254,1254,PNG,
1601939747001,detail,2,Other product images,https://sc04.alicdn.com/kf/S483602dda426415aa8063657a240fc184.jpg,1200,1400,JPEG,
1601939747001,detail,3,Product dimensions,https://sc04.alicdn.com/kf/Sbb97a12ac50f48e8bfda17e0701e187d6.jpg,1200,1400,JPEG,
1601939747001,detail,4,Detail shot,https://sc04.alicdn.com/kf/S94bc34cc74d347ba921a7460fc5765271.jpg,1200,1400,JPEG,
1601939747001,company,1,Packaging & shipping specifications,https://sc04.alicdn.com/kf/Sc1dc6ec7d435404db6a31c6938a734a0g.png,1254,1254,PNG,
1601939747001,company,2,Production workflow,https://sc04.alicdn.com/kf/Sdc4e18f098e142b797df687e8befbfa14.png,1500,1492,PNG,
1601939747001,company,3,Company overview,https://sc04.alicdn.com/kf/Sf587c854711748af9759e77ce5aeb03c3.png,1254,1254,PNG,
1601939747001,company,4,Factory profile,https://sc04.alicdn.com/kf/Sfea34bbd56ae4d0583aa855838eb1454F.png,1500,1364,PNG,
1601939747001,company,5,Customization capabilities,https://sc04.alicdn.com/kf/S2a3af5690d524680824086ad8419dbc9G.png,1254,1254,PNG,
1601939683302,sku_color,1,Black,https://sc04.alicdn.com/kf/S15fe0acad64e42909ce93ad6b3184d37F.png,800,800,PNG,
1601939683302,sku_color,2,Grey White,https://sc04.alicdn.com/kf/Sadea5c90d2bc48cabf1888feb5e64047z.png,800,800,PNG,
1601939683302,sku_color,3,Black White,https://sc04.alicdn.com/kf/S396374542ee3443ba5b24c981f735e9ck.png,800,800,PNG,
1601939683302,detail,1,Other product images,https://sc04.alicdn.com/kf/S483602dda426415aa8063657a240fc184.jpg,1200,1400,JPEG,
1601939683302,detail,2,Product dimensions,https://sc04.alicdn.com/kf/Sbb97a12ac50f48e8bfda17e0701e187d6.jpg,1200,1400,JPEG,
1601939683302,detail,3,Detail shot,https://sc04.alicdn.com/kf/S94bc34cc74d347ba921a7460fc5765271.jpg,1200,1400,JPEG,
1601939683302,detail,4,Scene image,https://sc04.alicdn.com/kf/Se614b09cd6c946869225b614948fa770o.png,1254,1254,PNG,
1601939683302,company,1,Factory profile,https://sc04.alicdn.com/kf/Sfea34bbd56ae4d0583aa855838eb1454F.png,1500,1364,PNG,
1601939683302,company,2,Company overview,https://sc04.alicdn.com/kf/Sf587c854711748af9759e77ce5aeb03c3.png,1254,1254,PNG,
1601939683302,company,3,Production workflow,https://sc04.alicdn.com/kf/Sdc4e18f098e142b797df687e8befbfa14.png,1500,1492,PNG,
1601939683302,company,4,Packaging & shipping specifications,https://sc04.alicdn.com/kf/Sc1dc6ec7d435404db6a31c6938a734a0g.png,1254,1254,PNG,
1601939683302,company,5,Customization capabilities,https://sc04.alicdn.com/kf/S2a3af5690d524680824086ad8419dbc9G.png,1254,1254,PNG,
1601939658415,sku_color,1,Black,https://sc04.alicdn.com/kf/Se89b514a5e024ef09d4288af0b44e299K.png,800,800,PNG,
1601939658415,sku_color,2,Black White,https://sc04.alicdn.com/kf/Scc55b368e2bb4e19b8cdd467ed90efdfv.png,800,800,PNG,
1601939658415,sku_color,3,White,https://sc04.alicdn.com/kf/Sa06a555836094985bff6de7d0cfe388bV.png,800,800,PNG,
1601939658415,detail,1,Scene image,https://sc04.alicdn.com/kf/Sc6c17cb480414d9088a01afe97bd5a65d.png,1254,1254,PNG,
1601939658415,detail,2,Detail shot,https://sc04.alicdn.com/kf/S93b7df511a9c4527bf16610b12670cbda.jpg,1200,1400,JPEG,
1601939658415,detail,3,Other product images,https://sc04.alicdn.com/kf/S9a6bced57f7240059bdb0a105ca02e356.jpg,1200,1400,JPEG,
1601939658415,detail,4,Product dimensions,https://sc04.alicdn.com/kf/S0d77807b7333402db4aeff7170f104ae9.jpg,1200,1400,JPEG,
1601939658415,company,1,Company overview,https://sc04.alicdn.com/kf/Sf587c854711748af9759e77ce5aeb03c3.png,1254,1254,PNG,
1601939658415,company,2,Factory profile,https://sc04.alicdn.com/kf/Sfea34bbd56ae4d0583aa855838eb1454F.png,1500,1364,PNG,
1601939658415,company,3,Packaging & shipping specifications,https://sc04.alicdn.com/kf/Sc1dc6ec7d435404db6a31c6938a734a0g.png,1254,1254,PNG,
1601939658415,company,4,Production workflow,https://sc04.alicdn.com/kf/Sdc4e18f098e142b797df687e8befbfa14.png,1500,1492,PNG,
1601939658415,company,5,Customization capabilities,https://sc04.alicdn.com/kf/S2a3af5690d524680824086ad8419dbc9G.png,1254,1254,PNG,
1601939669411,sku_color,1,Black,https://sc04.alicdn.com/kf/Se89b514a5e024ef09d4288af0b44e299K.png,800,800,PNG,
1601939669411,sku_color,2,Black White,https://sc04.alicdn.com/kf/Scc55b368e2bb4e19b8cdd467ed90efdfv.png,800,800,PNG,
1601939669411,sku_color,3,White,https://sc04.alicdn.com/kf/Sa06a555836094985bff6de7d0cfe388bV.png,800,800,PNG,
1601939669411,detail,1,Detail shot,https://sc04.alicdn.com/kf/S93b7df511a9c4527bf16610b12670cbda.jpg,1200,1400,JPEG,
1601939669411,detail,2,Other product images,https://sc04.alicdn.com/kf/S9a6bced57f7240059bdb0a105ca02e356.jpg,1200,1400,JPEG,
1601939669411,detail,3,Scene image,https://sc04.alicdn.com/kf/Sc6c17cb480414d9088a01afe97bd5a65d.png,1254,1254,PNG,
1601939669411,detail,4,Product dimensions,https://sc04.alicdn.com/kf/S0d77807b7333402db4aeff7170f104ae9.jpg,1200,1400,JPEG,
1601939669411,company,1,Production workflow,https://sc04.alicdn.com/kf/Sdc4e18f098e142b797df687e8befbfa14.png,1500,1492,PNG,
1601939669411,company,2,Company overview,https://sc04.alicdn.com/kf/Sf587c854711748af9759e77ce5aeb03c3.png,1254,1254,PNG,
1601939669411,company,3,Factory profile,https://sc04.alicdn.com/kf/Sfea34bbd56ae4d0583aa855838eb1454F.png,1500,1364,PNG,
1601939669411,company,4,Customization capabilities,https://sc04.alicdn.com/kf/S2a3af5690d524680824086ad8419dbc9G.png,1254,1254,PNG,
1601939669411,company,5,Packaging & shipping specifications,https://sc04.alicdn.com/kf/Sc1dc6ec7d435404db6a31c6938a734a0g.png,1254,1254,PNG,
1601939608686,sku_color,1,White,https://sc04.alicdn.com/kf/Sa06a555836094985bff6de7d0cfe388bV.png,800,800,PNG,
1601939608686,sku_color,2,Black,https://sc04.alicdn.com/kf/Se89b514a5e024ef09d4288af0b44e299K.png,800,800,PNG,
1601939608686,sku_color,3,Black White,https://sc04.alicdn.com/kf/Scc55b368e2bb4e19b8cdd467ed90efdfv.png,800,800,PNG,
1601939608686,detail,1,Scene image,https://sc04.alicdn.com/kf/Sc6c17cb480414d9088a01afe97bd5a65d.png,1254,1254,PNG,
1601939608686,detail,2,Other product images,https://sc04.alicdn.com/kf/S9a6bced57f7240059bdb0a105ca02e356.jpg,1200,1400,JPEG,
1601939608686,detail,3,Detail shot,https://sc04.alicdn.com/kf/S93b7df511a9c4527bf16610b12670cbda.jpg,1200,1400,JPEG,
1601939608686,detail,4,Product dimensions,https://sc04.alicdn.com/kf/S0d77807b7333402db4aeff7170f104ae9.jpg,1200,1400,JPEG,
1601939608686,company,1,Company overview,https://sc04.alicdn.com/kf/Sf587c854711748af9759e77ce5aeb03c3.png,1254,1254,PNG,
1601939608686,company,2,Production workflow,https://sc04.alicdn.com/kf/Sdc4e18f098e142b797df687e8befbfa14.png,1500,1492,PNG,
1601939608686,company,3,Factory profile,https://sc04.alicdn.com/kf/Sfea34bbd56ae4d0583aa855838eb1454F.png,1500,1364,PNG,
1601939608686,company,4,Customization capabilities,https://sc04.alicdn.com/kf/S2a3af5690d524680824086ad8419dbc9G.png,1254,1254,PNG,
1601939608686,company,5,Packaging & shipping specifications,https://sc04.alicdn.com/kf/Sc1dc6ec7d435404db6a31c6938a734a0g.png,1254,1254,PNG,
1601939619687,sku_color,1,Grey,https://sc04.alicdn.com/kf/Se55a38db0443412a829fce9f98cea790n.png,800,800,PNG,
1601939619687,sku_color,2,Black,https://sc04.alicdn.com/kf/S3db506c301d54df89b6ad1164a9d8761n.png,800,800,PNG,
1601939619687,sku_color,3,Wine Red,https://sc04.alicdn.com/kf/S4e6d8fbe85c549ea85e0eba28de4c832P.png,800,800,PNG,
1601939619687,detail,1,Other product images,https://sc04.alicdn.com/kf/S2b5438cbe0a846c894d36a1a328dd8b1J.jpg,1200,1400,JPEG,
1601939619687,detail,2,Detail shot,https://sc04.alicdn.com/kf/S3ba46a6991414401b0f7bb437383f48cQ.jpg,1200,1400,JPEG,
1601939619687,detail,3,Product dimensions,https://sc04.alicdn.com/kf/S9692eea3634f4244a87c6a5f042f2218G.jpg,1200,1400,JPEG,
1601939619687,detail,4,Scene image,https://sc04.alicdn.com/kf/S660455bfbb5f4634a50372274d99f4e9H.png,1254,1254,PNG,
1601939619687,company,1,Factory profile,https://sc04.alicdn.com/kf/Sfea34bbd56ae4d0583aa855838eb1454F.png,1500,1364,PNG,
1601939619687,company,2,Production workflow,https://sc04.alicdn.com/kf/Sdc4e18f098e142b797df687e8befbfa14.png,1500,1492,PNG,
1601939619687,company,3,Packaging & shipping specifications,https://sc04.alicdn.com/kf/Sc1dc6ec7d435404db6a31c6938a734a0g.png,1254,1254,PNG,
1601939619687,company,4,Customization capabilities,https://sc04.alicdn.com/kf/S2a3af5690d524680824086ad8419dbc9G.png,1254,1254,PNG,
1601939619687,company,5,Company overview,https://sc04.alicdn.com/kf/Sf587c854711748af9759e77ce5aeb03c3.png,1254,1254,PNG,
1601939638522,sku_color,1,Wine Red,https://sc04.alicdn.com/kf/S4e6d8fbe85c549ea85e0eba28de4c832P.png,800,800,PNG,
1601939638522,sku_color,2,Grey,https://sc04.alicdn.com/kf/Se55a38db0443412a829fce9f98cea790n.png,800,800,PNG,
1601939638522,sku_color,3,Black,https://sc04.alicdn.com/kf/S3db506c301d54df89b6ad1164a9d8761n.png,800,800,PNG,
1601939638522,detail,1,Other product images,https://sc04.alicdn.com/kf/S2b5438cbe0a846c894d36a1a328dd8b1J.jpg,1200,1400,JPEG,
1601939638522,detail,2,Product dimensions,https://sc04.alicdn.com/kf/S9692eea3634f4244a87c6a5f042f2218G.jpg,1200,1400,JPEG,
1601939638522,detail,3,Detail shot,https://sc04.alicdn.com/kf/S3ba46a6991414401b0f7bb437383f48cQ.jpg,1200,1400,JPEG,
1601939638522,detail,4,Scene image,https://sc04.alicdn.com/kf/S660455bfbb5f4634a50372274d99f4e9H.png,1254,1254,PNG,
1601939638522,company,1,Factory profile,https://sc04.alicdn.com/kf/Sfea34bbd56ae4d0583aa855838eb1454F.png,1500,1364,PNG,
1601939638522,company,2,Production workflow,https://sc04.alicdn.com/kf/Sdc4e18f098e142b797df687e8befbfa14.png,1500,1492,PNG,
1601939638522,company,3,Packaging & shipping specifications,https://sc04.alicdn.com/kf/Sc1dc6ec7d435404db6a31c6938a734a0g.png,1254,1254,PNG,
1601939638522,company,4,Customization capabilities,https://sc04.alicdn.com/kf/S2a3af5690d524680824086ad8419dbc9G.png,1254,1254,PNG,
1601939638522,company,5,Company overview,https://sc04.alicdn.com/kf/Sf587c854711748af9759e77ce5aeb03c3.png,1254,1254,PNG,
1601939650458,sku_color,1,Black White,https://sc04.alicdn.com/kf/S69a60978d28748f8a3a0d5f174d32a59l.png,800,800,PNG,
1601939650458,sku_color,2,Black Black,https://sc04.alicdn.com/kf/Saab4281be8054defb796abe52bfb6826C.png,800,800,PNG,
1601939650458,sku_color,3,Red White,https://sc04.alicdn.com/kf/S9c49f633d786469c9930387649022e34z.png,800,800,PNG,
1601939650458,detail,1,Product dimensions,https://sc04.alicdn.com/kf/S38ecd4758cfa4cc49a2bcb8758fa7bbfv.jpg,1200,1400,JPEG,
1601939650458,detail,2,Other product images,https://sc04.alicdn.com/kf/Sc5a091048b7e4cfaafbeda42a434ff3aQ.jpg,1200,1400,JPEG,
1601939650458,detail,3,Scene image,https://sc04.alicdn.com/kf/S0b861a156687452db5b5e111ae4ba4b4J.png,1254,1254,PNG,
1601939650458,detail,4,Detail shot,https://sc04.alicdn.com/kf/Sffed317fbb51434b8c7f0b44b6eeb6dag.jpg,1200,1400,JPEG,
1601939650458,company,1,Company overview,https://sc04.alicdn.com/kf/Sf587c854711748af9759e77ce5aeb03c3.png,1254,1254,PNG,
1601939650458,company,2,Customization capabilities,https://sc04.alicdn.com/kf/S2a3af5690d524680824086ad8419dbc9G.png,1254,1254,PNG,
1601939650458,company,3,Packaging & shipping specifications,https://sc04.alicdn.com/kf/Sc1dc6ec7d435404db6a31c6938a734a0g.png,1254,1254,PNG,
1601939650458,company,4,Factory profile,https://sc04.alicdn.com/kf/Sfea34bbd56ae4d0583aa855838eb1454F.png,1500,1364,PNG,
1601939650458,company,5,Production workflow,https://sc04.alicdn.com/kf/Sdc4e18f098e142b797df687e8befbfa14.png,1500,1492,PNG,
1601939634522,sku_color,1,Light Grey,https://sc04.alicdn.com/kf/S02841e5087294d3da7d1abb9abb8e103G.jpg,800,800,JPEG,
1601939634522,sku_color,2,Grey White,https://sc04.alicdn.com/kf/Sa9ea974bdbe14b5684c52680c0a7ec7eS.jpg,800,800,JPEG,
1601939634522,sku_color,3,Grey Black,https://sc04.alicdn.com/kf/Sfb0129075f6646019a79b071d857e6b1l.jpg,800,800,JPEG,
1601939634522,detail,1,Other product images,https://sc04.alicdn.com/kf/Sbe39f58e9d3b47a9825edba41478bc81u.jpg,1200,1200,JPEG,
1601939634522,detail,2,Detail shot,https://sc04.alicdn.com/kf/Acf613970c7cb4ea7a63d8a29d4e0785cR.jpg,1200,1200,JPEG,
1601939634522,detail,3,Scene image,https://sc04.alicdn.com/kf/Sca0bf46c9bfb494fbed27cc73e746e34o.png,1254,1254,PNG,
1601939634522,detail,4,Product dimensions,https://sc04.alicdn.com/kf/A7ab855c861834ddb92607ed1afefec5bX.jpg,1200,1200,JPEG,
1601939634522,company,1,Factory profile,https://sc04.alicdn.com/kf/Sfea34bbd56ae4d0583aa855838eb1454F.png,1500,1364,PNG,
1601939634522,company,2,Production workflow,https://sc04.alicdn.com/kf/Sdc4e18f098e142b797df687e8befbfa14.png,1500,1492,PNG,
1601939634522,company,3,Company overview,https://sc04.alicdn.com/kf/Sf587c854711748af9759e77ce5aeb03c3.png,1254,1254,PNG,
1601939634522,company,4,Customization capabilities,https://sc04.alicdn.com/kf/S2a3af5690d524680824086ad8419dbc9G.png,1254,1254,PNG,
1601939634522,company,5,Packaging & shipping specifications,https://sc04.alicdn.com/kf/Sc1dc6ec7d435404db6a31c6938a734a0g.png,1254,1254,PNG,
1601939681367,sku_color,1,Red White,https://sc04.alicdn.com/kf/S9c49f633d786469c9930387649022e34z.png,800,800,PNG,
1601939681367,sku_color,2,Black Black,https://sc04.alicdn.com/kf/Saab4281be8054defb796abe52bfb6826C.png,800,800,PNG,
1601939681367,sku_color,3,Black White,https://sc04.alicdn.com/kf/S69a60978d28748f8a3a0d5f174d32a59l.png,800,800,PNG,
1601939681367,detail,1,Product dimensions,https://sc04.alicdn.com/kf/S38ecd4758cfa4cc49a2bcb8758fa7bbfv.jpg,1200,1400,JPEG,
1601939681367,detail,2,Other product images,https://sc04.alicdn.com/kf/Sc5a091048b7e4cfaafbeda42a434ff3aQ.jpg,1200,1400,JPEG,
1601939681367,detail,3,Scene image,https://sc04.alicdn.com/kf/S0b861a156687452db5b5e111ae4ba4b4J.png,1254,1254,PNG,
1601939681367,detail,4,Detail shot,https://sc04.alicdn.com/kf/Sffed317fbb51434b8c7f0b44b6eeb6dag.jpg,1200,1400,JPEG,
1601939681367,company,1,Factory profile,https://sc04.alicdn.com/kf/Sfea34bbd56ae4d0583aa855838eb1454F.png,1500,1364,PNG,
1601939681367,company,2,Production workflow,https://sc04.alicdn.com/kf/Sdc4e18f098e142b797df687e8befbfa14.png,1500,1492,PNG,
1601939681367,company,3,Packaging & shipping specifications,https://sc04.alicdn.com/kf/Sc1dc6ec7d435404db6a31c6938a734a0g.png,1254,1254,PNG,
1601939681367,company,4,Customization capabilities,https://sc04.alicdn.com/kf/S2a3af5690d524680824086ad8419dbc9G.png,1254,1254,PNG,
1601939681367,company,5,Company overview,https://sc04.alicdn.com/kf/Sf587c854711748af9759e77ce5aeb03c3.png,1254,1254,PNG,
1601939573998,sku_color,1,All Black,https://sc04.alicdn.com/kf/S5d3fb6eea8d04813bd6550a56c4ac1933.jpg,800,800,JPEG,
1601939573998,sku_color,2,White Sole Black,https://sc04.alicdn.com/kf/Sdbb492f0fe004a50baf815075489cac8T.jpg,800,800,JPEG,
1601939573998,detail,1,Product dimensions,https://sc04.alicdn.com/kf/H633bdee9f8764097ac4d768b7ef6819cK.jpg,1200,1200,JPEG,
1601939573998,detail,2,Other product images,https://sc04.alicdn.com/kf/Sbb4900174b8441f09e6c76db6a9932e0Y.jpg,1200,1200,JPEG,
1601939573998,detail,3,Scene image,https://sc04.alicdn.com/kf/S439c0c68f79d42908079159be4c24e29r.png,1254,1254,PNG,
1601939573998,detail,4,Detail shot,https://sc04.alicdn.com/kf/H8cf8fded7e5e42b9a5d86a51703189bf5.jpg,1200,1200,JPEG,
1601939573998,company,1,Packaging & shipping specifications,https://sc04.alicdn.com/kf/Sc1dc6ec7d435404db6a31c6938a734a0g.png,1254,1254,PNG,
1601939573998,company,2,Factory profile,https://sc04.alicdn.com/kf/Sfea34bbd56ae4d0583aa855838eb1454F.png,1500,1364,PNG,
1601939573998,company,3,Production workflow,https://sc04.alicdn.com/kf/Sdc4e18f098e142b797df687e8befbfa14.png,1500,1492,PNG,
1601939573998,company,4,Customization capabilities,https://sc04.alicdn.com/kf/S2a3af5690d524680824086ad8419dbc9G.png,1254,1254,PNG,
1601939573998,company,5,Company overview,https://sc04.alicdn.com/kf/Sf587c854711748af9759e77ce5aeb03c3.png,1254,1254,PNG,
1601939734070,sku_color,1,All Black,https://sc04.alicdn.com/kf/S5d3fb6eea8d04813bd6550a56c4ac1933.jpg,800,800,JPEG,
1601939734070,sku_color,2,White Sole Black,https://sc04.alicdn.com/kf/Sdbb492f0fe004a50baf815075489cac8T.jpg,800,800,JPEG,
1601939734070,detail,1,Detail shot,https://sc04.alicdn.com/kf/H8cf8fded7e5e42b9a5d86a51703189bf5.jpg,1200,1200,JPEG,
1601939734070,detail,2,Scene image,https://sc04.alicdn.com/kf/S439c0c68f79d42908079159be4c24e29r.png,1254,1254,PNG,
1601939734070,detail,3,Product dimensions,https://sc04.alicdn.com/kf/H633bdee9f8764097ac4d768b7ef6819cK.jpg,1200,1200,JPEG,
1601939734070,detail,4,Other product images,https://sc04.alicdn.com/kf/Sbb4900174b8441f09e6c76db6a9932e0Y.jpg,1200,1200,JPEG,
1601939734070,company,1,Customization capabilities,https://sc04.alicdn.com/kf/S2a3af5690d524680824086ad8419dbc9G.png,1254,1254,PNG,
1601939734070,company,2,Company overview,https://sc04.alicdn.com/kf/Sf587c854711748af9759e77ce5aeb03c3.png,1254,1254,PNG,
1601939734070,company,3,Packaging & shipping specifications,https://sc04.alicdn.com/kf/Sc1dc6ec7d435404db6a31c6938a734a0g.png,1254,1254,PNG,
1601939734070,company,4,Production workflow,https://sc04.alicdn.com/kf/Sdc4e18f098e142b797df687e8befbfa14.png,1500,1492,PNG,
1601939734070,company,5,Factory profile,https://sc04.alicdn.com/kf/Sfea34bbd56ae4d0583aa855838eb1454F.png,1500,1364,PNG,
1601939661419,sku_color,1,All Black,https://sc04.alicdn.com/kf/S1293dfe4a54f49ce84f002b88c57540aB.png,800,800,PNG,
1601939661419,sku_color,2,Mint Green,https://sc04.alicdn.com/kf/S1add3354e8f34624a13008e39f46e967e.png,800,800,PNG,
1601939661419,sku_color,3,Orange,https://sc04.alicdn.com/kf/S5b884af45b364b08beeaddd2c26dbf22d.png,800,800,PNG,
1601939661419,sku_color,4,Black White,https://sc04.alicdn.com/kf/Sbd617950c23a4df4b220106bd2f009cdQ.png,800,800,PNG,
1601939661419,detail,1,Other product images,https://sc04.alicdn.com/kf/Hcdcef458e35f4d9c98e0c0c44b92eb42B.jpg,1200,1200,JPEG,
1601939661419,detail,2,Product dimensions,https://sc04.alicdn.com/kf/Hedea9105f6424a5e9236a151dc456494s.jpg,1200,1200,JPEG,
1601939661419,detail,3,Detail shot,https://sc04.alicdn.com/kf/H9325fd319c27434dbdda1ee3c52e2ad6q.jpg,1200,1200,JPEG,
1601939661419,detail,4,Scene image,https://sc04.alicdn.com/kf/Seb213c5d86c746198da5d3a7e85875d7P.png,1254,1254,PNG,
1601939661419,company,1,Production workflow,https://sc04.alicdn.com/kf/Sdc4e18f098e142b797df687e8befbfa14.png,1500,1492,PNG,
1601939661419,company,2,Packaging & shipping specifications,https://sc04.alicdn.com/kf/Sc1dc6ec7d435404db6a31c6938a734a0g.png,1254,1254,PNG,
1601939661419,company,3,Company overview,https://sc04.alicdn.com/kf/Sf587c854711748af9759e77ce5aeb03c3.png,1254,1254,PNG,
1601939661419,company,4,Factory profile,https://sc04.alicdn.com/kf/Sfea34bbd56ae4d0583aa855838eb1454F.png,1500,1364,PNG,
1601939661419,company,5,Customization capabilities,https://sc04.alicdn.com/kf/S2a3af5690d524680824086ad8419dbc9G.png,1254,1254,PNG,
1601939675350,sku_color,1,All Black,https://sc04.alicdn.com/kf/S1293dfe4a54f49ce84f002b88c57540aB.png,800,800,PNG,
1601939675350,sku_color,2,Mint Green,https://sc04.alicdn.com/kf/S1add3354e8f34624a13008e39f46e967e.png,800,800,PNG,
1601939675350,sku_color,3,Orange,https://sc04.alicdn.com/kf/S5b884af45b364b08beeaddd2c26dbf22d.png,800,800,PNG,
1601939675350,sku_color,4,Black White,https://sc04.alicdn.com/kf/Sbd617950c23a4df4b220106bd2f009cdQ.png,800,800,PNG,
1601939675350,detail,1,Product dimensions,https://sc04.alicdn.com/kf/Hedea9105f6424a5e9236a151dc456494s.jpg,1200,1200,JPEG,
1601939675350,detail,2,Detail shot,https://sc04.alicdn.com/kf/H9325fd319c27434dbdda1ee3c52e2ad6q.jpg,1200,1200,JPEG,
1601939675350,detail,3,Other product images,https://sc04.alicdn.com/kf/Hcdcef458e35f4d9c98e0c0c44b92eb42B.jpg,1200,1200,JPEG,
1601939675350,detail,4,Scene image,https://sc04.alicdn.com/kf/Seb213c5d86c746198da5d3a7e85875d7P.png,1254,1254,PNG,
1601939675350,company,1,Packaging & shipping specifications,https://sc04.alicdn.com/kf/Sc1dc6ec7d435404db6a31c6938a734a0g.png,1254,1254,PNG,
1601939675350,company,2,Production workflow,https://sc04.alicdn.com/kf/Sdc4e18f098e142b797df687e8befbfa14.png,1500,1492,PNG,
1601939675350,company,3,Factory profile,https://sc04.alicdn.com/kf/Sfea34bbd56ae4d0583aa855838eb1454F.png,1500,1364,PNG,
1601939675350,company,4,Company overview,https://sc04.alicdn.com/kf/Sf587c854711748af9759e77ce5aeb03c3.png,1254,1254,PNG,
1601939675350,company,5,Customization capabilities,https://sc04.alicdn.com/kf/S2a3af5690d524680824086ad8419dbc9G.png,1254,1254,PNG,
1601939721165,sku_color,1,Mint Green,https://sc04.alicdn.com/kf/S1add3354e8f34624a13008e39f46e967e.png,800,800,PNG,
1601939721165,sku_color,2,Orange,https://sc04.alicdn.com/kf/S5b884af45b364b08beeaddd2c26dbf22d.png,800,800,PNG,
1601939721165,sku_color,3,Black White,https://sc04.alicdn.com/kf/Sbd617950c23a4df4b220106bd2f009cdQ.png,800,800,PNG,
1601939721165,sku_color,4,All Black,https://sc04.alicdn.com/kf/S1293dfe4a54f49ce84f002b88c57540aB.png,800,800,PNG,
1601939721165,detail,1,Detail shot,https://sc04.alicdn.com/kf/H9325fd319c27434dbdda1ee3c52e2ad6q.jpg,1200,1200,JPEG,
1601939721165,detail,2,Other product images,https://sc04.alicdn.com/kf/Hcdcef458e35f4d9c98e0c0c44b92eb42B.jpg,1200,1200,JPEG,
1601939721165,detail,3,Product dimensions,https://sc04.alicdn.com/kf/Hedea9105f6424a5e9236a151dc456494s.jpg,1200,1200,JPEG,
1601939721165,detail,4,Scene image,https://sc04.alicdn.com/kf/Seb213c5d86c746198da5d3a7e85875d7P.png,1254,1254,PNG,
1601939721165,company,1,Customization capabilities,https://sc04.alicdn.com/kf/S2a3af5690d524680824086ad8419dbc9G.png,1254,1254,PNG,
1601939721165,company,2,Company overview,https://sc04.alicdn.com/kf/Sf587c854711748af9759e77ce5aeb03c3.png,1254,1254,PNG,
1601939721165,company,3,Factory profile,https://sc04.alicdn.com/kf/Sfea34bbd56ae4d0583aa855838eb1454F.png,1500,1364,PNG,
1601939721165,company,4,Production workflow,https://sc04.alicdn.com/kf/Sdc4e18f098e142b797df687e8befbfa14.png,1500,1492,PNG,
1601939721165,company,5,Packaging & shipping specifications,https://sc04.alicdn.com/kf/Sc1dc6ec7d435404db6a31c6938a734a0g.png,1254,1254,PNG,
1601939625569,sku_color,1,Grey Green,https://sc04.alicdn.com/kf/S7ef8582d961f4f82bb7ebd432cc5b0abL.png,800,800,PNG,
1601939625569,sku_color,2,Black White,https://sc04.alicdn.com/kf/S5233bd32ea3a48dfaeda865804394ccaM.png,800,800,PNG,
1601939625569,sku_color,3,All Black,https://sc04.alicdn.com/kf/Sedc33690ef824f9c91f299248c076511l.png,800,800,PNG,
1601939625569,sku_color,4,White Black,https://sc04.alicdn.com/kf/S714b9d5874c248e1b8026360c3d386d9w.png,800,800,PNG,
1601939625569,detail,1,Detail shot,https://sc04.alicdn.com/kf/Hc489d083b55e4fa683500cf60216821aN.jpg,1200,1200,JPEG,
1601939625569,detail,2,Other product images,https://sc04.alicdn.com/kf/H9baca523b47d4f6294df9b287ac57cfcC.jpg,1200,1200,JPEG,
1601939625569,detail,3,Scene image,https://sc04.alicdn.com/kf/S740ab006ba9c464f924e72915c6843498.png,1254,1254,PNG,
1601939625569,detail,4,Product dimensions,https://sc04.alicdn.com/kf/H23ca6027e04f455689312466a3e85daf1.jpg,1200,1200,JPEG,
1601939625569,company,1,Company overview,https://sc04.alicdn.com/kf/Sf587c854711748af9759e77ce5aeb03c3.png,1254,1254,PNG,
1601939625569,company,2,Factory profile,https://sc04.alicdn.com/kf/Sfea34bbd56ae4d0583aa855838eb1454F.png,1500,1364,PNG,
1601939625569,company,3,Production workflow,https://sc04.alicdn.com/kf/Sdc4e18f098e142b797df687e8befbfa14.png,1500,1492,PNG,
1601939625569,company,4,Packaging & shipping specifications,https://sc04.alicdn.com/kf/Sc1dc6ec7d435404db6a31c6938a734a0g.png,1254,1254,PNG,
1601939625569,company,5,Customization capabilities,https://sc04.alicdn.com/kf/S2a3af5690d524680824086ad8419dbc9G.png,1254,1254,PNG,
1601939585913,sku_color,1,Orange,https://sc04.alicdn.com/kf/S0cca2ae63832449e832758b07d9849efD.png,800,800,PNG,
1601939585913,sku_color,2,White Khaki,https://sc04.alicdn.com/kf/Sae5bc806ad984bfda37f5fe36d1b1a8dH.png,800,800,PNG,
1601939585913,sku_color,3,White,https://sc04.alicdn.com/kf/S8af3ea51c489457693c415fd25f57d9aO.png,800,800,PNG,
1601939585913,sku_color,4,Black White,https://sc04.alicdn.com/kf/S697a0fbd78c04a69ad964c0cc740437dw.png,800,800,PNG,
1601939585913,sku_color,5,All Black,https://sc04.alicdn.com/kf/Sa6f341fb56f24114b27b34cceddad01fl.png,800,800,PNG,
1601939585913,detail,1,Scene image,https://sc04.alicdn.com/kf/S0bf315200a224216a0ea8616df9956d0V.png,1254,1254,PNG,
1601939585913,detail,2,Other product images,https://sc04.alicdn.com/kf/H2b24f45a85bb440fb1ae523f6d104026U.jpg,1200,1200,JPEG,
1601939585913,detail,3,Detail shot,https://sc04.alicdn.com/kf/Hc9094a1419f14b659e349eac9dca717e8.jpg,1200,1200,JPEG,
1601939585913,detail,4,Product dimensions,https://sc04.alicdn.com/kf/H6f42f2ef307847e988af2a573d0f17d6t.jpg,1200,1200,JPEG,
1601939585913,company,1,Packaging & shipping specifications,https://sc04.alicdn.com/kf/Sc1dc6ec7d435404db6a31c6938a734a0g.png,1254,1254,PNG,
1601939585913,company,2,Production workflow,https://sc04.alicdn.com/kf/Sdc4e18f098e142b797df687e8befbfa14.png,1500,1492,PNG,
1601939585913,company,3,Company overview,https://sc04.alicdn.com/kf/Sf587c854711748af9759e77ce5aeb03c3.png,1254,1254,PNG,
1601939585913,company,4,Factory profile,https://sc04.alicdn.com/kf/Sfea34bbd56ae4d0583aa855838eb1454F.png,1500,1364,PNG,
1601939585913,company,5,Customization capabilities,https://sc04.alicdn.com/kf/S2a3af5690d524680824086ad8419dbc9G.png,1254,1254,PNG,
1601939628529,sku_color,1,All Black,https://sc04.alicdn.com/kf/Sedc33690ef824f9c91f299248c076511l.png,800,800,PNG,
1601939628529,sku_color,2,White Black,https://sc04.alicdn.com/kf/S714b9d5874c248e1b8026360c3d386d9w.png,800,800,PNG,
1601939628529,sku_color,3,Grey Green,https://sc04.alicdn.com/kf/S7ef8582d961f4f82bb7ebd432cc5b0abL.png,800,800,PNG,
1601939628529,sku_color,4,Black White,https://sc04.alicdn.com/kf/S5233bd32ea3a48dfaeda865804394ccaM.png,800,800,PNG,
1601939628529,detail,1,Product dimensions,https://sc04.alicdn.com/kf/H23ca6027e04f455689312466a3e85daf1.jpg,1200,1200,JPEG,
1601939628529,detail,2,Scene image,https://sc04.alicdn.com/kf/S740ab006ba9c464f924e72915c6843498.png,1254,1254,PNG,
1601939628529,detail,3,Detail shot,https://sc04.alicdn.com/kf/Hc489d083b55e4fa683500cf60216821aN.jpg,1200,1200,JPEG,
1601939628529,detail,4,Other product images,https://sc04.alicdn.com/kf/H9baca523b47d4f6294df9b287ac57cfcC.jpg,1200,1200,JPEG,
1601939628529,company,1,Production workflow,https://sc04.alicdn.com/kf/Sdc4e18f098e142b797df687e8befbfa14.png,1500,1492,PNG,
1601939628529,company,2,Packaging & shipping specifications,https://sc04.alicdn.com/kf/Sc1dc6ec7d435404db6a31c6938a734a0g.png,1254,1254,PNG,
1601939628529,company,3,Customization capabilities,https://sc04.alicdn.com/kf/S2a3af5690d524680824086ad8419dbc9G.png,1254,1254,PNG,
1601939628529,company,4,Factory profile,https://sc04.alicdn.com/kf/Sfea34bbd56ae4d0583aa855838eb1454F.png,1500,1364,PNG,
1601939628529,company,5,Company overview,https://sc04.alicdn.com/kf/Sf587c854711748af9759e77ce5aeb03c3.png,1254,1254,PNG,
1601939711161,sku_color,1,Black White,https://sc04.alicdn.com/kf/S697a0fbd78c04a69ad964c0cc740437dw.png,800,800,PNG,
1601939711161,sku_color,2,All Black,https://sc04.alicdn.com/kf/Sa6f341fb56f24114b27b34cceddad01fl.png,800,800,PNG,
1601939711161,sku_color,3,White,https://sc04.alicdn.com/kf/S8af3ea51c489457693c415fd25f57d9aO.png,800,800,PNG,
1601939711161,sku_color,4,Orange,https://sc04.alicdn.com/kf/S0cca2ae63832449e832758b07d9849efD.png,800,800,PNG,
1601939711161,sku_color,5,White Khaki,https://sc04.alicdn.com/kf/Sae5bc806ad984bfda37f5fe36d1b1a8dH.png,800,800,PNG,
1601939711161,detail,1,Scene image,https://sc04.alicdn.com/kf/S0bf315200a224216a0ea8616df9956d0V.png,1254,1254,PNG,
1601939711161,detail,2,Other product images,https://sc04.alicdn.com/kf/H2b24f45a85bb440fb1ae523f6d104026U.jpg,1200,1200,JPEG,
1601939711161,detail,3,Detail shot,https://sc04.alicdn.com/kf/Hc9094a1419f14b659e349eac9dca717e8.jpg,1200,1200,JPEG,
1601939711161,detail,4,Product dimensions,https://sc04.alicdn.com/kf/H6f42f2ef307847e988af2a573d0f17d6t.jpg,1200,1200,JPEG,
1601939711161,company,1,Company overview,https://sc04.alicdn.com/kf/Sf587c854711748af9759e77ce5aeb03c3.png,1254,1254,PNG,
1601939711161,company,2,Customization capabilities,https://sc04.alicdn.com/kf/S2a3af5690d524680824086ad8419dbc9G.png,1254,1254,PNG,
1601939711161,company,3,Packaging & shipping specifications,https://sc04.alicdn.com/kf/Sc1dc6ec7d435404db6a31c6938a734a0g.png,1254,1254,PNG,
1601939711161,company,4,Production workflow,https://sc04.alicdn.com/kf/Sdc4e18f098e142b797df687e8befbfa14.png,1500,1492,PNG,
1601939711161,company,5,Factory profile,https://sc04.alicdn.com/kf/Sfea34bbd56ae4d0583aa855838eb1454F.png,1500,1364,PNG,
1601939701201,sku_color,1,All Black,https://sc04.alicdn.com/kf/Sa6f341fb56f24114b27b34cceddad01fl.png,800,800,PNG,
1601939701201,sku_color,2,White,https://sc04.alicdn.com/kf/S8af3ea51c489457693c415fd25f57d9aO.png,800,800,PNG,
1601939701201,sku_color,3,Orange,https://sc04.alicdn.com/kf/S0cca2ae63832449e832758b07d9849efD.png,800,800,PNG,
1601939701201,sku_color,4,White Khaki,https://sc04.alicdn.com/kf/Sae5bc806ad984bfda37f5fe36d1b1a8dH.png,800,800,PNG,
1601939701201,sku_color,5,Black White,https://sc04.alicdn.com/kf/S697a0fbd78c04a69ad964c0cc740437dw.png,800,800,PNG,
1601939701201,detail,1,Detail shot,https://sc04.alicdn.com/kf/Hc9094a1419f14b659e349eac9dca717e8.jpg,1200,1200,JPEG,
1601939701201,detail,2,Scene image,https://sc04.alicdn.com/kf/S0bf315200a224216a0ea8616df9956d0V.png,1254,1254,PNG,
1601939701201,detail,3,Other product images,https://sc04.alicdn.com/kf/H2b24f45a85bb440fb1ae523f6d104026U.jpg,1200,1200,JPEG,
1601939701201,detail,4,Product dimensions,https://sc04.alicdn.com/kf/H6f42f2ef307847e988af2a573d0f17d6t.jpg,1200,1200,JPEG,
1601939701201,company,1,Factory profile,https://sc04.alicdn.com/kf/Sfea34bbd56ae4d0583aa855838eb1454F.png,1500,1364,PNG,
1601939701201,company,2,Packaging & shipping specifications,https://sc04.alicdn.com/kf/Sc1dc6ec7d435404db6a31c6938a734a0g.png,1254,1254,PNG,
1601939701201,company,3,Production workflow,https://sc04.alicdn.com/kf/Sdc4e18f098e142b797df687e8befbfa14.png,1500,1492,PNG,
1601939701201,company,4,Customization capabilities,https://sc04.alicdn.com/kf/S2a3af5690d524680824086ad8419dbc9G.png,1254,1254,PNG,
1601939701201,company,5,Company overview,https://sc04.alicdn.com/kf/Sf587c854711748af9759e77ce5aeb03c3.png,1254,1254,PNG,
1601939660427,sku_color,1,White Grey,https://sc04.alicdn.com/kf/S6dd1fb16be394bc6b9fb7f245984cb18F.jpg,800,800,JPEG,
1601939660427,sku_color,2,White Green,https://sc04.alicdn.com/kf/Sa83d6a96d86f4f11ad681002e8bf3669M.jpg,800,800,JPEG,
1601939660427,sku_color,3,Black White,https://sc04.alicdn.com/kf/S53b8936af7124744a60dc5e7997483d0m.jpg,800,800,JPEG,
1601939660427,sku_color,4,All White,https://sc04.alicdn.com/kf/S46c1b45c02394df1a1b486c3674de830V.jpg,800,800,JPEG,
1601939660427,sku_color,5,All Black,https://sc04.alicdn.com/kf/S0bc05a7ca30f4917b2074ef70bb9071fD.jpg,800,800,JPEG,
1601939660427,sku_color,6,White Pink,https://sc04.alicdn.com/kf/Se3b0b1e98bb74010b4ad83bd5c6cdb22b.jpg,800,800,JPEG,
1601939660427,sku_color,7,White Purple,https://sc04.alicdn.com/kf/S3646c85c2b90467e9f6e9ffd0de48c670.jpg,800,800,JPEG,
1601939660427,detail,1,Scene image,https://sc04.alicdn.com/kf/Sf3d7541b54f446ecba9708f9f6014e30V.png,1254,1254,PNG,
1601939660427,detail,2,Product dimensions,https://sc04.alicdn.com/kf/H9b68221958634a749bfc5fae67b7a6abw.jpg,1200,1200,JPEG,
1601939660427,detail,3,Detail shot,https://sc04.alicdn.com/kf/H6f5702dd0eb94a99acb4ecfcf85911350.jpg,1200,1200,JPEG,
1601939660427,detail,4,Other product images,https://sc04.alicdn.com/kf/H91fec79f9a0949be9a863f0b325d916ep.jpg,1200,1200,JPEG,
1601939660427,company,1,Packaging & shipping specifications,https://sc04.alicdn.com/kf/Sc1dc6ec7d435404db6a31c6938a734a0g.png,1254,1254,PNG,
1601939660427,company,2,Customization capabilities,https://sc04.alicdn.com/kf/S2a3af5690d524680824086ad8419dbc9G.png,1254,1254,PNG,
1601939660427,company,3,Production workflow,https://sc04.alicdn.com/kf/Sdc4e18f098e142b797df687e8befbfa14.png,1500,1492,PNG,
1601939660427,company,4,Factory profile,https://sc04.alicdn.com/kf/Sfea34bbd56ae4d0583aa855838eb1454F.png,1500,1364,PNG,
1601939660427,company,5,Company overview,https://sc04.alicdn.com/kf/Sf587c854711748af9759e77ce5aeb03c3.png,1254,1254,PNG,
1601939655430,sku_color,1,All White,https://sc04.alicdn.com/kf/S46c1b45c02394df1a1b486c3674de830V.jpg,800,800,JPEG,
1601939655430,sku_color,2,All Black,https://sc04.alicdn.com/kf/S0bc05a7ca30f4917b2074ef70bb9071fD.jpg,800,800,JPEG,
1601939655430,sku_color,3,White Grey,https://sc04.alicdn.com/kf/S6dd1fb16be394bc6b9fb7f245984cb18F.jpg,800,800,JPEG,
1601939655430,sku_color,4,Black White,https://sc04.alicdn.com/kf/S53b8936af7124744a60dc5e7997483d0m.jpg,800,800,JPEG,
1601939655430,sku_color,5,White Pink,https://sc04.alicdn.com/kf/Se3b0b1e98bb74010b4ad83bd5c6cdb22b.jpg,800,800,JPEG,
1601939655430,sku_color,6,White Purple,https://sc04.alicdn.com/kf/S3646c85c2b90467e9f6e9ffd0de48c670.jpg,800,800,JPEG,
1601939655430,sku_color,7,White Green,https://sc04.alicdn.com/kf/Sa83d6a96d86f4f11ad681002e8bf3669M.jpg,800,800,JPEG,
1601939655430,detail,1,Detail shot,https://sc04.alicdn.com/kf/H6f5702dd0eb94a99acb4ecfcf85911350.jpg,1200,1200,JPEG,
1601939655430,detail,2,Scene image,https://sc04.alicdn.com/kf/Sf3d7541b54f446ecba9708f9f6014e30V.png,1254,1254,PNG,
1601939655430,detail,3,Product dimensions,https://sc04.alicdn.com/kf/H9b68221958634a749bfc5fae67b7a6abw.jpg,1200,1200,JPEG,
1601939655430,detail,4,Other product images,https://sc04.alicdn.com/kf/H91fec79f9a0949be9a863f0b325d916ep.jpg,1200,1200,JPEG,
1601939655430,company,1,Production workflow,https://sc04.alicdn.com/kf/Sdc4e18f098e142b797df687e8befbfa14.png,1500,1492,PNG,
1601939655430,company,2,Packaging & shipping specifications,https://sc04.alicdn.com/kf/Sc1dc6ec7d435404db6a31c6938a734a0g.png,1254,1254,PNG,
1601939655430,company,3,Company overview,https://sc04.alicdn.com/kf/Sf587c854711748af9759e77ce5aeb03c3.png,1254,1254,PNG,
1601939655430,company,4,Factory profile,https://sc04.alicdn.com/kf/Sfea34bbd56ae4d0583aa855838eb1454F.png,1500,1364,PNG,
1601939655430,company,5,Customization capabilities,https://sc04.alicdn.com/kf/S2a3af5690d524680824086ad8419dbc9G.png,1254,1254,PNG,
1601939599850,sku_color,1,White,https://sc04.alicdn.com/kf/Seb2585b5092b440daa2d5354471ef824C.jpg,800,800,JPEG,
1601939599850,sku_color,2,Pink,https://sc04.alicdn.com/kf/Sc5a11683eb6f470087170f7449ead40e7.jpg,800,800,JPEG,
1601939599850,sku_color,3,Grey,https://sc04.alicdn.com/kf/S058b1da6dd2b4c0586a9700a23442e41x.jpg,800,800,JPEG,
1601939599850,sku_color,4,Black,https://sc04.alicdn.com/kf/S60093bb3fcb5473b8f0f6074cc54c6c8l.jpg,800,800,JPEG,
1601939599850,detail,1,Product dimensions,https://sc04.alicdn.com/kf/Sc6629227189b41c99e7ffcc1196294b49.png,1254,1254,PNG,
1601939599850,detail,2,Other product images,https://sc04.alicdn.com/kf/H98ef40503c7c42ac9da155a4e839f608m.jpg,1200,1200,JPEG,
1601939599850,detail,3,Detail shot,https://sc04.alicdn.com/kf/Hb7567fbe59974b7daaf1d9b58a624663m.jpg,1200,1200,JPEG,
1601939599850,detail,4,Scene image,https://sc04.alicdn.com/kf/Hc2171a98853d4cb2ab57e92f1bd9b589l.jpg,1200,1200,JPEG,
1601939599850,company,1,Factory profile,https://sc04.alicdn.com/kf/Sfea34bbd56ae4d0583aa855838eb1454F.png,1500,1364,PNG,
1601939599850,company,2,Production workflow,https://sc04.alicdn.com/kf/Sdc4e18f098e142b797df687e8befbfa14.png,1500,1492,PNG,
1601939599850,company,3,Company overview,https://sc04.alicdn.com/kf/Sf587c854711748af9759e77ce5aeb03c3.png,1254,1254,PNG,
1601939599850,company,4,Customization capabilities,https://sc04.alicdn.com/kf/S2a3af5690d524680824086ad8419dbc9G.png,1254,1254,PNG,
1601939599850,company,5,Packaging & shipping specifications,https://sc04.alicdn.com/kf/Sc1dc6ec7d435404db6a31c6938a734a0g.png,1254,1254,PNG,
1601939735063,sku_color,1,White Pink,https://sc04.alicdn.com/kf/Se3b0b1e98bb74010b4ad83bd5c6cdb22b.jpg,800,800,JPEG,
1601939735063,sku_color,2,White Purple,https://sc04.alicdn.com/kf/S3646c85c2b90467e9f6e9ffd0de48c670.jpg,800,800,JPEG,
1601939735063,sku_color,3,White Grey,https://sc04.alicdn.com/kf/S6dd1fb16be394bc6b9fb7f245984cb18F.jpg,800,800,JPEG,
1601939735063,sku_color,4,All Black,https://sc04.alicdn.com/kf/S0bc05a7ca30f4917b2074ef70bb9071fD.jpg,800,800,JPEG,
1601939735063,sku_color,5,Black White,https://sc04.alicdn.com/kf/S53b8936af7124744a60dc5e7997483d0m.jpg,800,800,JPEG,
1601939735063,sku_color,6,White Green,https://sc04.alicdn.com/kf/Sa83d6a96d86f4f11ad681002e8bf3669M.jpg,800,800,JPEG,
1601939735063,sku_color,7,All White,https://sc04.alicdn.com/kf/S46c1b45c02394df1a1b486c3674de830V.jpg,800,800,JPEG,
1601939735063,detail,1,Other product images,https://sc04.alicdn.com/kf/H91fec79f9a0949be9a863f0b325d916ep.jpg,1200,1200,JPEG,
1601939735063,detail,2,Product dimensions,https://sc04.alicdn.com/kf/H9b68221958634a749bfc5fae67b7a6abw.jpg,1200,1200,JPEG,
1601939735063,detail,3,Scene image,https://sc04.alicdn.com/kf/Sf3d7541b54f446ecba9708f9f6014e30V.png,1254,1254,PNG,
1601939735063,detail,4,Detail shot,https://sc04.alicdn.com/kf/H6f5702dd0eb94a99acb4ecfcf85911350.jpg,1200,1200,JPEG,
1601939735063,company,1,Company overview,https://sc04.alicdn.com/kf/Sf587c854711748af9759e77ce5aeb03c3.png,1254,1254,PNG,
1601939735063,company,2,Customization capabilities,https://sc04.alicdn.com/kf/S2a3af5690d524680824086ad8419dbc9G.png,1254,1254,PNG,
1601939735063,company,3,Production workflow,https://sc04.alicdn.com/kf/Sdc4e18f098e142b797df687e8befbfa14.png,1500,1492,PNG,
1601939735063,company,4,Factory profile,https://sc04.alicdn.com/kf/Sfea34bbd56ae4d0583aa855838eb1454F.png,1500,1364,PNG,
1601939735063,company,5,Packaging & shipping specifications,https://sc04.alicdn.com/kf/Sc1dc6ec7d435404db6a31c6938a734a0g.png,1254,1254,PNG,
1601939712176,sku_color,1,Pink,https://sc04.alicdn.com/kf/Sc5a11683eb6f470087170f7449ead40e7.jpg,800,800,JPEG,
1601939712176,sku_color,2,White,https://sc04.alicdn.com/kf/Seb2585b5092b440daa2d5354471ef824C.jpg,800,800,JPEG,
1601939712176,sku_color,3,Grey,https://sc04.alicdn.com/kf/S058b1da6dd2b4c0586a9700a23442e41x.jpg,800,800,JPEG,
1601939712176,sku_color,4,Black,https://sc04.alicdn.com/kf/S60093bb3fcb5473b8f0f6074cc54c6c8l.jpg,800,800,JPEG,
1601939712176,detail,1,Scene image,https://sc04.alicdn.com/kf/Hc2171a98853d4cb2ab57e92f1bd9b589l.jpg,1200,1200,JPEG,
1601939712176,detail,2,Product dimensions,https://sc04.alicdn.com/kf/Sc6629227189b41c99e7ffcc1196294b49.png,1254,1254,PNG,
1601939712176,detail,3,Other product images,https://sc04.alicdn.com/kf/H98ef40503c7c42ac9da155a4e839f608m.jpg,1200,1200,JPEG,
1601939712176,detail,4,Detail shot,https://sc04.alicdn.com/kf/Hb7567fbe59974b7daaf1d9b58a624663m.jpg,1200,1200,JPEG,
1601939712176,company,1,Company overview,https://sc04.alicdn.com/kf/Sf587c854711748af9759e77ce5aeb03c3.png,1254,1254,PNG,
1601939712176,company,2,Customization capabilities,https://sc04.alicdn.com/kf/S2a3af5690d524680824086ad8419dbc9G.png,1254,1254,PNG,
1601939712176,company,3,Factory profile,https://sc04.alicdn.com/kf/Sfea34bbd56ae4d0583aa855838eb1454F.png,1500,1364,PNG,
1601939712176,company,4,Packaging & shipping specifications,https://sc04.alicdn.com/kf/Sc1dc6ec7d435404db6a31c6938a734a0g.png,1254,1254,PNG,
1601939712176,company,5,Production workflow,https://sc04.alicdn.com/kf/Sdc4e18f098e142b797df687e8befbfa14.png,1500,1492,PNG,
1601939631570,sku_color,1,White,https://sc04.alicdn.com/kf/Seb2585b5092b440daa2d5354471ef824C.jpg,800,800,JPEG,
1601939631570,sku_color,2,Pink,https://sc04.alicdn.com/kf/Sc5a11683eb6f470087170f7449ead40e7.jpg,800,800,JPEG,
1601939631570,sku_color,3,Grey,https://sc04.alicdn.com/kf/S058b1da6dd2b4c0586a9700a23442e41x.jpg,800,800,JPEG,
1601939631570,sku_color,4,Black,https://sc04.alicdn.com/kf/S60093bb3fcb5473b8f0f6074cc54c6c8l.jpg,800,800,JPEG,
1601939631570,detail,1,Other product images,https://sc04.alicdn.com/kf/H98ef40503c7c42ac9da155a4e839f608m.jpg,1200,1200,JPEG,
1601939631570,detail,2,Product dimensions,https://sc04.alicdn.com/kf/Sc6629227189b41c99e7ffcc1196294b49.png,1254,1254,PNG,
1601939631570,detail,3,Detail shot,https://sc04.alicdn.com/kf/Hb7567fbe59974b7daaf1d9b58a624663m.jpg,1200,1200,JPEG,
1601939631570,detail,4,Scene image,https://sc04.alicdn.com/kf/Hc2171a98853d4cb2ab57e92f1bd9b589l.jpg,1200,1200,JPEG,
1601939631570,company,1,Production workflow,https://sc04.alicdn.com/kf/Sdc4e18f098e142b797df687e8befbfa14.png,1500,1492,PNG,
1601939631570,company,2,Factory profile,https://sc04.alicdn.com/kf/Sfea34bbd56ae4d0583aa855838eb1454F.png,1500,1364,PNG,
1601939631570,company,3,Company overview,https://sc04.alicdn.com/kf/Sf587c854711748af9759e77ce5aeb03c3.png,1254,1254,PNG,
1601939631570,company,4,Customization capabilities,https://sc04.alicdn.com/kf/S2a3af5690d524680824086ad8419dbc9G.png,1254,1254,PNG,
1601939631570,company,5,Packaging & shipping specifications,https://sc04.alicdn.com/kf/Sc1dc6ec7d435404db6a31c6938a734a0g.png,1254,1254,PNG,
1601939626612,sku_color,1,All Black,https://sc04.alicdn.com/kf/Sa96b25bc672943f1889c8185237db57eu.jpg,1000,1000,JPEG,
1601939626612,sku_color,2,Light Blue,https://sc04.alicdn.com/kf/S932afb22da48442dbdb88d149342995bB.png,800,800,PNG,
1601939626612,sku_color,3,Grey Black,https://sc04.alicdn.com/kf/Sdf2ab097ec0347cc992dd2ccab3701e3y.png,800,800,PNG,
1601939626612,sku_color,4,Black White,https://sc04.alicdn.com/kf/S2ec5778e794e4135a4f140ccdc8113adc.png,800,800,PNG,
1601939626612,sku_color,5,Orange Black,https://sc04.alicdn.com/kf/Sc5e0df900c584438a97edfdde15af6f7O.png,800,800,PNG,
1601939626612,detail,1,Detail shot,https://sc04.alicdn.com/kf/A3500294554624c30b1aeda8ced5f06b75.jpg,1200,1200,JPEG,
1601939626612,detail,2,Scene image,https://sc04.alicdn.com/kf/A28ef113cd8eb48b6bad70573678f1d18i.jpg,1200,1200,JPEG,
1601939626612,detail,3,Other product images,https://sc04.alicdn.com/kf/Sd1f7dcc9482f4516a0c8a72b32bdc55c7.png,1254,1254,PNG,
1601939626612,detail,4,Product dimensions,https://sc04.alicdn.com/kf/S92e2dfe5be1c46eebe5360ba896397bd0.png,1254,1254,PNG,
1601939626612,company,1,Factory profile,https://sc04.alicdn.com/kf/Sfea34bbd56ae4d0583aa855838eb1454F.png,1500,1364,PNG,
1601939626612,company,2,Production workflow,https://sc04.alicdn.com/kf/Sdc4e18f098e142b797df687e8befbfa14.png,1500,1492,PNG,
1601939626612,company,3,Company overview,https://sc04.alicdn.com/kf/Sf587c854711748af9759e77ce5aeb03c3.png,1254,1254,PNG,
1601939626612,company,4,Packaging & shipping specifications,https://sc04.alicdn.com/kf/Sc1dc6ec7d435404db6a31c6938a734a0g.png,1254,1254,PNG,
1601939626612,company,5,Customization capabilities,https://sc04.alicdn.com/kf/S2a3af5690d524680824086ad8419dbc9G.png,1254,1254,PNG,
1601939738037,sku_color,1,All Black,https://sc04.alicdn.com/kf/Sa96b25bc672943f1889c8185237db57eu.jpg,1000,1000,JPEG,
1601939738037,sku_color,2,Black White,https://sc04.alicdn.com/kf/S2ec5778e794e4135a4f140ccdc8113adc.png,800,800,PNG,
1601939738037,sku_color,3,Orange Black,https://sc04.alicdn.com/kf/Sc5e0df900c584438a97edfdde15af6f7O.png,800,800,PNG,
1601939738037,sku_color,4,Light Blue,https://sc04.alicdn.com/kf/S932afb22da48442dbdb88d149342995bB.png,800,800,PNG,
1601939738037,sku_color,5,Grey Black,https://sc04.alicdn.com/kf/Sdf2ab097ec0347cc992dd2ccab3701e3y.png,800,800,PNG,
1601939738037,detail,1,Scene image,https://sc04.alicdn.com/kf/A28ef113cd8eb48b6bad70573678f1d18i.jpg,1200,1200,JPEG,
1601939738037,detail,2,Product dimensions,https://sc04.alicdn.com/kf/S92e2dfe5be1c46eebe5360ba896397bd0.png,1254,1254,PNG,
1601939738037,detail,3,Other product images,https://sc04.alicdn.com/kf/Sd1f7dcc9482f4516a0c8a72b32bdc55c7.png,1254,1254,PNG,
1601939738037,detail,4,Detail shot,https://sc04.alicdn.com/kf/A3500294554624c30b1aeda8ced5f06b75.jpg,1200,1200,JPEG,
1601939738037,company,1,Company overview,https://sc04.alicdn.com/kf/Sf587c854711748af9759e77ce5aeb03c3.png,1254,1254,PNG,
1601939738037,company,2,Customization capabilities,https://sc04.alicdn.com/kf/S2a3af5690d524680824086ad8419dbc9G.png,1254,1254,PNG,
1601939738037,company,3,Factory profile,https://sc04.alicdn.com/kf/Sfea34bbd56ae4d0583aa855838eb1454F.png,1500,1364,PNG,
1601939738037,company,4,Production workflow,https://sc04.alicdn.com/kf/Sdc4e18f098e142b797df687e8befbfa14.png,1500,1492,PNG,
1601939738037,company,5,Packaging & shipping specifications,https://sc04.alicdn.com/kf/Sc1dc6ec7d435404db6a31c6938a734a0g.png,1254,1254,PNG,
1601939700200,sku_color,1,Light Blue,https://sc04.alicdn.com/kf/S932afb22da48442dbdb88d149342995bB.png,800,800,PNG,
1601939700200,sku_color,2,Grey Black,https://sc04.alicdn.com/kf/Sdf2ab097ec0347cc992dd2ccab3701e3y.png,800,800,PNG,
1601939700200,sku_color,3,Black White,https://sc04.alicdn.com/kf/S2ec5778e794e4135a4f140ccdc8113adc.png,800,800,PNG,
1601939700200,sku_color,4,All Black,https://sc04.alicdn.com/kf/Sa96b25bc672943f1889c8185237db57eu.jpg,1000,1000,JPEG,
1601939700200,sku_color,5,Orange Black,https://sc04.alicdn.com/kf/Sc5e0df900c584438a97edfdde15af6f7O.png,800,800,PNG,
1601939700200,detail,1,Detail shot,https://sc04.alicdn.com/kf/A3500294554624c30b1aeda8ced5f06b75.jpg,1200,1200,JPEG,
1601939700200,detail,2,Scene image,https://sc04.alicdn.com/kf/A28ef113cd8eb48b6bad70573678f1d18i.jpg,1200,1200,JPEG,
1601939700200,detail,3,Other product images,https://sc04.alicdn.com/kf/Sd1f7dcc9482f4516a0c8a72b32bdc55c7.png,1254,1254,PNG,
1601939700200,detail,4,Product dimensions,https://sc04.alicdn.com/kf/S92e2dfe5be1c46eebe5360ba896397bd0.png,1254,1254,PNG,
1601939700200,company,1,Packaging & shipping specifications,https://sc04.alicdn.com/kf/Sc1dc6ec7d435404db6a31c6938a734a0g.png,1254,1254,PNG,
1601939700200,company,2,Production workflow,https://sc04.alicdn.com/kf/Sdc4e18f098e142b797df687e8befbfa14.png,1500,1492,PNG,
1601939700200,company,3,Company overview,https://sc04.alicdn.com/kf/Sf587c854711748af9759e77ce5aeb03c3.png,1254,1254,PNG,
1601939700200,company,4,Factory profile,https://sc04.alicdn.com/kf/Sfea34bbd56ae4d0583aa855838eb1454F.png,1500,1364,PNG,
1601939700200,company,5,Customization capabilities,https://sc04.alicdn.com/kf/S2a3af5690d524680824086ad8419dbc9G.png,1254,1254,PNG,
1601939585904,sku_color,1,Pink,https://sc04.alicdn.com/kf/S7c0a0c31362042678b4b7b3a19be96707.png,800,800,PNG,
1601939585904,sku_color,2,Grey,https://sc04.alicdn.com/kf/S86f74eea95754663b00777813fbad2cc6.png,800,800,PNG,
1601939585904,sku_color,3,White,https://sc04.alicdn.com/kf/S69b23658e64e49e9bc27dbaad3c5f732l.png,800,800,PNG,
1601939585904,sku_color,4,All Black,https://sc04.alicdn.com/kf/S8c6d35295028456789c011305f6bc374Z.png,800,800,PNG,
1601939585904,sku_color,5,Black White,https://sc04.alicdn.com/kf/Sb1dff5fccaa243f1844f899e0ba544bbu.png,800,800,PNG,
1601939585904,detail,1,Other product images,https://sc04.alicdn.com/kf/Sfc03a06e878447f6b79ca3afe9efb72bO.png,1254,1254,PNG,
1601939585904,detail,2,Detail shot,https://sc04.alicdn.com/kf/S924a855f1a47406d97a1f451a24ef7123.png,1254,1254,PNG,
1601939585904,detail,3,Product dimensions,https://sc04.alicdn.com/kf/Sfb079d9321414929a5f18743b20a4755m.png,1254,1254,PNG,
1601939585904,detail,4,Scene image,https://sc04.alicdn.com/kf/Sa8b3fd02756748a0856ec0d5abbc8f3c1.png,1254,1254,PNG,
1601939585904,company,1,Factory profile,https://sc04.alicdn.com/kf/Sfea34bbd56ae4d0583aa855838eb1454F.png,1500,1364,PNG,
1601939585904,company,2,Production workflow,https://sc04.alicdn.com/kf/Sdc4e18f098e142b797df687e8befbfa14.png,1500,1492,PNG,
1601939585904,company,3,Packaging & shipping specifications,https://sc04.alicdn.com/kf/Sc1dc6ec7d435404db6a31c6938a734a0g.png,1254,1254,PNG,
1601939585904,company,4,Customization capabilities,https://sc04.alicdn.com/kf/S2a3af5690d524680824086ad8419dbc9G.png,1254,1254,PNG,
1601939585904,company,5,Company overview,https://sc04.alicdn.com/kf/Sf587c854711748af9759e77ce5aeb03c3.png,1254,1254,PNG,
1601939654418,sku_color,1,Grey Black,https://sc04.alicdn.com/kf/S5db3f4865ff34b518351073c4dafcfeeS.jpg,800,800,JPEG,
1601939654418,sku_color,2,Grey White,https://sc04.alicdn.com/kf/S46af698c93cb4a5ea7c8e1c837b26d469.jpg,800,800,JPEG,
1601939654418,sku_color,3,Grey Khaki,https://sc04.alicdn.com/kf/S3c7bf3cc7da245e9b71698652da1f34eH.jpg,800,800,JPEG,
1601939654418,detail,1,Scene image,https://sc04.alicdn.com/kf/Sf94dc5098a954969b9db246223457c59L.jpg,1200,1200,JPEG,
1601939654418,detail,2,Product dimensions,https://sc04.alicdn.com/kf/S37b81b75380e4a128a11dc5d30d31caeS.png,1254,1254,PNG,
1601939654418,detail,3,Detail shot,https://sc04.alicdn.com/kf/Scf3e65b5b6f54fdb9b41f0874e03068dH.jpg,1200,1200,JPEG,
1601939654418,detail,4,Other product images,https://sc04.alicdn.com/kf/Saf60bba6120a4b9b8d1eeb35d74299a96.jpg,1200,1200,JPEG,
1601939654418,company,1,Company overview,https://sc04.alicdn.com/kf/Sf587c854711748af9759e77ce5aeb03c3.png,1254,1254,PNG,
1601939654418,company,2,Factory profile,https://sc04.alicdn.com/kf/Sfea34bbd56ae4d0583aa855838eb1454F.png,1500,1364,PNG,
1601939654418,company,3,Production workflow,https://sc04.alicdn.com/kf/Sdc4e18f098e142b797df687e8befbfa14.png,1500,1492,PNG,
1601939654418,company,4,Customization capabilities,https://sc04.alicdn.com/kf/S2a3af5690d524680824086ad8419dbc9G.png,1254,1254,PNG,
1601939654418,company,5,Packaging & shipping specifications,https://sc04.alicdn.com/kf/Sc1dc6ec7d435404db6a31c6938a734a0g.png,1254,1254,PNG,
1601939614689,sku_color,1,Grey White,https://sc04.alicdn.com/kf/S46af698c93cb4a5ea7c8e1c837b26d469.jpg,800,800,JPEG,
1601939614689,sku_color,2,Grey Khaki,https://sc04.alicdn.com/kf/S3c7bf3cc7da245e9b71698652da1f34eH.jpg,800,800,JPEG,
1601939614689,sku_color,3,Grey Black,https://sc04.alicdn.com/kf/S5db3f4865ff34b518351073c4dafcfeeS.jpg,800,800,JPEG,
1601939614689,detail,1,Scene image,https://sc04.alicdn.com/kf/Sf94dc5098a954969b9db246223457c59L.jpg,1200,1200,JPEG,
1601939614689,detail,2,Detail shot,https://sc04.alicdn.com/kf/Scf3e65b5b6f54fdb9b41f0874e03068dH.jpg,1200,1200,JPEG,
1601939614689,detail,3,Product dimensions,https://sc04.alicdn.com/kf/S37b81b75380e4a128a11dc5d30d31caeS.png,1254,1254,PNG,
1601939614689,detail,4,Other product images,https://sc04.alicdn.com/kf/Saf60bba6120a4b9b8d1eeb35d74299a96.jpg,1200,1200,JPEG,
1601939614689,company,1,Production workflow,https://sc04.alicdn.com/kf/Sdc4e18f098e142b797df687e8befbfa14.png,1500,1492,PNG,
1601939614689,company,2,Packaging & shipping specifications,https://sc04.alicdn.com/kf/Sc1dc6ec7d435404db6a31c6938a734a0g.png,1254,1254,PNG,
1601939614689,company,3,Factory profile,https://sc04.alicdn.com/kf/Sfea34bbd56ae4d0583aa855838eb1454F.png,1500,1364,PNG,
1601939614689,company,4,Company overview,https://sc04.alicdn.com/kf/Sf587c854711748af9759e77ce5aeb03c3.png,1254,1254,PNG,
1601939614689,company,5,Customization capabilities,https://sc04.alicdn.com/kf/S2a3af5690d524680824086ad8419dbc9G.png,1254,1254,PNG,
1601939707196,sku_color,1,White,https://sc04.alicdn.com/kf/Seb52623cee6f48f1b99fd35b260cef73E.jpg,800,800,JPEG,
1601939707196,sku_color,2,All Black,https://sc04.alicdn.com/kf/S5fb4d87cb4c64b578410018fcfd720d2d.jpg,800,800,JPEG,
1601939707196,sku_color,3,Black White,https://sc04.alicdn.com/kf/Se543cacc99e94062ae641dd26506e58dy.jpg,800,800,JPEG,
1601939707196,detail,1,Scene image,https://sc04.alicdn.com/kf/Sb8f355e62d11412aafc5f0ac83399da75.jpg,1200,1200,JPEG,
1601939707196,detail,2,Detail shot,https://sc04.alicdn.com/kf/See6e068f2a72493fa33d43729e79ed57R.jpg,1200,1200,JPEG,
1601939707196,detail,3,Other product images,https://sc04.alicdn.com/kf/S192613265d024f65a687f2723a4ffef9j.jpg,1200,1200,JPEG,
1601939707196,detail,4,Product dimensions,https://sc04.alicdn.com/kf/S0b307a6fe21e4309aff7ca7c28ffa16fp.png,1254,1254,PNG,
1601939707196,company,1,Factory profile,https://sc04.alicdn.com/kf/Sfea34bbd56ae4d0583aa855838eb1454F.png,1500,1364,PNG,
1601939707196,company,2,Company overview,https://sc04.alicdn.com/kf/Sf587c854711748af9759e77ce5aeb03c3.png,1254,1254,PNG,
1601939707196,company,3,Customization capabilities,https://sc04.alicdn.com/kf/S2a3af5690d524680824086ad8419dbc9G.png,1254,1254,PNG,
1601939707196,company,4,Packaging & shipping specifications,https://sc04.alicdn.com/kf/Sc1dc6ec7d435404db6a31c6938a734a0g.png,1254,1254,PNG,
1601939707196,company,5,Production workflow,https://sc04.alicdn.com/kf/Sdc4e18f098e142b797df687e8befbfa14.png,1500,1492,PNG,
1601939635505,sku_color,1,Grey White,https://sc04.alicdn.com/kf/S46af698c93cb4a5ea7c8e1c837b26d469.jpg,800,800,JPEG,
1601939635505,sku_color,2,Grey Khaki,https://sc04.alicdn.com/kf/S3c7bf3cc7da245e9b71698652da1f34eH.jpg,800,800,JPEG,
1601939635505,sku_color,3,Grey Black,https://sc04.alicdn.com/kf/S5db3f4865ff34b518351073c4dafcfeeS.jpg,800,800,JPEG,
1601939635505,detail,1,Scene image,https://sc04.alicdn.com/kf/Sf94dc5098a954969b9db246223457c59L.jpg,1200,1200,JPEG,
1601939635505,detail,2,Other product images,https://sc04.alicdn.com/kf/Saf60bba6120a4b9b8d1eeb35d74299a96.jpg,1200,1200,JPEG,
1601939635505,detail,3,Detail shot,https://sc04.alicdn.com/kf/Scf3e65b5b6f54fdb9b41f0874e03068dH.jpg,1200,1200,JPEG,
1601939635505,detail,4,Product dimensions,https://sc04.alicdn.com/kf/S37b81b75380e4a128a11dc5d30d31caeS.png,1254,1254,PNG,
1601939635505,company,1,Factory profile,https://sc04.alicdn.com/kf/Sfea34bbd56ae4d0583aa855838eb1454F.png,1500,1364,PNG,
1601939635505,company,2,Packaging & shipping specifications,https://sc04.alicdn.com/kf/Sc1dc6ec7d435404db6a31c6938a734a0g.png,1254,1254,PNG,
1601939635505,company,3,Company overview,https://sc04.alicdn.com/kf/Sf587c854711748af9759e77ce5aeb03c3.png,1254,1254,PNG,
1601939635505,company,4,Customization capabilities,https://sc04.alicdn.com/kf/S2a3af5690d524680824086ad8419dbc9G.png,1254,1254,PNG,
1601939635505,company,5,Production workflow,https://sc04.alicdn.com/kf/Sdc4e18f098e142b797df687e8befbfa14.png,1500,1492,PNG,
1601939727104,sku_color,1,All Black,https://sc04.alicdn.com/kf/S5fb4d87cb4c64b578410018fcfd720d2d.jpg,800,800,JPEG,
1601939727104,sku_color,2,Black White,https://sc04.alicdn.com/kf/Se543cacc99e94062ae641dd26506e58dy.jpg,800,800,JPEG,
1601939727104,sku_color,3,White,https://sc04.alicdn.com/kf/Seb52623cee6f48f1b99fd35b260cef73E.jpg,800,800,JPEG,
1601939727104,detail,1,Other product images,https://sc04.alicdn.com/kf/S192613265d024f65a687f2723a4ffef9j.jpg,1200,1200,JPEG,
1601939727104,detail,2,Product dimensions,https://sc04.alicdn.com/kf/S0b307a6fe21e4309aff7ca7c28ffa16fp.png,1254,1254,PNG,
1601939727104,detail,3,Detail shot,https://sc04.alicdn.com/kf/See6e068f2a72493fa33d43729e79ed57R.jpg,1200,1200,JPEG,
1601939727104,detail,4,Scene image,https://sc04.alicdn.com/kf/Sb8f355e62d11412aafc5f0ac83399da75.jpg,1200,1200,JPEG,
1601939727104,company,1,Factory profile,https://sc04.alicdn.com/kf/Sfea34bbd56ae4d0583aa855838eb1454F.png,1500,1364,PNG,
1601939727104,company,2,Packaging & shipping specifications,https://sc04.alicdn.com/kf/Sc1dc6ec7d435404db6a31c6938a734a0g.png,1254,1254,PNG,
1601939727104,company,3,Production workflow,https://sc04.alicdn.com/kf/Sdc4e18f098e142b797df687e8befbfa14.png,1500,1492,PNG,
1601939727104,company,4,Customization capabilities,https://sc04.alicdn.com/kf/S2a3af5690d524680824086ad8419dbc9G.png,1254,1254,PNG,
1601939727104,company,5,Company overview,https://sc04.alicdn.com/kf/Sf587c854711748af9759e77ce5aeb03c3.png,1254,1254,PNG,
10000044021584,sku_color,1,Pink,https://sc04.alicdn.com/kf/S49879ee3d2b442669f63fbca7aacc0d7F.jpg,1000,1000,JPEG,
10000044021584,sku_color,2,Zebra Stripe,https://sc04.alicdn.com/kf/S18d5bdfeda314ca4abdc2fa064f1e11aX.jpg,1000,1000,JPEG,
10000044021584,sku_color,3,Black,https://sc04.alicdn.com/kf/S9d1593fdab5e4e4d911eb6baeed475fbd.jpg,1000,1000,JPEG,
10000044021584,detail,1,Product dimensions,https://sc04.alicdn.com/kf/H87ec348813254bfdba5ab388f33ed200G.jpg,1200,1200,JPEG,
10000044021584,detail,2,Other product images,https://sc04.alicdn.com/kf/Hb219628f14c04715816edd2c010b57ebu.jpg,1200,1200,JPEG,
10000044021584,detail,3,Factory profile,https://sc04.alicdn.com/kf/Sfbb2465d1a2d414a9cc0632e0fca18bfc.png,1500,1500,PNG,
10000044021584,detail,4,Product dimensions,https://sc04.alicdn.com/kf/Hd4fa686cbf544d8a8c3b30ccf2c7cf82l.jpg,1200,1200,JPEG,
10000044021584,company,1,Factory profile,https://sc04.alicdn.com/kf/Sdc4e18f098e142b797df687e8befbfa14.png,1500,1492,PNG,
10000044021584,company,2,Production workflow,https://sc04.alicdn.com/kf/Sc1dc6ec7d435404db6a31c6938a734a0g.png,1254,1254,PNG,
10000044021584,company,3,Extended company profile,https://sc04.alicdn.com/kf/Sf587c854711748af9759e77ce5aeb03c3.png,1254,1254,PNG,
10000044021584,company,4,Competitive advantages,https://sc04.alicdn.com/kf/Sfea34bbd56ae4d0583aa855838eb1454F.png,1500,1364,PNG,
10000044021584,company,5,Packaging & shipping specifications,https://sc04.alicdn.com/kf/S2a3af5690d524680824086ad8419dbc9G.png,1254,1254,PNG,
10000047216427,sku_color,1,Black/White,https://sc04.alicdn.com/kf/S2ba2b168b45c44d8bc73237e3525e708K.jpg,1000,1000,JPEG,
10000047216427,sku_color,2,All Black,https://sc04.alicdn.com/kf/S5438e29ffade4613b6330382330a6c3eW.jpg,1000,1000,JPEG,
10000047216427,sku_color,3,Grey,https://sc04.alicdn.com/kf/S5bd77992d60442e5989d2715b8fceeebN.jpg,1000,1000,JPEG,
10000047216427,detail,1,Detail shot,https://sc04.alicdn.com/kf/Sacfb78d7fd6540e4b1e437a644a22aceo.jpg,1200,1200,JPEG,
10000047216427,detail,2,Product dimensions,https://sc04.alicdn.com/kf/Sfc299019cd504f40bdb343768691911ee.jpg,1200,1200,JPEG,
10000047216427,detail,3,Other product images,https://sc04.alicdn.com/kf/S3bc183e837a74f0aa95eb1b7a0bd3526P.jpg,1200,1200,JPEG,
10000047216427,detail,4,Scene image,https://sc04.alicdn.com/kf/S242671255a904e25b674e7b587ae18a89.jpg,1200,1200,JPEG,
10000047216427,company,1,Customization capabilities,https://sc04.alicdn.com/kf/S2a3af5690d524680824086ad8419dbc9G.png,1254,1254,PNG,
10000047216427,company,2,Factory profile,https://sc04.alicdn.com/kf/Sfea34bbd56ae4d0583aa855838eb1454F.png,1500,1364,PNG,
10000047216427,company,3,Packaging & shipping specifications,https://sc04.alicdn.com/kf/Sc1dc6ec7d435404db6a31c6938a734a0g.png,1254,1254,PNG,
10000047216427,company,4,Production workflow,https://sc04.alicdn.com/kf/Sdc4e18f098e142b797df687e8befbfa14.png,1500,1492,PNG,
10000047216427,company,5,Company overview,https://sc04.alicdn.com/kf/Sf587c854711748af9759e77ce5aeb03c3.png,1254,1254,PNG,
10000043991998,sku_color,1,Black White,https://sc04.alicdn.com/kf/H4fb19a7392c948039f41fb9ee9a2153cq.jpg,1000,1000,JPEG,
10000043991998,sku_color,2,Black White Stripe,https://sc04.alicdn.com/kf/S02253108fe4849fcab1d8e99ac524548P.jpg,1000,1000,JPEG,
10000043991998,sku_color,3,Light Grey,https://sc04.alicdn.com/kf/Ha52a6ffe57274032818ead931327bdc0b.jpg,900,900,JPEG,
10000043991998,detail,1,Product dimensions,https://sc04.alicdn.com/kf/Sf72cc813ebbe4db5a991489382052cffI.jpg,1200,1200,JPEG,
10000043991998,detail,2,Product dimensions,https://sc04.alicdn.com/kf/S0434196955de443193cf612bc62e59ddf.jpg,1200,1200,JPEG,
10000043991998,detail,3,Product dimensions,https://sc04.alicdn.com/kf/S5b602fdf23604ed49db56f2711c63cfcD.jpg,1200,1200,JPEG,
10000043991998,detail,4,Product dimensions,https://sc04.alicdn.com/kf/Sc5db7ae46946493085a34cba16af1e6ee.jpg,1200,1200,JPEG,
10000043991998,company,1,Competitive advantages,https://sc04.alicdn.com/kf/Sfea34bbd56ae4d0583aa855838eb1454F.png,1500,1364,PNG,
10000043991998,company,2,Factory profile,https://sc04.alicdn.com/kf/Sdc4e18f098e142b797df687e8befbfa14.png,1500,1492,PNG,
10000043991998,company,3,Production workflow,https://sc04.alicdn.com/kf/Sc1dc6ec7d435404db6a31c6938a734a0g.png,1254,1254,PNG,
10000043991998,company,4,Extended company profile,https://sc04.alicdn.com/kf/Sf587c854711748af9759e77ce5aeb03c3.png,1254,1254,PNG,
10000043991998,company,5,Packaging & shipping specifications,https://sc04.alicdn.com/kf/S2a3af5690d524680824086ad8419dbc9G.png,1254,1254,PNG,
1601924732369,sku_color,1,Black/White,https://sc04.alicdn.com/kf/A672d0ffbd4884ffd93ae06e0a76e7dd9W.jpg,1000,1000,JPEG,
1601924732369,sku_color,2,White,https://sc04.alicdn.com/kf/Aac8660ee523d46f3a406da178f80b751I.jpg,1000,1000,JPEG,
1601924732369,sku_color,3,Black/White Fleece,https://sc04.alicdn.com/kf/A6bf6521664cf4226b5469ecb2c08e28c8.jpg,,,,DOWNLOAD_ERROR:HTTPError:HTTP Error 404: Not Found
1601924732369,sku_color,4,All Black Fleece,https://sc04.alicdn.com/kf/A55ef7781db04422290aad1e77437b6a1u.jpg,,,,DOWNLOAD_ERROR:HTTPError:HTTP Error 404: Not Found
1601924732369,sku_color,5,All Black,https://sc04.alicdn.com/kf/Abae25a0a9dc94f8ea3095a46c638af7fx.jpg,1000,1000,JPEG,
1601924732369,detail,1,Product dimensions,https://sc04.alicdn.com/kf/Hc0f9f780bb8649eabdff012393a40ba0o.png,1200,1200,JPEG,
1601924732369,detail,2,Other product images,https://sc04.alicdn.com/kf/H8cbff543c1f54926905b184f65890ce00.png,1200,1200,JPEG,
1601924732369,detail,3,Detail shot,https://sc04.alicdn.com/kf/H292665777f4144d2a6bdb670fcf61b34t.png,1200,1200,JPEG,
1601924732369,detail,4,Other product images,https://sc04.alicdn.com/kf/H43c33f2ee26d418d8222e0db5bd64c98g.png,1200,1200,JPEG,
1601924732369,detail,5,Other product images,https://sc04.alicdn.com/kf/Hdb9d18aea13d4ad7878a321817510adbM.png,1200,1200,JPEG,
1601924732369,detail,6,Other product images,https://sc04.alicdn.com/kf/H1059280ab5ce424eba4b84b910d49018a.png,1200,1200,JPEG,
1601924732369,company,1,Production workflow,https://sc04.alicdn.com/kf/Hc99422065f7644c18da852e6adbd4a40u.png,1500,1200,PNG,
1601924732369,company,2,Factory profile,https://sc04.alicdn.com/kf/Sb785a174a04043129c63a39a19df1c2ep.png,1500,1492,PNG,
1601924732369,company,3,Company overview,https://sc04.alicdn.com/kf/S85b6763402114d958afb753952d130e6n.png,1500,1470,PNG,
1601924732369,company,4,Competitive advantages,https://sc04.alicdn.com/kf/S08bdd1a31b3541f78e50f4b8be26cfadA.png,1500,1364,PNG,
1601924732369,company,5,Packaging & shipping specifications,https://sc04.alicdn.com/kf/H9c98f0404800441cb760040394aa2294d.png,1500,899,PNG,
1601924347721,sku_color,1,Green,https://sc04.alicdn.com/kf/Acae227f1d91444a29447da11606085ce8.jpg,1000,1000,JPEG,
1601924347721,sku_color,2,Purple,https://sc04.alicdn.com/kf/A7f4a7deef4aa452e96cb1298a66bfcae5.jpg,1000,1000,JPEG,
1601924347721,sku_color,3,Black/White Fleece,https://sc04.alicdn.com/kf/A56196cef12c24340ac64e5acd0949985r.jpg,1000,1000,JPEG,
1601924347721,sku_color,4,Blue,https://sc04.alicdn.com/kf/A061be01aecb543669a8c01e286fb4bc4p.jpg,1000,1000,JPEG,
1601924347721,sku_color,5,White,https://sc04.alicdn.com/kf/A7dd9fbbb195c4d9db3277964df520a0fM.jpg,1000,1000,JPEG,
1601924347721,sku_color,6,Grey,https://sc04.alicdn.com/kf/A65e7f2f0e8e44051a0a855b659b414d1y.jpg,1000,1000,JPEG,
1601924347721,sku_color,7,Black/White,https://sc04.alicdn.com/kf/A56196cef12c24340ac64e5acd0949985r.jpg,1000,1000,JPEG,DUPLICATE_SECONDARY_URL
1601924347721,detail,1,Product dimensions,https://sc04.alicdn.com/kf/A89bf53af9f7847b3bc33672b85ce4387K.png,1200,1200,JPEG,
1601924347721,detail,2,Other product images,https://sc04.alicdn.com/kf/A3e46a8a0b94840159a186d1b19400e0ay.png,1200,1200,JPEG,
1601924347721,detail,3,Detail shot,https://sc04.alicdn.com/kf/Af4acb76274c846c5a867354ea563ee92n.png,1200,1200,JPEG,
1601924347721,detail,4,Other product images,https://sc04.alicdn.com/kf/A884653e5bafd4b1d996b04129b5bd0eaY.png,1200,1200,JPEG,
1601924347721,detail,5,Other product images,https://sc04.alicdn.com/kf/A335345c0e69d495da6c0cdc124e24a91f.png,1200,1200,JPEG,
1601924347721,detail,6,Other product images,https://sc04.alicdn.com/kf/Aee52433e1a354d049ff89551fa4bcf68j.png,1200,1200,JPEG,
1601924347721,company,1,Company overview,https://sc04.alicdn.com/kf/S85b6763402114d958afb753952d130e6n.png,1500,1470,PNG,
1601924347721,company,2,Factory profile,https://sc04.alicdn.com/kf/Sb785a174a04043129c63a39a19df1c2ep.png,1500,1492,PNG,
1601924347721,company,3,Competitive advantages,https://sc04.alicdn.com/kf/S08bdd1a31b3541f78e50f4b8be26cfadA.png,1500,1364,PNG,
1601924347721,company,4,Production workflow,https://sc04.alicdn.com/kf/Hc99422065f7644c18da852e6adbd4a40u.png,1500,1200,PNG,
1601924347721,company,5,Packaging & shipping specifications,https://sc04.alicdn.com/kf/H9c98f0404800441cb760040394aa2294d.png,1500,899,PNG,
1601825160204,sku_color,1,White Sole Black,https://sc04.alicdn.com/kf/H735b3a8a0f3d4f769f4ca8590bfcfd5as.jpg,800,800,JPEG,
1601825160204,sku_color,2,All Black,https://sc04.alicdn.com/kf/H3f99189640ac40d69a8f819173cf6439X.jpg,800,800,JPEG,
1601825160204,detail,1,Packaging & shipping specifications,https://sc04.alicdn.com/kf/Sbb4900174b8441f09e6c76db6a9932e0Y.jpg,1200,1200,JPEG,
1601825160204,detail,2,Product dimensions,https://sc04.alicdn.com/kf/S439c0c68f79d42908079159be4c24e29r.png,1254,1254,PNG,
1601825160204,detail,3,Scene image,https://sc04.alicdn.com/kf/S131c1295cf36499b8d244c05a4bddfd7l.jpg,800,800,JPEG,
1601825160204,detail,4,Packaging & shipping specifications,https://sc04.alicdn.com/kf/S8d6be175ab4f4559aef663a500e9ab57k.jpg,1200,1200,JPEG,
1601825160204,company,1,Factory profile,https://sc04.alicdn.com/kf/Sdc4e18f098e142b797df687e8befbfa14.png,1500,1492,PNG,
1601825160204,company,2,Extended company profile,https://sc04.alicdn.com/kf/Sf587c854711748af9759e77ce5aeb03c3.png,1254,1254,PNG,
1601825160204,company,3,Competitive advantages,https://sc04.alicdn.com/kf/Sfea34bbd56ae4d0583aa855838eb1454F.png,1500,1364,PNG,
1601825160204,company,4,Production workflow,https://sc04.alicdn.com/kf/Sc1dc6ec7d435404db6a31c6938a734a0g.png,1254,1254,PNG,
1601825160204,company,5,Packaging & shipping specifications,https://sc04.alicdn.com/kf/S2a3af5690d524680824086ad8419dbc9G.png,1254,1254,PNG,
1601839073314,sku_color,1,Black White,https://sc04.alicdn.com/kf/Hb12fa2d50d904ecdb7df2e08f34da9d9j.jpg,900,900,JPEG,
1601839073314,sku_color,2,All Black,https://sc04.alicdn.com/kf/Haca31ee7476d4dd5b325c07edbd973776.jpg,900,900,JPEG,
1601839073314,sku_color,3,Grey,https://sc04.alicdn.com/kf/Hfeb96eb0039d4ae493e314f6eeee7f26t.jpg,900,900,JPEG,
1601839073314,sku_color,4,White,https://sc04.alicdn.com/kf/Hcbf29f17bbe04ad9ae5d49ec8c27e2f1F.jpg,900,900,JPEG,
1601839073314,detail,1,Product dimensions,https://sc04.alicdn.com/kf/H3d0630b9d3c3469fa873638708f637a6d.jpg,1200,1200,JPEG,
1601839073314,detail,2,Product dimensions,https://sc04.alicdn.com/kf/Hf3f3de5923c443eb9b20d8caa5c55be9X.jpg,1200,1200,JPEG,
1601839073314,detail,3,Product dimensions,https://sc04.alicdn.com/kf/S709c472ffaa64f1dbac61fe382cd539bV.jpg,1200,1200,JPEG,
1601839073314,detail,4,Product dimensions,https://sc04.alicdn.com/kf/Sd8ec5c5d3f8642b4bc24632ec9ec12a17.jpg,1200,1200,JPEG,
1601839073314,company,1,Packaging & shipping specifications,https://sc04.alicdn.com/kf/S2a3af5690d524680824086ad8419dbc9G.png,1254,1254,PNG,
1601839073314,company,2,Extended company profile,https://sc04.alicdn.com/kf/Sf587c854711748af9759e77ce5aeb03c3.png,1254,1254,PNG,
1601839073314,company,3,Competitive advantages,https://sc04.alicdn.com/kf/Sfea34bbd56ae4d0583aa855838eb1454F.png,1500,1364,PNG,
1601839073314,company,4,Production workflow,https://sc04.alicdn.com/kf/Sc1dc6ec7d435404db6a31c6938a734a0g.png,1254,1254,PNG,
1601839073314,company,5,Factory profile,https://sc04.alicdn.com/kf/Sdc4e18f098e142b797df687e8befbfa14.png,1500,1492,PNG,
1601825021825,sku_color,1,Black White,https://sc04.alicdn.com/kf/H7687a9e155344382bc5cd981320ad541e.jpg,750,1000,JPEG,
1601825021825,sku_color,2,All Black,https://sc04.alicdn.com/kf/Hfc4b0af5579f41c7a31806ff8b87b75eh.jpg,750,1000,JPEG,
1601825021825,sku_color,3,White Black,https://sc04.alicdn.com/kf/Hb6819869b0754309b7e100285ebb1221j.jpg,750,1000,JPEG,
1601825021825,sku_color,4,Grey Green,https://sc04.alicdn.com/kf/H93071599a2c3474f8fe63e3b05de10c3C.jpg,750,1000,JPEG,
1601825021825,detail,1,Scene image,https://sc04.alicdn.com/kf/H473809bc0ef442819957b19ede11eb2em.png,1500,1500,PNG,
1601825021825,detail,2,Product dimensions,https://sc04.alicdn.com/kf/Hf74808352e2d49f8b2481c7c6376e02fG.png,1500,1500,PNG,
1601825021825,detail,3,Factory profile,https://sc04.alicdn.com/kf/S85b6763402114d958afb753952d130e6n.png,1500,1470,PNG,
1601825021825,detail,4,Scene image,https://sc04.alicdn.com/kf/H3ff44bddcd5d4a838ae1777de0c4a85ac.png,1500,1500,PNG,
1601825021825,detail,5,Scene image,https://sc04.alicdn.com/kf/H52233330ed74482d8401fa01aae6fd198.png,1500,1500,PNG,
1601825021825,company,1,Production workflow,https://sc04.alicdn.com/kf/Sc1dc6ec7d435404db6a31c6938a734a0g.png,1254,1254,PNG,
1601825021825,company,2,Factory profile,https://sc04.alicdn.com/kf/Sdc4e18f098e142b797df687e8befbfa14.png,1500,1492,PNG,
1601825021825,company,3,Extended company profile,https://sc04.alicdn.com/kf/Sf587c854711748af9759e77ce5aeb03c3.png,1254,1254,PNG,
1601825021825,company,4,Competitive advantages,https://sc04.alicdn.com/kf/Sfea34bbd56ae4d0583aa855838eb1454F.png,1500,1364,PNG,
1601825021825,company,5,Packaging & shipping specifications,https://sc04.alicdn.com/kf/S2a3af5690d524680824086ad8419dbc9G.png,1254,1254,PNG,
10000047196608,sku_color,1,Black/White,https://sc04.alicdn.com/kf/S7f7c52078e2e41c3a888a75e9dd658988.jpg,1000,1000,JPEG,
10000047196608,sku_color,2,Grey,https://sc04.alicdn.com/kf/Sc7014add51b24d21ba1c5cbd1c600642x.jpg,1000,1000,JPEG,
10000047196608,sku_color,3,All Black,https://sc04.alicdn.com/kf/Se56430bd40a448f2b3c66827eaa0051db.jpg,1000,1000,JPEG,
10000047196608,sku_color,4,Red,https://sc04.alicdn.com/kf/S9e187d5274324e7c9dd8c06bdbbeea423.jpg,1000,1000,JPEG,
10000047196608,sku_color,5,Pink,https://sc04.alicdn.com/kf/S86ca6d5055bd4894a100c689dc379114F.jpg,1000,1000,JPEG,
10000047196608,sku_color,6,Off White,https://sc04.alicdn.com/kf/Sf4369684997f4463b8eab60a1afa3980F.jpg,1000,1000,JPEG,
10000047196608,detail,1,Detail shot,https://sc04.alicdn.com/kf/Sf7057fb201fa47d0b04233c02315c6f18.png,1254,1254,PNG,
10000047196608,detail,2,Scene image,https://sc04.alicdn.com/kf/Sefce0c509b8644c2bb5b997bc96ef7b8T.png,1254,1254,PNG,
10000047196608,detail,3,Product dimensions,https://sc04.alicdn.com/kf/S84ef8b33d44440b4a3b85b615a97da76s.png,1254,1254,PNG,
10000047196608,detail,4,Other product images,https://sc04.alicdn.com/kf/Sc77de8d246914579a74c14fca32d93caX.jpg,1200,1200,JPEG,
10000047196608,company,1,Factory profile,https://sc04.alicdn.com/kf/Sfea34bbd56ae4d0583aa855838eb1454F.png,1500,1364,PNG,
10000047196608,company,2,Production workflow,https://sc04.alicdn.com/kf/Sdc4e18f098e142b797df687e8befbfa14.png,1500,1492,PNG,
10000047196608,company,3,Packaging & shipping specifications,https://sc04.alicdn.com/kf/Sc1dc6ec7d435404db6a31c6938a734a0g.png,1254,1254,PNG,
10000047196608,company,4,Customization capabilities,https://sc04.alicdn.com/kf/S2a3af5690d524680824086ad8419dbc9G.png,1254,1254,PNG,
10000047196608,company,5,Company overview,https://sc04.alicdn.com/kf/Sf587c854711748af9759e77ce5aeb03c3.png,1254,1254,PNG,
10000044034049,sku_color,1,White,https://sc04.alicdn.com/kf/Sf358d765ea4d4a0babc012abd757d7abi.jpg,900,900,JPEG,
10000044034049,sku_color,2,Grey,https://sc04.alicdn.com/kf/S0ea1e2ec31f64f15ad28cb6ed8926d7dC.jpg,900,900,JPEG,
10000044034049,sku_color,3,Black White,https://sc04.alicdn.com/kf/Sadb4bad4d3a942209bcf19ddbeccaac3g.jpg,900,900,JPEG,
10000044034049,sku_color,4,All Black,https://sc04.alicdn.com/kf/S53a3ce5ed5be4358af3ce69e9977fb958.jpg,900,900,JPEG,
10000044034049,detail,1,Product dimensions,https://sc04.alicdn.com/kf/S96f1e5e762c94addafa178fcb7e31dd3q.jpg,1200,1200,JPEG,
10000044034049,detail,2,Product dimensions,https://sc04.alicdn.com/kf/S3b2b52381b8d423eaf127a2fb45e7c99b.jpg,1200,1200,JPEG,
10000044034049,detail,3,Product dimensions,https://sc04.alicdn.com/kf/S22b5c49afb144f63a9f28c8f9bf75279V.jpg,1200,1200,JPEG,
10000044034049,detail,4,Product dimensions,https://sc04.alicdn.com/kf/Sdc783b3e1d4c4436b8ba29d19a6607cee.jpg,1200,1200,JPEG,
10000044034049,company,1,Factory profile,https://sc04.alicdn.com/kf/Sdc4e18f098e142b797df687e8befbfa14.png,1500,1492,PNG,
10000044034049,company,2,Production workflow,https://sc04.alicdn.com/kf/Sc1dc6ec7d435404db6a31c6938a734a0g.png,1254,1254,PNG,
10000044034049,company,3,Extended company profile,https://sc04.alicdn.com/kf/Sf587c854711748af9759e77ce5aeb03c3.png,1254,1254,PNG,
10000044034049,company,4,Competitive advantages,https://sc04.alicdn.com/kf/Sfea34bbd56ae4d0583aa855838eb1454F.png,1500,1364,PNG,
10000044034049,company,5,Packaging & shipping specifications,https://sc04.alicdn.com/kf/S2a3af5690d524680824086ad8419dbc9G.png,1254,1254,PNG,
1601839050756,sku_color,1,Green,https://sc04.alicdn.com/kf/Hdd732fda8d3e46bcbc1d6cd56c85e78ci.jpg,900,900,JPEG,
1601839050756,sku_color,2,Grey,https://sc04.alicdn.com/kf/Hc2bd18e5b66a4fecb3cda2c81e421e7d0.jpg,900,900,JPEG,
1601839050756,sku_color,3,Purple,https://sc04.alicdn.com/kf/Hd1bd57abd7354e94a0eb214d8a79a963R.jpg,900,900,JPEG,
1601839050756,sku_color,4,Pink,https://sc04.alicdn.com/kf/H93aad3faa826440c89f119d811a428e0c.jpg,900,900,JPEG,
1601839050756,detail,1,Other product images,https://sc04.alicdn.com/kf/S3868447396d443509163e8086cc3f5b9G.jpg,1200,1200,JPEG,
1601839050756,detail,2,Other product images,https://sc04.alicdn.com/kf/S4b39d8d97c2d4abfadc534a9ffde7d70u.jpg,900,900,JPEG,
1601839050756,detail,3,Other product images,https://sc04.alicdn.com/kf/Sc69e5819f5e941948c6fa7102227a28dl.jpg,900,900,JPEG,
1601839050756,detail,4,Other product images,https://sc04.alicdn.com/kf/S249c57b03c3b4ae492a756b38db06344W.jpg,900,900,JPEG,
1601839050756,company,1,Packaging & shipping specifications,https://sc04.alicdn.com/kf/S2a3af5690d524680824086ad8419dbc9G.png,1254,1254,PNG,
1601839050756,company,2,Production workflow,https://sc04.alicdn.com/kf/Sc1dc6ec7d435404db6a31c6938a734a0g.png,1254,1254,PNG,
1601839050756,company,3,Factory profile,https://sc04.alicdn.com/kf/Sdc4e18f098e142b797df687e8befbfa14.png,1500,1492,PNG,
1601839050756,company,4,Company overview,https://sc04.alicdn.com/kf/Sf587c854711748af9759e77ce5aeb03c3.png,1254,1254,PNG,
1601839050756,company,5,Competitive advantages,https://sc04.alicdn.com/kf/Sfea34bbd56ae4d0583aa855838eb1454F.png,1500,1364,PNG,
1601838963947,sku_color,1,All Black,https://sc04.alicdn.com/kf/H7ac6766568a347f2a04fb8113a74c9393.jpg,900,900,JPEG,
1601838963947,sku_color,2,Blue,https://sc04.alicdn.com/kf/Ha52a6ffe57274032818ead931327bdc0b.jpg,900,900,JPEG,
1601838963947,sku_color,3,Black White,https://sc04.alicdn.com/kf/H8d6fba5e13df49128e48f8acad7b3f00n.jpg,900,900,JPEG,
1601838963947,sku_color,4,Grey,https://sc04.alicdn.com/kf/Hb141ddd931c64b05b55f97c0e10e2df2t.jpg,900,900,JPEG,
1601838963947,detail,1,Product dimensions,https://sc04.alicdn.com/kf/Hedb24b270ee44c3eb5dc3aa29df12801g.jpg,1200,1200,JPEG,
1601838963947,detail,2,Product dimensions,https://sc04.alicdn.com/kf/H30bc6ef2c77c45bd9525528a2292f7c9n.jpg,1200,1200,JPEG,
1601838963947,detail,3,Product dimensions,https://sc04.alicdn.com/kf/S75d1d87067b342cb940167c6ebb48ee7K.jpg,1200,1200,JPEG,
1601838963947,detail,4,Product dimensions,https://sc04.alicdn.com/kf/S4b2112ae8c1948dcb5c1e35815208cc48.jpg,1200,1200,JPEG,
1601838963947,company,1,Competitive advantages,https://sc04.alicdn.com/kf/Sfea34bbd56ae4d0583aa855838eb1454F.png,1500,1364,PNG,
1601838963947,company,2,Production workflow,https://sc04.alicdn.com/kf/Sc1dc6ec7d435404db6a31c6938a734a0g.png,1254,1254,PNG,
1601838963947,company,3,Packaging & shipping specifications,https://sc04.alicdn.com/kf/S2a3af5690d524680824086ad8419dbc9G.png,1254,1254,PNG,
1601838963947,company,4,Extended company profile,https://sc04.alicdn.com/kf/Sf587c854711748af9759e77ce5aeb03c3.png,1254,1254,PNG,
1601838963947,company,5,Factory profile,https://sc04.alicdn.com/kf/Sdc4e18f098e142b797df687e8befbfa14.png,1500,1492,PNG,
10000047175212,sku_color,1,Black/White,https://sc04.alicdn.com/kf/S4d3933b13e3c449bacf135c190637247P.jpg,1000,1000,JPEG,
10000047175212,sku_color,2,White,https://sc04.alicdn.com/kf/Sb1b99c152b0f4b99861fa67b90af609bx.jpg,1000,1000,JPEG,
10000047175212,sku_color,3,All Black,https://sc04.alicdn.com/kf/Sf0f078fbb5854aab99ef2e252f1f9e76i.jpg,1000,1000,JPEG,
10000047175212,sku_color,4,Grey,https://sc04.alicdn.com/kf/Sf1ec648a4ac945ca867ef653f83a0d589.jpg,1000,1000,JPEG,
10000047175212,detail,1,Detail shot,https://sc04.alicdn.com/kf/Sf60031c902cd48c3939d11fd435a7f2eA.jpg,1200,1200,JPEG,
10000047175212,detail,2,Other product images,https://sc04.alicdn.com/kf/S9560e6d1f7be422a9a329841a1f43e4bn.jpg,1200,1200,JPEG,
10000047175212,detail,3,Product dimensions,https://sc04.alicdn.com/kf/S935bd4e152c4406caa771ffa4f42fd4eY.jpg,1200,1200,JPEG,
10000047175212,detail,4,Scene image,https://sc04.alicdn.com/kf/S4008d442e5954dfe86a55a94d7f5b34d6.jpg,1200,1200,JPEG,
10000047175212,company,1,Company overview,https://sc04.alicdn.com/kf/Sf587c854711748af9759e77ce5aeb03c3.png,1254,1254,PNG,
10000047175212,company,2,Company overview,https://sc04.alicdn.com/kf/Sfea34bbd56ae4d0583aa855838eb1454F.png,1500,1364,PNG,
10000047175212,company,3,Company overview,https://sc04.alicdn.com/kf/Sdc4e18f098e142b797df687e8befbfa14.png,1500,1492,PNG,
10000047175212,company,4,Company overview,https://sc04.alicdn.com/kf/Sc1dc6ec7d435404db6a31c6938a734a0g.png,1254,1254,PNG,
10000047175212,company,5,Company overview,https://sc04.alicdn.com/kf/S2a3af5690d524680824086ad8419dbc9G.png,1254,1254,PNG,
1601924792152,sku_color,1,All Black,https://sc04.alicdn.com/kf/A6965b72bf8424671909f327fc99d1f94X.jpg,1000,1000,JPEG,
1601924792152,sku_color,2,Black/White,https://sc04.alicdn.com/kf/Ae15b2eaab10a498c952b3a34df5667d2C.jpg,1000,1000,JPEG,
1601924792152,sku_color,3,Grey,https://sc04.alicdn.com/kf/Afc89641d6bf740bf8c4796de8ee5fc1f0.jpg,1000,1000,JPEG,
1601924792152,detail,1,Other product images,https://sc04.alicdn.com/kf/Ac01e4944fb9043279384f398df06fdaay.jpg,1200,1200,JPEG,
1601924792152,detail,2,Detail shot,https://sc04.alicdn.com/kf/A4edafbf37cbe4490be1949a830b4fbecP.jpg,1200,1200,JPEG,
1601924792152,detail,3,Product dimensions,https://sc04.alicdn.com/kf/Ab5ebfb6af87e472497f8ef2a42c1fb0bI.jpg,1200,1200,JPEG,
1601924792152,detail,4,Other product images,https://sc04.alicdn.com/kf/A4d0d295c34514f239a371443729d3115c.jpg,1200,1200,JPEG,
1601924792152,detail,5,Other product images,https://sc04.alicdn.com/kf/A7712a472ed2d450ca82867630e266890J.jpg,1200,1200,JPEG,
1601924792152,detail,6,Other product images,https://sc04.alicdn.com/kf/A4748a908304b44018f6bc74c461b4bccu.jpg,1200,1200,JPEG,
1601924792152,company,1,Factory profile,https://sc04.alicdn.com/kf/Sb785a174a04043129c63a39a19df1c2ep.png,1500,1492,PNG,
1601924792152,company,2,Company overview,https://sc04.alicdn.com/kf/S85b6763402114d958afb753952d130e6n.png,1500,1470,PNG,
1601924792152,company,3,Competitive advantages,https://sc04.alicdn.com/kf/S08bdd1a31b3541f78e50f4b8be26cfadA.png,1500,1364,PNG,
1601924792152,company,4,Production workflow,https://sc04.alicdn.com/kf/Hc99422065f7644c18da852e6adbd4a40u.png,1500,1200,PNG,
1601924792152,company,5,Packaging & shipping specifications,https://sc04.alicdn.com/kf/H9c98f0404800441cb760040394aa2294d.png,1500,899,PNG,
10000047198577,sku_color,1,White/Blue,https://sc04.alicdn.com/kf/S8b1be6ac0897404a934da07b16af76cd5.jpg,1000,1000,JPEG,
10000047198577,sku_color,2,White,https://sc04.alicdn.com/kf/S1c7520d44bf147eaa9efbbffa1178144L.jpg,1000,1000,JPEG,
10000047198577,sku_color,3,Black/Blue,https://sc04.alicdn.com/kf/Sff9fb7229c0342c089bc498b1710178a2.jpg,1000,1000,JPEG,
10000047198577,sku_color,4,Black/White Fleece,https://sc04.alicdn.com/kf/S233861ab0bd04085932ddc4cc9c9a490u.jpg,1000,1000,JPEG,
10000047198577,sku_color,5,All Black Fleece,https://sc04.alicdn.com/kf/Seac98047f10441468fb9a04bc9a3d2a6I.jpg,1000,1000,JPEG,
10000047198577,sku_color,6,Black/White,https://sc04.alicdn.com/kf/Sf92ff1be848d481d86869ae7b9ea6f12r.jpg,1000,1000,JPEG,
10000047198577,sku_color,7,All Black,https://sc04.alicdn.com/kf/S90dfcd597b4a4b8db9cdfac048af5639B.jpg,1000,1000,JPEG,
10000047198577,sku_color,8,Grey,https://sc04.alicdn.com/kf/Sca771892c1434df9b9522e2cd9a1b073o.jpg,1000,1000,JPEG,
10000047198577,detail,1,Other product images,https://sc04.alicdn.com/kf/Sf8b85c105918414c8dda7411c20c8d02B.png,1254,1254,PNG,
10000047198577,detail,2,Detail shot,https://sc04.alicdn.com/kf/Sef2bd93d9b91495a96cabc1bd7f6b7ca8.jpg,1200,1200,JPEG,
10000047198577,detail,3,Product dimensions,https://sc04.alicdn.com/kf/Sc6114334f649434aade836aaaf97dcffR.jpg,1200,1200,JPEG,
10000047198577,detail,4,Scene image,https://sc04.alicdn.com/kf/Sc4f53f7107f3434c854eea940c3cc580q.jpg,1200,1200,JPEG,
10000047198577,company,1,Customization capabilities,https://sc04.alicdn.com/kf/S2a3af5690d524680824086ad8419dbc9G.png,1254,1254,PNG,
10000047198577,company,2,Packaging & shipping specifications,https://sc04.alicdn.com/kf/Sc1dc6ec7d435404db6a31c6938a734a0g.png,1254,1254,PNG,
10000047198577,company,3,Production workflow,https://sc04.alicdn.com/kf/Sdc4e18f098e142b797df687e8befbfa14.png,1500,1492,PNG,
10000047198577,company,4,Factory profile,https://sc04.alicdn.com/kf/Sfea34bbd56ae4d0583aa855838eb1454F.png,1500,1364,PNG,
10000047198577,company,5,Company overview,https://sc04.alicdn.com/kf/Sf587c854711748af9759e77ce5aeb03c3.png,1254,1254,PNG,
10000046705043,sku_color,1,Deep Blue,https://sc04.alicdn.com/kf/Acada59ac96b141899fa559c9b0085419A.jpg,1000,1000,JPEG,
10000046705043,sku_color,2,Grey,https://sc04.alicdn.com/kf/A746c060fc134409082ac19f65903e5f3Q.jpg,1000,1000,JPEG,
10000046705043,detail,1,Other product images,https://sc04.alicdn.com/kf/A5576eb743de7430fae712240b08ef8fef.jpg,1200,1200,JPEG,
10000046705043,detail,2,Detail shot,https://sc04.alicdn.com/kf/A8c9012cbd4144b80bb984f9f70a2fd99j.jpg,1200,1200,JPEG,
10000046705043,detail,3,Product dimensions,https://sc04.alicdn.com/kf/A284768077f8a4a6988943de60ec0ff71j.jpg,1200,1200,JPEG,
10000046705043,detail,4,Other product images,https://sc04.alicdn.com/kf/A2940517ec3d7497fbdbacc2685742529W.jpg,1200,1200,JPEG,
10000046705043,detail,5,Other product images,https://sc04.alicdn.com/kf/Ab21fa14b5847446ca2bd627fee954ae81.jpg,1200,1200,JPEG,
10000046705043,detail,6,Other product images,https://sc04.alicdn.com/kf/Aebda817a228e44898e27d58378d9a5501.jpg,1200,1200,JPEG,
10000046705043,company,1,Packaging & shipping specifications,https://sc04.alicdn.com/kf/S2a3af5690d524680824086ad8419dbc9G.png,1254,1254,PNG,
10000046705043,company,2,Company overview,https://sc04.alicdn.com/kf/Sf587c854711748af9759e77ce5aeb03c3.png,1254,1254,PNG,
10000046705043,company,3,Competitive advantages,https://sc04.alicdn.com/kf/Sfea34bbd56ae4d0583aa855838eb1454F.png,1500,1364,PNG,
10000046705043,company,4,Factory profile,https://sc04.alicdn.com/kf/Sdc4e18f098e142b797df687e8befbfa14.png,1500,1492,PNG,
10000046705043,company,5,Production workflow,https://sc04.alicdn.com/kf/Sc1dc6ec7d435404db6a31c6938a734a0g.png,1254,1254,PNG,
1601924292931,sku_color,1,Black/White,https://sc04.alicdn.com/kf/A6be70a6b71f0412c9e3bb99c2307f5d3T.jpg,1000,1000,JPEG,
1601924292931,sku_color,2,All Black,https://sc04.alicdn.com/kf/Ac521b96ba4f94f4d88fd4911085cd0f1g.jpg,1000,1000,JPEG,
1601924292931,detail,1,Product dimensions,https://sc04.alicdn.com/kf/A39699221bc2846e99a537ae008f7d2bcK.png,1200,1200,JPEG,
1601924292931,detail,2,Detail shot,https://sc04.alicdn.com/kf/Ad3f1a458b69842fd8e90bc4e4511e50cG.png,1200,1200,JPEG,
1601924292931,detail,3,Other product images,https://sc04.alicdn.com/kf/A3a1aab49c3214d34909d0d7a4954a46a4.png,1200,1200,JPEG,
1601924292931,detail,4,Other product images,https://sc04.alicdn.com/kf/A3c21f069c8264f5681305872dcefff00p.png,1200,1200,JPEG,
1601924292931,detail,5,Other product images,https://sc04.alicdn.com/kf/A320519747e0d42e7b28c287832c81304u.png,1200,1200,JPEG,
1601924292931,detail,6,Other product images,https://sc04.alicdn.com/kf/A0f1ab252ba4744e5931b716e71f290e69.png,1200,1200,JPEG,
1601924292931,company,1,Competitive advantages,https://sc04.alicdn.com/kf/S08bdd1a31b3541f78e50f4b8be26cfadA.png,1500,1364,PNG,
1601924292931,company,2,Production workflow,https://sc04.alicdn.com/kf/Hc99422065f7644c18da852e6adbd4a40u.png,1500,1200,PNG,
1601924292931,company,3,Company overview,https://sc04.alicdn.com/kf/S85b6763402114d958afb753952d130e6n.png,1500,1470,PNG,
1601924292931,company,4,Factory profile,https://sc04.alicdn.com/kf/Sb785a174a04043129c63a39a19df1c2ep.png,1500,1492,PNG,
1601924292931,company,5,Packaging & shipping specifications,https://sc04.alicdn.com/kf/H9c98f0404800441cb760040394aa2294d.png,1500,899,PNG,
1601839105416,sku_color,1,Black White,https://sc04.alicdn.com/kf/H53b0668bc8ac49c2907bdced6d1a7e0bv.jpg,1000,1000,JPEG,
1601839105416,sku_color,2,Grey,https://sc04.alicdn.com/kf/H6177934daa9243daaee9824afd3cf5ecq.jpg,1000,1000,JPEG,
1601839105416,sku_color,3,Apricot,https://sc04.alicdn.com/kf/Hb392a4329473453ebf8ae1514d6d2126M.jpg,1000,1000,JPEG,
1601839105416,sku_color,4,White,https://sc04.alicdn.com/kf/Hbf6e9a0472384aaa99ef006cb78e3aeaA.jpg,1000,1000,JPEG,
1601839105416,sku_color,5,Blue,https://sc04.alicdn.com/kf/H89b9ee3b81e64357b5f5776385de93adP.jpg,1000,1000,JPEG,
1601839105416,detail,1,Other product images,https://sc04.alicdn.com/kf/S8b4e654792304f538c05c225c6a2b23bO.jpg,1200,1200,JPEG,
1601839105416,detail,2,Other product images,https://sc04.alicdn.com/kf/S840ec60105a7483da34391fb5efc2dbdR.jpg,1000,1000,JPEG,
1601839105416,detail,3,Other product images,https://sc04.alicdn.com/kf/S7281b7ce1e3a42918b2f90bd0088d622t.jpg,1000,1000,JPEG,
1601839105416,detail,4,Other product images,https://sc04.alicdn.com/kf/Sfac3c3d26d3f404b86cd3addb65d5109A.jpg,1000,1000,JPEG,
1601839105416,company,1,Company overview,https://sc04.alicdn.com/kf/Sf587c854711748af9759e77ce5aeb03c3.png,1254,1254,PNG,
1601839105416,company,2,Competitive advantages,https://sc04.alicdn.com/kf/Sfea34bbd56ae4d0583aa855838eb1454F.png,1500,1364,PNG,
1601839105416,company,3,Factory profile,https://sc04.alicdn.com/kf/Sdc4e18f098e142b797df687e8befbfa14.png,1500,1492,PNG,
1601839105416,company,4,Production workflow,https://sc04.alicdn.com/kf/Sc1dc6ec7d435404db6a31c6938a734a0g.png,1254,1254,PNG,
1601839105416,company,5,Packaging & shipping specifications,https://sc04.alicdn.com/kf/S2a3af5690d524680824086ad8419dbc9G.png,1254,1254,PNG,
10000044041008,sku_color,1,Cream,https://sc04.alicdn.com/kf/S8d137971256544629e72072cbe809705h.jpg,900,900,JPEG,
10000044041008,sku_color,2,Black,https://sc04.alicdn.com/kf/S132988eafdff45cf82c48818d5a28b23r.jpg,900,900,JPEG,
10000044041008,sku_color,3,Light Grey,https://sc04.alicdn.com/kf/Sf352bbc2a584407b94066aa5c18d3deeT.jpg,900,900,JPEG,
10000044041008,sku_color,4,White,https://sc04.alicdn.com/kf/S7af4c881549d46b5b3351cbc0788f666D.jpg,900,900,JPEG,
10000044041008,detail,1,Product dimensions,https://sc04.alicdn.com/kf/A31bac423886340038a888c21c7472ad4Z.jpg,1200,1200,JPEG,
10000044041008,detail,2,Product dimensions,https://sc04.alicdn.com/kf/A40ca667b5dcb494cb4349fe0b98db6f0C.jpg,1200,1200,JPEG,
10000044041008,detail,3,Product dimensions,https://sc04.alicdn.com/kf/Sf629e537fc964a9984cf4c80f8e7b2aap.jpg,1200,1200,JPEG,
10000044041008,detail,4,Product dimensions,https://sc04.alicdn.com/kf/S971ab16bf5a14a979c869ff7344f00194.jpg,1200,1200,JPEG,
10000044041008,company,1,Extended company profile,https://sc04.alicdn.com/kf/Sf587c854711748af9759e77ce5aeb03c3.png,1254,1254,PNG,
10000044041008,company,2,Packaging & shipping specifications,https://sc04.alicdn.com/kf/S2a3af5690d524680824086ad8419dbc9G.png,1254,1254,PNG,
10000044041008,company,3,Factory profile,https://sc04.alicdn.com/kf/Sdc4e18f098e142b797df687e8befbfa14.png,1500,1492,PNG,
10000044041008,company,4,Competitive advantages,https://sc04.alicdn.com/kf/Sfea34bbd56ae4d0583aa855838eb1454F.png,1500,1364,PNG,
10000044041008,company,5,Production workflow,https://sc04.alicdn.com/kf/Sc1dc6ec7d435404db6a31c6938a734a0g.png,1254,1254,PNG,
10000044011929,sku_color,1,Black,https://sc04.alicdn.com/kf/S54a0149da7944289926c8c1da83d83b6H.jpg,900,900,JPEG,
10000044011929,sku_color,2,White,https://sc04.alicdn.com/kf/S70db21545e5844bd946f7ff3faace076I.jpg,900,900,JPEG,
10000044011929,sku_color,3,Grey,https://sc04.alicdn.com/kf/S04a2014a1ecd4b94b3f211bb6603c7cbn.jpg,900,900,JPEG,
10000044011929,sku_color,4,Red,https://sc04.alicdn.com/kf/S7ba80b714da9474c9b7891cc9a5d5244L.jpg,900,900,JPEG,
10000044011929,sku_color,5,Pink,https://sc04.alicdn.com/kf/Sa5008903b7874e47bd581f10b08fb6caA.jpg,900,900,JPEG,
10000044011929,detail,1,Other product images,https://sc04.alicdn.com/kf/S95e907eddb5446818055f69be65dc6a6T.jpg,1200,1200,JPEG,
10000044011929,detail,2,Other product images,https://sc04.alicdn.com/kf/Sfbd4e01f42504025a4098b5c715d8124N.jpg,900,900,JPEG,
10000044011929,detail,3,Other product images,https://sc04.alicdn.com/kf/S19dd11c05ae14c7fa6d38c064ed52d232.jpg,900,900,JPEG,
10000044011929,detail,4,Other product images,https://sc04.alicdn.com/kf/S69f2e4a3e2cf4925a9a4f0509a227c9cv.jpg,900,900,JPEG,
10000044011929,company,1,Company overview,https://sc04.alicdn.com/kf/Sf587c854711748af9759e77ce5aeb03c3.png,1254,1254,PNG,
10000044011929,company,2,Production workflow,https://sc04.alicdn.com/kf/Sc1dc6ec7d435404db6a31c6938a734a0g.png,1254,1254,PNG,
10000044011929,company,3,Packaging & shipping specifications,https://sc04.alicdn.com/kf/S2a3af5690d524680824086ad8419dbc9G.png,1254,1254,PNG,
10000044011929,company,4,Competitive advantages,https://sc04.alicdn.com/kf/Sfea34bbd56ae4d0583aa855838eb1454F.png,1500,1364,PNG,
10000044011929,company,5,Factory profile,https://sc04.alicdn.com/kf/Sdc4e18f098e142b797df687e8befbfa14.png,1500,1492,PNG,
1601839062659,sku_color,1,Black White,https://sc04.alicdn.com/kf/Hf7ff9a1dd16e48399e48e46b91ae5491s.jpg,900,900,JPEG,
1601839062659,sku_color,2,All Black,https://sc04.alicdn.com/kf/H277c1c5f5f2f434a93ab3898668e7326i.jpg,900,900,JPEG,
1601839062659,detail,1,Other product images,https://sc04.alicdn.com/kf/Sc204d38de587431fa5d6a23af245a707x.jpg,1200,1200,JPEG,
1601839062659,detail,2,Other product images,https://sc04.alicdn.com/kf/S3bf0ace761e745899a2bc35edfee4d2fp.jpg,1200,1200,JPEG,
1601839062659,detail,3,Other product images,https://sc04.alicdn.com/kf/Secfd69d307a04e55889fd051b44c54c4y.jpg,900,900,JPEG,
1601839062659,detail,4,Other product images,https://sc04.alicdn.com/kf/Sbb9ad584dbce4eca97ad9c0512ff38c98.jpg,900,900,JPEG,
1601839062659,company,1,Company overview,https://sc04.alicdn.com/kf/Sf587c854711748af9759e77ce5aeb03c3.png,1254,1254,PNG,
1601839062659,company,2,Production workflow,https://sc04.alicdn.com/kf/Sc1dc6ec7d435404db6a31c6938a734a0g.png,1254,1254,PNG,
1601839062659,company,3,Packaging & shipping specifications,https://sc04.alicdn.com/kf/S2a3af5690d524680824086ad8419dbc9G.png,1254,1254,PNG,
1601839062659,company,4,Competitive advantages,https://sc04.alicdn.com/kf/Sfea34bbd56ae4d0583aa855838eb1454F.png,1500,1364,PNG,
1601839062659,company,5,Factory profile,https://sc04.alicdn.com/kf/Sdc4e18f098e142b797df687e8befbfa14.png,1500,1492,PNG,
1601814931739,sku_color,1,All Black,https://sc04.alicdn.com/kf/Hb8c10daae0ea432dac7295cc4bae5d74t.jpg,800,800,JPEG,
1601814931739,sku_color,2,White Purple,https://sc04.alicdn.com/kf/H561ac123079f40069a3dfaf03f816836N.jpg,800,800,JPEG,
1601814931739,sku_color,3,White Pink,https://sc04.alicdn.com/kf/H7f995af73aaa443385d51ec8feadaa37r.jpg,800,800,JPEG,
1601814931739,sku_color,4,Black White,https://sc04.alicdn.com/kf/H2a078e78cd824ac0b3fd2b084991623bl.jpg,800,800,JPEG,
1601814931739,sku_color,5,White Grey,https://sc04.alicdn.com/kf/H452b6add121d469bb11bbe25f9d4efbdD.jpg,800,800,JPEG,
1601814931739,sku_color,6,All White,https://sc04.alicdn.com/kf/H3847cbdc197b4de0b1ae7fe97a51c5dbJ.jpg,800,800,JPEG,
1601814931739,detail,1,Product dimensions,https://sc04.alicdn.com/kf/H9b68221958634a749bfc5fae67b7a6abw.jpg,1200,1200,JPEG,
1601814931739,detail,2,Scene image,https://sc04.alicdn.com/kf/H6f5702dd0eb94a99acb4ecfcf85911350.jpg,1200,1200,JPEG,
1601814931739,detail,3,Factory profile,https://sc04.alicdn.com/kf/S85b6763402114d958afb753952d130e6n.png,1500,1470,PNG,
1601814931739,detail,4,Scene image,https://sc04.alicdn.com/kf/H91fec79f9a0949be9a863f0b325d916ep.jpg,1200,1200,JPEG,
1601814931739,detail,5,Scene image,https://sc04.alicdn.com/kf/Ha935edfef4004ea6a16fc940c5bf7f87s.jpg,1200,1200,JPEG,
1601814931739,company,1,Factory profile,https://sc04.alicdn.com/kf/Sdc4e18f098e142b797df687e8befbfa14.png,1500,1492,PNG,
1601814931739,company,2,Production workflow,https://sc04.alicdn.com/kf/Sc1dc6ec7d435404db6a31c6938a734a0g.png,1254,1254,PNG,
1601814931739,company,3,Packaging & shipping specifications,https://sc04.alicdn.com/kf/S2a3af5690d524680824086ad8419dbc9G.png,1254,1254,PNG,
1601814931739,company,4,Competitive advantages,https://sc04.alicdn.com/kf/Sfea34bbd56ae4d0583aa855838eb1454F.png,1500,1364,PNG,
1601814931739,company,5,Company overview,https://sc04.alicdn.com/kf/Sf587c854711748af9759e77ce5aeb03c3.png,1254,1254,PNG,
10000046439033,sku_color,1,Green,https://sc04.alicdn.com/kf/S30c82ba1c3b34d6db6d574558d9b2ef6G.jpg,1200,1200,JPEG,
10000046439033,sku_color,2,White,https://sc04.alicdn.com/kf/S9cb324961c6b4e0ebb46ebfbee6a6599Y.jpg,1200,1200,JPEG,
10000046439033,sku_color,3,Grey,https://sc04.alicdn.com/kf/S6c4362f913a84a009cc62b40eafe72b1G.jpg,1200,1200,JPEG,
10000046439033,sku_color,4,Black,https://sc04.alicdn.com/kf/Sf60cef68e1864e8994addeee3aaa8a3av.jpg,1200,1200,JPEG,
10000046439033,sku_color,5,Beige,https://sc04.alicdn.com/kf/S521c8af2eb214d0186f2ae9ef8078e36a.jpg,1200,1200,JPEG,
10000046439033,detail,1,Other product images,https://sc04.alicdn.com/kf/S4d61138df2ef4c118a32beb81aa086c7P.jpg,1200,1200,JPEG,
10000046439033,detail,2,Other product images,https://sc04.alicdn.com/kf/S7e608787dec04c9aaef964ae516e28aeh.jpg,1200,1200,JPEG,
10000046439033,detail,3,Other product images,https://sc04.alicdn.com/kf/S7b8f30fa29bc4073bc995582d1be48f8p.jpg,1200,1200,JPEG,
10000046439033,detail,4,Other product images,https://sc04.alicdn.com/kf/Sb115546e7d1b4ca29fa4956c07f7de058.jpg,1200,1200,JPEG,
10000046439033,company,1,Competitive advantages,https://sc04.alicdn.com/kf/Sfea34bbd56ae4d0583aa855838eb1454F.png,1500,1364,PNG,
10000046439033,company,2,Factory profile,https://sc04.alicdn.com/kf/Sdc4e18f098e142b797df687e8befbfa14.png,1500,1492,PNG,
10000046439033,company,3,Company overview,https://sc04.alicdn.com/kf/Sf587c854711748af9759e77ce5aeb03c3.png,1254,1254,PNG,
10000046439033,company,4,Production workflow,https://sc04.alicdn.com/kf/Sc1dc6ec7d435404db6a31c6938a734a0g.png,1254,1254,PNG,
10000046439033,company,5,Packaging & shipping specifications,https://sc04.alicdn.com/kf/S2a3af5690d524680824086ad8419dbc9G.png,1254,1254,PNG,
10000047220568,sku_color,1,Grey,https://sc04.alicdn.com/kf/S9518fdffba89403db9022e5bb0b331bfN.jpg,1000,1000,JPEG,
10000047220568,sku_color,2,Black/White,https://sc04.alicdn.com/kf/Sb74e53c6b2b94a64b53b47c73cadb58e2.jpg,1000,1000,JPEG,
10000047220568,sku_color,3,White,https://sc04.alicdn.com/kf/Sd6c4920f4f134e39aecdddc183ba9988F.jpg,1000,1000,JPEG,
10000047220568,sku_color,4,All Black,https://sc04.alicdn.com/kf/S4401298c3f3746598a016ac84476cd89M.jpg,1000,1000,JPEG,
10000047220568,sku_color,5,Pink,https://sc04.alicdn.com/kf/Sf7640434d0a2450c9ca476733f15c7bcW.jpg,1000,1000,JPEG,
10000047220568,detail,1,Detail shot,https://sc04.alicdn.com/kf/Sf6f94c63af794caebc72cb51176d2730i.jpg,1200,1200,JPEG,
10000047220568,detail,2,Scene image,https://sc04.alicdn.com/kf/S66a9bbc23ec7408cb99885289f98237ab.jpg,1200,1200,JPEG,
10000047220568,detail,3,Product dimensions,https://sc04.alicdn.com/kf/Sefa37c0d67094068a0120375ca1042973.jpg,1200,1200,JPEG,
10000047220568,detail,4,Other product images,https://sc04.alicdn.com/kf/S623caa437f124bc7a72b30e65a4036c8J.jpg,1200,1200,JPEG,
10000047220568,company,1,Factory profile,https://sc04.alicdn.com/kf/Sfea34bbd56ae4d0583aa855838eb1454F.png,1500,1364,PNG,
10000047220568,company,2,Company overview,https://sc04.alicdn.com/kf/Sf587c854711748af9759e77ce5aeb03c3.png,1254,1254,PNG,
10000047220568,company,3,Packaging & shipping specifications,https://sc04.alicdn.com/kf/Sc1dc6ec7d435404db6a31c6938a734a0g.png,1254,1254,PNG,
10000047220568,company,4,Production workflow,https://sc04.alicdn.com/kf/Sdc4e18f098e142b797df687e8befbfa14.png,1500,1492,PNG,
10000047220568,company,5,Customization capabilities,https://sc04.alicdn.com/kf/S2a3af5690d524680824086ad8419dbc9G.png,1254,1254,PNG,
1601815020244,sku_color,1,Black,https://sc04.alicdn.com/kf/H552e1f10d01b47dca103ba8a133c66e8K.jpg,800,800,JPEG,
1601815020244,sku_color,2,White,https://sc04.alicdn.com/kf/H86068359efb74c58b35ddde9e1a82f46o.jpg,800,800,JPEG,
1601815020244,sku_color,3,Grey,https://sc04.alicdn.com/kf/H944161a911034190b9a1a64a330b9290g.jpg,800,800,JPEG,
1601815020244,sku_color,4,Pink,https://sc04.alicdn.com/kf/H9c3e7003d71b4520bbb6be6390a31fc7O.jpg,800,800,JPEG,
1601815020244,detail,1,Product dimensions,https://sc04.alicdn.com/kf/H0eb5da06e6c245db9afd98310426f8b8S.jpg,1200,1200,JPEG,
1601815020244,detail,2,Factory profile,https://sc04.alicdn.com/kf/S85b6763402114d958afb753952d130e6n.png,1500,1470,PNG,
1601815020244,detail,3,Scene image,https://sc04.alicdn.com/kf/Hb7567fbe59974b7daaf1d9b58a624663m.jpg,1200,1200,JPEG,
1601815020244,detail,4,Scene image,https://sc04.alicdn.com/kf/H98ef40503c7c42ac9da155a4e839f608m.jpg,1200,1200,JPEG,
1601815020244,detail,5,Scene image,https://sc04.alicdn.com/kf/Hc2171a98853d4cb2ab57e92f1bd9b589l.jpg,1200,1200,JPEG,
1601815020244,company,1,Packaging & shipping specifications,https://sc04.alicdn.com/kf/S2a3af5690d524680824086ad8419dbc9G.png,1254,1254,PNG,
1601815020244,company,2,Extended company profile,https://sc04.alicdn.com/kf/Sf587c854711748af9759e77ce5aeb03c3.png,1254,1254,PNG,
1601815020244,company,3,Factory profile,https://sc04.alicdn.com/kf/Sdc4e18f098e142b797df687e8befbfa14.png,1500,1492,PNG,
1601815020244,company,4,Production workflow,https://sc04.alicdn.com/kf/Sc1dc6ec7d435404db6a31c6938a734a0g.png,1254,1254,PNG,
1601815020244,company,5,Competitive advantages,https://sc04.alicdn.com/kf/Sfea34bbd56ae4d0583aa855838eb1454F.png,1500,1364,PNG,
10000047187673,sku_color,1,All Black,https://sc04.alicdn.com/kf/Se1e4f4356bb94f1fb95261c2ed840416q.jpg,1000,1000,JPEG,
10000047187673,sku_color,2,Red,https://sc04.alicdn.com/kf/S196fe791170f413c95ea4170efeeafb7I.jpg,1000,1000,JPEG,
10000047187673,sku_color,3,Black/White,https://sc04.alicdn.com/kf/Sb40ef27035064bfb8bc9a13c43113c08j.jpg,1000,1000,JPEG,
10000047187673,detail,1,Detail shot,https://sc04.alicdn.com/kf/S79d2aaab61d442a6a13165d373d579faj.jpg,1200,1200,JPEG,
10000047187673,detail,2,Product dimensions,https://sc04.alicdn.com/kf/S389c87d1434548608260b8c9d3c650ffn.jpg,1200,1200,JPEG,
10000047187673,detail,3,Other product images,https://sc04.alicdn.com/kf/S66eaafbcd63b4f18b3974155d771b14cG.jpg,1200,1200,JPEG,
10000047187673,detail,4,Scene image,https://sc04.alicdn.com/kf/Sb308d3c1fae74259abcc8f300d2f22d7V.jpg,1200,1200,JPEG,
10000047187673,company,1,Customization capabilities,https://sc04.alicdn.com/kf/S2a3af5690d524680824086ad8419dbc9G.png,1254,1254,PNG,
10000047187673,company,2,Packaging & shipping specifications,https://sc04.alicdn.com/kf/Sc1dc6ec7d435404db6a31c6938a734a0g.png,1254,1254,PNG,
10000047187673,company,3,Production workflow,https://sc04.alicdn.com/kf/Sdc4e18f098e142b797df687e8befbfa14.png,1500,1492,PNG,
10000047187673,company,4,Company overview,https://sc04.alicdn.com/kf/Sf587c854711748af9759e77ce5aeb03c3.png,1254,1254,PNG,
10000047187673,company,5,Factory profile,https://sc04.alicdn.com/kf/Sfea34bbd56ae4d0583aa855838eb1454F.png,1500,1364,PNG,
10000044041031,sku_color,1,Beige Grey,https://sc04.alicdn.com/kf/Sfbbcf454c2754b4eacc3170c7fad8555r.jpg,900,900,JPEG,
10000044041031,sku_color,2,Black Yellow,https://sc04.alicdn.com/kf/S65295bf2182f4bc29622900947cda1d7E.jpg,900,900,JPEG,
10000044041031,sku_color,3,Black White,https://sc04.alicdn.com/kf/S71b8fd1bbef643a4835e6344b599963d0.jpg,900,900,JPEG,
10000044041031,sku_color,4,All Black,https://sc04.alicdn.com/kf/S71343b8d4d7c410fb969539cbcf5881eY.jpg,900,900,JPEG,
10000044041031,detail,1,Other product images,https://sc04.alicdn.com/kf/S6c6b310a68104f748770a48150fd734ci.jpg,1200,1200,JPEG,
10000044041031,detail,2,Other product images,https://sc04.alicdn.com/kf/S89b6db68acf34cc4b0974db1b40975ceU.jpg,1200,1200,JPEG,
10000044041031,detail,3,Other product images,https://sc04.alicdn.com/kf/Sffddda0f12a242b3a68efff3fa1aebbd3.jpg,900,900,JPEG,
10000044041031,detail,4,Other product images,https://sc04.alicdn.com/kf/S66c14dcbc3b848c9946dfc7e3d2b870bE.jpg,900,900,JPEG,
10000044041031,company,1,Packaging & shipping specifications,https://sc04.alicdn.com/kf/S2a3af5690d524680824086ad8419dbc9G.png,1254,1254,PNG,
10000044041031,company,2,Company overview,https://sc04.alicdn.com/kf/Sf587c854711748af9759e77ce5aeb03c3.png,1254,1254,PNG,
10000044041031,company,3,Competitive advantages,https://sc04.alicdn.com/kf/Sfea34bbd56ae4d0583aa855838eb1454F.png,1500,1364,PNG,
10000044041031,company,4,Factory profile,https://sc04.alicdn.com/kf/Sdc4e18f098e142b797df687e8befbfa14.png,1500,1492,PNG,
10000044041031,company,5,Production workflow,https://sc04.alicdn.com/kf/Sc1dc6ec7d435404db6a31c6938a734a0g.png,1254,1254,PNG,
10000047392343,sku_color,1,All Black,https://sc04.alicdn.com/kf/S952affd9297b4409af6b6430183086f9d.jpg,1000,1000,JPEG,
10000047392343,sku_color,2,Black/White,https://sc04.alicdn.com/kf/S7c50222dd7454b0cbfe6cf21eb411c5co.jpg,1000,1000,JPEG,
10000047392343,detail,1,Detail shot,https://sc04.alicdn.com/kf/S8310cfc3a3144ab5b88e7c08ec6ecb657.jpg,1200,1200,JPEG,
10000047392343,detail,2,Product dimensions,https://sc04.alicdn.com/kf/S8cb663224be74c9295f3644faa6a4b73V.jpg,1200,1200,JPEG,
10000047392343,detail,3,Other product images,https://sc04.alicdn.com/kf/S98dc33112f094eb6ba45ae2ab791f5d8G.jpg,1200,1200,JPEG,
10000047392343,detail,4,Scene image,https://sc04.alicdn.com/kf/S0b3bc97e5c2d44c3bd692aa7db89d32fC.jpg,1200,1200,JPEG,
10000047392343,company,1,Factory profile,https://sc04.alicdn.com/kf/Sfea34bbd56ae4d0583aa855838eb1454F.png,1500,1364,PNG,
10000047392343,company,2,Customization capabilities,https://sc04.alicdn.com/kf/S2a3af5690d524680824086ad8419dbc9G.png,1254,1254,PNG,
10000047392343,company,3,Company overview,https://sc04.alicdn.com/kf/Sf587c854711748af9759e77ce5aeb03c3.png,1254,1254,PNG,
10000047392343,company,4,Packaging & shipping specifications,https://sc04.alicdn.com/kf/Sc1dc6ec7d435404db6a31c6938a734a0g.png,1254,1254,PNG,
10000047392343,company,5,Production workflow,https://sc04.alicdn.com/kf/Sdc4e18f098e142b797df687e8befbfa14.png,1500,1492,PNG,
10000047208726,sku_color,1,Black/White,https://sc04.alicdn.com/kf/Safd4d6ba4fbd489fa44e062c45e93074R.jpg,1000,1000,JPEG,
10000047208726,sku_color,2,Black/Black,https://sc04.alicdn.com/kf/S4e570d2c00e4459b978acd0f6ca10bdcW.jpg,1000,1000,JPEG,
10000047208726,detail,1,Product dimensions,https://sc04.alicdn.com/kf/Sebcaf7f148af4fd8916ee1f5415f9d41O.jpg,1200,1200,JPEG,
10000047208726,detail,2,Detail shot,https://sc04.alicdn.com/kf/Se8e679c8be0a4f7f9a2b5baafa48509aq.jpg,1200,1200,JPEG,
10000047208726,detail,3,Other product images,https://sc04.alicdn.com/kf/Sed6e2e6f4a394a21b2fca0321952b54eO.jpg,1200,1200,JPEG,
10000047208726,detail,4,Scene image,https://sc04.alicdn.com/kf/S3e118e79a08c4546bea3d51ef726cff0g.jpg,1200,1200,JPEG,
10000047208726,company,1,Customization capabilities,https://sc04.alicdn.com/kf/S2a3af5690d524680824086ad8419dbc9G.png,1254,1254,PNG,
10000047208726,company,2,Company overview,https://sc04.alicdn.com/kf/Sf587c854711748af9759e77ce5aeb03c3.png,1254,1254,PNG,
10000047208726,company,3,Factory profile,https://sc04.alicdn.com/kf/Sfea34bbd56ae4d0583aa855838eb1454F.png,1500,1364,PNG,
10000047208726,company,4,Production workflow,https://sc04.alicdn.com/kf/Sdc4e18f098e142b797df687e8befbfa14.png,1500,1492,PNG,
10000047208726,company,5,Packaging & shipping specifications,https://sc04.alicdn.com/kf/Sc1dc6ec7d435404db6a31c6938a734a0g.png,1254,1254,PNG,
10000047396313,sku_color,1,Black/White,https://sc04.alicdn.com/kf/S786a6b2991d74008aed79884e72a3555s.jpg,1000,1000,JPEG,
10000047396313,sku_color,2,All Black,https://sc04.alicdn.com/kf/S6538498679304fb5b1a5c4465c7286fdr.jpg,1000,1000,JPEG,
10000047396313,sku_color,3,Off White,https://sc04.alicdn.com/kf/Sa5ad5096e70e4e2585188a25cc73a6901.jpg,1000,1000,JPEG,
10000047396313,detail,1,Product dimensions,https://sc04.alicdn.com/kf/Sbc9549013cc548498eebfee6a568ffb4I.jpg,1200,1200,JPEG,
10000047396313,detail,2,Scene image,https://sc04.alicdn.com/kf/Sbf79d80de1ba4549b7ceb8804dd08f2d7.jpg,1200,1200,JPEG,
10000047396313,detail,3,Detail shot,https://sc04.alicdn.com/kf/Se7484b7563954629a9f6e50e19d489165.jpg,1200,1200,JPEG,
10000047396313,detail,4,Other product images,https://sc04.alicdn.com/kf/S445fb790abce49f184e1de5b7ab76e3d6.jpg,1200,1200,JPEG,
10000047396313,company,1,Factory profile,https://sc04.alicdn.com/kf/Sfea34bbd56ae4d0583aa855838eb1454F.png,1500,1364,PNG,
10000047396313,company,2,Production workflow,https://sc04.alicdn.com/kf/Sdc4e18f098e142b797df687e8befbfa14.png,1500,1492,PNG,
10000047396313,company,3,Company overview,https://sc04.alicdn.com/kf/Sf587c854711748af9759e77ce5aeb03c3.png,1254,1254,PNG,
10000047396313,company,4,Customization capabilities,https://sc04.alicdn.com/kf/S2a3af5690d524680824086ad8419dbc9G.png,1254,1254,PNG,
10000047396313,company,5,Packaging & shipping specifications,https://sc04.alicdn.com/kf/Sc1dc6ec7d435404db6a31c6938a734a0g.png,1254,1254,PNG,
10000047307924,sku_color,1,Black/White Fleece,https://sc04.alicdn.com/kf/S93cbcd96f7634d6c8dce173e972db84bI.jpg,1000,1000,JPEG,
10000047307924,sku_color,2,All Black Fleece,https://sc04.alicdn.com/kf/Sc392d62d48fe4d68af3b6bf0aa8997148.jpg,1000,1000,JPEG,
10000047307924,sku_color,3,All Black,https://sc04.alicdn.com/kf/Sc392d62d48fe4d68af3b6bf0aa8997148.jpg,1000,1000,JPEG,DUPLICATE_SECONDARY_URL
10000047307924,sku_color,4,Black/White,https://sc04.alicdn.com/kf/S93cbcd96f7634d6c8dce173e972db84bI.jpg,1000,1000,JPEG,DUPLICATE_SECONDARY_URL
10000047307924,detail,1,Detail shot,https://sc04.alicdn.com/kf/S93c0372fe56544a98169dce8c602b494b.jpg,1200,1200,JPEG,
10000047307924,detail,2,Scene image,https://sc04.alicdn.com/kf/S319b270fdd134d6bb5ed66deb4c28b40L.jpg,1200,1200,JPEG,
10000047307924,detail,3,Product dimensions,https://sc04.alicdn.com/kf/Sb3b166d9a3df476ebd0ac3b41e91746b6.jpg,1200,1200,JPEG,
10000047307924,detail,4,Other product images,https://sc04.alicdn.com/kf/S0abcc56052034a4bbc60aef9cc974917O.jpg,1200,1200,JPEG,
10000047307924,company,1,Production workflow,https://sc04.alicdn.com/kf/Sdc4e18f098e142b797df687e8befbfa14.png,1500,1492,PNG,
10000047307924,company,2,Factory profile,https://sc04.alicdn.com/kf/Sfea34bbd56ae4d0583aa855838eb1454F.png,1500,1364,PNG,
10000047307924,company,3,Company overview,https://sc04.alicdn.com/kf/Sf587c854711748af9759e77ce5aeb03c3.png,1254,1254,PNG,
10000047307924,company,4,Customization capabilities,https://sc04.alicdn.com/kf/S2a3af5690d524680824086ad8419dbc9G.png,1254,1254,PNG,
10000047307924,company,5,Packaging & shipping specifications,https://sc04.alicdn.com/kf/Sc1dc6ec7d435404db6a31c6938a734a0g.png,1254,1254,PNG,
10000043200726,sku_color,1,Grey,https://sc04.alicdn.com/kf/Hf63603206cf34b388ccfa82795aad930v.jpg,800,800,JPEG,
10000043200726,sku_color,2,Pink,https://sc04.alicdn.com/kf/H80cb71a52e2c4cc99f79c5cef9056da5O.jpg,800,800,JPEG,
10000043200726,sku_color,3,Black White,https://sc04.alicdn.com/kf/H4e09756583124718a43c562e62c85970T.jpg,800,800,JPEG,
10000043200726,sku_color,4,All Black,https://sc04.alicdn.com/kf/Hb9ba0ba9c90c431e89758779477fbf7bp.jpg,800,800,JPEG,
10000043200726,sku_color,5,White,https://sc04.alicdn.com/kf/H49b5a6c42302468b90c1a3ab4d6b399bH.jpg,800,800,JPEG,
10000043200726,detail,1,Scene image,https://sc04.alicdn.com/kf/Sa321e6d79535459bb92d495f71877356O.png,1500,1500,PNG,
10000043200726,detail,2,Scene image,https://sc04.alicdn.com/kf/Sa5b2c074ecaa41499fb52d3e2c3b7b6dy.png,1500,1500,PNG,
10000043200726,detail,3,Scene image,https://sc04.alicdn.com/kf/S8f22a6a537084cf68cc39cdeb534ac88b.png,1500,1500,PNG,
10000043200726,detail,4,Scene image,https://sc04.alicdn.com/kf/S5e382865789d4d59b479d0846b3c5acfJ.png,1500,1500,PNG,
10000043200726,detail,5,Scene image,https://sc04.alicdn.com/kf/S9e0798bfe0d44232b951d17a40b1e4bah.png,1500,1500,PNG,
10000043200726,detail,6,Scene image,https://sc04.alicdn.com/kf/S9e0fdb7726834e2ebbbbcbc3ed771fe2H.png,1500,1500,PNG,
10000043200726,company,1,Competitive advantages,https://sc04.alicdn.com/kf/S08bdd1a31b3541f78e50f4b8be26cfadA.png,1500,1364,PNG,
10000043200726,company,2,Factory profile,https://sc04.alicdn.com/kf/Sb785a174a04043129c63a39a19df1c2ep.png,1500,1492,PNG,
10000043200726,company,3,Company overview,https://sc04.alicdn.com/kf/S85b6763402114d958afb753952d130e6n.png,1500,1470,PNG,
10000043200726,company,4,Production workflow,https://sc04.alicdn.com/kf/Hc99422065f7644c18da852e6adbd4a40u.png,1500,1200,PNG,
10000043200726,company,5,Packaging & shipping specifications,https://sc04.alicdn.com/kf/H9c98f0404800441cb760040394aa2294d.png,1500,899,PNG,
10000044024484,sku_color,1,Black White,https://sc04.alicdn.com/kf/Sefb9e2923ce34ca7b0a4df4ab45fe15bE.jpg,900,900,JPEG,
10000044024484,sku_color,2,All Black,https://sc04.alicdn.com/kf/S12153edfa8ff4ac28d9f7968a7132dd2J.jpg,900,900,JPEG,
10000044024484,detail,1,Other product images,https://sc04.alicdn.com/kf/S8ac76725781a440eb89add6270e466ef7.jpg,1200,1200,JPEG,
10000044024484,detail,2,Other product images,https://sc04.alicdn.com/kf/S17d42bbe43b0459b9e490283bcc6f2caU.jpg,1200,1200,JPEG,
10000044024484,detail,3,Other product images,https://sc04.alicdn.com/kf/S9412c01e0cc34202ac9e53cd21584434B.jpg,900,900,JPEG,
10000044024484,detail,4,Other product images,https://sc04.alicdn.com/kf/See4aa86fc7ae434dabbb36b98e80129av.jpg,900,900,JPEG,
10000044024484,company,1,Competitive advantages,https://sc04.alicdn.com/kf/Sfea34bbd56ae4d0583aa855838eb1454F.png,1500,1364,PNG,
10000044024484,company,2,Company overview,https://sc04.alicdn.com/kf/Sf587c854711748af9759e77ce5aeb03c3.png,1254,1254,PNG,
10000044024484,company,3,Factory profile,https://sc04.alicdn.com/kf/Sdc4e18f098e142b797df687e8befbfa14.png,1500,1492,PNG,
10000044024484,company,4,Production workflow,https://sc04.alicdn.com/kf/Sc1dc6ec7d435404db6a31c6938a734a0g.png,1254,1254,PNG,
10000044024484,company,5,Packaging & shipping specifications,https://sc04.alicdn.com/kf/S2a3af5690d524680824086ad8419dbc9G.png,1254,1254,PNG,
10000044004948,sku_color,1,Black,https://sc04.alicdn.com/kf/S72190fca3b8849c6839a74d15a3d38f3U.jpg,900,900,JPEG,
10000044004948,sku_color,2,Grey,https://sc04.alicdn.com/kf/Sdcdc6bcfce794675be4ca747c08094f21.jpg,900,900,JPEG,
10000044004948,sku_color,3,Brown,https://sc04.alicdn.com/kf/S98909ac21f68498896d68efb5a9eb2fe4.jpg,900,900,JPEG,
10000044004948,detail,1,Other product images,https://sc04.alicdn.com/kf/Sf74f6a85d24945b6af2f81c82898fbc3M.jpg,1200,1200,JPEG,
10000044004948,detail,2,Other product images,https://sc04.alicdn.com/kf/Sc4e908aecb6b4c4f90bc07daad98eb72j.jpg,1200,1200,JPEG,
10000044004948,detail,3,Other product images,https://sc04.alicdn.com/kf/S55fc7c0eb7de4ad3ab8d36d19a973784E.jpg,1200,1200,JPEG,
10000044004948,detail,4,Other product images,https://sc04.alicdn.com/kf/S9d5a26f942c4424b92575d1d1de95645H.jpg,900,900,JPEG,
10000044004948,company,1,Competitive advantages,https://sc04.alicdn.com/kf/Sfea34bbd56ae4d0583aa855838eb1454F.png,1500,1364,PNG,
10000044004948,company,2,Company overview,https://sc04.alicdn.com/kf/Sf587c854711748af9759e77ce5aeb03c3.png,1254,1254,PNG,
10000044004948,company,3,Factory profile,https://sc04.alicdn.com/kf/Sdc4e18f098e142b797df687e8befbfa14.png,1500,1492,PNG,
10000044004948,company,4,Production workflow,https://sc04.alicdn.com/kf/Sc1dc6ec7d435404db6a31c6938a734a0g.png,1254,1254,PNG,
10000044004948,company,5,Packaging & shipping specifications,https://sc04.alicdn.com/kf/S2a3af5690d524680824086ad8419dbc9G.png,1254,1254,PNG,
10000044028277,sku_color,1,Grey,https://sc04.alicdn.com/kf/S986f0e3006f3480f802930def49c7b7aS.jpg,900,900,JPEG,
10000044028277,sku_color,2,Black White,https://sc04.alicdn.com/kf/S2fed7371d22c490683d0282238119f4cH.jpg,900,900,JPEG,
10000044028277,sku_color,3,Cream,https://sc04.alicdn.com/kf/S295b49f7b3ff4fb88a8801009b42a52as.jpg,900,900,JPEG,
10000044028277,sku_color,4,Black,https://sc04.alicdn.com/kf/Sd067fdb010e74192af781aed628270f3A.jpg,900,900,JPEG,
10000044028277,detail,1,Other product images,https://sc04.alicdn.com/kf/S5c8ec1732b14414ea96b614d7e236046Q.jpg,1200,1200,JPEG,
10000044028277,detail,2,Other product images,https://sc04.alicdn.com/kf/S44f5e14251f54de8b7d0a06b9604bd15x.jpg,900,900,JPEG,
10000044028277,detail,3,Other product images,https://sc04.alicdn.com/kf/S8b2ab7240ff943838b5365039bd3d23eY.jpg,900,900,JPEG,
10000044028277,detail,4,Other product images,https://sc04.alicdn.com/kf/Seb05122294b9496195395be47a07c8dbf.jpg,900,900,JPEG,
10000044028277,company,1,Competitive advantages,https://sc04.alicdn.com/kf/Sfea34bbd56ae4d0583aa855838eb1454F.png,1500,1364,PNG,
10000044028277,company,2,Company overview,https://sc04.alicdn.com/kf/Sf587c854711748af9759e77ce5aeb03c3.png,1254,1254,PNG,
10000044028277,company,3,Production workflow,https://sc04.alicdn.com/kf/Sc1dc6ec7d435404db6a31c6938a734a0g.png,1254,1254,PNG,
10000044028277,company,4,Factory profile,https://sc04.alicdn.com/kf/Sdc4e18f098e142b797df687e8befbfa14.png,1500,1492,PNG,
10000044028277,company,5,Packaging & shipping specifications,https://sc04.alicdn.com/kf/S2a3af5690d524680824086ad8419dbc9G.png,1254,1254,PNG,
1601825070472,sku_color,1,White,https://sc04.alicdn.com/kf/Hea8c035629ea42cb80613478645f2e31Y.jpg,750,1000,JPEG,
1601825070472,sku_color,2,White Khaki,https://sc04.alicdn.com/kf/H80cb0873f3a94b3eadb559afd3a409c8t.jpg,750,1000,JPEG,
1601825070472,sku_color,3,Orange,https://sc04.alicdn.com/kf/H4c7d9327a3d94c8a8c679a92b471ef03B.jpg,750,1000,JPEG,
1601825070472,sku_color,4,Black White,https://sc04.alicdn.com/kf/H192006e0980a401da4aab2b6f49fdf0fs.jpg,750,1000,JPEG,
1601825070472,sku_color,5,All Black,https://sc04.alicdn.com/kf/Hb0a0db7b601647a58c63ae1ae64eff24y.jpg,750,1000,JPEG,
1601825070472,detail,1,Customization capabilities,https://sc04.alicdn.com/kf/H6fefd525a660451ca4efaf61c55610e9Q.png,1500,1500,PNG,
1601825070472,detail,2,Factory profile,https://sc04.alicdn.com/kf/S85b6763402114d958afb753952d130e6n.png,1500,1470,PNG,
1601825070472,detail,3,Product dimensions,https://sc04.alicdn.com/kf/H719cdee7ee8d407aae1669d4a969a7748.png,1500,1500,PNG,
1601825070472,detail,4,Scene image,https://sc04.alicdn.com/kf/H25aa1f5a39cf4325aca37e7b11862404G.png,1500,1500,PNG,
1601825070472,detail,5,Scene image,https://sc04.alicdn.com/kf/H5785de6a352c4ecd9bbed671c3ba9f7ey.png,1500,1500,PNG,
1601825070472,company,1,Extended company profile,https://sc04.alicdn.com/kf/Sf587c854711748af9759e77ce5aeb03c3.png,1254,1254,PNG,
1601825070472,company,2,Competitive advantages,https://sc04.alicdn.com/kf/Sfea34bbd56ae4d0583aa855838eb1454F.png,1500,1364,PNG,
1601825070472,company,3,Factory profile,https://sc04.alicdn.com/kf/Sdc4e18f098e142b797df687e8befbfa14.png,1500,1492,PNG,
1601825070472,company,4,Production workflow,https://sc04.alicdn.com/kf/Sc1dc6ec7d435404db6a31c6938a734a0g.png,1254,1254,PNG,
1601825070472,company,5,Packaging & shipping specifications,https://sc04.alicdn.com/kf/S2a3af5690d524680824086ad8419dbc9G.png,1254,1254,PNG,
1601825074604,sku_color,1,All Black,https://sc04.alicdn.com/kf/H2710b434362042b6b8ead5890c473618h.jpg,800,800,JPEG,
1601825074604,sku_color,2,Mint Green,https://sc04.alicdn.com/kf/Hfaa1514b5e4849648a7029448701a759x.jpg,800,800,JPEG,
1601825074604,sku_color,3,Black White,https://sc04.alicdn.com/kf/H904e9e0cbe7b42838130eaa5894c369en.jpg,800,800,JPEG,
1601825074604,sku_color,4,Orange,https://sc04.alicdn.com/kf/Hd3fbe5031f0544d88c62efdaac6e6c129.jpg,800,800,JPEG,
1601825074604,detail,1,Factory profile,https://sc04.alicdn.com/kf/S85b6763402114d958afb753952d130e6n.png,1500,1470,PNG,
1601825074604,detail,2,Product dimensions,https://sc04.alicdn.com/kf/Ha38f7be3a5ed497896763cbc2cd9726e8.png,1500,1500,PNG,
1601825074604,detail,3,Scene image,https://sc04.alicdn.com/kf/H7cf985eb47b047d4a5d5bdcb757c5e38T.png,1500,1500,PNG,
1601825074604,detail,4,Scene image,https://sc04.alicdn.com/kf/Hf44fbf9ad9cd45ba83dc9fe9921ea4e7a.png,1500,1500,PNG,
1601825074604,detail,5,Scene image,https://sc04.alicdn.com/kf/H9facae5a5d5c4417b942b95f70e110f6Q.png,1500,1500,PNG,
1601825074604,company,1,Competitive advantages,https://sc04.alicdn.com/kf/Sfea34bbd56ae4d0583aa855838eb1454F.png,1500,1364,PNG,
1601825074604,company,2,Production workflow,https://sc04.alicdn.com/kf/Sc1dc6ec7d435404db6a31c6938a734a0g.png,1254,1254,PNG,
1601825074604,company,3,Factory profile,https://sc04.alicdn.com/kf/Sdc4e18f098e142b797df687e8befbfa14.png,1500,1492,PNG,
1601825074604,company,4,Packaging & shipping specifications,https://sc04.alicdn.com/kf/S2a3af5690d524680824086ad8419dbc9G.png,1254,1254,PNG,
1601825074604,company,5,Extended company profile,https://sc04.alicdn.com/kf/Sf587c854711748af9759e77ce5aeb03c3.png,1254,1254,PNG,
10000043201799,sku_color,1,Grey Black,https://sc04.alicdn.com/kf/Haaba56900e1c4d52b934ddaaf1e92a56j.jpg,800,800,JPEG,
10000043201799,sku_color,2,Light Blue,https://sc04.alicdn.com/kf/H4a1e64a690ae49a9ac13691cea1b61a0s.jpg,800,800,JPEG,
10000043201799,sku_color,3,Orange Black,https://sc04.alicdn.com/kf/Hd2fbb3bc1dd14692a3a488e7c47e4df6X.jpg,800,800,JPEG,
10000043201799,sku_color,4,Black White,https://sc04.alicdn.com/kf/H90015327786f49c8ba70665cde29d94aG.jpg,800,800,JPEG,
10000043201799,detail,1,Scene image,https://sc04.alicdn.com/kf/Ae4d4d4afe39d440cab9890d787e7d0603.png,1500,1500,PNG,
10000043201799,detail,2,Factory profile,https://sc04.alicdn.com/kf/S85b6763402114d958afb753952d130e6n.png,1500,1470,PNG,
10000043201799,detail,3,Product dimensions,https://sc04.alicdn.com/kf/Adf8dd2fcff464cb7aafc8acd949e1dc5x.png,1500,1500,PNG,
10000043201799,detail,4,Customization capabilities,https://sc04.alicdn.com/kf/A5e80bfe32dba4d2fa4f9c42ab53969b6u.png,1500,1500,PNG,
10000043201799,detail,5,Scene image,https://sc04.alicdn.com/kf/A014b8a3122d5493684e6b8dc0ac19f609.png,1500,1500,PNG,
10000043201799,company,1,Competitive advantages,https://sc04.alicdn.com/kf/Sfea34bbd56ae4d0583aa855838eb1454F.png,1500,1364,PNG,
10000043201799,company,2,Production workflow,https://sc04.alicdn.com/kf/Sc1dc6ec7d435404db6a31c6938a734a0g.png,1254,1254,PNG,
10000043201799,company,3,Factory profile,https://sc04.alicdn.com/kf/Sdc4e18f098e142b797df687e8befbfa14.png,1500,1492,PNG,
10000043201799,company,4,Packaging & shipping specifications,https://sc04.alicdn.com/kf/S2a3af5690d524680824086ad8419dbc9G.png,1254,1254,PNG,
10000043201799,company,5,Extended company profile,https://sc04.alicdn.com/kf/Sf587c854711748af9759e77ce5aeb03c3.png,1254,1254,PNG,
10000042896165,detail,,,,,,,DETAIL_IMAGE_COUNT_0
10000042896165,company,,,,,,,COMPANY_IMAGE_COUNT_0
10000042896165,sku_color,1,Grey Black,https://sc04.alicdn.com/kf/S4f7b80f6efa34fc39e3b13a9e284ee45E.jpg,750,1000,JPEG,
10000042896165,sku_color,2,Grey White,https://sc04.alicdn.com/kf/Sd9b1a76150764157b9045cdbda1d9f02x.jpg,750,1000,JPEG,
10000042896165,sku_color,3,Grey Khaki,https://sc04.alicdn.com/kf/Saafbb990c6a44906a5c5d15437eef0e50.jpg,750,1000,JPEG,
10000042821848,detail,,,,,,,DETAIL_IMAGE_COUNT_0
10000042821848,company,,,,,,,COMPANY_IMAGE_COUNT_0
10000042821848,sku_color,1,Black,https://sc04.alicdn.com/kf/S68b82f423e61489dbffccaaa5d0f31ffz.jpg,750,1000,JPEG,
10000042821848,sku_color,2,White,https://sc04.alicdn.com/kf/S456249734f2b48a6a5e3f6e9c21bc0a6q.jpg,750,1000,JPEG,
10000042821848,sku_color,3,Ivory,https://sc04.alicdn.com/kf/Sf895c1517aa947ab8830f39457e8928by.jpg,750,1000,JPEG,
