product_index,product_id,encrypted_product_id,model,title,status,display,image_position,url,width,height,occupancy_width,occupancy_height,occupancy_box_area,occupancy_ink,risk,reference_distance,visual_flags,cache
1,10000043732626,AAFkjmk4AOWGexecDTURi-lx,BQ-014,2026 New Slip-On Knit Walking Shoes A507 Stretch Fabric Breathable Mesh Solid Spring Chunky EVA Sole Casual Sneakers OEM ODM,modified,N,1,https://sc04.alicdn.com/kf/Hf86a6c5509754eb5b3a3cf88e40690b3o.jpg,320,320,0.86,0.51,0.4386,0.2672,,,HEURISTIC_PASS,C:\Users\spq\Desktop\贝强\02_Alibaba运营\01_店铺与全店诊断\全量商品审查_2026-09-04\全六图视觉二次审计_2026-09-04\cache\9fb63cbce5df7d2f71d5d8247fec70e67037d240.jpg
1,10000043732626,AAFkjmk4AOWGexecDTURi-lx,BQ-014,2026 New Slip-On Knit Walking Shoes A507 Stretch Fabric Breathable Mesh Solid Spring Chunky EVA Sole Casual Sneakers OEM ODM,modified,N,2,https://sc04.alicdn.com/kf/H7196dba6ae3640f883134c6febeeab24t.jpg,320,320,0.92,0.915,0.8418,0.2215,,,HEURISTIC_PASS,C:\Users\spq\Desktop\贝强\02_Alibaba运营\01_店铺与全店诊断\全量商品审查_2026-09-04\全六图视觉二次审计_2026-09-04\cache\0719552add88a4bc2c9d81855efe1744072dffe2.jpg
1,10000043732626,AAFkjmk4AOWGexecDTURi-lx,BQ-014,2026 New Slip-On Knit Walking Shoes A507 Stretch Fabric Breathable Mesh Solid Spring Chunky EVA Sole Casual Sneakers OEM ODM,modified,N,3,https://sc04.alicdn.com/kf/Hadd52dc55814404db8a74c19b90c4409c.jpg,320,320,1.0,1.0,1.0,0.7381,,,EDGE_CROP_OR_FULL_CANVAS;COMPLEX_OR_COLLAGE_BACKGROUND;EDGE_GRAPHIC_OR_DARK_BACKGROUND,C:\Users\spq\Desktop\贝强\02_Alibaba运营\01_店铺与全店诊断\全量商品审查_2026-09-04\全六图视觉二次审计_2026-09-04\cache\a134a33d1b169a510f75e05ff65a3da994f720a4.jpg
1,10000043732626,AAFkjmk4AOWGexecDTURi-lx,BQ-014,2026 New Slip-On Knit Walking Shoes A507 Stretch Fabric Breathable Mesh Solid Spring Chunky EVA Sole Casual Sneakers OEM ODM,modified,N,4,https://sc04.alicdn.com/kf/H97af2ef343634e7cbc0a91a9daac8883Y.jpg,320,320,0.9125,0.915,0.8349,0.2226,,,HEURISTIC_PASS,C:\Users\spq\Desktop\贝强\02_Alibaba运营\01_店铺与全店诊断\全量商品审查_2026-09-04\全六图视觉二次审计_2026-09-04\cache\2f11dab27ff924052c225345fe94227407a194ff.jpg
1,10000043732626,AAFkjmk4AOWGexecDTURi-lx,BQ-014,2026 New Slip-On Knit Walking Shoes A507 Stretch Fabric Breathable Mesh Solid Spring Chunky EVA Sole Casual Sneakers OEM ODM,modified,N,5,https://sc04.alicdn.com/kf/H94830f98fbe548f1a98cd90cf0dc7d4dF.jpg,320,320,0.8775,0.9275,0.8139,0.1232,,,HEURISTIC_PASS,C:\Users\spq\Desktop\贝强\02_Alibaba运营\01_店铺与全店诊断\全量商品审查_2026-09-04\全六图视觉二次审计_2026-09-04\cache\5d5c0067b8edaeaa34c74515013d79e834e8ce56.jpg
1,10000043732626,AAFkjmk4AOWGexecDTURi-lx,BQ-014,2026 New Slip-On Knit Walking Shoes A507 Stretch Fabric Breathable Mesh Solid Spring Chunky EVA Sole Casual Sneakers OEM ODM,modified,N,6,https://sc04.alicdn.com/kf/H9fdb4293cdf542f88ff17b487b1a0d13E.jpg,320,320,0.82,0.915,0.7503,0.2302,,,HEURISTIC_PASS,C:\Users\spq\Desktop\贝强\02_Alibaba运营\01_店铺与全店诊断\全量商品审查_2026-09-04\全六图视觉二次审计_2026-09-04\cache\32dd647ecc89e671ffce19a95c96dc251a62fa21.jpg
2,10000047221334,AAEmjmk4AOWGexecDTURxS21,BQ044 / 811,Wholesale Model 811 Breathable Light Weight Knit Lace-Up Casual Walking Shoes Rubber-Plastic Sole EU 35-45,modified,N,1,https://sc04.alicdn.com/kf/H0ff14ba2593c42e98c1611b0543ece54j.jpg,320,320,0.86,0.68,0.5848,0.3433,,,HEURISTIC_PASS,C:\Users\spq\Desktop\贝强\02_Alibaba运营\01_店铺与全店诊断\全量商品审查_2026-09-04\全六图视觉二次审计_2026-09-04\cache\24e7b3e8fe11900cd94fc55f6fc0d5a657b89bf4.jpg
2,10000047221334,AAEmjmk4AOWGexecDTURxS21,BQ044 / 811,Wholesale Model 811 Breathable Light Weight Knit Lace-Up Casual Walking Shoes Rubber-Plastic Sole EU 35-45,modified,N,2,https://sc04.alicdn.com/kf/Hdc031a497a614308a4809a400861caecb.jpg,320,320,0.8025,0.7825,0.628,0.6094,,,HEURISTIC_PASS,C:\Users\spq\Desktop\贝强\02_Alibaba运营\01_店铺与全店诊断\全量商品审查_2026-09-04\全六图视觉二次审计_2026-09-04\cache\7cc324b42a30c58c71ec87e9af39b0ec1c73e06f.jpg
2,10000047221334,AAEmjmk4AOWGexecDTURxS21,BQ044 / 811,Wholesale Model 811 Breathable Light Weight Knit Lace-Up Casual Walking Shoes Rubber-Plastic Sole EU 35-45,modified,N,3,https://sc04.alicdn.com/kf/Hcdfee647aba74bd99675cd1b54bd1340A.jpg,320,320,0.95,0.785,0.7458,0.7403,,,HEURISTIC_PASS,C:\Users\spq\Desktop\贝强\02_Alibaba运营\01_店铺与全店诊断\全量商品审查_2026-09-04\全六图视觉二次审计_2026-09-04\cache\7d7c475629f13b32c19674f6e33e8ac672890233.jpg
2,10000047221334,AAEmjmk4AOWGexecDTURxS21,BQ044 / 811,Wholesale Model 811 Breathable Light Weight Knit Lace-Up Casual Walking Shoes Rubber-Plastic Sole EU 35-45,modified,N,4,https://sc04.alicdn.com/kf/Hd60882066d24464eafea16dcc899492cr.jpg,320,320,0.95,0.755,0.7173,0.538,,,HEURISTIC_PASS,C:\Users\spq\Desktop\贝强\02_Alibaba运营\01_店铺与全店诊断\全量商品审查_2026-09-04\全六图视觉二次审计_2026-09-04\cache\cb603df1b0ce9a1cd7566fb18f18e3882afd2680.jpg
2,10000047221334,AAEmjmk4AOWGexecDTURxS21,BQ044 / 811,Wholesale Model 811 Breathable Light Weight Knit Lace-Up Casual Walking Shoes Rubber-Plastic Sole EU 35-45,modified,N,5,https://sc04.alicdn.com/kf/H2cb506a8036a46eab61494127ea7ee06j.jpg,320,320,0.9,0.9175,0.8257,0.3391,,,HEURISTIC_PASS,C:\Users\spq\Desktop\贝强\02_Alibaba运营\01_店铺与全店诊断\全量商品审查_2026-09-04\全六图视觉二次审计_2026-09-04\cache\2736942b74651cc7aca7b0ea31576fb5440b7270.jpg
2,10000047221334,AAEmjmk4AOWGexecDTURxS21,BQ044 / 811,Wholesale Model 811 Breathable Light Weight Knit Lace-Up Casual Walking Shoes Rubber-Plastic Sole EU 35-45,modified,N,6,https://sc04.alicdn.com/kf/H6bb4411cb0564379ab14ae842f2e5308u.jpg,320,320,0.9025,0.8725,0.7874,0.7848,,,HEURISTIC_PASS,C:\Users\spq\Desktop\贝强\02_Alibaba运营\01_店铺与全店诊断\全量商品审查_2026-09-04\全六图视觉二次审计_2026-09-04\cache\097aad651cce443307140e949fb4fa8bab00a74e.jpg
3,10000047166193,AAEqjmk4AOWGexecDTURxFUS,BQ042 / 206,Wholesale Model 206 Knit Lace-Up Walking Shoes Regular Fit Casual Sneakers EU 35-45 OEM ODM,approved,Y,1,https://sc04.alicdn.com/kf/S1d4045fb93b246a79c460fc5a674430dK.png,320,320,0.8,0.4875,0.39,0.2472,,,HEURISTIC_PASS,C:\Users\spq\Desktop\贝强\02_Alibaba运营\01_店铺与全店诊断\全量商品审查_2026-09-04\全六图视觉二次审计_2026-09-04\cache\118551895b5db9cd6496c5dac73b018727b0f203.jpg
3,10000047166193,AAEqjmk4AOWGexecDTURxFUS,BQ042 / 206,Wholesale Model 206 Knit Lace-Up Walking Shoes Regular Fit Casual Sneakers EU 35-45 OEM ODM,approved,Y,2,https://sc04.alicdn.com/kf/Hc8803ccf4bbe497eb82ef45f27c9f03ct.jpg,320,320,0.955,0.6975,0.6661,0.6447,,,HEURISTIC_PASS,C:\Users\spq\Desktop\贝强\02_Alibaba运营\01_店铺与全店诊断\全量商品审查_2026-09-04\全六图视觉二次审计_2026-09-04\cache\b702f4aabc6b1d85c6356d7722e6d579cc34d0c5.jpg
3,10000047166193,AAEqjmk4AOWGexecDTURxFUS,BQ042 / 206,Wholesale Model 206 Knit Lace-Up Walking Shoes Regular Fit Casual Sneakers EU 35-45 OEM ODM,approved,Y,3,https://sc04.alicdn.com/kf/H0c126e03af2847b68f596b817ccc6eb0h.jpg,320,320,0.5175,0.89,0.4606,0.3991,,,HEURISTIC_PASS,C:\Users\spq\Desktop\贝强\02_Alibaba运营\01_店铺与全店诊断\全量商品审查_2026-09-04\全六图视觉二次审计_2026-09-04\cache\d83ddf0824092f6df0f96e889f358ae35e6da42e.jpg
3,10000047166193,AAEqjmk4AOWGexecDTURxFUS,BQ042 / 206,Wholesale Model 206 Knit Lace-Up Walking Shoes Regular Fit Casual Sneakers EU 35-45 OEM ODM,approved,Y,4,https://sc04.alicdn.com/kf/H1e8182e6b7d34290af91bbce9661d3d5H.jpg,320,320,0.8025,0.8175,0.656,0.6502,,,HEURISTIC_PASS,C:\Users\spq\Desktop\贝强\02_Alibaba运营\01_店铺与全店诊断\全量商品审查_2026-09-04\全六图视觉二次审计_2026-09-04\cache\09563727b1684cae51e5ff5007fc512fd862eefc.jpg
3,10000047166193,AAEqjmk4AOWGexecDTURxFUS,BQ042 / 206,Wholesale Model 206 Knit Lace-Up Walking Shoes Regular Fit Casual Sneakers EU 35-45 OEM ODM,approved,Y,5,https://sc04.alicdn.com/kf/H5be9184b5a9c4139879f95ef11872ae9G.jpg,320,320,0.9,0.9175,0.8257,0.2296,,,HEURISTIC_PASS,C:\Users\spq\Desktop\贝强\02_Alibaba运营\01_店铺与全店诊断\全量商品审查_2026-09-04\全六图视觉二次审计_2026-09-04\cache\97aa98d4d8af9dd4f350c29624efe1991cae4472.jpg
3,10000047166193,AAEqjmk4AOWGexecDTURxFUS,BQ042 / 206,Wholesale Model 206 Knit Lace-Up Walking Shoes Regular Fit Casual Sneakers EU 35-45 OEM ODM,approved,Y,6,https://sc04.alicdn.com/kf/H945cf36c17854e6183274452525b010fo.jpg,320,320,0.47,0.915,0.43,0.3774,,,HEURISTIC_PASS,C:\Users\spq\Desktop\贝强\02_Alibaba运营\01_店铺与全店诊断\全量商品审查_2026-09-04\全六图视觉二次审计_2026-09-04\cache\d768a661803a4b25c3bee0e68ca3e2b1d62675b6.jpg
4,10000044007878,AAFejmk4AOWGexecDTURlCYl,BQ-018,2026 New Breathable Mesh Knit Walking Shoes Elastic Lace Chunky Cloud Sole Lavender Sneakers OEM ODM Spring Autumn,modified,N,1,https://sc04.alicdn.com/kf/H3641b7a6147642b4bdace76424a74317t.jpg,320,320,0.86,0.515,0.4429,0.2735,,,HEURISTIC_PASS,C:\Users\spq\Desktop\贝强\02_Alibaba运营\01_店铺与全店诊断\全量商品审查_2026-09-04\全六图视觉二次审计_2026-09-04\cache\037de2741a0db404b0c4fb74963daed0c19a8e3a.jpg
4,10000044007878,AAFejmk4AOWGexecDTURlCYl,BQ-018,2026 New Breathable Mesh Knit Walking Shoes Elastic Lace Chunky Cloud Sole Lavender Sneakers OEM ODM Spring Autumn,modified,N,2,https://sc04.alicdn.com/kf/H21239b498dc549f9af89d00463585275V.jpg,320,320,0.86,0.8425,0.7246,0.2995,,,HEURISTIC_PASS,C:\Users\spq\Desktop\贝强\02_Alibaba运营\01_店铺与全店诊断\全量商品审查_2026-09-04\全六图视觉二次审计_2026-09-04\cache\7d3d9462e098b65d65b6ca6fd90b2986b65598f2.jpg
4,10000044007878,AAFejmk4AOWGexecDTURlCYl,BQ-018,2026 New Breathable Mesh Knit Walking Shoes Elastic Lace Chunky Cloud Sole Lavender Sneakers OEM ODM Spring Autumn,modified,N,3,https://sc04.alicdn.com/kf/H91230653b8a84747900b55f31233eb5eH.jpg,320,320,0.71,0.8425,0.5982,0.1273,,,HEURISTIC_PASS,C:\Users\spq\Desktop\贝强\02_Alibaba运营\01_店铺与全店诊断\全量商品审查_2026-09-04\全六图视觉二次审计_2026-09-04\cache\436c83f867cb598df63b0f2ee58a0aaaaa0ab009.jpg
4,10000044007878,AAFejmk4AOWGexecDTURlCYl,BQ-018,2026 New Breathable Mesh Knit Walking Shoes Elastic Lace Chunky Cloud Sole Lavender Sneakers OEM ODM Spring Autumn,modified,N,4,https://sc04.alicdn.com/kf/H14b9fc284ad54c9e84a138df697091d1q.jpg,320,320,0.875,0.8425,0.7372,0.3021,,,HEURISTIC_PASS,C:\Users\spq\Desktop\贝强\02_Alibaba运营\01_店铺与全店诊断\全量商品审查_2026-09-04\全六图视觉二次审计_2026-09-04\cache\8a19e57328cfb2976d5bcee9212741c295d8c391.jpg
4,10000044007878,AAFejmk4AOWGexecDTURlCYl,BQ-018,2026 New Breathable Mesh Knit Walking Shoes Elastic Lace Chunky Cloud Sole Lavender Sneakers OEM ODM Spring Autumn,modified,N,5,https://sc04.alicdn.com/kf/H58eb2465434048238821d59f46cb9305W.jpg,320,320,0.7475,0.8425,0.6298,0.0771,,,HEURISTIC_PASS,C:\Users\spq\Desktop\贝强\02_Alibaba运营\01_店铺与全店诊断\全量商品审查_2026-09-04\全六图视觉二次审计_2026-09-04\cache\5b04de48adacfafff91950564cd350e9b2052334.jpg
4,10000044007878,AAFejmk4AOWGexecDTURlCYl,BQ-018,2026 New Breathable Mesh Knit Walking Shoes Elastic Lace Chunky Cloud Sole Lavender Sneakers OEM ODM Spring Autumn,modified,N,6,https://sc04.alicdn.com/kf/Hd6125f9dee384559b8cc050c7e102cf8b.jpg,320,320,0.71,0.8425,0.5982,0.1104,,,HEURISTIC_PASS,C:\Users\spq\Desktop\贝强\02_Alibaba运营\01_店铺与全店诊断\全量商品审查_2026-09-04\全六图视觉二次审计_2026-09-04\cache\10aa1721d909e6ace745775966f5aaa19772b854.jpg
5,1601924345456,AAG3jmk4AOWGex-cDVm6p6mT,BQ033 / T5503,Wholesale Breathable Knit Lace-Up Casual Walking Shoes Lightweight Spring Autumn Summer Sneakers for Men and Women,approved,Y,1,https://sc04.alicdn.com/kf/S445fb842ea014adfb95c010cab4c3114s.png,320,320,0.925,0.495,0.4579,0.2928,,,HEURISTIC_PASS,C:\Users\spq\Desktop\贝强\02_Alibaba运营\01_店铺与全店诊断\全量商品审查_2026-09-04\全六图视觉二次审计_2026-09-04\cache\4decf79f4717295c4d57620cb774df8ab6d8d9cb.jpg
5,1601924345456,AAG3jmk4AOWGex-cDVm6p6mT,BQ033 / T5503,Wholesale Breathable Knit Lace-Up Casual Walking Shoes Lightweight Spring Autumn Summer Sneakers for Men and Women,approved,Y,2,https://sc04.alicdn.com/kf/Hb69d02d3478444248e8c4ceb921a8ca4y.jpg,320,320,0.7175,0.8375,0.6009,0.3103,,,HEURISTIC_PASS,C:\Users\spq\Desktop\贝强\02_Alibaba运营\01_店铺与全店诊断\全量商品审查_2026-09-04\全六图视觉二次审计_2026-09-04\cache\543d8be0bc93425e4acaee9f557468b41edd4697.jpg
5,1601924345456,AAG3jmk4AOWGex-cDVm6p6mT,BQ033 / T5503,Wholesale Breathable Knit Lace-Up Casual Walking Shoes Lightweight Spring Autumn Summer Sneakers for Men and Women,approved,Y,3,https://sc04.alicdn.com/kf/H2e2109ff4dc34df3bd11a8e194bb6ab4I.jpg,320,320,0.6,0.815,0.489,0.2527,,,HEURISTIC_PASS,C:\Users\spq\Desktop\贝强\02_Alibaba运营\01_店铺与全店诊断\全量商品审查_2026-09-04\全六图视觉二次审计_2026-09-04\cache\8c6f51c41d3f262829f98dc5830612d1e077f05b.jpg
5,1601924345456,AAG3jmk4AOWGex-cDVm6p6mT,BQ033 / T5503,Wholesale Breathable Knit Lace-Up Casual Walking Shoes Lightweight Spring Autumn Summer Sneakers for Men and Women,approved,Y,4,https://sc04.alicdn.com/kf/He9ed4afcaa3f4ab9831f207c58c8746fV.jpg,320,320,0.6375,0.7825,0.4988,0.2608,,,HEURISTIC_PASS,C:\Users\spq\Desktop\贝强\02_Alibaba运营\01_店铺与全店诊断\全量商品审查_2026-09-04\全六图视觉二次审计_2026-09-04\cache\b3c952622921c70fa0b2c743467fcf021d0d6ff8.jpg
5,1601924345456,AAG3jmk4AOWGex-cDVm6p6mT,BQ033 / T5503,Wholesale Breathable Knit Lace-Up Casual Walking Shoes Lightweight Spring Autumn Summer Sneakers for Men and Women,approved,Y,5,https://sc04.alicdn.com/kf/H4f375938af93464c84dbf3bff3874030O.jpg,320,320,0.9,0.9175,0.8257,0.1474,,,HEURISTIC_PASS,C:\Users\spq\Desktop\贝强\02_Alibaba运营\01_店铺与全店诊断\全量商品审查_2026-09-04\全六图视觉二次审计_2026-09-04\cache\f41a32fce9ece5c44a663ac23128c9062f04b376.jpg
5,1601924345456,AAG3jmk4AOWGex-cDVm6p6mT,BQ033 / T5503,Wholesale Breathable Knit Lace-Up Casual Walking Shoes Lightweight Spring Autumn Summer Sneakers for Men and Women,approved,Y,6,https://sc04.alicdn.com/kf/Hfee54e3ed896487d9772ffe0ce22e398n.jpg,320,320,0.6075,0.8125,0.4936,0.25,,,HEURISTIC_PASS,C:\Users\spq\Desktop\贝强\02_Alibaba运营\01_店铺与全店诊断\全量商品审查_2026-09-04\全六图视觉二次审计_2026-09-04\cache\590a38d0cbf834d8eeec2b2fdf0a3544f5d7f36d.jpg
6,1601939752005,AAHIjmk4AOWGex-cDVm7isOm,BQ023-O1 / A505,Custom Logo Knit Low Cut Slip-On Walking Shoes Casual Shoes OEM ODM Private Label Footwear Supplier Model A505,approved,Y,1,https://sc04.alicdn.com/kf/Sa5cf5d5ec80b495c91f852062f178df5p.jpg,320,320,0.715,0.41,0.2932,0.1875,P0_LOW_HERO_OCCUPANCY,,HEURISTIC_PASS,C:\Users\spq\Desktop\贝强\02_Alibaba运营\01_店铺与全店诊断\全量商品审查_2026-09-04\全六图视觉二次审计_2026-09-04\cache\672503cec07a33f4541714fc1935850fb9bf83dd.jpg
6,1601939752005,AAHIjmk4AOWGex-cDVm7isOm,BQ023-O1 / A505,Custom Logo Knit Low Cut Slip-On Walking Shoes Casual Shoes OEM ODM Private Label Footwear Supplier Model A505,approved,Y,2,https://sc04.alicdn.com/kf/S71f0033dca564ab19439dd5f900a22cfF.jpg,320,320,0.7625,0.4425,0.3374,0.2172,,,HEURISTIC_PASS,C:\Users\spq\Desktop\贝强\02_Alibaba运营\01_店铺与全店诊断\全量商品审查_2026-09-04\全六图视觉二次审计_2026-09-04\cache\3f9bb3ca48d3ab0b33df146f19cb07fa2f680587.jpg
6,1601939752005,AAHIjmk4AOWGex-cDVm7isOm,BQ023-O1 / A505,Custom Logo Knit Low Cut Slip-On Walking Shoes Casual Shoes OEM ODM Private Label Footwear Supplier Model A505,approved,Y,3,https://sc04.alicdn.com/kf/Sac64cfd166db4f52a55daddbeacd3fbcF.jpg,320,320,0.6025,0.6725,0.4052,0.1934,,,HEURISTIC_PASS,C:\Users\spq\Desktop\贝强\02_Alibaba运营\01_店铺与全店诊断\全量商品审查_2026-09-04\全六图视觉二次审计_2026-09-04\cache\3cb7e05406f298b1249f032532a1c243aab8176a.jpg
6,1601939752005,AAHIjmk4AOWGex-cDVm7isOm,BQ023-O1 / A505,Custom Logo Knit Low Cut Slip-On Walking Shoes Casual Shoes OEM ODM Private Label Footwear Supplier Model A505,approved,Y,4,https://sc04.alicdn.com/kf/S8e02e8a1bd2f47eb94d4c2d4dd7cd2dbg.jpg,320,320,0.735,0.45,0.3307,0.2221,,,HEURISTIC_PASS,C:\Users\spq\Desktop\贝强\02_Alibaba运营\01_店铺与全店诊断\全量商品审查_2026-09-04\全六图视觉二次审计_2026-09-04\cache\508c24ebc659aeb69d4172d99b8b87fa9e10f3ef.jpg
6,1601939752005,AAHIjmk4AOWGex-cDVm7isOm,BQ023-O1 / A505,Custom Logo Knit Low Cut Slip-On Walking Shoes Casual Shoes OEM ODM Private Label Footwear Supplier Model A505,approved,Y,5,https://sc04.alicdn.com/kf/S4471cfac5da247d79d09a1934cbb9121H.jpg,320,320,0.6225,0.68,0.4233,0.2193,,,HEURISTIC_PASS,C:\Users\spq\Desktop\贝强\02_Alibaba运营\01_店铺与全店诊断\全量商品审查_2026-09-04\全六图视觉二次审计_2026-09-04\cache\2b04bb572472dc5c492628f8a5c5573cc882167c.jpg
6,1601939752005,AAHIjmk4AOWGex-cDVm7isOm,BQ023-O1 / A505,Custom Logo Knit Low Cut Slip-On Walking Shoes Casual Shoes OEM ODM Private Label Footwear Supplier Model A505,approved,Y,6,https://sc04.alicdn.com/kf/S694da9b029dc451c93a7d3964434b94aR.jpg,320,320,0.75,0.38,0.285,0.1869,,,HEURISTIC_PASS,C:\Users\spq\Desktop\贝强\02_Alibaba运营\01_店铺与全店诊断\全量商品审查_2026-09-04\全六图视觉二次审计_2026-09-04\cache\f2dddb7f2a0b5c559da2e83e790828b51848102a.jpg
7,1601939736061,AAH_jmk4AOWGex-cDVm7ioIe,BQ013-O1 / T55836,Custom Logo Knit Slip-On Walking Shoes Casual Shoes OEM ODM Private Label Footwear Supplier Model T55836,approved,Y,1,https://sc04.alicdn.com/kf/Se55a38db0443412a829fce9f98cea790n.png,320,320,0.99,0.48,0.4752,0.4139,,,HEURISTIC_PASS,C:\Users\spq\Desktop\贝强\02_Alibaba运营\01_店铺与全店诊断\全量商品审查_2026-09-04\全六图视觉二次审计_2026-09-04\cache\06d9cae2194523d4ea4505d02732e063bf55956a.jpg
7,1601939736061,AAH_jmk4AOWGex-cDVm7ioIe,BQ013-O1 / T55836,Custom Logo Knit Slip-On Walking Shoes Casual Shoes OEM ODM Private Label Footwear Supplier Model T55836,approved,Y,2,https://sc04.alicdn.com/kf/S51bde0de43b84534b547acfddce95e33B.jpg,320,320,0.7625,0.2775,0.2116,0.1244,,,HEURISTIC_PASS,C:\Users\spq\Desktop\贝强\02_Alibaba运营\01_店铺与全店诊断\全量商品审查_2026-09-04\全六图视觉二次审计_2026-09-04\cache\57de686c5ad554e924c6ba0708dfe842e37e4ea2.jpg
7,1601939736061,AAH_jmk4AOWGex-cDVm7ioIe,BQ013-O1 / T55836,Custom Logo Knit Slip-On Walking Shoes Casual Shoes OEM ODM Private Label Footwear Supplier Model T55836,approved,Y,3,https://sc04.alicdn.com/kf/Sb4ca89d02eea41ffb28f328924bd9dbdz.jpg,320,320,0.7875,0.36,0.2835,0.1697,,,HEURISTIC_PASS,C:\Users\spq\Desktop\贝强\02_Alibaba运营\01_店铺与全店诊断\全量商品审查_2026-09-04\全六图视觉二次审计_2026-09-04\cache\a376fa71c8dd04cc74bbbf08e1bdc0b76c8b21b4.jpg
7,1601939736061,AAH_jmk4AOWGex-cDVm7ioIe,BQ013-O1 / T55836,Custom Logo Knit Slip-On Walking Shoes Casual Shoes OEM ODM Private Label Footwear Supplier Model T55836,approved,Y,4,https://sc04.alicdn.com/kf/S7bfbe22bb86640669ff353c7b060831ao.jpg,320,320,0.7375,0.2875,0.212,0.1168,,,HEURISTIC_PASS,C:\Users\spq\Desktop\贝强\02_Alibaba运营\01_店铺与全店诊断\全量商品审查_2026-09-04\全六图视觉二次审计_2026-09-04\cache\d2816ef107422385a0ef81498db4f39263205375.jpg
7,1601939736061,AAH_jmk4AOWGex-cDVm7ioIe,BQ013-O1 / T55836,Custom Logo Knit Slip-On Walking Shoes Casual Shoes OEM ODM Private Label Footwear Supplier Model T55836,approved,Y,5,https://sc04.alicdn.com/kf/Se911b2b52eee40338b2367db286ea3e0g.jpg,320,320,0.7975,0.3675,0.2931,0.1728,,,HEURISTIC_PASS,C:\Users\spq\Desktop\贝强\02_Alibaba运营\01_店铺与全店诊断\全量商品审查_2026-09-04\全六图视觉二次审计_2026-09-04\cache\1bee4a36a402e603080608f6436d688a6b9d7054.jpg
7,1601939736061,AAH_jmk4AOWGex-cDVm7ioIe,BQ013-O1 / T55836,Custom Logo Knit Slip-On Walking Shoes Casual Shoes OEM ODM Private Label Footwear Supplier Model T55836,approved,Y,6,https://sc04.alicdn.com/kf/Sdeb548242d2d450b90bf6e11e5226c1ff.jpg,320,320,0.7475,0.375,0.2803,0.1759,,,HEURISTIC_PASS,C:\Users\spq\Desktop\贝强\02_Alibaba运营\01_店铺与全店诊断\全量商品审查_2026-09-04\全六图视觉二次审计_2026-09-04\cache\35538a09f1f7ce9bfbc97b1681aecdc8838fdf3a.jpg
8,1601939722180,AAFOjmk4AOWGex-cDVm7ikgn,BQ023-W1 / A505,Wholesale Knit Low Cut Slip-On Walking Shoes Casual Shoes Factory Supply Model A505,approved,Y,1,https://sc04.alicdn.com/kf/S9d5a26f942c4424b92575d1d1de95645H.jpg,320,320,0.715,0.415,0.2967,0.1901,P0_LOW_HERO_OCCUPANCY,,HEURISTIC_PASS,C:\Users\spq\Desktop\贝强\02_Alibaba运营\01_店铺与全店诊断\全量商品审查_2026-09-04\全六图视觉二次审计_2026-09-04\cache\82b104854292e2a8a59672177c276bc8830a5f0a.jpg
8,1601939722180,AAFOjmk4AOWGex-cDVm7ikgn,BQ023-W1 / A505,Wholesale Knit Low Cut Slip-On Walking Shoes Casual Shoes Factory Supply Model A505,approved,Y,2,https://sc04.alicdn.com/kf/S861fe0024d3f4309984ca14fe67c629bP.jpg,320,320,0.76,0.4625,0.3515,0.2366,,,HEURISTIC_PASS,C:\Users\spq\Desktop\贝强\02_Alibaba运营\01_店铺与全店诊断\全量商品审查_2026-09-04\全六图视觉二次审计_2026-09-04\cache\f7fe720fb2bf1c54b04bbf13308d88f0ec629810.jpg
8,1601939722180,AAFOjmk4AOWGex-cDVm7ikgn,BQ023-W1 / A505,Wholesale Knit Low Cut Slip-On Walking Shoes Casual Shoes Factory Supply Model A505,approved,Y,3,https://sc04.alicdn.com/kf/S79c5be04db7246a08b46a849e20cd53ab.jpg,320,320,0.615,0.67,0.4121,0.2111,,,HEURISTIC_PASS,C:\Users\spq\Desktop\贝强\02_Alibaba运营\01_店铺与全店诊断\全量商品审查_2026-09-04\全六图视觉二次审计_2026-09-04\cache\0b629f6d1f67352203a2a49790ec05fca38e3174.jpg
8,1601939722180,AAFOjmk4AOWGex-cDVm7ikgn,BQ023-W1 / A505,Wholesale Knit Low Cut Slip-On Walking Shoes Casual Shoes Factory Supply Model A505,approved,Y,4,https://sc04.alicdn.com/kf/Sab46b0a1ca0041d1b3933e58b1305270f.jpg,320,320,0.735,0.3725,0.2738,0.1824,,,HEURISTIC_PASS,C:\Users\spq\Desktop\贝强\02_Alibaba运营\01_店铺与全店诊断\全量商品审查_2026-09-04\全六图视觉二次审计_2026-09-04\cache\3bce5bf64a6214d387454e9139d155ed87fefc5a.jpg
8,1601939722180,AAFOjmk4AOWGex-cDVm7ikgn,BQ023-W1 / A505,Wholesale Knit Low Cut Slip-On Walking Shoes Casual Shoes Factory Supply Model A505,approved,Y,5,https://sc04.alicdn.com/kf/S48fb7bf129394e27b9a452f246ff70d37.jpg,320,320,0.8,0.525,0.42,0.2644,,,HEURISTIC_PASS,C:\Users\spq\Desktop\贝强\02_Alibaba运营\01_店铺与全店诊断\全量商品审查_2026-09-04\全六图视觉二次审计_2026-09-04\cache\28830910af8cc7cba1604f52ac38932d44267b6d.jpg
8,1601939722180,AAFOjmk4AOWGex-cDVm7ikgn,BQ023-W1 / A505,Wholesale Knit Low Cut Slip-On Walking Shoes Casual Shoes Factory Supply Model A505,approved,Y,6,https://sc04.alicdn.com/kf/Sbe503071b7424125846df0f6f630e4e3O.jpg,320,320,0.75,0.435,0.3262,0.2108,,,HEURISTIC_PASS,C:\Users\spq\Desktop\贝强\02_Alibaba运营\01_店铺与全店诊断\全量商品审查_2026-09-04\全六图视觉二次审计_2026-09-04\cache\3185a8ff4c4b5f3f523aeb202b1a2d242346912b.jpg
9,1601939703288,AAH8jmk4AOWGex-cDVm7igIb,BQ027-O1 / K6116,Custom Logo Knit Lace Detail Casual Walking Shoes OEM ODM Private Label Footwear Supplier Model K6116,approved,Y,1,https://sc04.alicdn.com/kf/Sd833363272e24b12b30dfbc7794cf8ddl.jpg,320,320,0.685,0.375,0.2569,0.1531,P0_LOW_HERO_OCCUPANCY,,HEURISTIC_PASS,C:\Users\spq\Desktop\贝强\02_Alibaba运营\01_店铺与全店诊断\全量商品审查_2026-09-04\全六图视觉二次审计_2026-09-04\cache\0814387d66b830302ffeffad7917302a7c85a0dd.jpg
9,1601939703288,AAH8jmk4AOWGex-cDVm7igIb,BQ027-O1 / K6116,Custom Logo Knit Lace Detail Casual Walking Shoes OEM ODM Private Label Footwear Supplier Model K6116,approved,Y,2,https://sc04.alicdn.com/kf/S70d9e0b3c14e4f4e8a681e94899f6090f.jpg,320,320,0.76,0.4675,0.3553,0.2051,,,HEURISTIC_PASS,C:\Users\spq\Desktop\贝强\02_Alibaba运营\01_店铺与全店诊断\全量商品审查_2026-09-04\全六图视觉二次审计_2026-09-04\cache\6288fb8610f6bb584ebb0f8345d807d6a8e9be67.jpg
9,1601939703288,AAH8jmk4AOWGex-cDVm7igIb,BQ027-O1 / K6116,Custom Logo Knit Lace Detail Casual Walking Shoes OEM ODM Private Label Footwear Supplier Model K6116,approved,Y,3,https://sc04.alicdn.com/kf/Se5a55def37fa4fc2bca8be9c5afce459P.jpg,320,320,0.7725,0.445,0.3438,0.122,,,HEURISTIC_PASS,C:\Users\spq\Desktop\贝强\02_Alibaba运营\01_店铺与全店诊断\全量商品审查_2026-09-04\全六图视觉二次审计_2026-09-04\cache\497c9b65abb467168dfd20a3df0f6b56e9aba63d.jpg
9,1601939703288,AAH8jmk4AOWGex-cDVm7igIb,BQ027-O1 / K6116,Custom Logo Knit Lace Detail Casual Walking Shoes OEM ODM Private Label Footwear Supplier Model K6116,approved,Y,4,https://sc04.alicdn.com/kf/S68603f0694aa41368031477e7ab63017B.jpg,320,320,0.7375,0.4225,0.3116,0.2088,,,HEURISTIC_PASS,C:\Users\spq\Desktop\贝强\02_Alibaba运营\01_店铺与全店诊断\全量商品审查_2026-09-04\全六图视觉二次审计_2026-09-04\cache\5c457aeed46878d308976504bca7b9fa4ab68032.jpg
9,1601939703288,AAH8jmk4AOWGex-cDVm7igIb,BQ027-O1 / K6116,Custom Logo Knit Lace Detail Casual Walking Shoes OEM ODM Private Label Footwear Supplier Model K6116,approved,Y,5,https://sc04.alicdn.com/kf/S0f2465ede4334b41bc50b41e0e4b2293j.jpg,320,320,0.79,0.5325,0.4207,0.2376,,,HEURISTIC_PASS,C:\Users\spq\Desktop\贝强\02_Alibaba运营\01_店铺与全店诊断\全量商品审查_2026-09-04\全六图视觉二次审计_2026-09-04\cache\ed81e9764ad6158ad6e69e76ca5ada327ee78c79.jpg
9,1601939703288,AAH8jmk4AOWGex-cDVm7igIb,BQ027-O1 / K6116,Custom Logo Knit Lace Detail Casual Walking Shoes OEM ODM Private Label Footwear Supplier Model K6116,approved,Y,6,https://sc04.alicdn.com/kf/S05905dc2203d4a9fa329cd42fbb6c2ebs.jpg,320,320,0.7525,0.565,0.4252,0.31,,,HEURISTIC_PASS,C:\Users\spq\Desktop\贝强\02_Alibaba运营\01_店铺与全店诊断\全量商品审查_2026-09-04\全六图视觉二次审计_2026-09-04\cache\2aa0f6f69a9c031e1ca0d8297441e4ec9fb89c51.jpg
10,1601939691340,AAHhjmk4AOWGex-cDVm7jdCv,BQ024-O1 / A830,Custom Logo Knit Slip-On Walking Shoes Casual Shoes OEM ODM Private Label Footwear Supplier Model A830,approved,Y,1,https://sc04.alicdn.com/kf/S66c14dcbc3b848c9946dfc7e3d2b870bE.jpg,320,320,0.8275,0.5325,0.4406,0.2462,,,HEURISTIC_PASS,C:\Users\spq\Desktop\贝强\02_Alibaba运营\01_店铺与全店诊断\全量商品审查_2026-09-04\全六图视觉二次审计_2026-09-04\cache\e65f76d8004e94ca7b824f2f185db771bb16a103.jpg
10,1601939691340,AAHhjmk4AOWGex-cDVm7jdCv,BQ024-O1 / A830,Custom Logo Knit Slip-On Walking Shoes Casual Shoes OEM ODM Private Label Footwear Supplier Model A830,approved,Y,2,https://sc04.alicdn.com/kf/Sa10b848b889e4326a22bd10b55196d040.jpg,320,320,0.715,0.7225,0.5166,0.378,,,HEURISTIC_PASS,C:\Users\spq\Desktop\贝强\02_Alibaba运营\01_店铺与全店诊断\全量商品审查_2026-09-04\全六图视觉二次审计_2026-09-04\cache\b3665e26d26f51fd56283e7591a029ab423a325a.jpg
10,1601939691340,AAHhjmk4AOWGex-cDVm7jdCv,BQ024-O1 / A830,Custom Logo Knit Slip-On Walking Shoes Casual Shoes OEM ODM Private Label Footwear Supplier Model A830,approved,Y,3,https://sc04.alicdn.com/kf/Sff2b4e2016594977ac6234c8f8ae295dY.jpg,320,320,0.7925,0.5275,0.418,0.2431,,,HEURISTIC_PASS,C:\Users\spq\Desktop\贝强\02_Alibaba运营\01_店铺与全店诊断\全量商品审查_2026-09-04\全六图视觉二次审计_2026-09-04\cache\e77fa820bc6fb4eb1ab44dd7b629abf2a2eda161.jpg
10,1601939691340,AAHhjmk4AOWGex-cDVm7jdCv,BQ024-O1 / A830,Custom Logo Knit Slip-On Walking Shoes Casual Shoes OEM ODM Private Label Footwear Supplier Model A830,approved,Y,4,https://sc04.alicdn.com/kf/S46372abc319041318ecfea6fc918bbf0T.jpg,320,320,0.7325,0.2875,0.2106,0.1212,,,HEURISTIC_PASS,C:\Users\spq\Desktop\贝强\02_Alibaba运营\01_店铺与全店诊断\全量商品审查_2026-09-04\全六图视觉二次审计_2026-09-04\cache\2723b8be3323ef367371d37e8f21c2d93f04cd57.jpg
10,1601939691340,AAHhjmk4AOWGex-cDVm7jdCv,BQ024-O1 / A830,Custom Logo Knit Slip-On Walking Shoes Casual Shoes OEM ODM Private Label Footwear Supplier Model A830,approved,Y,5,https://sc04.alicdn.com/kf/S3c050369cf164ea1b61c40e22b5b6c3cR.jpg,320,320,0.8,0.41,0.328,0.2111,,,HEURISTIC_PASS,C:\Users\spq\Desktop\贝强\02_Alibaba运营\01_店铺与全店诊断\全量商品审查_2026-09-04\全六图视觉二次审计_2026-09-04\cache\ba727f33b57ace9d9567f297b87c6b9f3691f143.jpg
10,1601939691340,AAHhjmk4AOWGex-cDVm7jdCv,BQ024-O1 / A830,Custom Logo Knit Slip-On Walking Shoes Casual Shoes OEM ODM Private Label Footwear Supplier Model A830,approved,Y,6,https://sc04.alicdn.com/kf/S073016556e4f4af682f2beb656e53ac7s.jpg,320,320,0.7525,0.245,0.1844,0.1409,,,LOW_OCCUPANCY,C:\Users\spq\Desktop\贝强\02_Alibaba运营\01_店铺与全店诊断\全量商品审查_2026-09-04\全六图视觉二次审计_2026-09-04\cache\0bdbae2c0f4f016145b85d89e5aaaccb8bd5f4e7.jpg
11,1601939665367,AAEMjmk4AOWGex-cDVm7jXY0,BQ003-O1 / R1218,Custom Logo Breathable Knit Lace-Up Walking Shoes Lightweight EVA Sole Casual Sneakers OEM ODM Private Label Model R1218,approved,Y,1,https://sc04.alicdn.com/kf/H1b4f1453f0014cd6af50d1b86a03bbb7y.jpg,320,320,0.89,0.4725,0.4205,0.2696,P0_LOW_HERO_OCCUPANCY,,HEURISTIC_PASS,C:\Users\spq\Desktop\贝强\02_Alibaba运营\01_店铺与全店诊断\全量商品审查_2026-09-04\全六图视觉二次审计_2026-09-04\cache\c39dece09b69d6992b8260a3230ee4bfb7a67f9c.jpg
11,1601939665367,AAEMjmk4AOWGex-cDVm7jXY0,BQ003-O1 / R1218,Custom Logo Breathable Knit Lace-Up Walking Shoes Lightweight EVA Sole Casual Sneakers OEM ODM Private Label Model R1218,approved,Y,2,https://sc04.alicdn.com/kf/S562fc12cf3164e7bb1add0cb348c429dV.jpg,320,320,0.7525,0.4575,0.3443,0.2054,,,HEURISTIC_PASS,C:\Users\spq\Desktop\贝强\02_Alibaba运营\01_店铺与全店诊断\全量商品审查_2026-09-04\全六图视觉二次审计_2026-09-04\cache\e4d5282a0efc333d8c311e131820b96cb4ed5376.jpg
11,1601939665367,AAEMjmk4AOWGex-cDVm7jXY0,BQ003-O1 / R1218,Custom Logo Breathable Knit Lace-Up Walking Shoes Lightweight EVA Sole Casual Sneakers OEM ODM Private Label Model R1218,approved,Y,3,https://sc04.alicdn.com/kf/S1b58a81316754734974d746a27a3ad56q.jpg,320,320,0.7875,0.3925,0.3091,0.1923,,,HEURISTIC_PASS,C:\Users\spq\Desktop\贝强\02_Alibaba运营\01_店铺与全店诊断\全量商品审查_2026-09-04\全六图视觉二次审计_2026-09-04\cache\7058732d2f6f49823546f6ba3571cfb34709ebc5.jpg
11,1601939665367,AAEMjmk4AOWGex-cDVm7jXY0,BQ003-O1 / R1218,Custom Logo Breathable Knit Lace-Up Walking Shoes Lightweight EVA Sole Casual Sneakers OEM ODM Private Label Model R1218,approved,Y,4,https://sc04.alicdn.com/kf/S4c99a414aa694ca8a7ac09e5e8de7578v.jpg,320,320,0.7325,0.29,0.2124,0.134,,,HEURISTIC_PASS,C:\Users\spq\Desktop\贝强\02_Alibaba运营\01_店铺与全店诊断\全量商品审查_2026-09-04\全六图视觉二次审计_2026-09-04\cache\e16864a5a56b4c0438b9ede94e9730fb055a3fb5.jpg
11,1601939665367,AAEMjmk4AOWGex-cDVm7jXY0,BQ003-O1 / R1218,Custom Logo Breathable Knit Lace-Up Walking Shoes Lightweight EVA Sole Casual Sneakers OEM ODM Private Label Model R1218,approved,Y,5,https://sc04.alicdn.com/kf/S0939eeaa884c4d04b1627036ce3e00ceh.jpg,320,320,0.7975,0.2875,0.2293,0.1726,,,HEURISTIC_PASS,C:\Users\spq\Desktop\贝强\02_Alibaba运营\01_店铺与全店诊断\全量商品审查_2026-09-04\全六图视觉二次审计_2026-09-04\cache\8e4a2d67802c1d5a09e2f35759c859aa16856e3f.jpg
11,1601939665367,AAEMjmk4AOWGex-cDVm7jXY0,BQ003-O1 / R1218,Custom Logo Breathable Knit Lace-Up Walking Shoes Lightweight EVA Sole Casual Sneakers OEM ODM Private Label Model R1218,approved,Y,6,https://sc04.alicdn.com/kf/S35972948e9d14dfd95b6489ba70c0cc7R.jpg,320,320,0.7475,0.395,0.2953,0.1719,,,HEURISTIC_PASS,C:\Users\spq\Desktop\贝强\02_Alibaba运营\01_店铺与全店诊断\全量商品审查_2026-09-04\全六图视觉二次审计_2026-09-04\cache\824865da6078a9ca3132b7a0a718c6da52dcf1dd.jpg
12,1601939666421,AAFqjmk4AOWGex-cDVm7jXIW,BQ011-R1 / A002,Men's Knit Slip-On Walking Shoes Casual Shoes for Commuting and Daily Walking Model A002,approved,Y,1,https://sc04.alicdn.com/kf/Sa9ea974bdbe14b5684c52680c0a7ec7eS.jpg,320,320,0.78,0.4625,0.3608,0.2308,P0_LOW_HERO_OCCUPANCY,,HEURISTIC_PASS,C:\Users\spq\Desktop\贝强\02_Alibaba运营\01_店铺与全店诊断\全量商品审查_2026-09-04\全六图视觉二次审计_2026-09-04\cache\2c15f240477e45cdadb92b70f926d9f851dfdf22.jpg
12,1601939666421,AAFqjmk4AOWGex-cDVm7jXIW,BQ011-R1 / A002,Men's Knit Slip-On Walking Shoes Casual Shoes for Commuting and Daily Walking Model A002,approved,Y,2,https://sc04.alicdn.com/kf/S571ba796829b4877be8cb13fba25e5b0y.jpg,320,320,0.66,0.7225,0.4768,0.1675,,,HEURISTIC_PASS,C:\Users\spq\Desktop\贝强\02_Alibaba运营\01_店铺与全店诊断\全量商品审查_2026-09-04\全六图视觉二次审计_2026-09-04\cache\c14e715c5a7c6b7091f16afcf7dde5748563ab56.jpg
12,1601939666421,AAFqjmk4AOWGex-cDVm7jXIW,BQ011-R1 / A002,Men's Knit Slip-On Walking Shoes Casual Shoes for Commuting and Daily Walking Model A002,approved,Y,3,https://sc04.alicdn.com/kf/S466a42ca0fca4bf2b2fb3a04ef0a6d63U.jpg,320,320,0.7925,0.6025,0.4775,0.2741,,,HEURISTIC_PASS,C:\Users\spq\Desktop\贝强\02_Alibaba运营\01_店铺与全店诊断\全量商品审查_2026-09-04\全六图视觉二次审计_2026-09-04\cache\a0819587a089cc173c8a0139c1eedba91ac373a5.jpg
12,1601939666421,AAFqjmk4AOWGex-cDVm7jXIW,BQ011-R1 / A002,Men's Knit Slip-On Walking Shoes Casual Shoes for Commuting and Daily Walking Model A002,approved,Y,4,https://sc04.alicdn.com/kf/S1296f938676c47bfb9170a2b4ac1374c2.jpg,320,320,0.7375,0.5025,0.3706,0.2256,,,HEURISTIC_PASS,C:\Users\spq\Desktop\贝强\02_Alibaba运营\01_店铺与全店诊断\全量商品审查_2026-09-04\全六图视觉二次审计_2026-09-04\cache\a312193d9a0eda5a5c7c0cb6806bab1c857dcc74.jpg
12,1601939666421,AAFqjmk4AOWGex-cDVm7jXIW,BQ011-R1 / A002,Men's Knit Slip-On Walking Shoes Casual Shoes for Commuting and Daily Walking Model A002,approved,Y,5,https://sc04.alicdn.com/kf/S1d783df8b1784cb69deba5f46f1812f3l.jpg,320,320,0.8025,0.5675,0.4554,0.2688,,,HEURISTIC_PASS,C:\Users\spq\Desktop\贝强\02_Alibaba运营\01_店铺与全店诊断\全量商品审查_2026-09-04\全六图视觉二次审计_2026-09-04\cache\448a65e78f84ce3aa5e0ee0f2ac435f5d694be8e.jpg
12,1601939666421,AAFqjmk4AOWGex-cDVm7jXIW,BQ011-R1 / A002,Men's Knit Slip-On Walking Shoes Casual Shoes for Commuting and Daily Walking Model A002,approved,Y,6,https://sc04.alicdn.com/kf/S39a665c293fb4fbd98c9e2806084f523G.jpg,320,320,0.6675,0.7225,0.4823,0.2384,,,HEURISTIC_PASS,C:\Users\spq\Desktop\贝强\02_Alibaba运营\01_店铺与全店诊断\全量商品审查_2026-09-04\全六图视觉二次审计_2026-09-04\cache\aa52d9a0e4e584ea6c92169c7d68c39a94ed330e.jpg
13,1601939663432,AAH6jmk4AOWGex-cDVm7jW2r,BQ003-R1 / R1218,Breathable Knit Lace-Up Walking Shoes Lightweight EVA Sole Casual Sneakers for Summer Daily Walking and Casual Wear Model R1218,approved,Y,1,https://sc04.alicdn.com/kf/H009f34e6444e4287b232971111639567E.jpg,320,320,0.8975,0.46,0.4128,0.2716,P0_LOW_HERO_OCCUPANCY,,HEURISTIC_PASS,C:\Users\spq\Desktop\贝强\02_Alibaba运营\01_店铺与全店诊断\全量商品审查_2026-09-04\全六图视觉二次审计_2026-09-04\cache\60c270edfca2b641b67e696c1761314bd8ca1e30.jpg
13,1601939663432,AAH6jmk4AOWGex-cDVm7jW2r,BQ003-R1 / R1218,Breathable Knit Lace-Up Walking Shoes Lightweight EVA Sole Casual Sneakers for Summer Daily Walking and Casual Wear Model R1218,approved,Y,2,https://sc04.alicdn.com/kf/S0084032228bf490e8f4f7a290d625a2dO.jpg,320,320,0.7575,0.3975,0.3011,0.1761,,,HEURISTIC_PASS,C:\Users\spq\Desktop\贝强\02_Alibaba运营\01_店铺与全店诊断\全量商品审查_2026-09-04\全六图视觉二次审计_2026-09-04\cache\a738ceee738cfd6cb076c1a3016a9c7c25d82acd.jpg
13,1601939663432,AAH6jmk4AOWGex-cDVm7jW2r,BQ003-R1 / R1218,Breathable Knit Lace-Up Walking Shoes Lightweight EVA Sole Casual Sneakers for Summer Daily Walking and Casual Wear Model R1218,approved,Y,3,https://sc04.alicdn.com/kf/Sb56a66c8f5084f15b63594966ca99089M.jpg,320,320,0.79,0.645,0.5095,0.2486,,,HEURISTIC_PASS,C:\Users\spq\Desktop\贝强\02_Alibaba运营\01_店铺与全店诊断\全量商品审查_2026-09-04\全六图视觉二次审计_2026-09-04\cache\55621c584c8501fcbcf0c6d5819c3771c4674f3a.jpg
13,1601939663432,AAH6jmk4AOWGex-cDVm7jW2r,BQ003-R1 / R1218,Breathable Knit Lace-Up Walking Shoes Lightweight EVA Sole Casual Sneakers for Summer Daily Walking and Casual Wear Model R1218,approved,Y,4,https://sc04.alicdn.com/kf/S2197ce2a522448899f7c2a108783f031q.jpg,320,320,0.725,0.4425,0.3208,0.1918,,,HEURISTIC_PASS,C:\Users\spq\Desktop\贝强\02_Alibaba运营\01_店铺与全店诊断\全量商品审查_2026-09-04\全六图视觉二次审计_2026-09-04\cache\158e9da06cd84b629ba32114b615a527e38eaaa7.jpg
13,1601939663432,AAH6jmk4AOWGex-cDVm7jW2r,BQ003-R1 / R1218,Breathable Knit Lace-Up Walking Shoes Lightweight EVA Sole Casual Sneakers for Summer Daily Walking and Casual Wear Model R1218,approved,Y,5,https://sc04.alicdn.com/kf/Se413e1b82fbb4e31837b321e7ac5cb19O.jpg,320,320,0.8,0.3925,0.314,0.1957,,,HEURISTIC_PASS,C:\Users\spq\Desktop\贝强\02_Alibaba运营\01_店铺与全店诊断\全量商品审查_2026-09-04\全六图视觉二次审计_2026-09-04\cache\46e9a0c98e7b01c43929117a1b621420d6b69ebf.jpg
13,1601939663432,AAH6jmk4AOWGex-cDVm7jW2r,BQ003-R1 / R1218,Breathable Knit Lace-Up Walking Shoes Lightweight EVA Sole Casual Sneakers for Summer Daily Walking and Casual Wear Model R1218,approved,Y,6,https://sc04.alicdn.com/kf/Sdac175572ceb46cba3ab95e4f0cb6a6bU.jpg,320,320,0.7475,0.295,0.2205,0.1379,,,HEURISTIC_PASS,C:\Users\spq\Desktop\贝强\02_Alibaba运营\01_店铺与全店诊断\全量商品审查_2026-09-04\全六图视觉二次审计_2026-09-04\cache\1b0d9c8a83cd5f28d55aad05ac9d89bb07389cec.jpg
14,1601939659415,AAEzjmk4AOWGex-cDVm7jV10,BQ008-O1 / L1009,Custom Logo Breathable Mesh Lace-Up Athletic Walking Shoes Thick Sole Casual Sneakers OEM ODM Private Label Model L1009,approved,Y,1,https://sc04.alicdn.com/kf/H119249ad2361467491ab0e7cf93924e6h.png,320,320,0.945,0.525,0.4961,0.279,,,HEURISTIC_PASS,C:\Users\spq\Desktop\贝强\02_Alibaba运营\01_店铺与全店诊断\全量商品审查_2026-09-04\全六图视觉二次审计_2026-09-04\cache\b7d20854a4bcb6bcb394e4fdabceeea24c1dbc60.jpg
14,1601939659415,AAEzjmk4AOWGex-cDVm7jV10,BQ008-O1 / L1009,Custom Logo Breathable Mesh Lace-Up Athletic Walking Shoes Thick Sole Casual Sneakers OEM ODM Private Label Model L1009,approved,Y,2,https://sc04.alicdn.com/kf/S4c42142a54334ecaae19cb68655775aeA.jpg,320,320,0.355,0.72,0.2556,0.1709,,,HEURISTIC_PASS,C:\Users\spq\Desktop\贝强\02_Alibaba运营\01_店铺与全店诊断\全量商品审查_2026-09-04\全六图视觉二次审计_2026-09-04\cache\188bc582494ef8ebae35e3c983708c20d3848cbf.jpg
14,1601939659415,AAEzjmk4AOWGex-cDVm7jV10,BQ008-O1 / L1009,Custom Logo Breathable Mesh Lace-Up Athletic Walking Shoes Thick Sole Casual Sneakers OEM ODM Private Label Model L1009,approved,Y,3,https://sc04.alicdn.com/kf/Sddd4e8fb516345a6ae92555bf364e2c8J.jpg,320,320,0.7925,0.45,0.3566,0.2032,,,HEURISTIC_PASS,C:\Users\spq\Desktop\贝强\02_Alibaba运营\01_店铺与全店诊断\全量商品审查_2026-09-04\全六图视觉二次审计_2026-09-04\cache\5447b0e8a14ac3ae8186aee14aadf82d4947ac7f.jpg
14,1601939659415,AAEzjmk4AOWGex-cDVm7jV10,BQ008-O1 / L1009,Custom Logo Breathable Mesh Lace-Up Athletic Walking Shoes Thick Sole Casual Sneakers OEM ODM Private Label Model L1009,approved,Y,4,https://sc04.alicdn.com/kf/S2853ce6f7c5f431899777304fb9d50aeh.jpg,320,320,0.735,0.3125,0.2297,0.1351,,,HEURISTIC_PASS,C:\Users\spq\Desktop\贝强\02_Alibaba运营\01_店铺与全店诊断\全量商品审查_2026-09-04\全六图视觉二次审计_2026-09-04\cache\4fe8f6cd8e1f7b37e3b360bc7fa1f3a5f9b30cb2.jpg
14,1601939659415,AAEzjmk4AOWGex-cDVm7jV10,BQ008-O1 / L1009,Custom Logo Breathable Mesh Lace-Up Athletic Walking Shoes Thick Sole Casual Sneakers OEM ODM Private Label Model L1009,approved,Y,5,https://sc04.alicdn.com/kf/Sb850df58ef954e039374dee064b9112cL.jpg,320,320,0.6575,0.68,0.4471,0.1861,,,HEURISTIC_PASS,C:\Users\spq\Desktop\贝强\02_Alibaba运营\01_店铺与全店诊断\全量商品审查_2026-09-04\全六图视觉二次审计_2026-09-04\cache\5406b0b2643ea5becc4ff1d6225ed607337e88e4.jpg
14,1601939659415,AAEzjmk4AOWGex-cDVm7jV10,BQ008-O1 / L1009,Custom Logo Breathable Mesh Lace-Up Athletic Walking Shoes Thick Sole Casual Sneakers OEM ODM Private Label Model L1009,approved,Y,6,https://sc04.alicdn.com/kf/S2fa045e996c7423781db69eac314cc58K.jpg,320,320,0.7525,0.31,0.2333,0.1849,,,HEURISTIC_PASS,C:\Users\spq\Desktop\贝强\02_Alibaba运营\01_店铺与全店诊断\全量商品审查_2026-09-04\全六图视觉二次审计_2026-09-04\cache\61b1dd78ae82af5e9738bca0f7517f20fdac5875.jpg
15,1601939633580,AAEijmk4AOWGex-cDVm7jPJP,BQ016-O1 / 201,Custom Logo Girls' Knit Slip-On Walking Shoes Casual School Shoes OEM ODM Private Label Footwear Supplier Model 201,approved,Y,1,https://sc04.alicdn.com/kf/S398f9e5e19e149da9dd5c01533ee8a39t.jpg,320,320,0.685,0.4625,0.3168,0.1756,P0_LOW_HERO_OCCUPANCY,,HEURISTIC_PASS,C:\Users\spq\Desktop\贝强\02_Alibaba运营\01_店铺与全店诊断\全量商品审查_2026-09-04\全六图视觉二次审计_2026-09-04\cache\aa3b77bbcfdd0259a47c5f303a5cee4fe4443737.jpg
15,1601939633580,AAEijmk4AOWGex-cDVm7jPJP,BQ016-O1 / 201,Custom Logo Girls' Knit Slip-On Walking Shoes Casual School Shoes OEM ODM Private Label Footwear Supplier Model 201,approved,Y,2,https://sc04.alicdn.com/kf/S84e99ef3a312497d8c3b102fa7bc3d3cf.jpg,320,320,0.755,0.525,0.3964,0.1868,,,HEURISTIC_PASS,C:\Users\spq\Desktop\贝强\02_Alibaba运营\01_店铺与全店诊断\全量商品审查_2026-09-04\全六图视觉二次审计_2026-09-04\cache\7feb3edcb4b19c2651e84e96d3ffe5654828d291.jpg
15,1601939633580,AAEijmk4AOWGex-cDVm7jPJP,BQ016-O1 / 201,Custom Logo Girls' Knit Slip-On Walking Shoes Casual School Shoes OEM ODM Private Label Footwear Supplier Model 201,approved,Y,3,https://sc04.alicdn.com/kf/S59baf06f2e4b442abb60a0ab838e67f5M.jpg,320,320,0.7925,0.63,0.4993,0.2866,,,HEURISTIC_PASS,C:\Users\spq\Desktop\贝强\02_Alibaba运营\01_店铺与全店诊断\全量商品审查_2026-09-04\全六图视觉二次审计_2026-09-04\cache\558ec82ec332ecd2a86841a0093884f9f436a2ad.jpg
15,1601939633580,AAEijmk4AOWGex-cDVm7jPJP,BQ016-O1 / 201,Custom Logo Girls' Knit Slip-On Walking Shoes Casual School Shoes OEM ODM Private Label Footwear Supplier Model 201,approved,Y,4,https://sc04.alicdn.com/kf/S435a2d1debd24edd8f88e47b02cd4c0cc.jpg,320,320,0.5225,0.74,0.3866,0.2139,,,HEURISTIC_PASS,C:\Users\spq\Desktop\贝强\02_Alibaba运营\01_店铺与全店诊断\全量商品审查_2026-09-04\全六图视觉二次审计_2026-09-04\cache\42edba47e2ef11cdf25c39ce1d1188620a5d321a.jpg
15,1601939633580,AAEijmk4AOWGex-cDVm7jPJP,BQ016-O1 / 201,Custom Logo Girls' Knit Slip-On Walking Shoes Casual School Shoes OEM ODM Private Label Footwear Supplier Model 201,approved,Y,5,https://sc04.alicdn.com/kf/S41a3b4ef6b114061bf662f442e1238746.jpg,320,320,0.8025,0.3075,0.2468,0.1786,,,HEURISTIC_PASS,C:\Users\spq\Desktop\贝强\02_Alibaba运营\01_店铺与全店诊断\全量商品审查_2026-09-04\全六图视觉二次审计_2026-09-04\cache\7f21dd208b61b419b148c58221e9823c2c242792.jpg
15,1601939633580,AAEijmk4AOWGex-cDVm7jPJP,BQ016-O1 / 201,Custom Logo Girls' Knit Slip-On Walking Shoes Casual School Shoes OEM ODM Private Label Footwear Supplier Model 201,approved,Y,6,https://sc04.alicdn.com/kf/S99be57db36a444cfa34cd352b6785a309.jpg,320,320,0.7,0.7225,0.5058,0.2578,,,HEURISTIC_PASS,C:\Users\spq\Desktop\贝强\02_Alibaba运营\01_店铺与全店诊断\全量商品审查_2026-09-04\全六图视觉二次审计_2026-09-04\cache\ae2b7564267b86b927621a0954a98132a2e81773.jpg
16,1601939608691,AAGEjmk4AOWGex-cDVm7jJOQ,BQ016-W1 / 201,Wholesale Girls' Knit Slip-On Walking Shoes Casual School Shoes Factory Supply Model 201,approved,Y,1,https://sc04.alicdn.com/kf/Hbf577e5357ae43abb9590d1514fec407k.jpg,320,320,0.74,0.465,0.3441,0.2187,P0_LOW_HERO_OCCUPANCY,,HEURISTIC_PASS,C:\Users\spq\Desktop\贝强\02_Alibaba运营\01_店铺与全店诊断\全量商品审查_2026-09-04\全六图视觉二次审计_2026-09-04\cache\24c2de9d83643dd35347a2c25c10fa1c33fcc315.jpg
16,1601939608691,AAGEjmk4AOWGex-cDVm7jJOQ,BQ016-W1 / 201,Wholesale Girls' Knit Slip-On Walking Shoes Casual School Shoes Factory Supply Model 201,approved,Y,2,https://sc04.alicdn.com/kf/S4f6a00f7acfc4313a2db604a9fd61660Z.jpg,320,320,0.5075,0.72,0.3654,0.206,,,HEURISTIC_PASS,C:\Users\spq\Desktop\贝强\02_Alibaba运营\01_店铺与全店诊断\全量商品审查_2026-09-04\全六图视觉二次审计_2026-09-04\cache\044ca48ae626b3ec0234ff8b5f8db7d30d47d711.jpg
16,1601939608691,AAGEjmk4AOWGex-cDVm7jJOQ,BQ016-W1 / 201,Wholesale Girls' Knit Slip-On Walking Shoes Casual School Shoes Factory Supply Model 201,approved,Y,3,https://sc04.alicdn.com/kf/Sec1d207043014f41abf1b983bfd50ffam.jpg,320,320,0.79,0.305,0.2409,0.1755,,,HEURISTIC_PASS,C:\Users\spq\Desktop\贝强\02_Alibaba运营\01_店铺与全店诊断\全量商品审查_2026-09-04\全六图视觉二次审计_2026-09-04\cache\1c6e558e30c1747b7807654b08e14598faf45bbc.jpg
16,1601939608691,AAGEjmk4AOWGex-cDVm7jJOQ,BQ016-W1 / 201,Wholesale Girls' Knit Slip-On Walking Shoes Casual School Shoes Factory Supply Model 201,approved,Y,4,https://sc04.alicdn.com/kf/S6d7992418eaf4ec49b6e6f1e992683dc1.jpg,320,320,0.72,0.7375,0.531,0.271,,,HEURISTIC_PASS,C:\Users\spq\Desktop\贝强\02_Alibaba运营\01_店铺与全店诊断\全量商品审查_2026-09-04\全六图视觉二次审计_2026-09-04\cache\bf06f3866d6e9c3d115a8bd0cea17e718aac383f.jpg
16,1601939608691,AAGEjmk4AOWGex-cDVm7jJOQ,BQ016-W1 / 201,Wholesale Girls' Knit Slip-On Walking Shoes Casual School Shoes Factory Supply Model 201,approved,Y,5,https://sc04.alicdn.com/kf/Sd92bbb183c804fd38a88ea3e20c3f1d57.jpg,320,320,0.8,0.64,0.512,0.3111,,,HEURISTIC_PASS,C:\Users\spq\Desktop\贝强\02_Alibaba运营\01_店铺与全店诊断\全量商品审查_2026-09-04\全六图视觉二次审计_2026-09-04\cache\2336d0983bf000e2d391eabbe805439c5f53c6ab.jpg
16,1601939608691,AAGEjmk4AOWGex-cDVm7jJOQ,BQ016-W1 / 201,Wholesale Girls' Knit Slip-On Walking Shoes Casual School Shoes Factory Supply Model 201,approved,Y,6,https://sc04.alicdn.com/kf/Sd576c29ca55d4438805b12a5e9900a94F.jpg,320,320,0.75,0.5175,0.3881,0.2092,,,HEURISTIC_PASS,C:\Users\spq\Desktop\贝强\02_Alibaba运营\01_店铺与全店诊断\全量商品审查_2026-09-04\全六图视觉二次审计_2026-09-04\cache\44c21cfec37c6ea486bd0cd8bd0d826e2c449ffe.jpg
17,1601939606858,AAGUjmk4AOWGex-cDVm7jIqp,BQ021-W1 / K6212,Wholesale Knit Slip-On Walking Shoes Casual Shoes Factory Supply Model K6212,approved,Y,1,https://sc04.alicdn.com/kf/S2f8de665c58d43b29eaf3c351cf76820m.jpg,320,320,0.74,0.345,0.2553,0.1711,P0_LOW_HERO_OCCUPANCY,,HEURISTIC_PASS,C:\Users\spq\Desktop\贝强\02_Alibaba运营\01_店铺与全店诊断\全量商品审查_2026-09-04\全六图视觉二次审计_2026-09-04\cache\085674fc3b10a9c79e536c671e3003337975aa1e.jpg
17,1601939606858,AAGUjmk4AOWGex-cDVm7jIqp,BQ021-W1 / K6212,Wholesale Knit Slip-On Walking Shoes Casual Shoes Factory Supply Model K6212,approved,Y,2,https://sc04.alicdn.com/kf/S80b7709ac2aa4b718d35f96750bee70fu.jpg,320,320,0.76,0.3525,0.2679,0.1757,,,HEURISTIC_PASS,C:\Users\spq\Desktop\贝强\02_Alibaba运营\01_店铺与全店诊断\全量商品审查_2026-09-04\全六图视觉二次审计_2026-09-04\cache\15820cc64ef80d9045b2ba71e452bd801aafa354.jpg
17,1601939606858,AAGUjmk4AOWGex-cDVm7jIqp,BQ021-W1 / K6212,Wholesale Knit Slip-On Walking Shoes Casual Shoes Factory Supply Model K6212,approved,Y,3,https://sc04.alicdn.com/kf/Sdd40567a448f4f49800fabbd5e35dd4aO.jpg,320,320,0.7875,0.3725,0.2933,0.1296,,,HEURISTIC_PASS,C:\Users\spq\Desktop\贝强\02_Alibaba运营\01_店铺与全店诊断\全量商品审查_2026-09-04\全六图视觉二次审计_2026-09-04\cache\24612a01b2ea55757d9559527e11ef6fb53c5cad.jpg
17,1601939606858,AAGUjmk4AOWGex-cDVm7jIqp,BQ021-W1 / K6212,Wholesale Knit Slip-On Walking Shoes Casual Shoes Factory Supply Model K6212,approved,Y,4,https://sc04.alicdn.com/kf/S4476996674f34b1791c3c6eeb60ab5daM.jpg,320,320,0.6,0.74,0.444,0.2001,,,HEURISTIC_PASS,C:\Users\spq\Desktop\贝强\02_Alibaba运营\01_店铺与全店诊断\全量商品审查_2026-09-04\全六图视觉二次审计_2026-09-04\cache\49af4a020f65742136451c402e897ff7eb48812f.jpg
17,1601939606858,AAGUjmk4AOWGex-cDVm7jIqp,BQ021-W1 / K6212,Wholesale Knit Slip-On Walking Shoes Casual Shoes Factory Supply Model K6212,approved,Y,5,https://sc04.alicdn.com/kf/S0cbcdcb42fa646d2b0cd539ea3ff03ffL.jpg,320,320,0.8,0.4775,0.382,0.2748,,,HEURISTIC_PASS,C:\Users\spq\Desktop\贝强\02_Alibaba运营\01_店铺与全店诊断\全量商品审查_2026-09-04\全六图视觉二次审计_2026-09-04\cache\72e07fd585f53e66bab499ef17074c08a99c9b43.jpg
17,1601939606858,AAGUjmk4AOWGex-cDVm7jIqp,BQ021-W1 / K6212,Wholesale Knit Slip-On Walking Shoes Casual Shoes Factory Supply Model K6212,approved,Y,6,https://sc04.alicdn.com/kf/Sbb5b5329d26b429794a405fa497f1e241.jpg,320,320,0.75,0.47,0.3525,0.2191,,,HEURISTIC_PASS,C:\Users\spq\Desktop\贝强\02_Alibaba运营\01_店铺与全店诊断\全量商品审查_2026-09-04\全六图视觉二次审计_2026-09-04\cache\76ebb5aa3a869b7b080281a8c3b382a4e5126eee.jpg
18,1601939606805,AAHhjmk4AOWGex-cDVm7jIr2,BQ012-O1 / M8506,Custom Logo Knit Slip-On Walking Shoes Chunky Casual Shoes with Lace Detail OEM ODM Private Label Footwear Supplier Model M8506,approved,Y,1,https://sc04.alicdn.com/kf/Saab4281be8054defb796abe52bfb6826C.png,320,320,0.9875,0.5725,0.5653,0.3904,,,HEURISTIC_PASS,C:\Users\spq\Desktop\贝强\02_Alibaba运营\01_店铺与全店诊断\全量商品审查_2026-09-04\全六图视觉二次审计_2026-09-04\cache\a8f24bbdbaf0bc253acb7966a09a24ada2cc9b90.jpg
18,1601939606805,AAHhjmk4AOWGex-cDVm7jIr2,BQ012-O1 / M8506,Custom Logo Knit Slip-On Walking Shoes Chunky Casual Shoes with Lace Detail OEM ODM Private Label Footwear Supplier Model M8506,approved,Y,2,https://sc04.alicdn.com/kf/Scf31a6737bce499e93b06eb55ea8d37bE.jpg,320,320,0.7625,0.5925,0.4518,0.2596,,,HEURISTIC_PASS,C:\Users\spq\Desktop\贝强\02_Alibaba运营\01_店铺与全店诊断\全量商品审查_2026-09-04\全六图视觉二次审计_2026-09-04\cache\08e959f9dae55badec975af0bd367ad6e783581c.jpg
18,1601939606805,AAHhjmk4AOWGex-cDVm7jIr2,BQ012-O1 / M8506,Custom Logo Knit Slip-On Walking Shoes Chunky Casual Shoes with Lace Detail OEM ODM Private Label Footwear Supplier Model M8506,approved,Y,3,https://sc04.alicdn.com/kf/S1d21625f9f86449bbe58ed7a8281d9b0Z.jpg,320,320,0.7875,0.4425,0.3485,0.1955,,,HEURISTIC_PASS,C:\Users\spq\Desktop\贝强\02_Alibaba运营\01_店铺与全店诊断\全量商品审查_2026-09-04\全六图视觉二次审计_2026-09-04\cache\484571ca1e36dcb628362618c43ef827c3fdeff7.jpg
18,1601939606805,AAHhjmk4AOWGex-cDVm7jIr2,BQ012-O1 / M8506,Custom Logo Knit Slip-On Walking Shoes Chunky Casual Shoes with Lace Detail OEM ODM Private Label Footwear Supplier Model M8506,approved,Y,4,https://sc04.alicdn.com/kf/Sff82cb489c3c4944ac8c7ae2c3ea6b4dn.jpg,320,320,0.7375,0.695,0.5126,0.263,,,HEURISTIC_PASS,C:\Users\spq\Desktop\贝强\02_Alibaba运营\01_店铺与全店诊断\全量商品审查_2026-09-04\全六图视觉二次审计_2026-09-04\cache\dcf78654452789735a2c049e0d8d9221d3512914.jpg
18,1601939606805,AAHhjmk4AOWGex-cDVm7jIr2,BQ012-O1 / M8506,Custom Logo Knit Slip-On Walking Shoes Chunky Casual Shoes with Lace Detail OEM ODM Private Label Footwear Supplier Model M8506,approved,Y,5,https://sc04.alicdn.com/kf/S7b067a25cb5947599d4180f32d3472ade.jpg,320,320,0.8,0.415,0.332,0.2087,,,HEURISTIC_PASS,C:\Users\spq\Desktop\贝强\02_Alibaba运营\01_店铺与全店诊断\全量商品审查_2026-09-04\全六图视觉二次审计_2026-09-04\cache\82fbfba323118044057b33bb693a1387f554e12b.jpg
18,1601939606805,AAHhjmk4AOWGex-cDVm7jIr2,BQ012-O1 / M8506,Custom Logo Knit Slip-On Walking Shoes Chunky Casual Shoes with Lace Detail OEM ODM Private Label Footwear Supplier Model M8506,approved,Y,6,https://sc04.alicdn.com/kf/S68c88b31d7db4715a7b32f1db9e9a81eJ.jpg,320,320,0.7025,0.72,0.5058,0.2547,,,HEURISTIC_PASS,C:\Users\spq\Desktop\贝强\02_Alibaba运营\01_店铺与全店诊断\全量商品审查_2026-09-04\全六图视觉二次审计_2026-09-04\cache\e2e9dcdfd05572069c90ce0dcb045d0fbc5d3c7b.jpg
19,1601939590957,AAH3jmk4AOWGex-cDVm7jEjO,BQ020-R1 / A218,Hollow Knit Lace-Up Walking Shoes Summer Casual Shoes for Daily Walking and Casual Wear Model A218,approved,Y,1,https://sc04.alicdn.com/kf/H724226d7ea9241cca96e8bdba02a31eby.jpg,320,320,0.74,0.4275,0.3164,0.1935,P0_LOW_HERO_OCCUPANCY,,HEURISTIC_PASS,C:\Users\spq\Desktop\贝强\02_Alibaba运营\01_店铺与全店诊断\全量商品审查_2026-09-04\全六图视觉二次审计_2026-09-04\cache\5e28b69265b6f74a667f18e58a6f60363419425d.jpg
19,1601939590957,AAH3jmk4AOWGex-cDVm7jEjO,BQ020-R1 / A218,Hollow Knit Lace-Up Walking Shoes Summer Casual Shoes for Daily Walking and Casual Wear Model A218,approved,Y,2,https://sc04.alicdn.com/kf/Sea00999392a7412e8596509248de4c3ay.jpg,320,320,0.7625,0.45,0.3431,0.2314,,,HEURISTIC_PASS,C:\Users\spq\Desktop\贝强\02_Alibaba运营\01_店铺与全店诊断\全量商品审查_2026-09-04\全六图视觉二次审计_2026-09-04\cache\5c0b92a804252ab597b7635bf488450f04d2303e.jpg
19,1601939590957,AAH3jmk4AOWGex-cDVm7jEjO,BQ020-R1 / A218,Hollow Knit Lace-Up Walking Shoes Summer Casual Shoes for Daily Walking and Casual Wear Model A218,approved,Y,3,https://sc04.alicdn.com/kf/Sd4e46afd597945baa3978fe02f89925b7.jpg,320,320,0.7925,0.405,0.321,0.2301,,,HEURISTIC_PASS,C:\Users\spq\Desktop\贝强\02_Alibaba运营\01_店铺与全店诊断\全量商品审查_2026-09-04\全六图视觉二次审计_2026-09-04\cache\425f25ef3f15d80a5df3523398f7ad0d7e1c79d7.jpg
19,1601939590957,AAH3jmk4AOWGex-cDVm7jEjO,BQ020-R1 / A218,Hollow Knit Lace-Up Walking Shoes Summer Casual Shoes for Daily Walking and Casual Wear Model A218,approved,Y,4,https://sc04.alicdn.com/kf/Sdc780f040e3b492d97a9d6f5a1014a25y.jpg,320,320,0.735,0.61,0.4484,0.2861,,,HEURISTIC_PASS,C:\Users\spq\Desktop\贝强\02_Alibaba运营\01_店铺与全店诊断\全量商品审查_2026-09-04\全六图视觉二次审计_2026-09-04\cache\9120dcc09254a3891cce5b03b2cdb58c00e3f1fc.jpg
19,1601939590957,AAH3jmk4AOWGex-cDVm7jEjO,BQ020-R1 / A218,Hollow Knit Lace-Up Walking Shoes Summer Casual Shoes for Daily Walking and Casual Wear Model A218,approved,Y,5,https://sc04.alicdn.com/kf/S8fe687daa19846b9af5967376c803fb25.jpg,320,320,0.8025,0.4025,0.323,0.1812,,,HEURISTIC_PASS,C:\Users\spq\Desktop\贝强\02_Alibaba运营\01_店铺与全店诊断\全量商品审查_2026-09-04\全六图视觉二次审计_2026-09-04\cache\77bc11178bcbcac3e84b388ff26b4a5a094a7522.jpg
19,1601939590957,AAH3jmk4AOWGex-cDVm7jEjO,BQ020-R1 / A218,Hollow Knit Lace-Up Walking Shoes Summer Casual Shoes for Daily Walking and Casual Wear Model A218,approved,Y,6,https://sc04.alicdn.com/kf/S9b1c326e3a484984b754f5327e29e796V.jpg,320,320,0.7525,0.6375,0.4797,0.266,,,HEURISTIC_PASS,C:\Users\spq\Desktop\贝强\02_Alibaba运营\01_店铺与全店诊断\全量商品审查_2026-09-04\全六图视觉二次审计_2026-09-04\cache\bfb3d80bb0bf2ccd61b37be14fea405dcfb3ffcc.jpg
20,1601939606803,AAHbjmk4AOWGex-cDVm7jIrw,BQ011-O1 / A002,Custom Logo Men's Knit Slip-On Walking Shoes Casual Shoes OEM ODM Private Label Footwear Supplier Model A002,approved,Y,1,https://sc04.alicdn.com/kf/S02841e5087294d3da7d1abb9abb8e103G.jpg,320,320,0.78,0.4475,0.3491,0.2237,P0_LOW_HERO_OCCUPANCY,,HEURISTIC_PASS,C:\Users\spq\Desktop\贝强\02_Alibaba运营\01_店铺与全店诊断\全量商品审查_2026-09-04\全六图视觉二次审计_2026-09-04\cache\1e42e8ca6f853c0267adfec121a35c782d50f850.jpg
20,1601939606803,AAHbjmk4AOWGex-cDVm7jIrw,BQ011-O1 / A002,Custom Logo Men's Knit Slip-On Walking Shoes Casual Shoes OEM ODM Private Label Footwear Supplier Model A002,approved,Y,2,https://sc04.alicdn.com/kf/S081a1da5c77b4f3bb0efdd298c06a3baf.jpg,320,320,0.7625,0.5175,0.3946,0.2419,,,HEURISTIC_PASS,C:\Users\spq\Desktop\贝强\02_Alibaba运营\01_店铺与全店诊断\全量商品审查_2026-09-04\全六图视觉二次审计_2026-09-04\cache\0d61881e65ffef439efa3922fd276561e5a52fd8.jpg
20,1601939606803,AAHbjmk4AOWGex-cDVm7jIrw,BQ011-O1 / A002,Custom Logo Men's Knit Slip-On Walking Shoes Casual Shoes OEM ODM Private Label Footwear Supplier Model A002,approved,Y,3,https://sc04.alicdn.com/kf/S1bdff801a7ca4b889e7547e03b8d35a7H.jpg,320,320,0.7925,0.5625,0.4458,0.2639,,,HEURISTIC_PASS,C:\Users\spq\Desktop\贝强\02_Alibaba运营\01_店铺与全店诊断\全量商品审查_2026-09-04\全六图视觉二次审计_2026-09-04\cache\b8ac342c882c627e6c69a00559eb4e683f33f4ab.jpg
20,1601939606803,AAHbjmk4AOWGex-cDVm7jIrw,BQ011-O1 / A002,Custom Logo Men's Knit Slip-On Walking Shoes Casual Shoes OEM ODM Private Label Footwear Supplier Model A002,approved,Y,4,https://sc04.alicdn.com/kf/S5886aec57f764de0a154fd7f619f0f20p.jpg,320,320,0.6875,0.74,0.5088,0.2532,,,HEURISTIC_PASS,C:\Users\spq\Desktop\贝强\02_Alibaba运营\01_店铺与全店诊断\全量商品审查_2026-09-04\全六图视觉二次审计_2026-09-04\cache\d88c3d4a76362a69e7700de96eb007952b537ff3.jpg
20,1601939606803,AAHbjmk4AOWGex-cDVm7jIrw,BQ011-O1 / A002,Custom Logo Men's Knit Slip-On Walking Shoes Casual Shoes OEM ODM Private Label Footwear Supplier Model A002,approved,Y,5,https://sc04.alicdn.com/kf/S9ab6442c2e4f42e999c2ede1c1b2fae3C.jpg,320,320,0.8025,0.6325,0.5076,0.3402,,,HEURISTIC_PASS,C:\Users\spq\Desktop\贝强\02_Alibaba运营\01_店铺与全店诊断\全量商品审查_2026-09-04\全六图视觉二次审计_2026-09-04\cache\bac876e8f645e64360ac6a4ed41daea81e152a0a.jpg
20,1601939606803,AAHbjmk4AOWGex-cDVm7jIrw,BQ011-O1 / A002,Custom Logo Men's Knit Slip-On Walking Shoes Casual Shoes OEM ODM Private Label Footwear Supplier Model A002,approved,Y,6,https://sc04.alicdn.com/kf/S369a5d55827f48338b556405d743e14dL.jpg,320,320,0.6575,0.7225,0.475,0.1687,,,HEURISTIC_PASS,C:\Users\spq\Desktop\贝强\02_Alibaba运营\01_店铺与全店诊断\全量商品审查_2026-09-04\全六图视觉二次审计_2026-09-04\cache\47863a305851c9c08f10494f3bf4f222f1343914.jpg
21,11000037600317,AAHjjmk4AOWGexScDSxl02ve,BQ034 / T5505,Wholesale Knit Slip-On Walking Shoes Breathable Mesh Lining Solid Lightweight EVA Sole Casual Shoes for Spring Autumn Men Women,approved,Y,1,https://sc04.alicdn.com/kf/H6b71fde42e1f41f29e1d26bc9fd98b67S.png,320,320,0.79,0.5325,0.4207,0.2531,,,HEURISTIC_PASS,C:\Users\spq\Desktop\贝强\02_Alibaba运营\01_店铺与全店诊断\全量商品审查_2026-09-04\全六图视觉二次审计_2026-09-04\cache\59e58c54456d543af8791c69eb424b0344b1ff7e.jpg
21,11000037600317,AAHjjmk4AOWGexScDSxl02ve,BQ034 / T5505,Wholesale Knit Slip-On Walking Shoes Breathable Mesh Lining Solid Lightweight EVA Sole Casual Shoes for Spring Autumn Men Women,approved,Y,2,https://sc04.alicdn.com/kf/A1e52fb59f3774a08986e5b92278f12849.jpg,320,320,0.815,0.285,0.2323,0.1754,,,HEURISTIC_PASS,C:\Users\spq\Desktop\贝强\02_Alibaba运营\01_店铺与全店诊断\全量商品审查_2026-09-04\全六图视觉二次审计_2026-09-04\cache\cc70306bd29947e6a6dc6876d05a9d89fc459788.jpg
21,11000037600317,AAHjjmk4AOWGexScDSxl02ve,BQ034 / T5505,Wholesale Knit Slip-On Walking Shoes Breathable Mesh Lining Solid Lightweight EVA Sole Casual Shoes for Spring Autumn Men Women,approved,Y,3,https://sc04.alicdn.com/kf/A6aebad037c1c4a42962835fa6ffd9fedj.jpg,320,320,0.7725,0.7525,0.5813,0.2607,,,HEURISTIC_PASS,C:\Users\spq\Desktop\贝强\02_Alibaba运营\01_店铺与全店诊断\全量商品审查_2026-09-04\全六图视觉二次审计_2026-09-04\cache\d00d70d46280f3491d0ab5f128b5894eafff236e.jpg
21,11000037600317,AAHjjmk4AOWGexScDSxl02ve,BQ034 / T5505,Wholesale Knit Slip-On Walking Shoes Breathable Mesh Lining Solid Lightweight EVA Sole Casual Shoes for Spring Autumn Men Women,approved,Y,4,https://sc04.alicdn.com/kf/Adc0a2fd488b047938c43932da187e88by.jpg,320,320,0.74,0.83,0.6142,0.3072,,,HEURISTIC_PASS,C:\Users\spq\Desktop\贝强\02_Alibaba运营\01_店铺与全店诊断\全量商品审查_2026-09-04\全六图视觉二次审计_2026-09-04\cache\1858d5cc651462a95895119ef3a8f7cf861e99ec.jpg
21,11000037600317,AAHjjmk4AOWGexScDSxl02ve,BQ034 / T5505,Wholesale Knit Slip-On Walking Shoes Breathable Mesh Lining Solid Lightweight EVA Sole Casual Shoes for Spring Autumn Men Women,approved,Y,5,https://sc04.alicdn.com/kf/A71a90509625b49be9e8134e15503278ed.jpg,320,320,0.9,0.9175,0.8257,0.1204,,,HEURISTIC_PASS,C:\Users\spq\Desktop\贝强\02_Alibaba运营\01_店铺与全店诊断\全量商品审查_2026-09-04\全六图视觉二次审计_2026-09-04\cache\b7cccbab3c60b7f646a477607765e480a056ad15.jpg
21,11000037600317,AAHjjmk4AOWGexScDSxl02ve,BQ034 / T5505,Wholesale Knit Slip-On Walking Shoes Breathable Mesh Lining Solid Lightweight EVA Sole Casual Shoes for Spring Autumn Men Women,approved,Y,6,https://sc04.alicdn.com/kf/Ad08464f45c914a3486b99f23f681c190j.jpg,320,320,0.5875,0.8425,0.495,0.2295,,,HEURISTIC_PASS,C:\Users\spq\Desktop\贝强\02_Alibaba运营\01_店铺与全店诊断\全量商品审查_2026-09-04\全六图视觉二次审计_2026-09-04\cache\740b515c0013e4abdcfe70bb3c9d9b1efe14c2b5.jpg
22,1601924755368,AAEojmk4AOWGex-cDVm6oehL,BQ039 / 155,Wholesale High Top Round Toe Knit Sock Sneakers Slip-On Foamed Midsole Segmented Sole Casual Shoes for Men and Women,approved,Y,1,https://sc04.alicdn.com/kf/S87925d28014d4e1d928bfa8e7b0bbd7fJ.png,320,320,0.835,0.6675,0.5574,0.3231,,,HEURISTIC_PASS,C:\Users\spq\Desktop\贝强\02_Alibaba运营\01_店铺与全店诊断\全量商品审查_2026-09-04\全六图视觉二次审计_2026-09-04\cache\ef517c243494a8d01714325ce648cee51597c6c5.jpg
22,1601924755368,AAEojmk4AOWGex-cDVm6oehL,BQ039 / 155,Wholesale High Top Round Toe Knit Sock Sneakers Slip-On Foamed Midsole Segmented Sole Casual Shoes for Men and Women,approved,Y,2,https://sc04.alicdn.com/kf/Se060262dec8e4878901dca5ded9e9427q.jpg,320,320,0.69,0.86,0.5934,0.2649,,,HEURISTIC_PASS,C:\Users\spq\Desktop\贝强\02_Alibaba运营\01_店铺与全店诊断\全量商品审查_2026-09-04\全六图视觉二次审计_2026-09-04\cache\c6138b22372e7341300b2655c03983d6a9e868df.jpg
22,1601924755368,AAEojmk4AOWGex-cDVm6oehL,BQ039 / 155,Wholesale High Top Round Toe Knit Sock Sneakers Slip-On Foamed Midsole Segmented Sole Casual Shoes for Men and Women,approved,Y,3,https://sc04.alicdn.com/kf/S74772d272c95480bbd89b73bd8404b75I.jpg,320,320,0.955,0.91,0.869,0.867,,,EDGE_GRAPHIC_OR_DARK_BACKGROUND,C:\Users\spq\Desktop\贝强\02_Alibaba运营\01_店铺与全店诊断\全量商品审查_2026-09-04\全六图视觉二次审计_2026-09-04\cache\00559261f63143f0d0bda79bd9d4365611537706.jpg
22,1601924755368,AAEojmk4AOWGex-cDVm6oehL,BQ039 / 155,Wholesale High Top Round Toe Knit Sock Sneakers Slip-On Foamed Midsole Segmented Sole Casual Shoes for Men and Women,approved,Y,4,https://sc04.alicdn.com/kf/Sd36042aa954d40169d4e95598d522253o.jpg,320,320,0.9375,0.795,0.7453,0.5654,,,HEURISTIC_PASS,C:\Users\spq\Desktop\贝强\02_Alibaba运营\01_店铺与全店诊断\全量商品审查_2026-09-04\全六图视觉二次审计_2026-09-04\cache\30509519302a1cadf0bee5b951215ffd5e00742d.jpg
22,1601924755368,AAEojmk4AOWGex-cDVm6oehL,BQ039 / 155,Wholesale High Top Round Toe Knit Sock Sneakers Slip-On Foamed Midsole Segmented Sole Casual Shoes for Men and Women,approved,Y,5,https://sc04.alicdn.com/kf/S7b5a12ab59e1467c9a2ad6ec7033fc9d0.jpg,320,320,0.595,0.9175,0.5459,0.0947,,,HEURISTIC_PASS,C:\Users\spq\Desktop\贝强\02_Alibaba运营\01_店铺与全店诊断\全量商品审查_2026-09-04\全六图视觉二次审计_2026-09-04\cache\89b7b47fdb26beeb622342b475fb2b90f295c25c.jpg
22,1601924755368,AAEojmk4AOWGex-cDVm6oehL,BQ039 / 155,Wholesale High Top Round Toe Knit Sock Sneakers Slip-On Foamed Midsole Segmented Sole Casual Shoes for Men and Women,approved,Y,6,https://sc04.alicdn.com/kf/S5d4f0994a8204e759d21ee71a82b70ddC.jpg,320,320,0.565,0.94,0.5311,0.4713,,,EDGE_GRAPHIC_OR_DARK_BACKGROUND,C:\Users\spq\Desktop\贝强\02_Alibaba运营\01_店铺与全店诊断\全量商品审查_2026-09-04\全六图视觉二次审计_2026-09-04\cache\899516225d92d276d86858fbf0774f876f6fdb8b.jpg
23,1601939589876,AAFFjmk4AOWGex-cDVm7jE0X,BQ010-W1 / R1601,Wholesale Stretch Fabric Low Top Lace-Up Walking Shoes Toe Cap Lightweight Casual Sneakers Factory Supply Model R1601,approved,Y,1,https://sc04.alicdn.com/kf/S131c1295cf36499b8d244c05a4bddfd7l.jpg,320,320,0.835,0.4125,0.3444,0.2274,P0_LOW_HERO_OCCUPANCY,,HEURISTIC_PASS,C:\Users\spq\Desktop\贝强\02_Alibaba运营\01_店铺与全店诊断\全量商品审查_2026-09-04\全六图视觉二次审计_2026-09-04\cache\6e605de7d22ce794d2a02a6daf12cf8f10c8dd61.jpg
23,1601939589876,AAFFjmk4AOWGex-cDVm7jE0X,BQ010-W1 / R1601,Wholesale Stretch Fabric Low Top Lace-Up Walking Shoes Toe Cap Lightweight Casual Sneakers Factory Supply Model R1601,approved,Y,2,https://sc04.alicdn.com/kf/S9023be45e2804228b15471cccec6c7e1v.jpg,320,320,0.76,0.305,0.2318,0.1806,,,HEURISTIC_PASS,C:\Users\spq\Desktop\贝强\02_Alibaba运营\01_店铺与全店诊断\全量商品审查_2026-09-04\全六图视觉二次审计_2026-09-04\cache\d706d76105cdde6503d90cc980ffe878adc80532.jpg
23,1601939589876,AAFFjmk4AOWGex-cDVm7jE0X,BQ010-W1 / R1601,Wholesale Stretch Fabric Low Top Lace-Up Walking Shoes Toe Cap Lightweight Casual Sneakers Factory Supply Model R1601,approved,Y,3,https://sc04.alicdn.com/kf/Sf193523e57c148acb7e466164ff29bc3t.jpg,320,320,0.79,0.275,0.2172,0.1583,,,HEURISTIC_PASS,C:\Users\spq\Desktop\贝强\02_Alibaba运营\01_店铺与全店诊断\全量商品审查_2026-09-04\全六图视觉二次审计_2026-09-04\cache\9c470ea16b0fe9deac25b20aa6ac46c09d1b3461.jpg
23,1601939589876,AAFFjmk4AOWGex-cDVm7jE0X,BQ010-W1 / R1601,Wholesale Stretch Fabric Low Top Lace-Up Walking Shoes Toe Cap Lightweight Casual Sneakers Factory Supply Model R1601,approved,Y,4,https://sc04.alicdn.com/kf/Scdcae846a9924036bac7f0fdf283f2cez.jpg,320,320,0.735,0.585,0.43,0.2731,,,HEURISTIC_PASS,C:\Users\spq\Desktop\贝强\02_Alibaba运营\01_店铺与全店诊断\全量商品审查_2026-09-04\全六图视觉二次审计_2026-09-04\cache\5200677dca431fdca81a47aae83f488c436e1cd1.jpg
23,1601939589876,AAFFjmk4AOWGex-cDVm7jE0X,BQ010-W1 / R1601,Wholesale Stretch Fabric Low Top Lace-Up Walking Shoes Toe Cap Lightweight Casual Sneakers Factory Supply Model R1601,approved,Y,5,https://sc04.alicdn.com/kf/S5acef79afd914f3abf39e1ff87718a845.jpg,320,320,0.8,0.3725,0.298,0.2039,,,HEURISTIC_PASS,C:\Users\spq\Desktop\贝强\02_Alibaba运营\01_店铺与全店诊断\全量商品审查_2026-09-04\全六图视觉二次审计_2026-09-04\cache\b4b5b2bfc34991b69e9c15cd589b10443cf40fa3.jpg
23,1601939589876,AAFFjmk4AOWGex-cDVm7jE0X,BQ010-W1 / R1601,Wholesale Stretch Fabric Low Top Lace-Up Walking Shoes Toe Cap Lightweight Casual Sneakers Factory Supply Model R1601,approved,Y,6,https://sc04.alicdn.com/kf/S0b4d66a4e4664e029f8924c980fb5b70R.jpg,320,320,0.7,0.72,0.504,0.3154,,,HEURISTIC_PASS,C:\Users\spq\Desktop\贝强\02_Alibaba运营\01_店铺与全店诊断\全量商品审查_2026-09-04\全六图视觉二次审计_2026-09-04\cache\1283ce778308779d74dc97ace220c37dece69b1f.jpg
24,1601939572948,AAEnjmk4AOWGex-cDVm7jA83,BQ001-O1 / BQ001,Custom Logo Breathable Knit Slip-On Wide Toe Box Walking Shoes Lightweight EVA Sole OEM ODM Private Label Model BQ001,approved,Y,1,https://sc04.alicdn.com/kf/Se543cacc99e94062ae641dd26506e58dy.jpg,320,320,0.875,0.5725,0.5009,0.3102,,,HEURISTIC_PASS,C:\Users\spq\Desktop\贝强\02_Alibaba运营\01_店铺与全店诊断\全量商品审查_2026-09-04\全六图视觉二次审计_2026-09-04\cache\7cf7004f8163b195a4a9b63217611ec4e0f68cab.jpg
24,1601939572948,AAEnjmk4AOWGex-cDVm7jA83,BQ001-O1 / BQ001,Custom Logo Breathable Knit Slip-On Wide Toe Box Walking Shoes Lightweight EVA Sole OEM ODM Private Label Model BQ001,approved,Y,2,https://sc04.alicdn.com/kf/S5a928963ce1c4a29ab233b43b0d747c4x.jpg,320,320,0.275,0.7225,0.1987,0.1328,,,LOW_OCCUPANCY,C:\Users\spq\Desktop\贝强\02_Alibaba运营\01_店铺与全店诊断\全量商品审查_2026-09-04\全六图视觉二次审计_2026-09-04\cache\2d0db50561c6e1c162e107d3790908b683bd5f2c.jpg
24,1601939572948,AAEnjmk4AOWGex-cDVm7jA83,BQ001-O1 / BQ001,Custom Logo Breathable Knit Slip-On Wide Toe Box Walking Shoes Lightweight EVA Sole OEM ODM Private Label Model BQ001,approved,Y,3,https://sc04.alicdn.com/kf/S9904d3ca76344ed99c05da4460d76997u.jpg,320,320,0.7925,0.3575,0.2833,0.1525,,,HEURISTIC_PASS,C:\Users\spq\Desktop\贝强\02_Alibaba运营\01_店铺与全店诊断\全量商品审查_2026-09-04\全六图视觉二次审计_2026-09-04\cache\c928862ced0e90e9f6f391e2a3a53877698009b0.jpg
24,1601939572948,AAEnjmk4AOWGex-cDVm7jA83,BQ001-O1 / BQ001,Custom Logo Breathable Knit Slip-On Wide Toe Box Walking Shoes Lightweight EVA Sole OEM ODM Private Label Model BQ001,approved,Y,4,https://sc04.alicdn.com/kf/Sc5459189ec054368b9ef6028fc9592e1x.jpg,320,320,0.7375,0.425,0.3134,0.1639,,,HEURISTIC_PASS,C:\Users\spq\Desktop\贝强\02_Alibaba运营\01_店铺与全店诊断\全量商品审查_2026-09-04\全六图视觉二次审计_2026-09-04\cache\9a93bec806333fe7ed6b8e20c1043306b80680b2.jpg
24,1601939572948,AAEnjmk4AOWGex-cDVm7jA83,BQ001-O1 / BQ001,Custom Logo Breathable Knit Slip-On Wide Toe Box Walking Shoes Lightweight EVA Sole OEM ODM Private Label Model BQ001,approved,Y,5,https://sc04.alicdn.com/kf/Sd50bc3d6c50b4080a53514ba2137b6b9f.jpg,320,320,0.8025,0.545,0.4374,0.2781,,,HEURISTIC_PASS,C:\Users\spq\Desktop\贝强\02_Alibaba运营\01_店铺与全店诊断\全量商品审查_2026-09-04\全六图视觉二次审计_2026-09-04\cache\a974e3eb992b8d142acc86d44a3f37b6bd8f9483.jpg
24,1601939572948,AAEnjmk4AOWGex-cDVm7jA83,BQ001-O1 / BQ001,Custom Logo Breathable Knit Slip-On Wide Toe Box Walking Shoes Lightweight EVA Sole OEM ODM Private Label Model BQ001,approved,Y,6,https://sc04.alicdn.com/kf/S699419e2036849f988d3aad8f1a811f3v.jpg,320,320,0.7525,0.34,0.2559,0.2058,,,HEURISTIC_PASS,C:\Users\spq\Desktop\贝强\02_Alibaba运营\01_店铺与全店诊断\全量商品审查_2026-09-04\全六图视觉二次审计_2026-09-04\cache\317c5e7a5991bc89afc4e29cc15ab840ee47a4a7.jpg
25,10000047356491,AAEnjmk4AOWGexecDTURwz2o,BQ061 / AA811,Wholesale Model AA811 Breathable Knit Lace-Up Walking Shoes Lightweight Cushion Sole Casual Sneakers EU 35-45,approved,Y,1,https://sc04.alicdn.com/kf/S395510a616274a8ab73fca63079ba2c1p.jpg,320,320,0.8425,0.4075,0.3433,0.2402,P0_LOW_HERO_OCCUPANCY,,HEURISTIC_PASS,C:\Users\spq\Desktop\贝强\02_Alibaba运营\01_店铺与全店诊断\全量商品审查_2026-09-04\全六图视觉二次审计_2026-09-04\cache\27c778d2608008f359a7fd352a3c05b80157ea39.jpg
25,10000047356491,AAEnjmk4AOWGexecDTURwz2o,BQ061 / AA811,Wholesale Model AA811 Breathable Knit Lace-Up Walking Shoes Lightweight Cushion Sole Casual Sneakers EU 35-45,approved,Y,2,https://sc04.alicdn.com/kf/Sb7427532624f491f96eaa38c8348fe468.jpg,320,320,0.8625,0.86,0.7418,0.7389,,,HEURISTIC_PASS,C:\Users\spq\Desktop\贝强\02_Alibaba运营\01_店铺与全店诊断\全量商品审查_2026-09-04\全六图视觉二次审计_2026-09-04\cache\af1cb03d1847eda7afca0125131b6b41a3d43c34.jpg
25,10000047356491,AAEnjmk4AOWGexecDTURwz2o,BQ061 / AA811,Wholesale Model AA811 Breathable Knit Lace-Up Walking Shoes Lightweight Cushion Sole Casual Sneakers EU 35-45,approved,Y,3,https://sc04.alicdn.com/kf/Sfcae3c1790894a188ad4db6e74dc387cF.jpg,320,320,0.6125,0.6975,0.4272,0.1936,,,HEURISTIC_PASS,C:\Users\spq\Desktop\贝强\02_Alibaba运营\01_店铺与全店诊断\全量商品审查_2026-09-04\全六图视觉二次审计_2026-09-04\cache\9adb4cadc990621ef1787605b8ccce7a56ed79bd.jpg
25,10000047356491,AAEnjmk4AOWGexecDTURwz2o,BQ061 / AA811,Wholesale Model AA811 Breathable Knit Lace-Up Walking Shoes Lightweight Cushion Sole Casual Sneakers EU 35-45,approved,Y,4,https://sc04.alicdn.com/kf/Sb2d2b1325cbf48edb83550d07a7aeaa58.jpg,320,320,0.6075,0.6925,0.4207,0.1856,,,HEURISTIC_PASS,C:\Users\spq\Desktop\贝强\02_Alibaba运营\01_店铺与全店诊断\全量商品审查_2026-09-04\全六图视觉二次审计_2026-09-04\cache\e9077ca6ce73e2bbb2a5c0762ac5c531b1320893.jpg
25,10000047356491,AAEnjmk4AOWGexecDTURwz2o,BQ061 / AA811,Wholesale Model AA811 Breathable Knit Lace-Up Walking Shoes Lightweight Cushion Sole Casual Sneakers EU 35-45,approved,Y,5,https://sc04.alicdn.com/kf/Sd7b60b40e77a44139f58b6f5aa21c471z.jpg,320,320,0.9,0.9175,0.8257,0.1101,,,HEURISTIC_PASS,C:\Users\spq\Desktop\贝强\02_Alibaba运营\01_店铺与全店诊断\全量商品审查_2026-09-04\全六图视觉二次审计_2026-09-04\cache\d3ca7cfd31f98f4930b3f3e3a8b915ce461ac63f.jpg
25,10000047356491,AAEnjmk4AOWGexecDTURwz2o,BQ061 / AA811,Wholesale Model AA811 Breathable Knit Lace-Up Walking Shoes Lightweight Cushion Sole Casual Sneakers EU 35-45,approved,Y,6,https://sc04.alicdn.com/kf/Sa3d419bd53244473b2e7ca8018d27602Z.jpg,320,320,0.6075,0.6925,0.4207,0.186,,,HEURISTIC_PASS,C:\Users\spq\Desktop\贝强\02_Alibaba运营\01_店铺与全店诊断\全量商品审查_2026-09-04\全六图视觉二次审计_2026-09-04\cache\c3722e2d008b36d9ed6e6958f791fc95f4c4637f.jpg
26,10000047201716,AAF0jmk4AOWGexecDTURxNpX,BQ052 / 9212,Wholesale Model 9212 Breathable Light Weight Knit Lace-Up Bubble Sole Casual Walking Shoes Regular Fit EU 38-47 OEM ODM,approved,Y,1,https://sc04.alicdn.com/kf/H53ca301750d34894aaafd03efca00326K.png,320,320,0.93,0.4725,0.4394,0.2938,P0_LOW_HERO_OCCUPANCY,,HEURISTIC_PASS,C:\Users\spq\Desktop\贝强\02_Alibaba运营\01_店铺与全店诊断\全量商品审查_2026-09-04\全六图视觉二次审计_2026-09-04\cache\361af6a2b9049b4e54f63b84d1f3f335fcba58d8.jpg
26,10000047201716,AAF0jmk4AOWGexecDTURxNpX,BQ052 / 9212,Wholesale Model 9212 Breathable Light Weight Knit Lace-Up Bubble Sole Casual Walking Shoes Regular Fit EU 38-47 OEM ODM,approved,Y,2,https://sc04.alicdn.com/kf/S3dc611a48132485394acf642e8f1b7d80.jpg,320,320,0.875,0.875,0.7656,0.7361,,,HEURISTIC_PASS,C:\Users\spq\Desktop\贝强\02_Alibaba运营\01_店铺与全店诊断\全量商品审查_2026-09-04\全六图视觉二次审计_2026-09-04\cache\c1fe56cacb8885be25bde7d32a9ca666e932d2fa.jpg
26,10000047201716,AAF0jmk4AOWGexecDTURxNpX,BQ052 / 9212,Wholesale Model 9212 Breathable Light Weight Knit Lace-Up Bubble Sole Casual Walking Shoes Regular Fit EU 38-47 OEM ODM,approved,Y,3,https://sc04.alicdn.com/kf/S5d38a6acfc114fe996ffb23ef535bebcd.jpg,320,320,0.9075,0.9075,0.8236,0.7955,,,HEURISTIC_PASS,C:\Users\spq\Desktop\贝强\02_Alibaba运营\01_店铺与全店诊断\全量商品审查_2026-09-04\全六图视觉二次审计_2026-09-04\cache\165ba404899a03afc8f240ceb28f8efb79601cdf.jpg
26,10000047201716,AAF0jmk4AOWGexecDTURxNpX,BQ052 / 9212,Wholesale Model 9212 Breathable Light Weight Knit Lace-Up Bubble Sole Casual Walking Shoes Regular Fit EU 38-47 OEM ODM,approved,Y,4,https://sc04.alicdn.com/kf/S0e79228ddd1a4c13945dc81b17a14829M.jpg,320,320,0.895,0.895,0.801,0.7778,,,HEURISTIC_PASS,C:\Users\spq\Desktop\贝强\02_Alibaba运营\01_店铺与全店诊断\全量商品审查_2026-09-04\全六图视觉二次审计_2026-09-04\cache\e660513ca14eaa428f8e7510dcdbbfe8276a7467.jpg
26,10000047201716,AAF0jmk4AOWGexecDTURxNpX,BQ052 / 9212,Wholesale Model 9212 Breathable Light Weight Knit Lace-Up Bubble Sole Casual Walking Shoes Regular Fit EU 38-47 OEM ODM,approved,Y,5,https://sc04.alicdn.com/kf/S44f223844b76442a89d9a3cf8106c1489.jpg,320,320,0.9,0.9175,0.8257,0.1948,,,HEURISTIC_PASS,C:\Users\spq\Desktop\贝强\02_Alibaba运营\01_店铺与全店诊断\全量商品审查_2026-09-04\全六图视觉二次审计_2026-09-04\cache\90378ddcf3bdc37460cc87e95c8d602793e67922.jpg
26,10000047201716,AAF0jmk4AOWGexecDTURxNpX,BQ052 / 9212,Wholesale Model 9212 Breathable Light Weight Knit Lace-Up Bubble Sole Casual Walking Shoes Regular Fit EU 38-47 OEM ODM,approved,Y,6,https://sc04.alicdn.com/kf/Sa8716510739642c0a03990f986a8d6c4B.jpg,320,320,0.6925,0.9025,0.625,0.6211,,,HEURISTIC_PASS,C:\Users\spq\Desktop\贝强\02_Alibaba运营\01_店铺与全店诊断\全量商品审查_2026-09-04\全六图视觉二次审计_2026-09-04\cache\e9100423c43649fdbde18e2193a762093da0540e.jpg
27,10000046653813,AAHXjmk4AOWGexecDTURvIaW,BQ032 / ZX2212,Wholesale Light Weight Breathable Regular Fit Knit Lace-Up Casual Walking Shoes ZX2212 Spring Autumn Large Size EU 38-47 OEM ODM,approved,Y,1,https://sc04.alicdn.com/kf/Hd999777ae1b2444197cfe04743a84a3e2.png,320,320,0.835,0.5575,0.4655,0.2382,,,HEURISTIC_PASS,C:\Users\spq\Desktop\贝强\02_Alibaba运营\01_店铺与全店诊断\全量商品审查_2026-09-04\全六图视觉二次审计_2026-09-04\cache\9ef95a1ab8d3d112f9afd5e70ee42a2ad35c24b4.jpg
27,10000046653813,AAHXjmk4AOWGexecDTURvIaW,BQ032 / ZX2212,Wholesale Light Weight Breathable Regular Fit Knit Lace-Up Casual Walking Shoes ZX2212 Spring Autumn Large Size EU 38-47 OEM ODM,approved,Y,2,https://sc04.alicdn.com/kf/A68f93614e5164fe9a56102157911a2af3.jpg,320,320,0.8925,0.6175,0.5511,0.2247,,,HEURISTIC_PASS,C:\Users\spq\Desktop\贝强\02_Alibaba运营\01_店铺与全店诊断\全量商品审查_2026-09-04\全六图视觉二次审计_2026-09-04\cache\b274a12370a18a9b5040a8769d9d9c46fdef9cc6.jpg
27,10000046653813,AAHXjmk4AOWGexecDTURvIaW,BQ032 / ZX2212,Wholesale Light Weight Breathable Regular Fit Knit Lace-Up Casual Walking Shoes ZX2212 Spring Autumn Large Size EU 38-47 OEM ODM,approved,Y,3,https://sc04.alicdn.com/kf/Ab3f03d451a1b4c189ef7eb1e8ca9ba45H.jpg,320,320,0.8875,0.6275,0.5569,0.219,,,HEURISTIC_PASS,C:\Users\spq\Desktop\贝强\02_Alibaba运营\01_店铺与全店诊断\全量商品审查_2026-09-04\全六图视觉二次审计_2026-09-04\cache\c035ff61478c1ee7a15ebfb911c0367ac4a8df2c.jpg
27,10000046653813,AAHXjmk4AOWGexecDTURvIaW,BQ032 / ZX2212,Wholesale Light Weight Breathable Regular Fit Knit Lace-Up Casual Walking Shoes ZX2212 Spring Autumn Large Size EU 38-47 OEM ODM,approved,Y,4,https://sc04.alicdn.com/kf/A253de6dde4b7413088f643ecd116d2f0U.jpg,320,320,0.88,0.6075,0.5346,0.1943,,,HEURISTIC_PASS,C:\Users\spq\Desktop\贝强\02_Alibaba运营\01_店铺与全店诊断\全量商品审查_2026-09-04\全六图视觉二次审计_2026-09-04\cache\a03bcebf7c7f33ae8794eb32fb1f9f3863efad75.jpg
27,10000046653813,AAHXjmk4AOWGexecDTURvIaW,BQ032 / ZX2212,Wholesale Light Weight Breathable Regular Fit Knit Lace-Up Casual Walking Shoes ZX2212 Spring Autumn Large Size EU 38-47 OEM ODM,approved,Y,5,https://sc04.alicdn.com/kf/S5644c87c08ef472f8c5cf639a0a13787G.png,320,320,0.8975,0.915,0.8212,0.154,,,HEURISTIC_PASS,C:\Users\spq\Desktop\贝强\02_Alibaba运营\01_店铺与全店诊断\全量商品审查_2026-09-04\全六图视觉二次审计_2026-09-04\cache\0d2b55f9e5a612571caea5c2040601b292fe39d5.jpg
27,10000046653813,AAHXjmk4AOWGexecDTURvIaW,BQ032 / ZX2212,Wholesale Light Weight Breathable Regular Fit Knit Lace-Up Casual Walking Shoes ZX2212 Spring Autumn Large Size EU 38-47 OEM ODM,approved,Y,6,https://sc04.alicdn.com/kf/Aa1143854b6ba4da9937d781e332a34e2u.jpg,320,320,0.85,0.605,0.5142,0.211,,,HEURISTIC_PASS,C:\Users\spq\Desktop\贝强\02_Alibaba运营\01_店铺与全店诊断\全量商品审查_2026-09-04\全六图视觉二次审计_2026-09-04\cache\5eabdfc2c0239676ad931057c039d9797d57567b.jpg
28,10000047127570,AAHyjmk4AOWGexecDTURx7vx,BQ041 / 202,Wholesale Model BQ041/202 Kids Knit Slip-On Walking Shoes Casual Sneakers EU 31-40 OEM ODM Made in China,approved,Y,1,https://sc04.alicdn.com/kf/S9b40496f0e7a4496981767d8911d0100O.png,320,320,0.895,0.475,0.4251,0.2422,P0_LOW_HERO_OCCUPANCY,,HEURISTIC_PASS,C:\Users\spq\Desktop\贝强\02_Alibaba运营\01_店铺与全店诊断\全量商品审查_2026-09-04\全六图视觉二次审计_2026-09-04\cache\2b18c32bc3f302e97dcf2b7ae83fbc0032c79b67.jpg
28,10000047127570,AAHyjmk4AOWGexecDTURx7vx,BQ041 / 202,Wholesale Model BQ041/202 Kids Knit Slip-On Walking Shoes Casual Sneakers EU 31-40 OEM ODM Made in China,approved,Y,2,https://sc04.alicdn.com/kf/A68f93614e5164fe9a56102157911a2af3.jpg,320,320,0.8925,0.6175,0.5511,0.2247,,,HEURISTIC_PASS,C:\Users\spq\Desktop\贝强\02_Alibaba运营\01_店铺与全店诊断\全量商品审查_2026-09-04\全六图视觉二次审计_2026-09-04\cache\b274a12370a18a9b5040a8769d9d9c46fdef9cc6.jpg
28,10000047127570,AAHyjmk4AOWGexecDTURx7vx,BQ041 / 202,Wholesale Model BQ041/202 Kids Knit Slip-On Walking Shoes Casual Sneakers EU 31-40 OEM ODM Made in China,approved,Y,3,https://sc04.alicdn.com/kf/Ab3f03d451a1b4c189ef7eb1e8ca9ba45H.jpg,320,320,0.8875,0.6275,0.5569,0.219,,,HEURISTIC_PASS,C:\Users\spq\Desktop\贝强\02_Alibaba运营\01_店铺与全店诊断\全量商品审查_2026-09-04\全六图视觉二次审计_2026-09-04\cache\c035ff61478c1ee7a15ebfb911c0367ac4a8df2c.jpg
28,10000047127570,AAHyjmk4AOWGexecDTURx7vx,BQ041 / 202,Wholesale Model BQ041/202 Kids Knit Slip-On Walking Shoes Casual Sneakers EU 31-40 OEM ODM Made in China,approved,Y,4,https://sc04.alicdn.com/kf/A253de6dde4b7413088f643ecd116d2f0U.jpg,320,320,0.88,0.6075,0.5346,0.1943,,,HEURISTIC_PASS,C:\Users\spq\Desktop\贝强\02_Alibaba运营\01_店铺与全店诊断\全量商品审查_2026-09-04\全六图视觉二次审计_2026-09-04\cache\a03bcebf7c7f33ae8794eb32fb1f9f3863efad75.jpg
28,10000047127570,AAHyjmk4AOWGexecDTURx7vx,BQ041 / 202,Wholesale Model BQ041/202 Kids Knit Slip-On Walking Shoes Casual Sneakers EU 31-40 OEM ODM Made in China,approved,Y,5,https://sc04.alicdn.com/kf/A4d0d295c34514f239a371443729d3115c.jpg,320,320,0.92,0.93,0.8556,0.1821,,,HEURISTIC_PASS,C:\Users\spq\Desktop\贝强\02_Alibaba运营\01_店铺与全店诊断\全量商品审查_2026-09-04\全六图视觉二次审计_2026-09-04\cache\ce20aba47bcf072e9d13d9c40f506a987908fcc5.jpg
28,10000047127570,AAHyjmk4AOWGexecDTURx7vx,BQ041 / 202,Wholesale Model BQ041/202 Kids Knit Slip-On Walking Shoes Casual Sneakers EU 31-40 OEM ODM Made in China,approved,Y,6,https://sc04.alicdn.com/kf/Aa1143854b6ba4da9937d781e332a34e2u.jpg,320,320,0.85,0.605,0.5142,0.211,,,HEURISTIC_PASS,C:\Users\spq\Desktop\贝强\02_Alibaba运营\01_店铺与全店诊断\全量商品审查_2026-09-04\全六图视觉二次审计_2026-09-04\cache\5eabdfc2c0239676ad931057c039d9797d57567b.jpg
29,10000043763325,AAEGjmk4AOWGexecDTURiGGe,BQ-013,2026 New Soft Knit Slip-On Walking Shoes Lightweight Breathable Mesh Spring/Autumn Anti-Slip Solid Color Casual Sneakers OEM ODM,approved,Y,1,https://sc04.alicdn.com/kf/S4e6d8fbe85c549ea85e0eba28de4c832P.png,320,320,0.99,0.4875,0.4826,0.4083,,,HEURISTIC_PASS,C:\Users\spq\Desktop\贝强\02_Alibaba运营\01_店铺与全店诊断\全量商品审查_2026-09-04\全六图视觉二次审计_2026-09-04\cache\8aba3bfa8c03351b88768a8570ed8d9968b3c560.jpg
29,10000043763325,AAEGjmk4AOWGexecDTURiGGe,BQ-013,2026 New Soft Knit Slip-On Walking Shoes Lightweight Breathable Mesh Spring/Autumn Anti-Slip Solid Color Casual Sneakers OEM ODM,approved,Y,2,https://sc04.alicdn.com/kf/Hc20969f744054090ab0b9cfbc4412165V.jpg,320,320,0.92,0.915,0.8418,0.1892,,,HEURISTIC_PASS,C:\Users\spq\Desktop\贝强\02_Alibaba运营\01_店铺与全店诊断\全量商品审查_2026-09-04\全六图视觉二次审计_2026-09-04\cache\a3fc622e5ace9104f7657e8586be42b21ad3832f.jpg
29,10000043763325,AAEGjmk4AOWGexecDTURiGGe,BQ-013,2026 New Soft Knit Slip-On Walking Shoes Lightweight Breathable Mesh Spring/Autumn Anti-Slip Solid Color Casual Sneakers OEM ODM,approved,Y,3,https://sc04.alicdn.com/kf/H41e38b3ae1fa4bdf9b2045b3f4a69de9x.jpg,320,320,0.9325,0.915,0.8532,0.2459,,,HEURISTIC_PASS,C:\Users\spq\Desktop\贝强\02_Alibaba运营\01_店铺与全店诊断\全量商品审查_2026-09-04\全六图视觉二次审计_2026-09-04\cache\eca11c3c85dc3b3dee91f14faa1b49f3eea02505.jpg
29,10000043763325,AAEGjmk4AOWGexecDTURiGGe,BQ-013,2026 New Soft Knit Slip-On Walking Shoes Lightweight Breathable Mesh Spring/Autumn Anti-Slip Solid Color Casual Sneakers OEM ODM,approved,Y,4,https://sc04.alicdn.com/kf/H885b4524f9b243eaaad9ec94dd445553l.jpg,320,320,0.9125,0.915,0.8349,0.1403,,,HEURISTIC_PASS,C:\Users\spq\Desktop\贝强\02_Alibaba运营\01_店铺与全店诊断\全量商品审查_2026-09-04\全六图视觉二次审计_2026-09-04\cache\97f959a45d1ed0f25dc9e6ce7063ba3326f1d65d.jpg
29,10000043763325,AAEGjmk4AOWGexecDTURiGGe,BQ-013,2026 New Soft Knit Slip-On Walking Shoes Lightweight Breathable Mesh Spring/Autumn Anti-Slip Solid Color Casual Sneakers OEM ODM,approved,Y,5,https://sc04.alicdn.com/kf/H915bb9e87f6c4f29bd5e4283eb6dfaaen.jpg,320,320,0.8775,0.9275,0.8139,0.0987,,,HEURISTIC_PASS,C:\Users\spq\Desktop\贝强\02_Alibaba运营\01_店铺与全店诊断\全量商品审查_2026-09-04\全六图视觉二次审计_2026-09-04\cache\e9cce81683de644f6e8eb15dc3e0a3316cba47fa.jpg
29,10000043763325,AAEGjmk4AOWGexecDTURiGGe,BQ-013,2026 New Soft Knit Slip-On Walking Shoes Lightweight Breathable Mesh Spring/Autumn Anti-Slip Solid Color Casual Sneakers OEM ODM,approved,Y,6,https://sc04.alicdn.com/kf/H452dbc9df0fb4bf3a05b152c25ea8b81k.jpg,320,320,0.9225,0.915,0.8441,0.2482,,,HEURISTIC_PASS,C:\Users\spq\Desktop\贝强\02_Alibaba运营\01_店铺与全店诊断\全量商品审查_2026-09-04\全六图视觉二次审计_2026-09-04\cache\cab4284a34026586432f6e359f9595ca580fd3fb.jpg
30,10000043725883,AAG1jmk4AOWGexecDTURi9PY,BQ-011,Wholesale Men Knit Slip-On Walking Shoes Lightweight Breathable Anti-Slip Spring/Autumn Mesh Lining Casual Sneakers OEM ODM,approved,Y,1,https://sc04.alicdn.com/kf/Sfb0129075f6646019a79b071d857e6b1l.jpg,320,320,0.8,0.44,0.352,0.2304,P0_LOW_HERO_OCCUPANCY,,HEURISTIC_PASS,C:\Users\spq\Desktop\贝强\02_Alibaba运营\01_店铺与全店诊断\全量商品审查_2026-09-04\全六图视觉二次审计_2026-09-04\cache\ed8c0d328319201636e544ade11fdab190089048.jpg
30,10000043725883,AAG1jmk4AOWGexecDTURi9PY,BQ-011,Wholesale Men Knit Slip-On Walking Shoes Lightweight Breathable Anti-Slip Spring/Autumn Mesh Lining Casual Sneakers OEM ODM,approved,Y,2,https://sc04.alicdn.com/kf/H898808f805c24f36b811272b9a55719fC.jpg,320,320,0.8825,0.9175,0.8097,0.2709,,,HEURISTIC_PASS,C:\Users\spq\Desktop\贝强\02_Alibaba运营\01_店铺与全店诊断\全量商品审查_2026-09-04\全六图视觉二次审计_2026-09-04\cache\731fba5f4a539b259b53cf788d104c2f50f2c13e.jpg
30,10000043725883,AAG1jmk4AOWGexecDTURi9PY,BQ-011,Wholesale Men Knit Slip-On Walking Shoes Lightweight Breathable Anti-Slip Spring/Autumn Mesh Lining Casual Sneakers OEM ODM,approved,Y,3,https://sc04.alicdn.com/kf/H577d990d817945aea267a85d0ecd699aY.jpg,320,320,0.8775,0.9175,0.8051,0.4056,,,HEURISTIC_PASS,C:\Users\spq\Desktop\贝强\02_Alibaba运营\01_店铺与全店诊断\全量商品审查_2026-09-04\全六图视觉二次审计_2026-09-04\cache\199b31699338a2d38b0f606c3e3271757f532064.jpg
30,10000043725883,AAG1jmk4AOWGexecDTURi9PY,BQ-011,Wholesale Men Knit Slip-On Walking Shoes Lightweight Breathable Anti-Slip Spring/Autumn Mesh Lining Casual Sneakers OEM ODM,approved,Y,4,https://sc04.alicdn.com/kf/H4e7a3422fff343c8820b6503c9675f23P.jpg,320,320,0.8825,0.9175,0.8097,0.2371,,,HEURISTIC_PASS,C:\Users\spq\Desktop\贝强\02_Alibaba运营\01_店铺与全店诊断\全量商品审查_2026-09-04\全六图视觉二次审计_2026-09-04\cache\78be363022d6b79b1a96d3cce6bd1877135ae1ea.jpg
30,10000043725883,AAG1jmk4AOWGexecDTURi9PY,BQ-011,Wholesale Men Knit Slip-On Walking Shoes Lightweight Breathable Anti-Slip Spring/Autumn Mesh Lining Casual Sneakers OEM ODM,approved,Y,5,https://sc04.alicdn.com/kf/H94b032c4407d4f7b953a4b45f4326868i.jpg,320,320,0.89,0.9175,0.8166,0.0923,,,HEURISTIC_PASS,C:\Users\spq\Desktop\贝强\02_Alibaba运营\01_店铺与全店诊断\全量商品审查_2026-09-04\全六图视觉二次审计_2026-09-04\cache\b22c0374aa7e2ba5b77cb127275ee9f13765f8c4.jpg
30,10000043725883,AAG1jmk4AOWGexecDTURi9PY,BQ-011,Wholesale Men Knit Slip-On Walking Shoes Lightweight Breathable Anti-Slip Spring/Autumn Mesh Lining Casual Sneakers OEM ODM,approved,Y,6,https://sc04.alicdn.com/kf/H4c99f1484f1248ec97cf7ae61a4b2930r.jpg,320,320,0.8675,0.92,0.7981,0.4561,,,HEURISTIC_PASS,C:\Users\spq\Desktop\贝强\02_Alibaba运营\01_店铺与全店诊断\全量商品审查_2026-09-04\全六图视觉二次审计_2026-09-04\cache\f76bd64a3c2c42bef6113d3906ad7ca3f9a2063f.jpg
31,1601939754004,AAGhjmk4AOWGex-cDVm7isv3,BQ031-O1 / ZX2116,Custom Logo Wide Toe Box Knit Lace-Up Walking Shoes Large Size OEM ODM Private Label Footwear Supplier Model ZX2116,approved,Y,1,https://sc04.alicdn.com/kf/Sb115546e7d1b4ca29fa4956c07f7de058.jpg,320,320,0.905,0.6025,0.5453,0.3097,,,HEURISTIC_PASS,C:\Users\spq\Desktop\贝强\02_Alibaba运营\01_店铺与全店诊断\全量商品审查_2026-09-04\全六图视觉二次审计_2026-09-04\cache\a9676b62463def2cb4cbc98a13711451bae11671.jpg
31,1601939754004,AAGhjmk4AOWGex-cDVm7isv3,BQ031-O1 / ZX2116,Custom Logo Wide Toe Box Knit Lace-Up Walking Shoes Large Size OEM ODM Private Label Footwear Supplier Model ZX2116,approved,Y,2,https://sc04.alicdn.com/kf/S1f8765dfefe94fe8b5a1d6415e0de866b.jpg,320,320,0.7625,0.4075,0.3107,0.2099,,,HEURISTIC_PASS,C:\Users\spq\Desktop\贝强\02_Alibaba运营\01_店铺与全店诊断\全量商品审查_2026-09-04\全六图视觉二次审计_2026-09-04\cache\fb36dac7363d35a9d72d6ec0b8c2e731ea9470dc.jpg
31,1601939754004,AAGhjmk4AOWGex-cDVm7isv3,BQ031-O1 / ZX2116,Custom Logo Wide Toe Box Knit Lace-Up Walking Shoes Large Size OEM ODM Private Label Footwear Supplier Model ZX2116,approved,Y,3,https://sc04.alicdn.com/kf/Sc0d8e32406934fbcaf364cf1354f5f30I.jpg,320,320,0.7925,0.38,0.3011,0.2019,,,HEURISTIC_PASS,C:\Users\spq\Desktop\贝强\02_Alibaba运营\01_店铺与全店诊断\全量商品审查_2026-09-04\全六图视觉二次审计_2026-09-04\cache\37b67449d22f8815b29aeede268a600fff98e45d.jpg
31,1601939754004,AAGhjmk4AOWGex-cDVm7isv3,BQ031-O1 / ZX2116,Custom Logo Wide Toe Box Knit Lace-Up Walking Shoes Large Size OEM ODM Private Label Footwear Supplier Model ZX2116,approved,Y,4,https://sc04.alicdn.com/kf/S171afbcd6fc14324b7b1bb4d3f8ebad22.jpg,320,320,0.7325,0.3575,0.2619,0.15,,,HEURISTIC_PASS,C:\Users\spq\Desktop\贝强\02_Alibaba运营\01_店铺与全店诊断\全量商品审查_2026-09-04\全六图视觉二次审计_2026-09-04\cache\4e1ca3cd14de3de18b8b71dc701523e2fe7b80cf.jpg
31,1601939754004,AAGhjmk4AOWGex-cDVm7isv3,BQ031-O1 / ZX2116,Custom Logo Wide Toe Box Knit Lace-Up Walking Shoes Large Size OEM ODM Private Label Footwear Supplier Model ZX2116,approved,Y,5,https://sc04.alicdn.com/kf/Sf0f5daa83719479ab599579936091de7n.jpg,320,320,0.7975,0.3925,0.313,0.1987,,,HEURISTIC_PASS,C:\Users\spq\Desktop\贝强\02_Alibaba运营\01_店铺与全店诊断\全量商品审查_2026-09-04\全六图视觉二次审计_2026-09-04\cache\ebcfa8b1c7420b9ef6ce9c75d49e6330c37e43a5.jpg
31,1601939754004,AAGhjmk4AOWGex-cDVm7isv3,BQ031-O1 / ZX2116,Custom Logo Wide Toe Box Knit Lace-Up Walking Shoes Large Size OEM ODM Private Label Footwear Supplier Model ZX2116,approved,Y,6,https://sc04.alicdn.com/kf/S5c29a5a0d70e4ab399f789f08d1fbc7dE.jpg,320,320,0.7475,0.36,0.2691,0.1677,,,HEURISTIC_PASS,C:\Users\spq\Desktop\贝强\02_Alibaba运营\01_店铺与全店诊断\全量商品审查_2026-09-04\全六图视觉二次审计_2026-09-04\cache\70d42245ecf2d75212e09e28aec31921df7ce3b9.jpg
32,10000043744505,AAE8jmk4AOWGexecDTURiBsa,BQ-012,Wholesale Breathable Knit Chunky Walking Shoes M8506 Lightweight Cushion Midsole Mesh Solid Spring Autumn Casual Sneakers OEM,approved,Y,1,https://sc04.alicdn.com/kf/S9c49f633d786469c9930387649022e34z.png,320,320,0.99,0.575,0.5693,0.4013,,,HEURISTIC_PASS,C:\Users\spq\Desktop\贝强\02_Alibaba运营\01_店铺与全店诊断\全量商品审查_2026-09-04\全六图视觉二次审计_2026-09-04\cache\278f1e0cb94e7b1769ecf9677fc23b8a08abc7ee.jpg
32,10000043744505,AAE8jmk4AOWGexecDTURiBsa,BQ-012,Wholesale Breathable Knit Chunky Walking Shoes M8506 Lightweight Cushion Midsole Mesh Solid Spring Autumn Casual Sneakers OEM,approved,Y,2,https://sc04.alicdn.com/kf/H8e9908f219fa4d70ab5745fba94bb803l.jpg,320,320,0.92,0.915,0.8418,0.2081,,,HEURISTIC_PASS,C:\Users\spq\Desktop\贝强\02_Alibaba运营\01_店铺与全店诊断\全量商品审查_2026-09-04\全六图视觉二次审计_2026-09-04\cache\7a4edd5c3e1c512703d68fc9eb267e4e340af313.jpg
32,10000043744505,AAE8jmk4AOWGexecDTURiBsa,BQ-012,Wholesale Breathable Knit Chunky Walking Shoes M8506 Lightweight Cushion Midsole Mesh Solid Spring Autumn Casual Sneakers OEM,approved,Y,3,https://sc04.alicdn.com/kf/Hfbd7b30d29d046319b9ef85696cc8bedU.jpg,320,320,1.0,1.0,1.0,0.5688,,,EDGE_CROP_OR_FULL_CANVAS;COMPLEX_OR_COLLAGE_BACKGROUND;EDGE_GRAPHIC_OR_DARK_BACKGROUND,C:\Users\spq\Desktop\贝强\02_Alibaba运营\01_店铺与全店诊断\全量商品审查_2026-09-04\全六图视觉二次审计_2026-09-04\cache\4c5f7313d6e871bf990a00795b005ee0284dd26f.jpg
32,10000043744505,AAE8jmk4AOWGexecDTURiBsa,BQ-012,Wholesale Breathable Knit Chunky Walking Shoes M8506 Lightweight Cushion Midsole Mesh Solid Spring Autumn Casual Sneakers OEM,approved,Y,4,https://sc04.alicdn.com/kf/H21b8ff8189b24bddb7740a7b3f901268y.jpg,320,320,0.9125,0.915,0.8349,0.1713,,,HEURISTIC_PASS,C:\Users\spq\Desktop\贝强\02_Alibaba运营\01_店铺与全店诊断\全量商品审查_2026-09-04\全六图视觉二次审计_2026-09-04\cache\5d0f152ac7dbbeab71a501588f35a384e38133f3.jpg
32,10000043744505,AAE8jmk4AOWGexecDTURiBsa,BQ-012,Wholesale Breathable Knit Chunky Walking Shoes M8506 Lightweight Cushion Midsole Mesh Solid Spring Autumn Casual Sneakers OEM,approved,Y,5,https://sc04.alicdn.com/kf/H17aa86cb31864152b294bf7d8228f709S.jpg,320,320,0.875,0.9275,0.8116,0.1156,,,HEURISTIC_PASS,C:\Users\spq\Desktop\贝强\02_Alibaba运营\01_店铺与全店诊断\全量商品审查_2026-09-04\全六图视觉二次审计_2026-09-04\cache\be44e147a715089a5d755f7957b924269a6f901d.jpg
32,10000043744505,AAE8jmk4AOWGexecDTURiBsa,BQ-012,Wholesale Breathable Knit Chunky Walking Shoes M8506 Lightweight Cushion Midsole Mesh Solid Spring Autumn Casual Sneakers OEM,approved,Y,6,https://sc04.alicdn.com/kf/H6a5ca4f6fcaf4005aa0ef8ab2d0ceb27w.jpg,320,320,0.845,0.915,0.7732,0.2147,,,HEURISTIC_PASS,C:\Users\spq\Desktop\贝强\02_Alibaba运营\01_店铺与全店诊断\全量商品审查_2026-09-04\全六图视觉二次审计_2026-09-04\cache\2191eb5b871b15a7fe68ba4969d0dfbae407dd00.jpg
33,1601939651515,AAF2jmk4AOWGex-cDVm7jTxY,BQ032-W1 / ZX2212,Wholesale Regular Fit Knit Lace-Up Casual Walking Shoes Large Size Factory Supply Model ZX2212,approved,Y,1,https://sc04.alicdn.com/kf/Sf849ce3cd2aa4cb68306c62b3c21baadf.jpg,320,320,0.82,0.385,0.3157,0.209,P0_LOW_HERO_OCCUPANCY,,HEURISTIC_PASS,C:\Users\spq\Desktop\贝强\02_Alibaba运营\01_店铺与全店诊断\全量商品审查_2026-09-04\全六图视觉二次审计_2026-09-04\cache\670fbf8c5045dc2c3493f1e28f322409504f8ae2.jpg
33,1601939651515,AAF2jmk4AOWGex-cDVm7jTxY,BQ032-W1 / ZX2212,Wholesale Regular Fit Knit Lace-Up Casual Walking Shoes Large Size Factory Supply Model ZX2212,approved,Y,2,https://sc04.alicdn.com/kf/S3fd71e8b88094dbc872ee16a7d8627c9M.jpg,320,320,0.76,0.345,0.2622,0.1709,,,HEURISTIC_PASS,C:\Users\spq\Desktop\贝强\02_Alibaba运营\01_店铺与全店诊断\全量商品审查_2026-09-04\全六图视觉二次审计_2026-09-04\cache\d9977e1b609512f42a08b17405abba392137a93b.jpg
33,1601939651515,AAF2jmk4AOWGex-cDVm7jTxY,BQ032-W1 / ZX2212,Wholesale Regular Fit Knit Lace-Up Casual Walking Shoes Large Size Factory Supply Model ZX2212,approved,Y,3,https://sc04.alicdn.com/kf/S97bd379d08e8430682836e3436e50b0fA.jpg,320,320,0.79,0.355,0.2804,0.188,,,HEURISTIC_PASS,C:\Users\spq\Desktop\贝强\02_Alibaba运营\01_店铺与全店诊断\全量商品审查_2026-09-04\全六图视觉二次审计_2026-09-04\cache\61899e6455d04b9e9cfefdaa1347d27614f25bfd.jpg
33,1601939651515,AAF2jmk4AOWGex-cDVm7jTxY,BQ032-W1 / ZX2212,Wholesale Regular Fit Knit Lace-Up Casual Walking Shoes Large Size Factory Supply Model ZX2212,approved,Y,4,https://sc04.alicdn.com/kf/S4f95a7c4cb1f46f58ea9fcb47229575ez.jpg,320,320,0.735,0.365,0.2683,0.2022,,,HEURISTIC_PASS,C:\Users\spq\Desktop\贝强\02_Alibaba运营\01_店铺与全店诊断\全量商品审查_2026-09-04\全六图视觉二次审计_2026-09-04\cache\c974e3d982fa983f95a9be3ca606c06e1a6a2c75.jpg
33,1601939651515,AAF2jmk4AOWGex-cDVm7jTxY,BQ032-W1 / ZX2212,Wholesale Regular Fit Knit Lace-Up Casual Walking Shoes Large Size Factory Supply Model ZX2212,approved,Y,5,https://sc04.alicdn.com/kf/S927e84bb6d274fbeb22d23c65d0285b8u.jpg,320,320,0.8,0.3875,0.31,0.1998,,,HEURISTIC_PASS,C:\Users\spq\Desktop\贝强\02_Alibaba运营\01_店铺与全店诊断\全量商品审查_2026-09-04\全六图视觉二次审计_2026-09-04\cache\c219a07792eae4f60a75a45cbf53abbf5fbefc6b.jpg
33,1601939651515,AAF2jmk4AOWGex-cDVm7jTxY,BQ032-W1 / ZX2212,Wholesale Regular Fit Knit Lace-Up Casual Walking Shoes Large Size Factory Supply Model ZX2212,approved,Y,6,https://sc04.alicdn.com/kf/S19c56b3eda8c4fe69b7c508910075825U.jpg,320,320,0.75,0.37,0.2775,0.2105,,,HEURISTIC_PASS,C:\Users\spq\Desktop\贝强\02_Alibaba运营\01_店铺与全店诊断\全量商品审查_2026-09-04\全六图视觉二次审计_2026-09-04\cache\7fb7332dfb0c80a1ce9bf49856c85e4be70b0824.jpg
34,12000003229472,AAHcjmk4AOWGexScDcS3aADD,DZ14546082-A,OEM Breathable Mesh Chunky Walking Shoes Lightweight Cushioned Lace-Up Casual Sneakers EU 36-45,approved,Y,1,https://sc04.alicdn.com/kf/Af93deb2bf62f486296b993a44c1d9492B.png,320,320,0.9525,0.7875,0.7501,0.4772,,,HEURISTIC_PASS,C:\Users\spq\Desktop\贝强\02_Alibaba运营\01_店铺与全店诊断\全量商品审查_2026-09-04\全六图视觉二次审计_2026-09-04\cache\359e1024e3b48a770ce35985aee225ce881ebf87.jpg
34,12000003229472,AAHcjmk4AOWGexScDcS3aADD,DZ14546082-A,OEM Breathable Mesh Chunky Walking Shoes Lightweight Cushioned Lace-Up Casual Sneakers EU 36-45,approved,Y,2,https://sc04.alicdn.com/kf/A324ccac166d447b7a7ecbf264463302bZ.png,320,320,0.97,0.51,0.4947,0.2944,,,HEURISTIC_PASS,C:\Users\spq\Desktop\贝强\02_Alibaba运营\01_店铺与全店诊断\全量商品审查_2026-09-04\全六图视觉二次审计_2026-09-04\cache\6262b108ac24194f3635e2895ade0f8a23be8177.jpg
34,12000003229472,AAHcjmk4AOWGexScDcS3aADD,DZ14546082-A,OEM Breathable Mesh Chunky Walking Shoes Lightweight Cushioned Lace-Up Casual Sneakers EU 36-45,approved,Y,3,https://sc04.alicdn.com/kf/A59a76040000f42979704c9d4ca8b0465h.png,320,320,0.9425,0.7125,0.6715,0.4108,,,HEURISTIC_PASS,C:\Users\spq\Desktop\贝强\02_Alibaba运营\01_店铺与全店诊断\全量商品审查_2026-09-04\全六图视觉二次审计_2026-09-04\cache\a5df3f10fdd2923f10635c24e6abf5d616fa813f.jpg
34,12000003229472,AAHcjmk4AOWGexScDcS3aADD,DZ14546082-A,OEM Breathable Mesh Chunky Walking Shoes Lightweight Cushioned Lace-Up Casual Sneakers EU 36-45,approved,Y,4,https://sc04.alicdn.com/kf/Aa57eb45d0ed74f849dc197da405200edY.png,320,320,1.0,1.0,1.0,0.8088,,,EDGE_CROP_OR_FULL_CANVAS;COMPLEX_OR_COLLAGE_BACKGROUND;EDGE_GRAPHIC_OR_DARK_BACKGROUND,C:\Users\spq\Desktop\贝强\02_Alibaba运营\01_店铺与全店诊断\全量商品审查_2026-09-04\全六图视觉二次审计_2026-09-04\cache\f0fb3458a786a2535f1c04ecf6df2525bb63e5e7.jpg
34,12000003229472,AAHcjmk4AOWGexScDcS3aADD,DZ14546082-A,OEM Breathable Mesh Chunky Walking Shoes Lightweight Cushioned Lace-Up Casual Sneakers EU 36-45,approved,Y,5,https://sc04.alicdn.com/kf/Acbc16b4ec3964e3d986d79fe468cdd12P.png,320,320,0.6175,0.9675,0.5974,0.398,,,HEURISTIC_PASS,C:\Users\spq\Desktop\贝强\02_Alibaba运营\01_店铺与全店诊断\全量商品审查_2026-09-04\全六图视觉二次审计_2026-09-04\cache\4f318b6b04195de8b517738a93a2a9c8fd1b58be.jpg
34,12000003229472,AAHcjmk4AOWGexScDcS3aADD,DZ14546082-A,OEM Breathable Mesh Chunky Walking Shoes Lightweight Cushioned Lace-Up Casual Sneakers EU 36-45,approved,Y,6,https://sc04.alicdn.com/kf/Af0654a3029fe429cb8b4ad80fcf1c3cdJ.png,320,320,1.0,0.985,0.985,0.6054,,,EDGE_CROP_OR_FULL_CANVAS;COMPLEX_OR_COLLAGE_BACKGROUND,C:\Users\spq\Desktop\贝强\02_Alibaba运营\01_店铺与全店诊断\全量商品审查_2026-09-04\全六图视觉二次审计_2026-09-04\cache\12af7953a880dd49427bdc6c8aac25f9c14fdf4f.jpg
35,1601939751023,AAGyjmk4AOWGex-cDVm7iseM,BQ032-R1 / ZX2212,Regular Fit Knit Lace-Up Casual Walking Shoes Large Size for Large Size Daily Walking and Casual Wear Model ZX2212,approved,Y,1,https://sc04.alicdn.com/kf/Sffb2ded9b1374897ba85ef82c6d4161eg.jpg,320,320,0.8225,0.3675,0.3023,0.2011,P0_LOW_HERO_OCCUPANCY,,HEURISTIC_PASS,C:\Users\spq\Desktop\贝强\02_Alibaba运营\01_店铺与全店诊断\全量商品审查_2026-09-04\全六图视觉二次审计_2026-09-04\cache\f9a7546680f267ef92c05ece864dc1fcb3c0db9a.jpg
35,1601939751023,AAGyjmk4AOWGex-cDVm7iseM,BQ032-R1 / ZX2212,Regular Fit Knit Lace-Up Casual Walking Shoes Large Size for Large Size Daily Walking and Casual Wear Model ZX2212,approved,Y,2,https://sc04.alicdn.com/kf/S294e448e2a14426c961473264bd9514cn.jpg,320,320,0.7625,0.375,0.2859,0.216,,,HEURISTIC_PASS,C:\Users\spq\Desktop\贝强\02_Alibaba运营\01_店铺与全店诊断\全量商品审查_2026-09-04\全六图视觉二次审计_2026-09-04\cache\ce32886ecfe560d6af2715e139ff450f49dac57a.jpg
35,1601939751023,AAGyjmk4AOWGex-cDVm7iseM,BQ032-R1 / ZX2212,Regular Fit Knit Lace-Up Casual Walking Shoes Large Size for Large Size Daily Walking and Casual Wear Model ZX2212,approved,Y,3,https://sc04.alicdn.com/kf/S22ecd44d96794eb8b38b56dd404404b0p.jpg,320,320,0.7925,0.38,0.3011,0.1941,,,HEURISTIC_PASS,C:\Users\spq\Desktop\贝强\02_Alibaba运营\01_店铺与全店诊断\全量商品审查_2026-09-04\全六图视觉二次审计_2026-09-04\cache\e4e48ec3a7d1579f3462f9544696303097d6bc8c.jpg
35,1601939751023,AAGyjmk4AOWGex-cDVm7iseM,BQ032-R1 / ZX2212,Regular Fit Knit Lace-Up Casual Walking Shoes Large Size for Large Size Daily Walking and Casual Wear Model ZX2212,approved,Y,4,https://sc04.alicdn.com/kf/Sb5239cee52474a69b987331346476ac9n.jpg,320,320,0.7375,0.365,0.2692,0.2021,,,HEURISTIC_PASS,C:\Users\spq\Desktop\贝强\02_Alibaba运营\01_店铺与全店诊断\全量商品审查_2026-09-04\全六图视觉二次审计_2026-09-04\cache\946d4e95278a25b98e1a678c6fcf92a0e1d57b10.jpg
35,1601939751023,AAGyjmk4AOWGex-cDVm7iseM,BQ032-R1 / ZX2212,Regular Fit Knit Lace-Up Casual Walking Shoes Large Size for Large Size Daily Walking and Casual Wear Model ZX2212,approved,Y,5,https://sc04.alicdn.com/kf/S6b58242eba63499cb68b4c892b31cd7eX.jpg,320,320,0.795,0.375,0.2981,0.1577,,,HEURISTIC_PASS,C:\Users\spq\Desktop\贝强\02_Alibaba运营\01_店铺与全店诊断\全量商品审查_2026-09-04\全六图视觉二次审计_2026-09-04\cache\036ea707db530966234f7b00b4e330c014392fd5.jpg
35,1601939751023,AAGyjmk4AOWGex-cDVm7iseM,BQ032-R1 / ZX2212,Regular Fit Knit Lace-Up Casual Walking Shoes Large Size for Large Size Daily Walking and Casual Wear Model ZX2212,approved,Y,6,https://sc04.alicdn.com/kf/Sac56cca1d3db4850b9bdc6eb6f01db28T.jpg,320,320,0.7525,0.34,0.2559,0.166,,,HEURISTIC_PASS,C:\Users\spq\Desktop\贝强\02_Alibaba运营\01_店铺与全店诊断\全量商品审查_2026-09-04\全六图视觉二次审计_2026-09-04\cache\8070c94433e260353000305bccfa0b66f358a2be.jpg
36,1601939722196,AAFejmk4AOWGex-cDVm7ikg3,BQ032-O1 / ZX2212,Custom Logo Regular Fit Knit Lace-Up Casual Walking Shoes Large Size OEM ODM Private Label Footwear Supplier Model ZX2212,approved,Y,1,https://sc04.alicdn.com/kf/S3bdd33085efc4671a99fd2df7ca64f03T.jpg,320,320,0.8225,0.395,0.3249,0.21,P0_LOW_HERO_OCCUPANCY,,HEURISTIC_PASS,C:\Users\spq\Desktop\贝强\02_Alibaba运营\01_店铺与全店诊断\全量商品审查_2026-09-04\全六图视觉二次审计_2026-09-04\cache\ee5039e4e4f4c7fecb9c0e1c70250955b572d7bf.jpg
36,1601939722196,AAFejmk4AOWGex-cDVm7ikg3,BQ032-O1 / ZX2212,Custom Logo Regular Fit Knit Lace-Up Casual Walking Shoes Large Size OEM ODM Private Label Footwear Supplier Model ZX2212,approved,Y,2,https://sc04.alicdn.com/kf/S2ef919e251a4407c9f80cea38a919dcbk.jpg,320,320,0.7625,0.3775,0.2878,0.2169,,,HEURISTIC_PASS,C:\Users\spq\Desktop\贝强\02_Alibaba运营\01_店铺与全店诊断\全量商品审查_2026-09-04\全六图视觉二次审计_2026-09-04\cache\adfd876cb3e828f2f967e67d794ef25ac892b1cc.jpg
36,1601939722196,AAFejmk4AOWGex-cDVm7ikg3,BQ032-O1 / ZX2212,Custom Logo Regular Fit Knit Lace-Up Casual Walking Shoes Large Size OEM ODM Private Label Footwear Supplier Model ZX2212,approved,Y,3,https://sc04.alicdn.com/kf/S896cc0aa42774ce5a8baeccd3d41de77x.jpg,320,320,0.785,0.375,0.2944,0.1554,,,HEURISTIC_PASS,C:\Users\spq\Desktop\贝强\02_Alibaba运营\01_店铺与全店诊断\全量商品审查_2026-09-04\全六图视觉二次审计_2026-09-04\cache\f68e6ae368db42b7ccd63c3f3eafa62ec3f7afb3.jpg
36,1601939722196,AAFejmk4AOWGex-cDVm7ikg3,BQ032-O1 / ZX2212,Custom Logo Regular Fit Knit Lace-Up Casual Walking Shoes Large Size OEM ODM Private Label Footwear Supplier Model ZX2212,approved,Y,4,https://sc04.alicdn.com/kf/S15ea80756da04a78bd307425854d28e1T.jpg,320,320,0.7375,0.3325,0.2452,0.1607,,,HEURISTIC_PASS,C:\Users\spq\Desktop\贝强\02_Alibaba运营\01_店铺与全店诊断\全量商品审查_2026-09-04\全六图视觉二次审计_2026-09-04\cache\b2daef934e21319d9d4c2e307c55dee46279876e.jpg
36,1601939722196,AAFejmk4AOWGex-cDVm7ikg3,BQ032-O1 / ZX2212,Custom Logo Regular Fit Knit Lace-Up Casual Walking Shoes Large Size OEM ODM Private Label Footwear Supplier Model ZX2212,approved,Y,5,https://sc04.alicdn.com/kf/S8228e04afb954ec8a76477485240ec3cT.jpg,320,320,0.8025,0.36,0.2889,0.1933,,,HEURISTIC_PASS,C:\Users\spq\Desktop\贝强\02_Alibaba运营\01_店铺与全店诊断\全量商品审查_2026-09-04\全六图视觉二次审计_2026-09-04\cache\16cf09b8cbb2920d23b0b5b5e66aa652b617fe03.jpg
36,1601939722196,AAFejmk4AOWGex-cDVm7ikg3,BQ032-O1 / ZX2212,Custom Logo Regular Fit Knit Lace-Up Casual Walking Shoes Large Size OEM ODM Private Label Footwear Supplier Model ZX2212,approved,Y,6,https://sc04.alicdn.com/kf/Sb18aca7d61d54e3e85deba2f50b17408L.jpg,320,320,0.7525,0.3725,0.2803,0.2113,,,HEURISTIC_PASS,C:\Users\spq\Desktop\贝强\02_Alibaba运营\01_店铺与全店诊断\全量商品审查_2026-09-04\全六图视觉二次审计_2026-09-04\cache\36f7b64a996e11ee54fd0af0792d3970e9c1bbcb.jpg
37,1601939693331,AAGqjmk4AOWGex-cDVm7jdjw,BQ031-W1 / ZX2116,Wholesale Wide Toe Box Knit Lace-Up Walking Shoes Large Size Factory Supply Model ZX2116,approved,Y,1,https://sc04.alicdn.com/kf/S1f966b8e448444349ed38518718a73f3P.jpg,320,320,0.82,0.3925,0.3219,0.2166,P0_LOW_HERO_OCCUPANCY,,HEURISTIC_PASS,C:\Users\spq\Desktop\贝强\02_Alibaba运营\01_店铺与全店诊断\全量商品审查_2026-09-04\全六图视觉二次审计_2026-09-04\cache\3629268a77025eb06316736c28d2557d0598fe98.jpg
37,1601939693331,AAGqjmk4AOWGex-cDVm7jdjw,BQ031-W1 / ZX2116,Wholesale Wide Toe Box Knit Lace-Up Walking Shoes Large Size Factory Supply Model ZX2116,approved,Y,2,https://sc04.alicdn.com/kf/S496e6a95e7ff4bce993140c3a0317897f.jpg,320,320,0.76,0.3675,0.2793,0.1815,,,HEURISTIC_PASS,C:\Users\spq\Desktop\贝强\02_Alibaba运营\01_店铺与全店诊断\全量商品审查_2026-09-04\全六图视觉二次审计_2026-09-04\cache\e367f819aedb40303de9a5fdd55c3da35a82c8b9.jpg
37,1601939693331,AAGqjmk4AOWGex-cDVm7jdjw,BQ031-W1 / ZX2116,Wholesale Wide Toe Box Knit Lace-Up Walking Shoes Large Size Factory Supply Model ZX2116,approved,Y,3,https://sc04.alicdn.com/kf/S9146b3d87f704c46a26df9c4ec6554e72.jpg,320,320,0.79,0.385,0.3041,0.199,,,HEURISTIC_PASS,C:\Users\spq\Desktop\贝强\02_Alibaba运营\01_店铺与全店诊断\全量商品审查_2026-09-04\全六图视觉二次审计_2026-09-04\cache\b9c6398267d31e095501486eec80620341d734ad.jpg
37,1601939693331,AAGqjmk4AOWGex-cDVm7jdjw,BQ031-W1 / ZX2116,Wholesale Wide Toe Box Knit Lace-Up Walking Shoes Large Size Factory Supply Model ZX2116,approved,Y,4,https://sc04.alicdn.com/kf/S6f261530fc694642a5a5ea927ab49aa9r.jpg,320,320,0.735,0.3575,0.2628,0.1714,,,HEURISTIC_PASS,C:\Users\spq\Desktop\贝强\02_Alibaba运营\01_店铺与全店诊断\全量商品审查_2026-09-04\全六图视觉二次审计_2026-09-04\cache\eb7448a8a6469f214e94f14bed26afa97fdbac03.jpg
37,1601939693331,AAGqjmk4AOWGex-cDVm7jdjw,BQ031-W1 / ZX2116,Wholesale Wide Toe Box Knit Lace-Up Walking Shoes Large Size Factory Supply Model ZX2116,approved,Y,5,https://sc04.alicdn.com/kf/S2a23020ac16e4af199292ce3ee9f971cJ.jpg,320,320,0.8,0.325,0.26,0.1566,,,HEURISTIC_PASS,C:\Users\spq\Desktop\贝强\02_Alibaba运营\01_店铺与全店诊断\全量商品审查_2026-09-04\全六图视觉二次审计_2026-09-04\cache\f50cdfae49274daa9c4557a90b410e9671b628c2.jpg
37,1601939693331,AAGqjmk4AOWGex-cDVm7jdjw,BQ031-W1 / ZX2116,Wholesale Wide Toe Box Knit Lace-Up Walking Shoes Large Size Factory Supply Model ZX2116,approved,Y,6,https://sc04.alicdn.com/kf/Sc2fec41c5a3547b9af3340b4c165854fI.jpg,320,320,0.75,0.4,0.3,0.2037,,,HEURISTIC_PASS,C:\Users\spq\Desktop\贝强\02_Alibaba运营\01_店铺与全店诊断\全量商品审查_2026-09-04\全六图视觉二次审计_2026-09-04\cache\7b86f690ce34f9e59146d1439a3487295bb0d2bb.jpg
38,1601939667426,AAFhjmk4AOWGex-cDVm7jX4B,BQ031-R1 / ZX2116,Wide Toe Box Knit Lace-Up Walking Shoes Large Size for Wide Fit Daily Walking Model ZX2116,approved,Y,1,https://sc04.alicdn.com/kf/S1c996f7849634717932581493a6a7d95m.jpg,320,320,0.82,0.4,0.328,0.2069,P0_LOW_HERO_OCCUPANCY,,HEURISTIC_PASS,C:\Users\spq\Desktop\贝强\02_Alibaba运营\01_店铺与全店诊断\全量商品审查_2026-09-04\全六图视觉二次审计_2026-09-04\cache\e6cf6dc807965cc88e182935ecb24954d5b7a4e5.jpg
38,1601939667426,AAFhjmk4AOWGex-cDVm7jX4B,BQ031-R1 / ZX2116,Wide Toe Box Knit Lace-Up Walking Shoes Large Size for Wide Fit Daily Walking Model ZX2116,approved,Y,2,https://sc04.alicdn.com/kf/S8c492c0e49b04c7da0a389b06ad13bf01.jpg,320,320,0.76,0.3675,0.2793,0.1719,,,HEURISTIC_PASS,C:\Users\spq\Desktop\贝强\02_Alibaba运营\01_店铺与全店诊断\全量商品审查_2026-09-04\全六图视觉二次审计_2026-09-04\cache\f8e1e03ac8f9b2f2c495427bbdba7747fa427832.jpg
38,1601939667426,AAFhjmk4AOWGex-cDVm7jX4B,BQ031-R1 / ZX2116,Wide Toe Box Knit Lace-Up Walking Shoes Large Size for Wide Fit Daily Walking Model ZX2116,approved,Y,3,https://sc04.alicdn.com/kf/S3cb5b47e32284e7b8f6f3bef1ce912ef7.jpg,320,320,0.7925,0.3225,0.2556,0.1531,,,HEURISTIC_PASS,C:\Users\spq\Desktop\贝强\02_Alibaba运营\01_店铺与全店诊断\全量商品审查_2026-09-04\全六图视觉二次审计_2026-09-04\cache\9063e75f5ab360b4af8b92f2d94519b9dc0e85c1.jpg
38,1601939667426,AAFhjmk4AOWGex-cDVm7jX4B,BQ031-R1 / ZX2116,Wide Toe Box Knit Lace-Up Walking Shoes Large Size for Wide Fit Daily Walking Model ZX2116,approved,Y,4,https://sc04.alicdn.com/kf/Sc546543ec77c46359035b53059a116a8X.jpg,320,320,0.735,0.3925,0.2885,0.1955,,,HEURISTIC_PASS,C:\Users\spq\Desktop\贝强\02_Alibaba运营\01_店铺与全店诊断\全量商品审查_2026-09-04\全六图视觉二次审计_2026-09-04\cache\aa9ba7370f055340e5b9b98bea1349a7b2b28996.jpg
38,1601939667426,AAFhjmk4AOWGex-cDVm7jX4B,BQ031-R1 / ZX2116,Wide Toe Box Knit Lace-Up Walking Shoes Large Size for Wide Fit Daily Walking Model ZX2116,approved,Y,5,https://sc04.alicdn.com/kf/Sc386571e4f2949a1b92d09d428e6cebep.jpg,320,320,0.8025,0.3825,0.307,0.206,,,HEURISTIC_PASS,C:\Users\spq\Desktop\贝强\02_Alibaba运营\01_店铺与全店诊断\全量商品审查_2026-09-04\全六图视觉二次审计_2026-09-04\cache\f47dd9db6134d5f775f84427e81bf1baac30f14d.jpg
38,1601939667426,AAFhjmk4AOWGex-cDVm7jX4B,BQ031-R1 / ZX2116,Wide Toe Box Knit Lace-Up Walking Shoes Large Size for Wide Fit Daily Walking Model ZX2116,approved,Y,6,https://sc04.alicdn.com/kf/Sff3ad6fb10744301910ad4393fb2c5f6g.jpg,320,320,0.7475,0.3625,0.271,0.1558,,,HEURISTIC_PASS,C:\Users\spq\Desktop\贝强\02_Alibaba运营\01_店铺与全店诊断\全量商品审查_2026-09-04\全六图视觉二次审计_2026-09-04\cache\de843036d4688727de26444ea1f8e00fcaec40e9.jpg
39,1601939672381,AAHKjmk4AOWGex-cDVm7jYre,BQ030-W1 / A811,Wholesale Kids Knit Lace-Up Walking Shoes Factory Supply Model A811,approved,Y,1,https://sc04.alicdn.com/kf/S1f8c34ec59fb44f9b697521a5624f72e1.jpg,320,320,0.82,0.455,0.3731,0.2403,P0_LOW_HERO_OCCUPANCY,,HEURISTIC_PASS,C:\Users\spq\Desktop\贝强\02_Alibaba运营\01_店铺与全店诊断\全量商品审查_2026-09-04\全六图视觉二次审计_2026-09-04\cache\b6a191cc00ec5e3def5badc524227db61ff50bcd.jpg
39,1601939672381,AAHKjmk4AOWGex-cDVm7jYre,BQ030-W1 / A811,Wholesale Kids Knit Lace-Up Walking Shoes Factory Supply Model A811,approved,Y,2,https://sc04.alicdn.com/kf/S900cb4819e2342b6be41ef503daab7b9P.jpg,320,320,0.76,0.45,0.342,0.1724,,,HEURISTIC_PASS,C:\Users\spq\Desktop\贝强\02_Alibaba运营\01_店铺与全店诊断\全量商品审查_2026-09-04\全六图视觉二次审计_2026-09-04\cache\91e9372c0ccba1479b96fda92854c4f0be5ea57a.jpg
39,1601939672381,AAHKjmk4AOWGex-cDVm7jYre,BQ030-W1 / A811,Wholesale Kids Knit Lace-Up Walking Shoes Factory Supply Model A811,approved,Y,3,https://sc04.alicdn.com/kf/S7e6018a8b49d4bd6b4fac34cd17183ffR.jpg,320,320,0.79,0.4425,0.3496,0.2199,,,HEURISTIC_PASS,C:\Users\spq\Desktop\贝强\02_Alibaba运营\01_店铺与全店诊断\全量商品审查_2026-09-04\全六图视觉二次审计_2026-09-04\cache\6e8c71cc66ccb5367a3bc0e3acd2607ac3dbf33a.jpg
39,1601939672381,AAHKjmk4AOWGex-cDVm7jYre,BQ030-W1 / A811,Wholesale Kids Knit Lace-Up Walking Shoes Factory Supply Model A811,approved,Y,4,https://sc04.alicdn.com/kf/S0f2fb914116344f2acd1799f5a196c8br.jpg,320,320,0.7325,0.295,0.2161,0.1771,,,HEURISTIC_PASS,C:\Users\spq\Desktop\贝强\02_Alibaba运营\01_店铺与全店诊断\全量商品审查_2026-09-04\全六图视觉二次审计_2026-09-04\cache\1264d7a576973a50656a32cfa331ef46196d0c28.jpg
39,1601939672381,AAHKjmk4AOWGex-cDVm7jYre,BQ030-W1 / A811,Wholesale Kids Knit Lace-Up Walking Shoes Factory Supply Model A811,approved,Y,5,https://sc04.alicdn.com/kf/Saea5188816534c17995057ab0769857c7.jpg,320,320,0.775,0.6775,0.5251,0.3122,,,HEURISTIC_PASS,C:\Users\spq\Desktop\贝强\02_Alibaba运营\01_店铺与全店诊断\全量商品审查_2026-09-04\全六图视觉二次审计_2026-09-04\cache\9785e568abe6cf92410f8c0048ca9e17d1122275.jpg
39,1601939672381,AAHKjmk4AOWGex-cDVm7jYre,BQ030-W1 / A811,Wholesale Kids Knit Lace-Up Walking Shoes Factory Supply Model A811,approved,Y,6,https://sc04.alicdn.com/kf/Sff3de3a3639845668d39fe83b772708cb.jpg,320,320,0.75,0.6475,0.4856,0.2993,,,HEURISTIC_PASS,C:\Users\spq\Desktop\贝强\02_Alibaba运营\01_店铺与全店诊断\全量商品审查_2026-09-04\全六图视觉二次审计_2026-09-04\cache\6029212e0cc9d32d9976f671ed0eb915ef2b0290.jpg
40,1601939679363,AAHxjmk4AOWGex-cDVm7ja9g,BQ030-R1 / A811,Kids Knit Lace-Up Walking Shoes for Kids School and Daily Walking Model A811,approved,Y,1,https://sc04.alicdn.com/kf/Se6f7a88bf0814211a0583bce9bbb684ef.jpg,320,320,0.8175,0.455,0.372,0.2147,P0_LOW_HERO_OCCUPANCY,,HEURISTIC_PASS,C:\Users\spq\Desktop\贝强\02_Alibaba运营\01_店铺与全店诊断\全量商品审查_2026-09-04\全六图视觉二次审计_2026-09-04\cache\6ec059ec8649fac6874c2c6d67d16a9cff14c5d9.jpg
40,1601939679363,AAHxjmk4AOWGex-cDVm7ja9g,BQ030-R1 / A811,Kids Knit Lace-Up Walking Shoes for Kids School and Daily Walking Model A811,approved,Y,2,https://sc04.alicdn.com/kf/S9b4f7a7807e04a85867a51b5b95030ad0.jpg,320,320,0.755,0.3,0.2265,0.1818,,,HEURISTIC_PASS,C:\Users\spq\Desktop\贝强\02_Alibaba运营\01_店铺与全店诊断\全量商品审查_2026-09-04\全六图视觉二次审计_2026-09-04\cache\b102636c749fbc8eea7383f95fbcabea15bfb0d4.jpg
40,1601939679363,AAHxjmk4AOWGex-cDVm7ja9g,BQ030-R1 / A811,Kids Knit Lace-Up Walking Shoes for Kids School and Daily Walking Model A811,approved,Y,3,https://sc04.alicdn.com/kf/Sca86af5fbb044202862de8f9bb81dbfdw.jpg,320,320,0.7625,0.67,0.5109,0.2623,,,HEURISTIC_PASS,C:\Users\spq\Desktop\贝强\02_Alibaba运营\01_店铺与全店诊断\全量商品审查_2026-09-04\全六图视觉二次审计_2026-09-04\cache\e12d4cab96904238b292fbe2f52f7558f9a7a937.jpg
40,1601939679363,AAHxjmk4AOWGex-cDVm7ja9g,BQ030-R1 / A811,Kids Knit Lace-Up Walking Shoes for Kids School and Daily Walking Model A811,approved,Y,4,https://sc04.alicdn.com/kf/S46ffa9ba099d40018ebfdd806c04ada5o.jpg,320,320,0.7375,0.635,0.4683,0.2441,,,HEURISTIC_PASS,C:\Users\spq\Desktop\贝强\02_Alibaba运营\01_店铺与全店诊断\全量商品审查_2026-09-04\全六图视觉二次审计_2026-09-04\cache\c8acb152d312330ceb8de8a4a5740b36a6be71dd.jpg
40,1601939679363,AAHxjmk4AOWGex-cDVm7ja9g,BQ030-R1 / A811,Kids Knit Lace-Up Walking Shoes for Kids School and Daily Walking Model A811,approved,Y,5,https://sc04.alicdn.com/kf/S733b351aed1f49579a131788e45ded1dV.jpg,320,320,0.7975,0.445,0.3549,0.2155,,,HEURISTIC_PASS,C:\Users\spq\Desktop\贝强\02_Alibaba运营\01_店铺与全店诊断\全量商品审查_2026-09-04\全六图视觉二次审计_2026-09-04\cache\2820f1fee3903e40c39cf7be2ce3522d42044283.jpg
40,1601939679363,AAHxjmk4AOWGex-cDVm7ja9g,BQ030-R1 / A811,Kids Knit Lace-Up Walking Shoes for Kids School and Daily Walking Model A811,approved,Y,6,https://sc04.alicdn.com/kf/S6353a3332d34418fa9968f46cfd06088y.jpg,320,320,0.75,0.4425,0.3319,0.1531,,,HEURISTIC_PASS,C:\Users\spq\Desktop\贝强\02_Alibaba运营\01_店铺与全店诊断\全量商品审查_2026-09-04\全六图视觉二次审计_2026-09-04\cache\74e7f6b7a294c2b188509ca4a1c7f816642e0b25.jpg
41,1601939749045,AAH0jmk4AOWGex-cDVm7ir9W,BQ029-W1 / A025,Wholesale High Top Knit Slip-On Walking Shoes Factory Supply Model A025,approved,Y,1,https://sc04.alicdn.com/kf/S716722739cef479e8c693350a381d7fa9.jpg,320,320,0.8175,0.555,0.4537,0.2454,,,HEURISTIC_PASS,C:\Users\spq\Desktop\贝强\02_Alibaba运营\01_店铺与全店诊断\全量商品审查_2026-09-04\全六图视觉二次审计_2026-09-04\cache\444f24dc6f6e915b55047d052b7117a99626e836.jpg
41,1601939749045,AAH0jmk4AOWGex-cDVm7ir9W,BQ029-W1 / A025,Wholesale High Top Knit Slip-On Walking Shoes Factory Supply Model A025,approved,Y,2,https://sc04.alicdn.com/kf/S00da287ac46142d2a8372cca4b775723n.jpg,320,320,0.76,0.5725,0.4351,0.2499,,,HEURISTIC_PASS,C:\Users\spq\Desktop\贝强\02_Alibaba运营\01_店铺与全店诊断\全量商品审查_2026-09-04\全六图视觉二次审计_2026-09-04\cache\e5d8fea1703d91f6952474d68a14fe7ede9b7996.jpg
41,1601939749045,AAH0jmk4AOWGex-cDVm7ir9W,BQ029-W1 / A025,Wholesale High Top Knit Slip-On Walking Shoes Factory Supply Model A025,approved,Y,3,https://sc04.alicdn.com/kf/S58782a1a3c33409e877f268d952050dba.jpg,320,320,0.77,0.67,0.5159,0.2851,,,HEURISTIC_PASS,C:\Users\spq\Desktop\贝强\02_Alibaba运营\01_店铺与全店诊断\全量商品审查_2026-09-04\全六图视觉二次审计_2026-09-04\cache\9f23a31732dbe40f4b49757f565ce8773e4f096e.jpg
41,1601939749045,AAH0jmk4AOWGex-cDVm7ir9W,BQ029-W1 / A025,Wholesale High Top Knit Slip-On Walking Shoes Factory Supply Model A025,approved,Y,4,https://sc04.alicdn.com/kf/S9fe542c79c6b40518b16c448c32a2745F.jpg,320,320,0.7375,0.6075,0.448,0.23,,,HEURISTIC_PASS,C:\Users\spq\Desktop\贝强\02_Alibaba运营\01_店铺与全店诊断\全量商品审查_2026-09-04\全六图视觉二次审计_2026-09-04\cache\06038db933092f6129fa2f16248cbce3f4524262.jpg
41,1601939749045,AAH0jmk4AOWGex-cDVm7ir9W,BQ029-W1 / A025,Wholesale High Top Knit Slip-On Walking Shoes Factory Supply Model A025,approved,Y,5,https://sc04.alicdn.com/kf/S4fa4db9dc18e4f7d88e60234f8770af3a.jpg,320,320,0.78,0.68,0.5304,0.2924,,,HEURISTIC_PASS,C:\Users\spq\Desktop\贝强\02_Alibaba运营\01_店铺与全店诊断\全量商品审查_2026-09-04\全六图视觉二次审计_2026-09-04\cache\0ea10babe3fd5ff5862fcdc41dbbabf0356ed8ca.jpg
41,1601939749045,AAH0jmk4AOWGex-cDVm7ir9W,BQ029-W1 / A025,Wholesale High Top Knit Slip-On Walking Shoes Factory Supply Model A025,approved,Y,6,https://sc04.alicdn.com/kf/Sce06302f8e2447d980f48a1ff192f42as.jpg,320,320,0.7525,0.62,0.4666,0.239,,,HEURISTIC_PASS,C:\Users\spq\Desktop\贝强\02_Alibaba运营\01_店铺与全店诊断\全量商品审查_2026-09-04\全六图视觉二次审计_2026-09-04\cache\93f5698181dde15cc13c3d9a0e3ff2fc7620c5cd.jpg
42,1601939615744,AAH7jmk4AOWGex-cDVm7jLfj,BQ030-O1 / A811,Custom Logo Kids Knit Lace-Up Walking Shoes OEM ODM Private Label Footwear Supplier Model A811,approved,Y,1,https://sc04.alicdn.com/kf/S2d7798ce7e974e94ac02f9ff94a1e5f2s.jpg,320,320,0.7775,0.68,0.5287,0.271,,,HEURISTIC_PASS,C:\Users\spq\Desktop\贝强\02_Alibaba运营\01_店铺与全店诊断\全量商品审查_2026-09-04\全六图视觉二次审计_2026-09-04\cache\89478c6bff50123344302577c848ec86f6efbab2.jpg
42,1601939615744,AAH7jmk4AOWGex-cDVm7jLfj,BQ030-O1 / A811,Custom Logo Kids Knit Lace-Up Walking Shoes OEM ODM Private Label Footwear Supplier Model A811,approved,Y,2,https://sc04.alicdn.com/kf/S0354c5127453443f8f324c73f830644aC.jpg,320,320,0.7625,0.66,0.5032,0.2607,,,HEURISTIC_PASS,C:\Users\spq\Desktop\贝强\02_Alibaba运营\01_店铺与全店诊断\全量商品审查_2026-09-04\全六图视觉二次审计_2026-09-04\cache\5168dec2f66600cc7d27ca64cd35b551ba5043c5.jpg
42,1601939615744,AAH7jmk4AOWGex-cDVm7jLfj,BQ030-O1 / A811,Custom Logo Kids Knit Lace-Up Walking Shoes OEM ODM Private Label Footwear Supplier Model A811,approved,Y,3,https://sc04.alicdn.com/kf/Sfa3beb63a9dd4823b9f4d3de35baaeb31.jpg,320,320,0.7875,0.44,0.3465,0.2118,,,HEURISTIC_PASS,C:\Users\spq\Desktop\贝强\02_Alibaba运营\01_店铺与全店诊断\全量商品审查_2026-09-04\全六图视觉二次审计_2026-09-04\cache\097c990ccf803dc0c32872f9194d3c8b33114dbd.jpg
42,1601939615744,AAH7jmk4AOWGex-cDVm7jLfj,BQ030-O1 / A811,Custom Logo Kids Knit Lace-Up Walking Shoes OEM ODM Private Label Footwear Supplier Model A811,approved,Y,4,https://sc04.alicdn.com/kf/S82cce3f11bc4410183fa57dabe9cb727K.jpg,320,320,0.735,0.435,0.3197,0.149,,,HEURISTIC_PASS,C:\Users\spq\Desktop\贝强\02_Alibaba运营\01_店铺与全店诊断\全量商品审查_2026-09-04\全六图视觉二次审计_2026-09-04\cache\54792f8b62de80392454a3c413c484d8140ef39b.jpg
42,1601939615744,AAH7jmk4AOWGex-cDVm7jLfj,BQ030-O1 / A811,Custom Logo Kids Knit Lace-Up Walking Shoes OEM ODM Private Label Footwear Supplier Model A811,approved,Y,5,https://sc04.alicdn.com/kf/Sc76d26c52b234ce58917edd0a93d30c6l.jpg,320,320,0.795,0.4475,0.3558,0.2067,,,HEURISTIC_PASS,C:\Users\spq\Desktop\贝强\02_Alibaba运营\01_店铺与全店诊断\全量商品审查_2026-09-04\全六图视觉二次审计_2026-09-04\cache\50388fde54f791fd22a1b0084414feb665da188e.jpg
42,1601939615744,AAH7jmk4AOWGex-cDVm7jLfj,BQ030-O1 / A811,Custom Logo Kids Knit Lace-Up Walking Shoes OEM ODM Private Label Footwear Supplier Model A811,approved,Y,6,https://sc04.alicdn.com/kf/S37dacb7518d0405cba50a905754b4299V.jpg,320,320,0.7475,0.3,0.2243,0.178,,,HEURISTIC_PASS,C:\Users\spq\Desktop\贝强\02_Alibaba运营\01_店铺与全店诊断\全量商品审查_2026-09-04\全六图视觉二次审计_2026-09-04\cache\3a6d71de338948d528109ed8ff1be376ed547b4c.jpg
43,1601939607770,AAExjmk4AOWGex-cDVm7jJc5,BQ029-R1 / A025,High Top Knit Slip-On Walking Shoes for Autumn Winter Casual Walking Model A025,approved,Y,1,https://sc04.alicdn.com/kf/S2493e32677334553bc9c0356f9379316i.jpg,320,320,0.7825,0.68,0.5321,0.2944,,,HEURISTIC_PASS,C:\Users\spq\Desktop\贝强\02_Alibaba运营\01_店铺与全店诊断\全量商品审查_2026-09-04\全六图视觉二次审计_2026-09-04\cache\cf522be3eb9ce5d34729957a966f25d13dd52d2f.jpg
43,1601939607770,AAExjmk4AOWGex-cDVm7jJc5,BQ029-R1 / A025,High Top Knit Slip-On Walking Shoes for Autumn Winter Casual Walking Model A025,approved,Y,2,https://sc04.alicdn.com/kf/S2f913999da7a406b92af0293c9952676r.jpg,320,320,0.7625,0.63,0.4804,0.2458,,,HEURISTIC_PASS,C:\Users\spq\Desktop\贝强\02_Alibaba运营\01_店铺与全店诊断\全量商品审查_2026-09-04\全六图视觉二次审计_2026-09-04\cache\399423e7f26fa108b3113d164ff21c186feb2b98.jpg
43,1601939607770,AAExjmk4AOWGex-cDVm7jJc5,BQ029-R1 / A025,High Top Knit Slip-On Walking Shoes for Autumn Winter Casual Walking Model A025,approved,Y,3,https://sc04.alicdn.com/kf/S8eaa3867feea4fabb4814de1f2eff5fdO.jpg,320,320,0.7675,0.6725,0.5161,0.2851,,,HEURISTIC_PASS,C:\Users\spq\Desktop\贝强\02_Alibaba运营\01_店铺与全店诊断\全量商品审查_2026-09-04\全六图视觉二次审计_2026-09-04\cache\0ff0082fdec82f1e903ac5dea1da71dacb7e528d.jpg
43,1601939607770,AAExjmk4AOWGex-cDVm7jJc5,BQ029-R1 / A025,High Top Knit Slip-On Walking Shoes for Autumn Winter Casual Walking Model A025,approved,Y,4,https://sc04.alicdn.com/kf/S528a1365d53848b1bc6ebb08b79a36c8s.jpg,320,320,0.7375,0.61,0.4499,0.2304,,,HEURISTIC_PASS,C:\Users\spq\Desktop\贝强\02_Alibaba运营\01_店铺与全店诊断\全量商品审查_2026-09-04\全六图视觉二次审计_2026-09-04\cache\b39af6520d9d2fcb5021bc6f47593178a66fc077.jpg
43,1601939607770,AAExjmk4AOWGex-cDVm7jJc5,BQ029-R1 / A025,High Top Knit Slip-On Walking Shoes for Autumn Winter Casual Walking Model A025,approved,Y,5,https://sc04.alicdn.com/kf/Sb3812e33f4174a0c928cbc268cb5986ap.jpg,320,320,0.8,0.5425,0.434,0.234,,,HEURISTIC_PASS,C:\Users\spq\Desktop\贝强\02_Alibaba运营\01_店铺与全店诊断\全量商品审查_2026-09-04\全六图视觉二次审计_2026-09-04\cache\bd3cb51a733e1097cc757ccb9fc7c97f92e76a86.jpg
43,1601939607770,AAExjmk4AOWGex-cDVm7jJc5,BQ029-R1 / A025,High Top Knit Slip-On Walking Shoes for Autumn Winter Casual Walking Model A025,approved,Y,6,https://sc04.alicdn.com/kf/S79a67ee533c240b99ca691bc73943cbay.jpg,320,320,0.7525,0.56,0.4214,0.2431,,,HEURISTIC_PASS,C:\Users\spq\Desktop\贝强\02_Alibaba运营\01_店铺与全店诊断\全量商品审查_2026-09-04\全六图视觉二次审计_2026-09-04\cache\a493a16a6dbb9b10de49923ba4ef34dbea599d7d.jpg
44,1601939721228,AAEZjmk4AOWGex-cDVm7ikvv,BQ029-O1 / A025,Custom Logo High Top Knit Slip-On Walking Shoes OEM ODM Private Label Footwear Supplier Model A025,approved,Y,1,https://sc04.alicdn.com/kf/Sf364c6fd585d4c00bad63b289a856b6fI.jpg,320,320,0.7825,0.6825,0.5341,0.2949,,,HEURISTIC_PASS,C:\Users\spq\Desktop\贝强\02_Alibaba运营\01_店铺与全店诊断\全量商品审查_2026-09-04\全六图视觉二次审计_2026-09-04\cache\68001f87ba7d5a301993c415ca8e25c7bd1dc2cf.jpg
44,1601939721228,AAEZjmk4AOWGex-cDVm7ikvv,BQ029-O1 / A025,Custom Logo High Top Knit Slip-On Walking Shoes OEM ODM Private Label Footwear Supplier Model A025,approved,Y,2,https://sc04.alicdn.com/kf/S22052a71bf2048ae9e234c1326348836b.jpg,320,320,0.7625,0.6325,0.4823,0.2471,,,HEURISTIC_PASS,C:\Users\spq\Desktop\贝强\02_Alibaba运营\01_店铺与全店诊断\全量商品审查_2026-09-04\全六图视觉二次审计_2026-09-04\cache\21c6a0924ad16be3affb0bac1a4594d7849324da.jpg
44,1601939721228,AAEZjmk4AOWGex-cDVm7ikvv,BQ029-O1 / A025,Custom Logo High Top Knit Slip-On Walking Shoes OEM ODM Private Label Footwear Supplier Model A025,approved,Y,3,https://sc04.alicdn.com/kf/Se23700b9bded4c74bf30262495e44105s.jpg,320,320,0.79,0.5375,0.4246,0.2296,,,HEURISTIC_PASS,C:\Users\spq\Desktop\贝强\02_Alibaba运营\01_店铺与全店诊断\全量商品审查_2026-09-04\全六图视觉二次审计_2026-09-04\cache\5bff2e0430e080c6dea8597cbbbf957121b8577c.jpg
44,1601939721228,AAEZjmk4AOWGex-cDVm7ikvv,BQ029-O1 / A025,Custom Logo High Top Knit Slip-On Walking Shoes OEM ODM Private Label Footwear Supplier Model A025,approved,Y,4,https://sc04.alicdn.com/kf/Sf6ca6eb8452d4cc59671eee59e606890K.jpg,320,320,0.7375,0.5525,0.4075,0.2346,,,HEURISTIC_PASS,C:\Users\spq\Desktop\贝强\02_Alibaba运营\01_店铺与全店诊断\全量商品审查_2026-09-04\全六图视觉二次审计_2026-09-04\cache\4b96d80a64339adc626725cbd80d596d12b7c743.jpg
44,1601939721228,AAEZjmk4AOWGex-cDVm7ikvv,BQ029-O1 / A025,Custom Logo High Top Knit Slip-On Walking Shoes OEM ODM Private Label Footwear Supplier Model A025,approved,Y,5,https://sc04.alicdn.com/kf/S355645e4b9f9497cbeced0d879f280002.jpg,320,320,0.7825,0.68,0.5321,0.2954,,,HEURISTIC_PASS,C:\Users\spq\Desktop\贝强\02_Alibaba运营\01_店铺与全店诊断\全量商品审查_2026-09-04\全六图视觉二次审计_2026-09-04\cache\d7610d4287808476781248b8185e2a017103349e.jpg
44,1601939721228,AAEZjmk4AOWGex-cDVm7ikvv,BQ029-O1 / A025,Custom Logo High Top Knit Slip-On Walking Shoes OEM ODM Private Label Footwear Supplier Model A025,approved,Y,6,https://sc04.alicdn.com/kf/Sb17c688e42cb47ffac5f4f78c7f08c23g.jpg,320,320,0.7525,0.6225,0.4684,0.2409,,,HEURISTIC_PASS,C:\Users\spq\Desktop\贝强\02_Alibaba运营\01_店铺与全店诊断\全量商品审查_2026-09-04\全六图视觉二次审计_2026-09-04\cache\26e007c0033b6a304313c5a9f3211145b615f91f.jpg
45,1601939720204,AAEdjmk4AOWGex-cDVm7ik_v,BQ028-W1 / BISCUIT,Wholesale Knit Slip-On Biscuit Sole Casual Walking Shoes Factory Supply Model BISCUIT,approved,Y,1,https://sc04.alicdn.com/kf/S9b94962d041f4cf6b9b6a9ad6b38e29dv.jpg,320,320,0.82,0.3775,0.3095,0.1635,P0_LOW_HERO_OCCUPANCY,,HEURISTIC_PASS,C:\Users\spq\Desktop\贝强\02_Alibaba运营\01_店铺与全店诊断\全量商品审查_2026-09-04\全六图视觉二次审计_2026-09-04\cache\737324ddc1c096180f4de3c42e92858a1c1f56cf.jpg
45,1601939720204,AAEdjmk4AOWGex-cDVm7ik_v,BQ028-W1 / BISCUIT,Wholesale Knit Slip-On Biscuit Sole Casual Walking Shoes Factory Supply Model BISCUIT,approved,Y,2,https://sc04.alicdn.com/kf/Sfda583a996bb4b60bf0470b55dbca80fo.jpg,320,320,0.76,0.315,0.2394,0.1425,,,HEURISTIC_PASS,C:\Users\spq\Desktop\贝强\02_Alibaba运营\01_店铺与全店诊断\全量商品审查_2026-09-04\全六图视觉二次审计_2026-09-04\cache\ef49c8ab4060026ef409f4f8fb180088ad97c718.jpg
45,1601939720204,AAEdjmk4AOWGex-cDVm7ik_v,BQ028-W1 / BISCUIT,Wholesale Knit Slip-On Biscuit Sole Casual Walking Shoes Factory Supply Model BISCUIT,approved,Y,3,https://sc04.alicdn.com/kf/Sca5ddb160ed5462d8c365875ab96352du.jpg,320,320,0.79,0.36,0.2844,0.176,,,HEURISTIC_PASS,C:\Users\spq\Desktop\贝强\02_Alibaba运营\01_店铺与全店诊断\全量商品审查_2026-09-04\全六图视觉二次审计_2026-09-04\cache\630af42d6cc237f840dd0f489dee6f053c6298db.jpg
45,1601939720204,AAEdjmk4AOWGex-cDVm7ik_v,BQ028-W1 / BISCUIT,Wholesale Knit Slip-On Biscuit Sole Casual Walking Shoes Factory Supply Model BISCUIT,approved,Y,4,https://sc04.alicdn.com/kf/Sdfd3934f26884244b2d1d7f4f96325499.jpg,320,320,0.735,0.3325,0.2444,0.1525,,,HEURISTIC_PASS,C:\Users\spq\Desktop\贝强\02_Alibaba运营\01_店铺与全店诊断\全量商品审查_2026-09-04\全六图视觉二次审计_2026-09-04\cache\c1c4022b1343f9c3731693e9d82b2a69a2123c28.jpg
45,1601939720204,AAEdjmk4AOWGex-cDVm7ik_v,BQ028-W1 / BISCUIT,Wholesale Knit Slip-On Biscuit Sole Casual Walking Shoes Factory Supply Model BISCUIT,approved,Y,5,https://sc04.alicdn.com/kf/S1b7b16f0b5be4f58aa73cee41c4b4be2i.jpg,320,320,0.53,0.6775,0.3591,0.1763,,,HEURISTIC_PASS,C:\Users\spq\Desktop\贝强\02_Alibaba运营\01_店铺与全店诊断\全量商品审查_2026-09-04\全六图视觉二次审计_2026-09-04\cache\73fdffe4edbdeebe5cdcc50dff6c0f530b6bbda5.jpg
45,1601939720204,AAEdjmk4AOWGex-cDVm7ik_v,BQ028-W1 / BISCUIT,Wholesale Knit Slip-On Biscuit Sole Casual Walking Shoes Factory Supply Model BISCUIT,approved,Y,6,https://sc04.alicdn.com/kf/S825317d5001249948fa61d4abd847488B.jpg,320,320,0.6925,0.72,0.4986,0.2595,,,HEURISTIC_PASS,C:\Users\spq\Desktop\贝强\02_Alibaba运营\01_店铺与全店诊断\全量商品审查_2026-09-04\全六图视觉二次审计_2026-09-04\cache\89041d482806a542a7392b9ef78dcb5bf0bad8f7.jpg
46,1601939625627,AAEqjmk4AOWGex-cDVm7jNF4,BQ028-R1 / BISCUIT,Knit Slip-On Biscuit Sole Casual Walking Shoes for Travel Commuting and Daily Wear Model BISCUIT,approved,Y,1,https://sc04.alicdn.com/kf/Sa7c186853aed4728b7ad2149661fb385S.jpg,320,320,0.82,0.37,0.3034,0.1611,P0_LOW_HERO_OCCUPANCY,,HEURISTIC_PASS,C:\Users\spq\Desktop\贝强\02_Alibaba运营\01_店铺与全店诊断\全量商品审查_2026-09-04\全六图视觉二次审计_2026-09-04\cache\1566244537649e4ab18efd7fb614df9df0f168db.jpg
46,1601939625627,AAEqjmk4AOWGex-cDVm7jNF4,BQ028-R1 / BISCUIT,Knit Slip-On Biscuit Sole Casual Walking Shoes for Travel Commuting and Daily Wear Model BISCUIT,approved,Y,2,https://sc04.alicdn.com/kf/S951a3ab1638f4d65a03a158934bde914K.jpg,320,320,0.7625,0.345,0.2631,0.1559,,,HEURISTIC_PASS,C:\Users\spq\Desktop\贝强\02_Alibaba运营\01_店铺与全店诊断\全量商品审查_2026-09-04\全六图视觉二次审计_2026-09-04\cache\ed8d91e45727f8fa39eca8c2070c5fc723ef2463.jpg
46,1601939625627,AAEqjmk4AOWGex-cDVm7jNF4,BQ028-R1 / BISCUIT,Knit Slip-On Biscuit Sole Casual Walking Shoes for Travel Commuting and Daily Wear Model BISCUIT,approved,Y,3,https://sc04.alicdn.com/kf/S8fa23959ea6143beb0674e5764e57858v.jpg,320,320,0.5225,0.6725,0.3514,0.1636,,,HEURISTIC_PASS,C:\Users\spq\Desktop\贝强\02_Alibaba运营\01_店铺与全店诊断\全量商品审查_2026-09-04\全六图视觉二次审计_2026-09-04\cache\90366aa56f28045742c8a429c3114435bf9c8408.jpg
46,1601939625627,AAEqjmk4AOWGex-cDVm7jNF4,BQ028-R1 / BISCUIT,Knit Slip-On Biscuit Sole Casual Walking Shoes for Travel Commuting and Daily Wear Model BISCUIT,approved,Y,4,https://sc04.alicdn.com/kf/S75f61a8c32ed4e1eb0ccb97a3eb78898G.jpg,320,320,0.7125,0.74,0.5272,0.1916,,,HEURISTIC_PASS,C:\Users\spq\Desktop\贝强\02_Alibaba运营\01_店铺与全店诊断\全量商品审查_2026-09-04\全六图视觉二次审计_2026-09-04\cache\b76c877070a958330d6685f8fd9b48309365c955.jpg
46,1601939625627,AAEqjmk4AOWGex-cDVm7jNF4,BQ028-R1 / BISCUIT,Knit Slip-On Biscuit Sole Casual Walking Shoes for Travel Commuting and Daily Wear Model BISCUIT,approved,Y,5,https://sc04.alicdn.com/kf/S0b7bde910b254920b5109d9579b5b49dY.jpg,320,320,0.7975,0.3675,0.2931,0.1004,,,HEURISTIC_PASS,C:\Users\spq\Desktop\贝强\02_Alibaba运营\01_店铺与全店诊断\全量商品审查_2026-09-04\全六图视觉二次审计_2026-09-04\cache\69bfaf1bf90e34aed38bdfd5a3a8e41492d2ee8b.jpg
46,1601939625627,AAEqjmk4AOWGex-cDVm7jNF4,BQ028-R1 / BISCUIT,Knit Slip-On Biscuit Sole Casual Walking Shoes for Travel Commuting and Daily Wear Model BISCUIT,approved,Y,6,https://sc04.alicdn.com/kf/Sa901fcbf16a74b40a7d78cb90fbf71391.jpg,320,320,0.7525,0.31,0.2333,0.1382,,,HEURISTIC_PASS,C:\Users\spq\Desktop\贝强\02_Alibaba运营\01_店铺与全店诊断\全量商品审查_2026-09-04\全六图视觉二次审计_2026-09-04\cache\1b5d7c6aea22944177ce45728fd90ea7821f620e.jpg
47,1601939616762,AAGujmk4AOWGex-cDVm7jLQZ,BQ027-W1 / K6116,Wholesale Knit Lace Detail Casual Walking Shoes Factory Supply Model K6116,approved,Y,1,https://sc04.alicdn.com/kf/Sd22844ef0e374cd998061ead5e5163422.jpg,320,320,0.81,0.46,0.3726,0.2011,P0_LOW_HERO_OCCUPANCY,,HEURISTIC_PASS,C:\Users\spq\Desktop\贝强\02_Alibaba运营\01_店铺与全店诊断\全量商品审查_2026-09-04\全六图视觉二次审计_2026-09-04\cache\f508f5a646453622f3222c0c7ecdf0695187a0ba.jpg
47,1601939616762,AAGujmk4AOWGex-cDVm7jLQZ,BQ027-W1 / K6116,Wholesale Knit Lace Detail Casual Walking Shoes Factory Supply Model K6116,approved,Y,2,https://sc04.alicdn.com/kf/S8d2d8a9efeb74fc6ae6698d5cf7cfb16V.jpg,320,320,0.76,0.435,0.3306,0.2215,,,HEURISTIC_PASS,C:\Users\spq\Desktop\贝强\02_Alibaba运营\01_店铺与全店诊断\全量商品审查_2026-09-04\全六图视觉二次审计_2026-09-04\cache\84e8253a3417c5301c56bfa864c9d61f00df8f07.jpg
47,1601939616762,AAGujmk4AOWGex-cDVm7jLQZ,BQ027-W1 / K6116,Wholesale Knit Lace Detail Casual Walking Shoes Factory Supply Model K6116,approved,Y,3,https://sc04.alicdn.com/kf/S66033eba38a34fd48e443ae3c9fe9506w.jpg,320,320,0.7875,0.525,0.4134,0.259,,,HEURISTIC_PASS,C:\Users\spq\Desktop\贝强\02_Alibaba运营\01_店铺与全店诊断\全量商品审查_2026-09-04\全六图视觉二次审计_2026-09-04\cache\b29d3dcda3285790866a80bae2b8034f154b5efc.jpg
47,1601939616762,AAGujmk4AOWGex-cDVm7jLQZ,BQ027-W1 / K6116,Wholesale Knit Lace Detail Casual Walking Shoes Factory Supply Model K6116,approved,Y,4,https://sc04.alicdn.com/kf/S22ae31332fc6453c89bde94e5a11a3ba0.jpg,320,320,0.7375,0.5525,0.4075,0.297,,,HEURISTIC_PASS,C:\Users\spq\Desktop\贝强\02_Alibaba运营\01_店铺与全店诊断\全量商品审查_2026-09-04\全六图视觉二次审计_2026-09-04\cache\434402e24b2c4ec9afa359bf6aa30605b83733ce.jpg
47,1601939616762,AAGujmk4AOWGex-cDVm7jLQZ,BQ027-W1 / K6116,Wholesale Knit Lace Detail Casual Walking Shoes Factory Supply Model K6116,approved,Y,5,https://sc04.alicdn.com/kf/S051206678842404288a9fda734f1cdd99.jpg,320,320,0.8,0.4625,0.37,0.2393,,,HEURISTIC_PASS,C:\Users\spq\Desktop\贝强\02_Alibaba运营\01_店铺与全店诊断\全量商品审查_2026-09-04\全六图视觉二次审计_2026-09-04\cache\193d3625b19654efa3636b0875fb47559b00b096.jpg
47,1601939616762,AAGujmk4AOWGex-cDVm7jLQZ,BQ027-W1 / K6116,Wholesale Knit Lace Detail Casual Walking Shoes Factory Supply Model K6116,approved,Y,6,https://sc04.alicdn.com/kf/Scfdb4c22d0cf446cbf07e1a9dab0f1d4C.jpg,320,320,0.75,0.46,0.345,0.2107,,,HEURISTIC_PASS,C:\Users\spq\Desktop\贝强\02_Alibaba运营\01_店铺与全店诊断\全量商品审查_2026-09-04\全六图视觉二次审计_2026-09-04\cache\9813aee1a472a818184856ecfc7320b0ba054bad.jpg
48,1601939705262,AAE2jmk4AOWGex-cDVm7igpN,BQ028-O1 / BISCUIT,Custom Logo Knit Slip-On Biscuit Sole Casual Walking Shoes OEM ODM Private Label Footwear Supplier Model BISCUIT,approved,Y,1,https://sc04.alicdn.com/kf/S37ecefa5595d4998a9b687b78fcdcf2dI.jpg,320,320,0.5325,0.6825,0.3634,0.1696,,,HEURISTIC_PASS,C:\Users\spq\Desktop\贝强\02_Alibaba运营\01_店铺与全店诊断\全量商品审查_2026-09-04\全六图视觉二次审计_2026-09-04\cache\4f269a908ec9f20384e9f968a32973b15840cd25.jpg
48,1601939705262,AAE2jmk4AOWGex-cDVm7igpN,BQ028-O1 / BISCUIT,Custom Logo Knit Slip-On Biscuit Sole Casual Walking Shoes OEM ODM Private Label Footwear Supplier Model BISCUIT,approved,Y,2,https://sc04.alicdn.com/kf/S9e0a27285b8d4d47a5afcbcc41b75780e.jpg,320,320,0.6925,0.7225,0.5003,0.1828,,,HEURISTIC_PASS,C:\Users\spq\Desktop\贝强\02_Alibaba运营\01_店铺与全店诊断\全量商品审查_2026-09-04\全六图视觉二次审计_2026-09-04\cache\371d56255f9cacef33647463d2936a2564860d54.jpg
48,1601939705262,AAE2jmk4AOWGex-cDVm7igpN,BQ028-O1 / BISCUIT,Custom Logo Knit Slip-On Biscuit Sole Casual Walking Shoes OEM ODM Private Label Footwear Supplier Model BISCUIT,approved,Y,3,https://sc04.alicdn.com/kf/S6e383596e45b4ab1bac9adc083da419cY.jpg,320,320,0.79,0.365,0.2883,0.0986,,,HEURISTIC_PASS,C:\Users\spq\Desktop\贝强\02_Alibaba运营\01_店铺与全店诊断\全量商品审查_2026-09-04\全六图视觉二次审计_2026-09-04\cache\dd51ea4ca821709bb3e07b54c8570296b0d10597.jpg
48,1601939705262,AAE2jmk4AOWGex-cDVm7igpN,BQ028-O1 / BISCUIT,Custom Logo Knit Slip-On Biscuit Sole Casual Walking Shoes OEM ODM Private Label Footwear Supplier Model BISCUIT,approved,Y,4,https://sc04.alicdn.com/kf/S2cc7310741de41408966984c29d131c4y.jpg,320,320,0.7375,0.3075,0.2268,0.1338,,,HEURISTIC_PASS,C:\Users\spq\Desktop\贝强\02_Alibaba运营\01_店铺与全店诊断\全量商品审查_2026-09-04\全六图视觉二次审计_2026-09-04\cache\c0b6d72c31ae54edbe304fdd313f47243ec18654.jpg
48,1601939705262,AAE2jmk4AOWGex-cDVm7igpN,BQ028-O1 / BISCUIT,Custom Logo Knit Slip-On Biscuit Sole Casual Walking Shoes OEM ODM Private Label Footwear Supplier Model BISCUIT,approved,Y,5,https://sc04.alicdn.com/kf/Sdeeb29142b804682b60645c3fb387defv.jpg,320,320,0.8,0.365,0.292,0.1547,,,HEURISTIC_PASS,C:\Users\spq\Desktop\贝强\02_Alibaba运营\01_店铺与全店诊断\全量商品审查_2026-09-04\全六图视觉二次审计_2026-09-04\cache\52c264c4608c5cb5fb46e78a0845c579bd57f7e7.jpg
48,1601939705262,AAE2jmk4AOWGex-cDVm7igpN,BQ028-O1 / BISCUIT,Custom Logo Knit Slip-On Biscuit Sole Casual Walking Shoes OEM ODM Private Label Footwear Supplier Model BISCUIT,approved,Y,6,https://sc04.alicdn.com/kf/Sfc7e0db105634875953c3e9f40047601J.jpg,320,320,0.75,0.34,0.255,0.1519,,,HEURISTIC_PASS,C:\Users\spq\Desktop\贝强\02_Alibaba运营\01_店铺与全店诊断\全量商品审查_2026-09-04\全六图视觉二次审计_2026-09-04\cache\ac37e04b0fbf3c3535d03219a80098ea9c84a0b3.jpg
49,1601939745065,AAHXjmk4AOWGex-cDVm7iq7K,BQ026-W1 / T5828,Wholesale Knit Lace-Up Walking Shoes Casual Shoes Factory Supply Model T5828,approved,Y,1,https://sc04.alicdn.com/kf/S4f64323e6de545299bf20d9e537afa747.jpg,320,320,0.82,0.375,0.3075,0.1885,P0_LOW_HERO_OCCUPANCY,,HEURISTIC_PASS,C:\Users\spq\Desktop\贝强\02_Alibaba运营\01_店铺与全店诊断\全量商品审查_2026-09-04\全六图视觉二次审计_2026-09-04\cache\f9d5aa5f9001dd9c35496a02beaa6127564157b1.jpg
49,1601939745065,AAHXjmk4AOWGex-cDVm7iq7K,BQ026-W1 / T5828,Wholesale Knit Lace-Up Walking Shoes Casual Shoes Factory Supply Model T5828,approved,Y,2,https://sc04.alicdn.com/kf/Sfb2e630e1e444749b1449e67a319af6eW.jpg,320,320,0.76,0.3525,0.2679,0.1693,,,HEURISTIC_PASS,C:\Users\spq\Desktop\贝强\02_Alibaba运营\01_店铺与全店诊断\全量商品审查_2026-09-04\全六图视觉二次审计_2026-09-04\cache\e406f386058f3b11e653c0cf75f0b9a78a6a8b12.jpg
49,1601939745065,AAHXjmk4AOWGex-cDVm7iq7K,BQ026-W1 / T5828,Wholesale Knit Lace-Up Walking Shoes Casual Shoes Factory Supply Model T5828,approved,Y,3,https://sc04.alicdn.com/kf/S7208b8638f5542b8ac10525f5b4b27c64.jpg,320,320,0.79,0.3975,0.314,0.175,,,HEURISTIC_PASS,C:\Users\spq\Desktop\贝强\02_Alibaba运营\01_店铺与全店诊断\全量商品审查_2026-09-04\全六图视觉二次审计_2026-09-04\cache\7cd757d92ff3c561b7413692215efe191232e7af.jpg
49,1601939745065,AAHXjmk4AOWGex-cDVm7iq7K,BQ026-W1 / T5828,Wholesale Knit Lace-Up Walking Shoes Casual Shoes Factory Supply Model T5828,approved,Y,4,https://sc04.alicdn.com/kf/S08f36663d96f4a2ba3a8c0d4cb656ea7f.jpg,320,320,0.7375,0.3625,0.2673,0.154,,,HEURISTIC_PASS,C:\Users\spq\Desktop\贝强\02_Alibaba运营\01_店铺与全店诊断\全量商品审查_2026-09-04\全六图视觉二次审计_2026-09-04\cache\d0aec8884701b42fdeb09d3d6fb629fa704daeac.jpg
49,1601939745065,AAHXjmk4AOWGex-cDVm7iq7K,BQ026-W1 / T5828,Wholesale Knit Lace-Up Walking Shoes Casual Shoes Factory Supply Model T5828,approved,Y,5,https://sc04.alicdn.com/kf/S0e2b2477282a454fa70c0bea6840f570p.jpg,320,320,0.75,0.6775,0.5081,0.2258,,,HEURISTIC_PASS,C:\Users\spq\Desktop\贝强\02_Alibaba运营\01_店铺与全店诊断\全量商品审查_2026-09-04\全六图视觉二次审计_2026-09-04\cache\68cee49dd92502e7e02c4bd8069e52418da08ce0.jpg
49,1601939745065,AAHXjmk4AOWGex-cDVm7iq7K,BQ026-W1 / T5828,Wholesale Knit Lace-Up Walking Shoes Casual Shoes Factory Supply Model T5828,approved,Y,6,https://sc04.alicdn.com/kf/Sf00c3d9a397a4b7784f2c85a17976e1aL.jpg,320,320,0.75,0.69,0.5175,0.2543,,,HEURISTIC_PASS,C:\Users\spq\Desktop\贝强\02_Alibaba运营\01_店铺与全店诊断\全量商品审查_2026-09-04\全六图视觉二次审计_2026-09-04\cache\1a17515b1be701c00d0aca831e0c527f1215c483.jpg
50,1601939692338,AAGPjmk4AOWGex-cDVm7jdzR,BQ027-R1 / K6116,Knit Lace Detail Casual Walking Shoes for Daily Walking and Casual Wear Model K6116,approved,Y,1,https://sc04.alicdn.com/kf/Sdf81094251c045669db57fc61d6a98afN.jpg,320,320,0.81,0.545,0.4415,0.248,,,HEURISTIC_PASS,C:\Users\spq\Desktop\贝强\02_Alibaba运营\01_店铺与全店诊断\全量商品审查_2026-09-04\全六图视觉二次审计_2026-09-04\cache\7b3771f6a2bb9797843beb7dc32cb543ba690b75.jpg
50,1601939692338,AAGPjmk4AOWGex-cDVm7jdzR,BQ027-R1 / K6116,Knit Lace Detail Casual Walking Shoes for Daily Walking and Casual Wear Model K6116,approved,Y,2,https://sc04.alicdn.com/kf/S645221eeae924c329e26f0af8f28b1c8a.jpg,320,320,0.7625,0.57,0.4346,0.3175,,,HEURISTIC_PASS,C:\Users\spq\Desktop\贝强\02_Alibaba运营\01_店铺与全店诊断\全量商品审查_2026-09-04\全六图视觉二次审计_2026-09-04\cache\46b369acb6d0ac5b01ae946d746981de689d6707.jpg
50,1601939692338,AAGPjmk4AOWGex-cDVm7jdzR,BQ027-R1 / K6116,Knit Lace Detail Casual Walking Shoes for Daily Walking and Casual Wear Model K6116,approved,Y,3,https://sc04.alicdn.com/kf/S88ace1c6f9b24ee88b8ea08fcf41d292P.jpg,320,320,0.79,0.455,0.3594,0.2171,,,HEURISTIC_PASS,C:\Users\spq\Desktop\贝强\02_Alibaba运营\01_店铺与全店诊断\全量商品审查_2026-09-04\全六图视觉二次审计_2026-09-04\cache\be9d8959a53faa7dd4a0942410456eef6557c51d.jpg
50,1601939692338,AAGPjmk4AOWGex-cDVm7jdzR,BQ027-R1 / K6116,Knit Lace Detail Casual Walking Shoes for Daily Walking and Casual Wear Model K6116,approved,Y,4,https://sc04.alicdn.com/kf/S40194f431996470891c54fec87dc61ee8.jpg,320,320,0.735,0.45,0.3307,0.1913,,,HEURISTIC_PASS,C:\Users\spq\Desktop\贝强\02_Alibaba运营\01_店铺与全店诊断\全量商品审查_2026-09-04\全六图视觉二次审计_2026-09-04\cache\bf9faea6e311fa421859bad83d97f6dd79853fb0.jpg
50,1601939692338,AAGPjmk4AOWGex-cDVm7jdzR,BQ027-R1 / K6116,Knit Lace Detail Casual Walking Shoes for Daily Walking and Casual Wear Model K6116,approved,Y,5,https://sc04.alicdn.com/kf/S5348bafa2abb49b3b4e3f8c59b65fa67K.jpg,320,320,0.7825,0.45,0.3521,0.1243,,,HEURISTIC_PASS,C:\Users\spq\Desktop\贝强\02_Alibaba运营\01_店铺与全店诊断\全量商品审查_2026-09-04\全六图视觉二次审计_2026-09-04\cache\c7a99386bddb141300d2a273a84991d457ce10a1.jpg
50,1601939692338,AAGPjmk4AOWGex-cDVm7jdzR,BQ027-R1 / K6116,Knit Lace Detail Casual Walking Shoes for Daily Walking and Casual Wear Model K6116,approved,Y,6,https://sc04.alicdn.com/kf/Sb23183a2d6004c2eb54584a1f3f5493eq.jpg,320,320,0.7525,0.43,0.3236,0.2161,,,HEURISTIC_PASS,C:\Users\spq\Desktop\贝强\02_Alibaba运营\01_店铺与全店诊断\全量商品审查_2026-09-04\全六图视觉二次审计_2026-09-04\cache\d6b35a80e42571caf6b6c479040d908ccb775d26.jpg
51,1601939714238,AAFzjmk4AOWGex-cDVm7ijdd,BQ026-O1 / T5828,Custom Logo Knit Lace-Up Walking Shoes Casual Shoes OEM ODM Private Label Footwear Supplier Model T5828,approved,Y,1,https://sc04.alicdn.com/kf/S867c7d41008a41e2b61f6f0ab6e9051aa.jpg,320,320,0.75,0.6825,0.5119,0.2283,,,HEURISTIC_PASS,C:\Users\spq\Desktop\贝强\02_Alibaba运营\01_店铺与全店诊断\全量商品审查_2026-09-04\全六图视觉二次审计_2026-09-04\cache\ab1241d81b0b2a2e437383ddb522841a4ac095a4.jpg
51,1601939714238,AAFzjmk4AOWGex-cDVm7ijdd,BQ026-O1 / T5828,Custom Logo Knit Lace-Up Walking Shoes Casual Shoes OEM ODM Private Label Footwear Supplier Model T5828,approved,Y,2,https://sc04.alicdn.com/kf/S64d898e5b458481aa96c5a26ea37f97cU.jpg,320,320,0.7625,0.7,0.5337,0.26,,,HEURISTIC_PASS,C:\Users\spq\Desktop\贝强\02_Alibaba运营\01_店铺与全店诊断\全量商品审查_2026-09-04\全六图视觉二次审计_2026-09-04\cache\10a58900a4e84d06f8d2b2900dbf6ec74c17b47f.jpg
51,1601939714238,AAFzjmk4AOWGex-cDVm7ijdd,BQ026-O1 / T5828,Custom Logo Knit Lace-Up Walking Shoes Casual Shoes OEM ODM Private Label Footwear Supplier Model T5828,approved,Y,3,https://sc04.alicdn.com/kf/S094bec82c2254252b3a047cdb25266fbc.jpg,320,320,0.7875,0.3625,0.2855,0.176,,,HEURISTIC_PASS,C:\Users\spq\Desktop\贝强\02_Alibaba运营\01_店铺与全店诊断\全量商品审查_2026-09-04\全六图视觉二次审计_2026-09-04\cache\cfbc307e85234762c9cf3b73e7ef3f249cf37600.jpg
51,1601939714238,AAFzjmk4AOWGex-cDVm7ijdd,BQ026-O1 / T5828,Custom Logo Knit Lace-Up Walking Shoes Casual Shoes OEM ODM Private Label Footwear Supplier Model T5828,approved,Y,4,https://sc04.alicdn.com/kf/S257fdfc7ddd743cabb22a2b8bf8dcdd2V.jpg,320,320,0.735,0.3425,0.2517,0.158,,,HEURISTIC_PASS,C:\Users\spq\Desktop\贝强\02_Alibaba运营\01_店铺与全店诊断\全量商品审查_2026-09-04\全六图视觉二次审计_2026-09-04\cache\b9d7703c2cd23602cf57ba03aa58910cb3a3529d.jpg
51,1601939714238,AAFzjmk4AOWGex-cDVm7ijdd,BQ026-O1 / T5828,Custom Logo Knit Lace-Up Walking Shoes Casual Shoes OEM ODM Private Label Footwear Supplier Model T5828,approved,Y,5,https://sc04.alicdn.com/kf/Seb9c2c119f794a8790b52e4eb2b992660.jpg,320,320,0.8025,0.4025,0.323,0.1801,,,HEURISTIC_PASS,C:\Users\spq\Desktop\贝强\02_Alibaba运营\01_店铺与全店诊断\全量商品审查_2026-09-04\全六图视觉二次审计_2026-09-04\cache\1de7787ae568a522a723f749112b7781ca503d64.jpg
51,1601939714238,AAFzjmk4AOWGex-cDVm7ijdd,BQ026-O1 / T5828,Custom Logo Knit Lace-Up Walking Shoes Casual Shoes OEM ODM Private Label Footwear Supplier Model T5828,approved,Y,6,https://sc04.alicdn.com/kf/S22a430f42a33460487ec06e4df429907g.jpg,320,320,0.7525,0.3725,0.2803,0.1607,,,HEURISTIC_PASS,C:\Users\spq\Desktop\贝强\02_Alibaba运营\01_店铺与全店诊断\全量商品审查_2026-09-04\全六图视觉二次审计_2026-09-04\cache\4ec1ff1894b94c325277700d4808c8335eecc99b.jpg
52,1601939725201,AAEtjmk4AOWGex-cDVm7ilxy,BQ026-R1 / T5828,Knit Lace-Up Walking Shoes Casual Shoes for Daily Walking and Casual Wear Model T5828,approved,Y,1,https://sc04.alicdn.com/kf/S547b4f21e59148438a7b091f0f01ab65R.jpg,320,320,0.8225,0.4125,0.3393,0.1878,P0_LOW_HERO_OCCUPANCY,,HEURISTIC_PASS,C:\Users\spq\Desktop\贝强\02_Alibaba运营\01_店铺与全店诊断\全量商品审查_2026-09-04\全六图视觉二次审计_2026-09-04\cache\8f4f185c9f14f2b9ee269224845884b19f97c78c.jpg
52,1601939725201,AAEtjmk4AOWGex-cDVm7ilxy,BQ026-R1 / T5828,Knit Lace-Up Walking Shoes Casual Shoes for Daily Walking and Casual Wear Model T5828,approved,Y,2,https://sc04.alicdn.com/kf/Sf2cdd88fee884c61b42ae82f50dd1996j.jpg,320,320,0.7625,0.3725,0.284,0.1635,,,HEURISTIC_PASS,C:\Users\spq\Desktop\贝强\02_Alibaba运营\01_店铺与全店诊断\全量商品审查_2026-09-04\全六图视觉二次审计_2026-09-04\cache\689a4f352a7f62e9b7b672f8a104200d1e100c90.jpg
52,1601939725201,AAEtjmk4AOWGex-cDVm7ilxy,BQ026-R1 / T5828,Knit Lace-Up Walking Shoes Casual Shoes for Daily Walking and Casual Wear Model T5828,approved,Y,3,https://sc04.alicdn.com/kf/Sc25c7f635cd74d629b938dd714a1672e6.jpg,320,320,0.74,0.6725,0.4976,0.2203,,,HEURISTIC_PASS,C:\Users\spq\Desktop\贝强\02_Alibaba运营\01_店铺与全店诊断\全量商品审查_2026-09-04\全六图视觉二次审计_2026-09-04\cache\317d3a8ac622f04d3ec8fa0710651c54d7a14ed4.jpg
52,1601939725201,AAEtjmk4AOWGex-cDVm7ilxy,BQ026-R1 / T5828,Knit Lace-Up Walking Shoes Casual Shoes for Daily Walking and Casual Wear Model T5828,approved,Y,4,https://sc04.alicdn.com/kf/Sce3d41cba73b41778a49d39cbd171e503.jpg,320,320,0.735,0.675,0.4961,0.237,,,HEURISTIC_PASS,C:\Users\spq\Desktop\贝强\02_Alibaba运营\01_店铺与全店诊断\全量商品审查_2026-09-04\全六图视觉二次审计_2026-09-04\cache\a6ca3f6782b5223f0b244c8b7d0c9c6421cf4444.jpg
52,1601939725201,AAEtjmk4AOWGex-cDVm7ilxy,BQ026-R1 / T5828,Knit Lace-Up Walking Shoes Casual Shoes for Daily Walking and Casual Wear Model T5828,approved,Y,5,https://sc04.alicdn.com/kf/S79786cc51d084a92a0bd031da8346bc6A.jpg,320,320,0.8,0.3625,0.29,0.1784,,,HEURISTIC_PASS,C:\Users\spq\Desktop\贝强\02_Alibaba运营\01_店铺与全店诊断\全量商品审查_2026-09-04\全六图视觉二次审计_2026-09-04\cache\c4a600afb2fca9500c94a599e9c741c570c32ed8.jpg
52,1601939725201,AAEtjmk4AOWGex-cDVm7ilxy,BQ026-R1 / T5828,Knit Lace-Up Walking Shoes Casual Shoes for Daily Walking and Casual Wear Model T5828,approved,Y,6,https://sc04.alicdn.com/kf/Sf248466ee59c4833a5617434851d6109S.jpg,320,320,0.75,0.35,0.2625,0.1634,,,HEURISTIC_PASS,C:\Users\spq\Desktop\贝强\02_Alibaba运营\01_店铺与全店诊断\全量商品审查_2026-09-04\全六图视觉二次审计_2026-09-04\cache\ec23c94b1208d8a0877771a1f984301882041819.jpg
53,1601939751016,AAGxjmk4AOWGex-cDVm7iseL,BQ025-R1 / A1689,Low Cut Knit Slip-On Walking Shoes Casual Shoes for Travel Commuting and Daily Wear Model A1689,approved,Y,1,https://sc04.alicdn.com/kf/Sffa40a1ec6e6404cb4235ffb9ff680bfv.jpg,320,320,0.82,0.51,0.4182,0.2611,,,HEURISTIC_PASS,C:\Users\spq\Desktop\贝强\02_Alibaba运营\01_店铺与全店诊断\全量商品审查_2026-09-04\全六图视觉二次审计_2026-09-04\cache\27aa76a8c5bd293147acacd2fbd0698773854e27.jpg
53,1601939751016,AAGxjmk4AOWGex-cDVm7iseL,BQ025-R1 / A1689,Low Cut Knit Slip-On Walking Shoes Casual Shoes for Travel Commuting and Daily Wear Model A1689,approved,Y,2,https://sc04.alicdn.com/kf/S3413109ddce24a56ab55e6f8b016d1a13.jpg,320,320,0.76,0.465,0.3534,0.2216,,,HEURISTIC_PASS,C:\Users\spq\Desktop\贝强\02_Alibaba运营\01_店铺与全店诊断\全量商品审查_2026-09-04\全六图视觉二次审计_2026-09-04\cache\29aab724be0d26d18c4c4676f885cde9ec62cbee.jpg
53,1601939751016,AAGxjmk4AOWGex-cDVm7iseL,BQ025-R1 / A1689,Low Cut Knit Slip-On Walking Shoes Casual Shoes for Travel Commuting and Daily Wear Model A1689,approved,Y,3,https://sc04.alicdn.com/kf/S845e9b2b45fb4946a6d8c77ab2c20138C.jpg,320,320,0.7925,0.4875,0.3863,0.2384,,,HEURISTIC_PASS,C:\Users\spq\Desktop\贝强\02_Alibaba运营\01_店铺与全店诊断\全量商品审查_2026-09-04\全六图视觉二次审计_2026-09-04\cache\9b3b54292e39d01044eeb62b6979a8f133cd269c.jpg
53,1601939751016,AAGxjmk4AOWGex-cDVm7iseL,BQ025-R1 / A1689,Low Cut Knit Slip-On Walking Shoes Casual Shoes for Travel Commuting and Daily Wear Model A1689,approved,Y,4,https://sc04.alicdn.com/kf/Sce0c3424b836475f9e4f769fe5d31c1ep.jpg,320,320,0.7375,0.425,0.3134,0.1683,,,HEURISTIC_PASS,C:\Users\spq\Desktop\贝强\02_Alibaba运营\01_店铺与全店诊断\全量商品审查_2026-09-04\全六图视觉二次审计_2026-09-04\cache\06e8000e575e40bba254d1b12537fcef3aed557f.jpg
53,1601939751016,AAGxjmk4AOWGex-cDVm7iseL,BQ025-R1 / A1689,Low Cut Knit Slip-On Walking Shoes Casual Shoes for Travel Commuting and Daily Wear Model A1689,approved,Y,5,https://sc04.alicdn.com/kf/S9bca959e47954b44ac62bd2d1e83bac3Q.jpg,320,320,0.8,0.48,0.384,0.2385,,,HEURISTIC_PASS,C:\Users\spq\Desktop\贝强\02_Alibaba运营\01_店铺与全店诊断\全量商品审查_2026-09-04\全六图视觉二次审计_2026-09-04\cache\5dd891d7a5c0c149bb789ae840144853a8e6609a.jpg
53,1601939751016,AAGxjmk4AOWGex-cDVm7iseL,BQ025-R1 / A1689,Low Cut Knit Slip-On Walking Shoes Casual Shoes for Travel Commuting and Daily Wear Model A1689,approved,Y,6,https://sc04.alicdn.com/kf/Sc5ebb69238884de0a040e0a8b318d6f4c.jpg,320,320,0.7525,0.4425,0.333,0.1742,,,HEURISTIC_PASS,C:\Users\spq\Desktop\贝强\02_Alibaba运营\01_店铺与全店诊断\全量商品审查_2026-09-04\全六图视觉二次审计_2026-09-04\cache\c8e0a44e2af5600595d42889675305036acfc095.jpg
54,1601939612707,AAHEjmk4AOWGex-cDVm7jKPA,BQ025-W1 / A1689,Wholesale Low Cut Knit Slip-On Walking Shoes Casual Shoes Factory Supply Model A1689,approved,Y,1,https://sc04.alicdn.com/kf/S69750b7444834cdab69f069c411d2280d.jpg,320,320,0.82,0.49,0.4018,0.2511,,,HEURISTIC_PASS,C:\Users\spq\Desktop\贝强\02_Alibaba运营\01_店铺与全店诊断\全量商品审查_2026-09-04\全六图视觉二次审计_2026-09-04\cache\c725f982d7af3202b8560d2f356724c799cd35e6.jpg
54,1601939612707,AAHEjmk4AOWGex-cDVm7jKPA,BQ025-W1 / A1689,Wholesale Low Cut Knit Slip-On Walking Shoes Casual Shoes Factory Supply Model A1689,approved,Y,2,https://sc04.alicdn.com/kf/S7d71e135923c438a8628ee07761518784.jpg,320,320,0.76,0.4475,0.3401,0.1787,,,HEURISTIC_PASS,C:\Users\spq\Desktop\贝强\02_Alibaba运营\01_店铺与全店诊断\全量商品审查_2026-09-04\全六图视觉二次审计_2026-09-04\cache\d36ba9536a8b81a346b57df3a996d1318843456e.jpg
54,1601939612707,AAHEjmk4AOWGex-cDVm7jKPA,BQ025-W1 / A1689,Wholesale Low Cut Knit Slip-On Walking Shoes Casual Shoes Factory Supply Model A1689,approved,Y,3,https://sc04.alicdn.com/kf/S88544fa9c8f743aba867ea40faa29f78y.jpg,320,320,0.79,0.49,0.3871,0.2426,,,HEURISTIC_PASS,C:\Users\spq\Desktop\贝强\02_Alibaba运营\01_店铺与全店诊断\全量商品审查_2026-09-04\全六图视觉二次审计_2026-09-04\cache\a348fd6a3a01d32a3d2c56d4ef55d5385529a73c.jpg
54,1601939612707,AAHEjmk4AOWGex-cDVm7jKPA,BQ025-W1 / A1689,Wholesale Low Cut Knit Slip-On Walking Shoes Casual Shoes Factory Supply Model A1689,approved,Y,4,https://sc04.alicdn.com/kf/Sfe4a4032eb71477aa9d0e08d29e889a6z.jpg,320,320,0.735,0.4525,0.3326,0.2089,,,HEURISTIC_PASS,C:\Users\spq\Desktop\贝强\02_Alibaba运营\01_店铺与全店诊断\全量商品审查_2026-09-04\全六图视觉二次审计_2026-09-04\cache\cdecaabc07861ff49835ddadeca4b4c64c439587.jpg
54,1601939612707,AAHEjmk4AOWGex-cDVm7jKPA,BQ025-W1 / A1689,Wholesale Low Cut Knit Slip-On Walking Shoes Casual Shoes Factory Supply Model A1689,approved,Y,5,https://sc04.alicdn.com/kf/Sac67663c4ffb434c8c6018103b1c5fde3.jpg,320,320,0.8,0.4925,0.394,0.2443,,,HEURISTIC_PASS,C:\Users\spq\Desktop\贝强\02_Alibaba运营\01_店铺与全店诊断\全量商品审查_2026-09-04\全六图视觉二次审计_2026-09-04\cache\58434f421bbb0133c09a58a731b40fc79ed3ac7d.jpg
54,1601939612707,AAHEjmk4AOWGex-cDVm7jKPA,BQ025-W1 / A1689,Wholesale Low Cut Knit Slip-On Walking Shoes Casual Shoes Factory Supply Model A1689,approved,Y,6,https://sc04.alicdn.com/kf/S5c66bf56ab214d55adfa7f58e615afa7K.jpg,320,320,0.75,0.4325,0.3244,0.175,,,HEURISTIC_PASS,C:\Users\spq\Desktop\贝强\02_Alibaba运营\01_店铺与全店诊断\全量商品审查_2026-09-04\全六图视觉二次审计_2026-09-04\cache\7b871b5588d6f700c1f58623abf3d3a53ad793c9.jpg
55,1601939691342,AAHfjmk4AOWGex-cDVm7jdCt,BQ024-W1 / A830,Wholesale Knit Slip-On Walking Shoes Casual Shoes Factory Supply Model A830,approved,Y,1,https://sc04.alicdn.com/kf/S069f1b946bc14378823f2d1c37ff60a7O.jpg,320,320,0.82,0.545,0.4469,0.2598,,,HEURISTIC_PASS,C:\Users\spq\Desktop\贝强\02_Alibaba运营\01_店铺与全店诊断\全量商品审查_2026-09-04\全六图视觉二次审计_2026-09-04\cache\816def98f7e32d82d79312b5fa56618da3a074fa.jpg
55,1601939691342,AAHfjmk4AOWGex-cDVm7jdCt,BQ024-W1 / A830,Wholesale Knit Slip-On Walking Shoes Casual Shoes Factory Supply Model A830,approved,Y,2,https://sc04.alicdn.com/kf/S5a1cf8b6762543179a78af7215a80d29g.jpg,320,320,0.7575,0.31,0.2348,0.1295,,,HEURISTIC_PASS,C:\Users\spq\Desktop\贝强\02_Alibaba运营\01_店铺与全店诊断\全量商品审查_2026-09-04\全六图视觉二次审计_2026-09-04\cache\e9a47394869c71ba57d314ea0e0d597ba43214a9.jpg
55,1601939691342,AAHfjmk4AOWGex-cDVm7jdCt,BQ024-W1 / A830,Wholesale Knit Slip-On Walking Shoes Casual Shoes Factory Supply Model A830,approved,Y,3,https://sc04.alicdn.com/kf/See8ed68080f54897a5b4d67b9c19660bT.jpg,320,320,0.79,0.4025,0.318,0.206,,,HEURISTIC_PASS,C:\Users\spq\Desktop\贝强\02_Alibaba运营\01_店铺与全店诊断\全量商品审查_2026-09-04\全六图视觉二次审计_2026-09-04\cache\5a6ea444c0415afd79cb272d5512b60c22997cf0.jpg
55,1601939691342,AAHfjmk4AOWGex-cDVm7jdCt,BQ024-W1 / A830,Wholesale Knit Slip-On Walking Shoes Casual Shoes Factory Supply Model A830,approved,Y,4,https://sc04.alicdn.com/kf/Sd175ebd4dee5487a8ed5b3db44524b0cB.jpg,320,320,0.7375,0.2425,0.1788,0.1355,,,LOW_OCCUPANCY,C:\Users\spq\Desktop\贝强\02_Alibaba运营\01_店铺与全店诊断\全量商品审查_2026-09-04\全六图视觉二次审计_2026-09-04\cache\6dc45dedd9ea34ecfb9abd3ae7f197d8b2659cd6.jpg
55,1601939691342,AAHfjmk4AOWGex-cDVm7jdCt,BQ024-W1 / A830,Wholesale Knit Slip-On Walking Shoes Casual Shoes Factory Supply Model A830,approved,Y,5,https://sc04.alicdn.com/kf/S70b082608d5d4d3d9daa7f1a18c9cf63e.jpg,320,320,0.745,0.6775,0.5047,0.3119,,,HEURISTIC_PASS,C:\Users\spq\Desktop\贝强\02_Alibaba运营\01_店铺与全店诊断\全量商品审查_2026-09-04\全六图视觉二次审计_2026-09-04\cache\39c119a4d8824d299f674e48c77006dd46ffc90e.jpg
55,1601939691342,AAHfjmk4AOWGex-cDVm7jdCt,BQ024-W1 / A830,Wholesale Knit Slip-On Walking Shoes Casual Shoes Factory Supply Model A830,approved,Y,6,https://sc04.alicdn.com/kf/S38803b8d31df4ef2ad8bb4172caad4bdH.jpg,320,320,0.715,0.72,0.5148,0.3764,,,HEURISTIC_PASS,C:\Users\spq\Desktop\贝强\02_Alibaba运营\01_店铺与全店诊断\全量商品审查_2026-09-04\全六图视觉二次审计_2026-09-04\cache\f492bb3fb87d0935cf6f9b1d9ed50bd94afb1c0f.jpg
56,1601939733108,AAHzjmk4AOWGex-cDVm7in2X,BQ025-O1 / A1689,Custom Logo Low Cut Knit Slip-On Walking Shoes Casual Shoes OEM ODM Private Label Footwear Supplier Model A1689,approved,Y,1,https://sc04.alicdn.com/kf/S6c1ef6a677da4cc883e5182ed885ddd1g.jpg,320,320,0.8225,0.5075,0.4174,0.2577,,,HEURISTIC_PASS,C:\Users\spq\Desktop\贝强\02_Alibaba运营\01_店铺与全店诊断\全量商品审查_2026-09-04\全六图视觉二次审计_2026-09-04\cache\42c4495672d88a7516ffe614ff77e1f3d9d93fa8.jpg
56,1601939733108,AAHzjmk4AOWGex-cDVm7in2X,BQ025-O1 / A1689,Custom Logo Low Cut Knit Slip-On Walking Shoes Casual Shoes OEM ODM Private Label Footwear Supplier Model A1689,approved,Y,2,https://sc04.alicdn.com/kf/Sdf24012220e54ebeab2c0074b1bf22aeH.jpg,320,320,0.7625,0.44,0.3355,0.1806,,,HEURISTIC_PASS,C:\Users\spq\Desktop\贝强\02_Alibaba运营\01_店铺与全店诊断\全量商品审查_2026-09-04\全六图视觉二次审计_2026-09-04\cache\f39dea3a3324adf61a3ab820c0d9da4358ce0fea.jpg
56,1601939733108,AAHzjmk4AOWGex-cDVm7in2X,BQ025-O1 / A1689,Custom Logo Low Cut Knit Slip-On Walking Shoes Casual Shoes OEM ODM Private Label Footwear Supplier Model A1689,approved,Y,3,https://sc04.alicdn.com/kf/S1897afb79a984b9a86b7106fb1ee7f9er.jpg,,,,,,,DOWNLOAD_ERROR:URLError,,LOW_OCCUPANCY,C:\Users\spq\Desktop\贝强\02_Alibaba运营\01_店铺与全店诊断\全量商品审查_2026-09-04\全六图视觉二次审计_2026-09-04\cache\3114b4af440ab315aeede6875551746e55913540.jpg
56,1601939733108,AAHzjmk4AOWGex-cDVm7in2X,BQ025-O1 / A1689,Custom Logo Low Cut Knit Slip-On Walking Shoes Casual Shoes OEM ODM Private Label Footwear Supplier Model A1689,approved,Y,4,https://sc04.alicdn.com/kf/Sf4b83f7430c340c781b76d80f50210a0N.jpg,320,320,0.7375,0.435,0.3208,0.1684,,,HEURISTIC_PASS,C:\Users\spq\Desktop\贝强\02_Alibaba运营\01_店铺与全店诊断\全量商品审查_2026-09-04\全六图视觉二次审计_2026-09-04\cache\8c4c50ec19626ac588268de958ed4fa96ec4075a.jpg
56,1601939733108,AAHzjmk4AOWGex-cDVm7in2X,BQ025-O1 / A1689,Custom Logo Low Cut Knit Slip-On Walking Shoes Casual Shoes OEM ODM Private Label Footwear Supplier Model A1689,approved,Y,5,https://sc04.alicdn.com/kf/Sb7d95be16311492fbe51842d9321c114O.jpg,320,320,0.8025,0.5,0.4012,0.2498,,,HEURISTIC_PASS,C:\Users\spq\Desktop\贝强\02_Alibaba运营\01_店铺与全店诊断\全量商品审查_2026-09-04\全六图视觉二次审计_2026-09-04\cache\63a63d200ebdb41440ffddea344e83bd576f2909.jpg
56,1601939733108,AAHzjmk4AOWGex-cDVm7in2X,BQ025-O1 / A1689,Custom Logo Low Cut Knit Slip-On Walking Shoes Casual Shoes OEM ODM Private Label Footwear Supplier Model A1689,approved,Y,6,https://sc04.alicdn.com/kf/S08e56445d6b9493c871c6822a95bd0ffE.jpg,320,320,0.7525,0.4625,0.348,0.2173,,,HEURISTIC_PASS,C:\Users\spq\Desktop\贝强\02_Alibaba运营\01_店铺与全店诊断\全量商品审查_2026-09-04\全六图视觉二次审计_2026-09-04\cache\62c8352e7ef1a54c05628a611a540da4236c993c.jpg
57,1601939684371,AAGNjmk4AOWGex-cDVm7jbvw,BQ024-R1 / A830,Knit Slip-On Walking Shoes Casual Shoes for Men's Travel Commuting and Daily Wear Model A830,approved,Y,1,https://sc04.alicdn.com/kf/S3a95773eaf464274826845f8cd5cb5e9H.jpg,320,320,0.8175,0.4175,0.3413,0.2206,P0_LOW_HERO_OCCUPANCY,,HEURISTIC_PASS,C:\Users\spq\Desktop\贝强\02_Alibaba运营\01_店铺与全店诊断\全量商品审查_2026-09-04\全六图视觉二次审计_2026-09-04\cache\d8638958442275c419aeda1b526ac9ac5b381f93.jpg
57,1601939684371,AAGNjmk4AOWGex-cDVm7jbvw,BQ024-R1 / A830,Knit Slip-On Walking Shoes Casual Shoes for Men's Travel Commuting and Daily Wear Model A830,approved,Y,2,https://sc04.alicdn.com/kf/S93ba044e80d5404aa0ac0d8693a248a9d.jpg,320,320,0.7625,0.2475,0.1887,0.1436,,,LOW_OCCUPANCY,C:\Users\spq\Desktop\贝强\02_Alibaba运营\01_店铺与全店诊断\全量商品审查_2026-09-04\全六图视觉二次审计_2026-09-04\cache\938b3b07a4a5a9467459253de4468a6a75592d78.jpg
57,1601939684371,AAGNjmk4AOWGex-cDVm7jbvw,BQ024-R1 / A830,Knit Slip-On Walking Shoes Casual Shoes for Men's Travel Commuting and Daily Wear Model A830,approved,Y,3,https://sc04.alicdn.com/kf/Sff4788a52cf24a8d848daf8105422774D.jpg,320,320,0.735,0.6725,0.4943,0.2967,,,HEURISTIC_PASS,C:\Users\spq\Desktop\贝强\02_Alibaba运营\01_店铺与全店诊断\全量商品审查_2026-09-04\全六图视觉二次审计_2026-09-04\cache\a4343bc7f3aad9e4b8aa666c2fc65c92fffb51ac.jpg
57,1601939684371,AAGNjmk4AOWGex-cDVm7jbvw,BQ024-R1 / A830,Knit Slip-On Walking Shoes Casual Shoes for Men's Travel Commuting and Daily Wear Model A830,approved,Y,4,https://sc04.alicdn.com/kf/Sc1010c6922584d15a981514ec4f5dec8L.jpg,320,320,0.7375,0.74,0.5457,0.3983,,,HEURISTIC_PASS,C:\Users\spq\Desktop\贝强\02_Alibaba运营\01_店铺与全店诊断\全量商品审查_2026-09-04\全六图视觉二次审计_2026-09-04\cache\00e9a1278f1ca56e4314ef3ba7d59aea636e66a5.jpg
57,1601939684371,AAGNjmk4AOWGex-cDVm7jbvw,BQ024-R1 / A830,Knit Slip-On Walking Shoes Casual Shoes for Men's Travel Commuting and Daily Wear Model A830,approved,Y,5,https://sc04.alicdn.com/kf/S8cc405ed4a4849a6be5d7a11dbead406m.jpg,320,320,0.8025,0.5325,0.4273,0.2476,,,HEURISTIC_PASS,C:\Users\spq\Desktop\贝强\02_Alibaba运营\01_店铺与全店诊断\全量商品审查_2026-09-04\全六图视觉二次审计_2026-09-04\cache\db31f363e37a441a083dddac3e23bd744657fc07.jpg
57,1601939684371,AAGNjmk4AOWGex-cDVm7jbvw,BQ024-R1 / A830,Knit Slip-On Walking Shoes Casual Shoes for Men's Travel Commuting and Daily Wear Model A830,approved,Y,6,https://sc04.alicdn.com/kf/Sdc63f82c9cfc43199d41b782802a3baaF.jpg,320,320,0.7475,0.29,0.2168,0.1248,,,HEURISTIC_PASS,C:\Users\spq\Desktop\贝强\02_Alibaba运营\01_店铺与全店诊断\全量商品审查_2026-09-04\全六图视觉二次审计_2026-09-04\cache\0942ed2bdd056da358bfc27fb3b2cbecf2105c18.jpg
58,1601939616754,AAGmjmk4AOWGex-cDVm7jLQR,BQ023-R1 / A505,Knit Low Cut Slip-On Walking Shoes Casual Shoes for Travel Commuting and Daily Wear Model A505,approved,Y,1,https://sc04.alicdn.com/kf/S671a02e2bd004a4f9f7862c4f982aa49p.jpg,320,320,0.6225,0.68,0.4233,0.218,,,HEURISTIC_PASS,C:\Users\spq\Desktop\贝强\02_Alibaba运营\01_店铺与全店诊断\全量商品审查_2026-09-04\全六图视觉二次审计_2026-09-04\cache\09e25933ed2037de67da4652671882f8e5fde5e0.jpg
58,1601939616754,AAGmjmk4AOWGex-cDVm7jLQR,BQ023-R1 / A505,Knit Low Cut Slip-On Walking Shoes Casual Shoes for Travel Commuting and Daily Wear Model A505,approved,Y,2,https://sc04.alicdn.com/kf/Sc68d8dddef91436f8e0853bc439ecc66b.jpg,320,320,0.76,0.385,0.2926,0.1912,,,HEURISTIC_PASS,C:\Users\spq\Desktop\贝强\02_Alibaba运营\01_店铺与全店诊断\全量商品审查_2026-09-04\全六图视觉二次审计_2026-09-04\cache\e3cdaf205a3e8c8398be535ebb800bed68bdbf17.jpg
58,1601939616754,AAGmjmk4AOWGex-cDVm7jLQR,BQ023-R1 / A505,Knit Low Cut Slip-On Walking Shoes Casual Shoes for Travel Commuting and Daily Wear Model A505,approved,Y,3,https://sc04.alicdn.com/kf/S06725110922544128e994359eabdeaa5j.jpg,320,320,0.7925,0.5175,0.4101,0.2555,,,HEURISTIC_PASS,C:\Users\spq\Desktop\贝强\02_Alibaba运营\01_店铺与全店诊断\全量商品审查_2026-09-04\全六图视觉二次审计_2026-09-04\cache\4d1b833c1b9544a2b56fa7c28bbb52ee45391812.jpg
58,1601939616754,AAGmjmk4AOWGex-cDVm7jLQR,BQ023-R1 / A505,Knit Low Cut Slip-On Walking Shoes Casual Shoes for Travel Commuting and Daily Wear Model A505,approved,Y,4,https://sc04.alicdn.com/kf/Sa2afa07140b04ae78efe177ac2179ed5t.jpg,320,320,0.735,0.4275,0.3142,0.2027,,,HEURISTIC_PASS,C:\Users\spq\Desktop\贝强\02_Alibaba运营\01_店铺与全店诊断\全量商品审查_2026-09-04\全六图视觉二次审计_2026-09-04\cache\bd99ff4038c1aced7f3fea85e58dcf75d0abd9b7.jpg
58,1601939616754,AAGmjmk4AOWGex-cDVm7jLQR,BQ023-R1 / A505,Knit Low Cut Slip-On Walking Shoes Casual Shoes for Travel Commuting and Daily Wear Model A505,approved,Y,5,https://sc04.alicdn.com/kf/S9ebfabde0e0649718d83d088148edc03H.jpg,320,320,0.61,0.68,0.4148,0.198,,,HEURISTIC_PASS,C:\Users\spq\Desktop\贝强\02_Alibaba运营\01_店铺与全店诊断\全量商品审查_2026-09-04\全六图视觉二次审计_2026-09-04\cache\77bd82c15bb18bf1166ca6b48dbd033bd1bf45fb.jpg
58,1601939616754,AAGmjmk4AOWGex-cDVm7jLQR,BQ023-R1 / A505,Knit Low Cut Slip-On Walking Shoes Casual Shoes for Travel Commuting and Daily Wear Model A505,approved,Y,6,https://sc04.alicdn.com/kf/S495ea55001e84ff49ab6da822b8708a2q.jpg,320,320,0.75,0.455,0.3412,0.2299,,,HEURISTIC_PASS,C:\Users\spq\Desktop\贝强\02_Alibaba运营\01_店铺与全店诊断\全量商品审查_2026-09-04\全六图视觉二次审计_2026-09-04\cache\d21ee383458db2cfbf1211147dac95175dfb6932.jpg
59,1601939641581,AAEDjmk4AOWGex-cDVm7jRMO,BQ022-W1 / A2208,Wholesale Striped Knit Slip-On Walking Shoes Casual Shoes Factory Supply Model A2208,approved,Y,1,https://sc04.alicdn.com/kf/S3db4ff8e009a49dcb1054935819569fc7.jpg,320,320,0.82,0.52,0.4264,0.2558,,,HEURISTIC_PASS,C:\Users\spq\Desktop\贝强\02_Alibaba运营\01_店铺与全店诊断\全量商品审查_2026-09-04\全六图视觉二次审计_2026-09-04\cache\95c8bfb8bb3056280f89210994e1b1abb339ce96.jpg
59,1601939641581,AAEDjmk4AOWGex-cDVm7jRMO,BQ022-W1 / A2208,Wholesale Striped Knit Slip-On Walking Shoes Casual Shoes Factory Supply Model A2208,approved,Y,2,https://sc04.alicdn.com/kf/Sb1b57502991c4e829d36c8860faf39b3U.jpg,320,320,0.7625,0.415,0.3164,0.1738,,,HEURISTIC_PASS,C:\Users\spq\Desktop\贝强\02_Alibaba运营\01_店铺与全店诊断\全量商品审查_2026-09-04\全六图视觉二次审计_2026-09-04\cache\b4befa911a4a33ba34092f85e3bf2ce460a9d8f0.jpg
59,1601939641581,AAEDjmk4AOWGex-cDVm7jRMO,BQ022-W1 / A2208,Wholesale Striped Knit Slip-On Walking Shoes Casual Shoes Factory Supply Model A2208,approved,Y,3,https://sc04.alicdn.com/kf/S750fedabf92a4e78a8ab5f6e1395f3d62.jpg,320,320,0.7875,0.5125,0.4036,0.2337,,,HEURISTIC_PASS,C:\Users\spq\Desktop\贝强\02_Alibaba运营\01_店铺与全店诊断\全量商品审查_2026-09-04\全六图视觉二次审计_2026-09-04\cache\ab1d5d2e9574a6a5cc2e6f1f0f0cf05d493bd010.jpg
59,1601939641581,AAEDjmk4AOWGex-cDVm7jRMO,BQ022-W1 / A2208,Wholesale Striped Knit Slip-On Walking Shoes Casual Shoes Factory Supply Model A2208,approved,Y,4,https://sc04.alicdn.com/kf/S59433bca84814284b7754b693a41bff2e.jpg,320,320,0.735,0.48,0.3528,0.212,,,HEURISTIC_PASS,C:\Users\spq\Desktop\贝强\02_Alibaba运营\01_店铺与全店诊断\全量商品审查_2026-09-04\全六图视觉二次审计_2026-09-04\cache\52c3e763172cdbf7e02a741b7017c240c8fe25b1.jpg
59,1601939641581,AAEDjmk4AOWGex-cDVm7jRMO,BQ022-W1 / A2208,Wholesale Striped Knit Slip-On Walking Shoes Casual Shoes Factory Supply Model A2208,approved,Y,5,https://sc04.alicdn.com/kf/Sdc1dbd5093a7409c99636ba71577fc14V.jpg,320,320,0.8025,0.4625,0.3712,0.2044,,,HEURISTIC_PASS,C:\Users\spq\Desktop\贝强\02_Alibaba运营\01_店铺与全店诊断\全量商品审查_2026-09-04\全六图视觉二次审计_2026-09-04\cache\f6185c281f979447febfb07d0354c1514cb8a6c8.jpg
59,1601939641581,AAEDjmk4AOWGex-cDVm7jRMO,BQ022-W1 / A2208,Wholesale Striped Knit Slip-On Walking Shoes Casual Shoes Factory Supply Model A2208,approved,Y,6,https://sc04.alicdn.com/kf/S971cf8eb73ac46afaa2bfebc9820b224l.jpg,320,320,0.75,0.4725,0.3544,0.2216,,,HEURISTIC_PASS,C:\Users\spq\Desktop\贝强\02_Alibaba运营\01_店铺与全店诊断\全量商品审查_2026-09-04\全六图视觉二次审计_2026-09-04\cache\a93f044b374609a3ff4ea265df5a679b44b0657f.jpg
60,1601939659468,AAFujmk4AOWGex-cDVm7jV0v,BQ022-R1 / A2208,Striped Knit Slip-On Walking Shoes Casual Shoes for Travel Commuting and Daily Wear Model A2208,approved,Y,1,https://sc04.alicdn.com/kf/S9a355075b7394c388055160064b81400D.jpg,320,320,0.815,0.53,0.432,0.2299,,,HEURISTIC_PASS,C:\Users\spq\Desktop\贝强\02_Alibaba运营\01_店铺与全店诊断\全量商品审查_2026-09-04\全六图视觉二次审计_2026-09-04\cache\7fefe927fea8036e53b1c841afde548f000e7706.jpg
60,1601939659468,AAFujmk4AOWGex-cDVm7jV0v,BQ022-R1 / A2208,Striped Knit Slip-On Walking Shoes Casual Shoes for Travel Commuting and Daily Wear Model A2208,approved,Y,2,https://sc04.alicdn.com/kf/S05db511cdf9840dab9a75bb13976e523b.jpg,320,320,0.76,0.495,0.3762,0.2099,,,HEURISTIC_PASS,C:\Users\spq\Desktop\贝强\02_Alibaba运营\01_店铺与全店诊断\全量商品审查_2026-09-04\全六图视觉二次审计_2026-09-04\cache\3fe6e2fe3586ac3b2171340c7060696974762006.jpg
60,1601939659468,AAFujmk4AOWGex-cDVm7jV0v,BQ022-R1 / A2208,Striped Knit Slip-On Walking Shoes Casual Shoes for Travel Commuting and Daily Wear Model A2208,approved,Y,3,https://sc04.alicdn.com/kf/S828bd011b7804f418b556f1e2dc0ed9bJ.jpg,320,320,0.7925,0.46,0.3645,0.1996,,,HEURISTIC_PASS,C:\Users\spq\Desktop\贝强\02_Alibaba运营\01_店铺与全店诊断\全量商品审查_2026-09-04\全六图视觉二次审计_2026-09-04\cache\bd7b1db672c4782697365b37c1dfb8379975545d.jpg
60,1601939659468,AAFujmk4AOWGex-cDVm7jV0v,BQ022-R1 / A2208,Striped Knit Slip-On Walking Shoes Casual Shoes for Travel Commuting and Daily Wear Model A2208,approved,Y,4,https://sc04.alicdn.com/kf/S5962b1c762e44c95b8e548290c801b89m.jpg,320,320,0.735,0.4625,0.3399,0.2123,,,HEURISTIC_PASS,C:\Users\spq\Desktop\贝强\02_Alibaba运营\01_店铺与全店诊断\全量商品审查_2026-09-04\全六图视觉二次审计_2026-09-04\cache\8cd946ca8a889f91021f788b32d75e10acf7e3a8.jpg
60,1601939659468,AAFujmk4AOWGex-cDVm7jV0v,BQ022-R1 / A2208,Striped Knit Slip-On Walking Shoes Casual Shoes for Travel Commuting and Daily Wear Model A2208,approved,Y,5,https://sc04.alicdn.com/kf/S199e709a1bc94488b3f613d239f6ed3cZ.jpg,320,320,0.8025,0.51,0.4093,0.243,,,HEURISTIC_PASS,C:\Users\spq\Desktop\贝强\02_Alibaba运营\01_店铺与全店诊断\全量商品审查_2026-09-04\全六图视觉二次审计_2026-09-04\cache\2e54c73edaeb73c980bd74825f454e4861195da3.jpg
60,1601939659468,AAFujmk4AOWGex-cDVm7jV0v,BQ022-R1 / A2208,Striped Knit Slip-On Walking Shoes Casual Shoes for Travel Commuting and Daily Wear Model A2208,approved,Y,6,https://sc04.alicdn.com/kf/S7774687f092646be89f9c292bd918caeu.jpg,320,320,0.7525,0.41,0.3085,0.1691,,,HEURISTIC_PASS,C:\Users\spq\Desktop\贝强\02_Alibaba运营\01_店铺与全店诊断\全量商品审查_2026-09-04\全六图视觉二次审计_2026-09-04\cache\23d19be2b86e5416acde68319fb6261e982edeb6.jpg
61,1601939709217,AAG7jmk4AOWGex-cDVm7ihrC,BQ021-R1 / K6212,Knit Slip-On Walking Shoes Casual Shoes for Travel Commuting and Daily Wear Model K6212,approved,Y,1,https://sc04.alicdn.com/kf/S1b1d123a73af43fbb33a83a5948b85a04.jpg,320,320,0.8075,0.375,0.3028,0.0949,P0_LOW_HERO_OCCUPANCY,,HEURISTIC_PASS,C:\Users\spq\Desktop\贝强\02_Alibaba运营\01_店铺与全店诊断\全量商品审查_2026-09-04\全六图视觉二次审计_2026-09-04\cache\55829a7d3170439ddcb77811989bdee87ace2c31.jpg
61,1601939709217,AAG7jmk4AOWGex-cDVm7ihrC,BQ021-R1 / K6212,Knit Slip-On Walking Shoes Casual Shoes for Travel Commuting and Daily Wear Model K6212,approved,Y,2,https://sc04.alicdn.com/kf/Sd36f791b5a984e0da2b61c5063f28b06m.jpg,320,320,0.5825,0.7225,0.4209,0.1904,,,HEURISTIC_PASS,C:\Users\spq\Desktop\贝强\02_Alibaba运营\01_店铺与全店诊断\全量商品审查_2026-09-04\全六图视觉二次审计_2026-09-04\cache\644e87bc631aca4992fe96d69f873c4758c57ec2.jpg
61,1601939709217,AAG7jmk4AOWGex-cDVm7ihrC,BQ021-R1 / K6212,Knit Slip-On Walking Shoes Casual Shoes for Travel Commuting and Daily Wear Model K6212,approved,Y,3,https://sc04.alicdn.com/kf/S6c63023ea0b345c8b013c53395b6e442K.jpg,320,320,0.7925,0.4725,0.3745,0.2675,,,HEURISTIC_PASS,C:\Users\spq\Desktop\贝强\02_Alibaba运营\01_店铺与全店诊断\全量商品审查_2026-09-04\全六图视觉二次审计_2026-09-04\cache\71d1a83a745f7309b303b33fc9e5e218a04825e7.jpg
61,1601939709217,AAG7jmk4AOWGex-cDVm7ihrC,BQ021-R1 / K6212,Knit Slip-On Walking Shoes Casual Shoes for Travel Commuting and Daily Wear Model K6212,approved,Y,4,https://sc04.alicdn.com/kf/S08aa143e2c1145da8bfd8ed5ee79c4f0q.jpg,320,320,0.7375,0.4625,0.3411,0.2105,,,HEURISTIC_PASS,C:\Users\spq\Desktop\贝强\02_Alibaba运营\01_店铺与全店诊断\全量商品审查_2026-09-04\全六图视觉二次审计_2026-09-04\cache\e3e4959bbfddc46d102781c126eec818eb9b5b15.jpg
61,1601939709217,AAG7jmk4AOWGex-cDVm7ihrC,BQ021-R1 / K6212,Knit Slip-On Walking Shoes Casual Shoes for Travel Commuting and Daily Wear Model K6212,approved,Y,5,https://sc04.alicdn.com/kf/Sdfd930a89cd04a69a7fe88f990268825E.jpg,320,320,0.7975,0.2625,0.2093,0.1387,,,HEURISTIC_PASS,C:\Users\spq\Desktop\贝强\02_Alibaba运营\01_店铺与全店诊断\全量商品审查_2026-09-04\全六图视觉二次审计_2026-09-04\cache\9613b28aeab6af2fe7e0412039a1b71dabbbb42a.jpg
61,1601939709217,AAG7jmk4AOWGex-cDVm7ihrC,BQ021-R1 / K6212,Knit Slip-On Walking Shoes Casual Shoes for Travel Commuting and Daily Wear Model K6212,approved,Y,6,https://sc04.alicdn.com/kf/Sf68bdc8c63ce43e698d9ff4a437f6d0cE.jpg,320,320,0.7525,0.35,0.2634,0.1713,,,HEURISTIC_PASS,C:\Users\spq\Desktop\贝强\02_Alibaba运营\01_店铺与全店诊断\全量商品审查_2026-09-04\全六图视觉二次审计_2026-09-04\cache\50b433dea0c41967adaa93590f3f5372da033c69.jpg
62,1601939709218,AAG6jmk4AOWGex-cDVm7ihrB,BQ022-O1 / A2208,Custom Logo Striped Knit Slip-On Walking Shoes Casual Shoes OEM ODM Private Label Footwear Supplier Model A2208,approved,Y,1,https://sc04.alicdn.com/kf/Sd2b99745808649b7a6bbddbb6227cd79C.jpg,320,320,0.8225,0.475,0.3907,0.2157,P0_LOW_HERO_OCCUPANCY,,HEURISTIC_PASS,C:\Users\spq\Desktop\贝强\02_Alibaba运营\01_店铺与全店诊断\全量商品审查_2026-09-04\全六图视觉二次审计_2026-09-04\cache\67cdbf49724363806e496f0439ebc89a8a528635.jpg
62,1601939709218,AAG6jmk4AOWGex-cDVm7ihrB,BQ022-O1 / A2208,Custom Logo Striped Knit Slip-On Walking Shoes Casual Shoes OEM ODM Private Label Footwear Supplier Model A2208,approved,Y,2,https://sc04.alicdn.com/kf/S7401d411e99e4fc6bb4f68914a063e261.jpg,320,320,0.7625,0.48,0.366,0.228,,,HEURISTIC_PASS,C:\Users\spq\Desktop\贝强\02_Alibaba运营\01_店铺与全店诊断\全量商品审查_2026-09-04\全六图视觉二次审计_2026-09-04\cache\3593e71ae7f2d16518ec0c2db2fcac0a38248eb8.jpg
62,1601939709218,AAG6jmk4AOWGex-cDVm7ihrB,BQ022-O1 / A2208,Custom Logo Striped Knit Slip-On Walking Shoes Casual Shoes OEM ODM Private Label Footwear Supplier Model A2208,approved,Y,3,https://sc04.alicdn.com/kf/S4ff668aa18dd4815a3bfa07e5530784a9.jpg,320,320,0.7925,0.505,0.4002,0.2378,,,HEURISTIC_PASS,C:\Users\spq\Desktop\贝强\02_Alibaba运营\01_店铺与全店诊断\全量商品审查_2026-09-04\全六图视觉二次审计_2026-09-04\cache\835e42e0eb70bd37b01d678ef324634397dd70c6.jpg
62,1601939709218,AAG6jmk4AOWGex-cDVm7ihrB,BQ022-O1 / A2208,Custom Logo Striped Knit Slip-On Walking Shoes Casual Shoes OEM ODM Private Label Footwear Supplier Model A2208,approved,Y,4,https://sc04.alicdn.com/kf/S954b97c17a77407fbc98953047edf454y.jpg,320,320,0.7375,0.4025,0.2968,0.1638,,,HEURISTIC_PASS,C:\Users\spq\Desktop\贝强\02_Alibaba运营\01_店铺与全店诊断\全量商品审查_2026-09-04\全六图视觉二次审计_2026-09-04\cache\0da085c05082e2951a11850dc2e111c77f80e200.jpg
62,1601939709218,AAG6jmk4AOWGex-cDVm7ihrB,BQ022-O1 / A2208,Custom Logo Striped Knit Slip-On Walking Shoes Casual Shoes OEM ODM Private Label Footwear Supplier Model A2208,approved,Y,5,https://sc04.alicdn.com/kf/Sa5a83e5dd8944b43bb9a63de1aaeb128o.jpg,320,320,0.795,0.52,0.4134,0.2202,,,HEURISTIC_PASS,C:\Users\spq\Desktop\贝强\02_Alibaba运营\01_店铺与全店诊断\全量商品审查_2026-09-04\全六图视觉二次审计_2026-09-04\cache\4ef03e80af75455f62ee842128ea2f836ea54fd8.jpg
62,1601939709218,AAG6jmk4AOWGex-cDVm7ihrB,BQ022-O1 / A2208,Custom Logo Striped Knit Slip-On Walking Shoes Casual Shoes OEM ODM Private Label Footwear Supplier Model A2208,approved,Y,6,https://sc04.alicdn.com/kf/S1c90bd800bea43f49fd346cd7daf8ecdj.jpg,320,320,0.7525,0.49,0.3687,0.2064,,,HEURISTIC_PASS,C:\Users\spq\Desktop\贝强\02_Alibaba运营\01_店铺与全店诊断\全量商品审查_2026-09-04\全六图视觉二次审计_2026-09-04\cache\6acc102aaf6bff1dbce6fa61c36a9a728c4b1133.jpg
63,1601939712249,AAEojmk4AOWGex-cDVm7ii8a,BQ020-W1 / A218,Wholesale Hollow Knit Lace-Up Walking Shoes Summer Casual Shoes Factory Supply Model A218,approved,Y,1,https://sc04.alicdn.com/kf/Sde323a67361d47c28698ea42429edaacu.jpg,320,320,0.82,0.415,0.3403,0.221,P0_LOW_HERO_OCCUPANCY,,HEURISTIC_PASS,C:\Users\spq\Desktop\贝强\02_Alibaba运营\01_店铺与全店诊断\全量商品审查_2026-09-04\全六图视觉二次审计_2026-09-04\cache\e27f4d4062db0a689c6bbeb72b27a015cd1fe616.jpg
63,1601939712249,AAEojmk4AOWGex-cDVm7ii8a,BQ020-W1 / A218,Wholesale Hollow Knit Lace-Up Walking Shoes Summer Casual Shoes Factory Supply Model A218,approved,Y,2,https://sc04.alicdn.com/kf/Scb0be87a14c04d2284eaba3374f2869aQ.jpg,320,320,0.7625,0.645,0.4918,0.2915,,,HEURISTIC_PASS,C:\Users\spq\Desktop\贝强\02_Alibaba运营\01_店铺与全店诊断\全量商品审查_2026-09-04\全六图视觉二次审计_2026-09-04\cache\2f814475bed6d8b9395ef733f8239db371c56a22.jpg
63,1601939712249,AAEojmk4AOWGex-cDVm7ii8a,BQ020-W1 / A218,Wholesale Hollow Knit Lace-Up Walking Shoes Summer Casual Shoes Factory Supply Model A218,approved,Y,3,https://sc04.alicdn.com/kf/Sbdb09dcf9b3843a98403f0e4c1ac2997i.jpg,320,320,0.7825,0.6675,0.5223,0.3591,,,HEURISTIC_PASS,C:\Users\spq\Desktop\贝强\02_Alibaba运营\01_店铺与全店诊断\全量商品审查_2026-09-04\全六图视觉二次审计_2026-09-04\cache\50b3252c04a2066cb34295155a15edcc40e86a0f.jpg
63,1601939712249,AAEojmk4AOWGex-cDVm7ii8a,BQ020-W1 / A218,Wholesale Hollow Knit Lace-Up Walking Shoes Summer Casual Shoes Factory Supply Model A218,approved,Y,4,https://sc04.alicdn.com/kf/S85498a487fb94e8db61e8571ce171d86d.jpg,320,320,0.7375,0.4375,0.3227,0.2173,,,HEURISTIC_PASS,C:\Users\spq\Desktop\贝强\02_Alibaba运营\01_店铺与全店诊断\全量商品审查_2026-09-04\全六图视觉二次审计_2026-09-04\cache\b2cbecff060bc6fa90ec9b7a1a4ec8ba1adb93e0.jpg
63,1601939712249,AAEojmk4AOWGex-cDVm7ii8a,BQ020-W1 / A218,Wholesale Hollow Knit Lace-Up Walking Shoes Summer Casual Shoes Factory Supply Model A218,approved,Y,5,https://sc04.alicdn.com/kf/S2635fc9cc7f2454e9d91232871385a57n.jpg,320,320,0.8,0.4125,0.33,0.2364,,,HEURISTIC_PASS,C:\Users\spq\Desktop\贝强\02_Alibaba运营\01_店铺与全店诊断\全量商品审查_2026-09-04\全六图视觉二次审计_2026-09-04\cache\6e25a2617ddf5b364836e1d7ea138c37702b5f4c.jpg
63,1601939712249,AAEojmk4AOWGex-cDVm7ii8a,BQ020-W1 / A218,Wholesale Hollow Knit Lace-Up Walking Shoes Summer Casual Shoes Factory Supply Model A218,approved,Y,6,https://sc04.alicdn.com/kf/S243684265776475caf41373c6f934422f.jpg,320,320,0.75,0.62,0.465,0.3016,,,HEURISTIC_PASS,C:\Users\spq\Desktop\贝强\02_Alibaba运营\01_店铺与全店诊断\全量商品审查_2026-09-04\全六图视觉二次审计_2026-09-04\cache\9f506e13e7b46cac6026b2b1cbece1ea1cfddfc5.jpg
64,1601939739115,AAH9jmk4AOWGex-cDVm7ipYI,BQ021-O1 / K6212,Custom Logo Knit Slip-On Walking Shoes Casual Shoes OEM ODM Private Label Footwear Supplier Model K6212,approved,Y,1,https://sc04.alicdn.com/kf/S5399a71fc15d4f00b505cd42804a395fK.jpg,320,320,0.8225,0.49,0.403,0.2891,,,HEURISTIC_PASS,C:\Users\spq\Desktop\贝强\02_Alibaba运营\01_店铺与全店诊断\全量商品审查_2026-09-04\全六图视觉二次审计_2026-09-04\cache\4d4bc76e6e9807ab049278239d51d6abb26864b2.jpg
64,1601939739115,AAH9jmk4AOWGex-cDVm7ipYI,BQ021-O1 / K6212,Custom Logo Knit Slip-On Walking Shoes Casual Shoes OEM ODM Private Label Footwear Supplier Model K6212,approved,Y,2,https://sc04.alicdn.com/kf/Sadbaec57d3fa4bcea6db6f428ded15feH.jpg,320,320,0.7625,0.4775,0.3641,0.2259,,,HEURISTIC_PASS,C:\Users\spq\Desktop\贝强\02_Alibaba运营\01_店铺与全店诊断\全量商品审查_2026-09-04\全六图视觉二次审计_2026-09-04\cache\f81a7d2c7281948c0decd4c5f5080739cf17431b.jpg
64,1601939739115,AAH9jmk4AOWGex-cDVm7ipYI,BQ021-O1 / K6212,Custom Logo Knit Slip-On Walking Shoes Casual Shoes OEM ODM Private Label Footwear Supplier Model K6212,approved,Y,3,https://sc04.alicdn.com/kf/S445f1b244280409cb4437bcc3ccecff02.jpg,320,320,0.7875,0.26,0.2047,0.1358,,,HEURISTIC_PASS,C:\Users\spq\Desktop\贝强\02_Alibaba运营\01_店铺与全店诊断\全量商品审查_2026-09-04\全六图视觉二次审计_2026-09-04\cache\7d73504029d6497d4aa3e580f7427e05e010c601.jpg
64,1601939739115,AAH9jmk4AOWGex-cDVm7ipYI,BQ021-O1 / K6212,Custom Logo Knit Slip-On Walking Shoes Casual Shoes OEM ODM Private Label Footwear Supplier Model K6212,approved,Y,4,https://sc04.alicdn.com/kf/S623b0d735f244a118c5cb9c5bd2f836cH.jpg,320,320,0.7375,0.3425,0.2526,0.1648,,,HEURISTIC_PASS,C:\Users\spq\Desktop\贝强\02_Alibaba运营\01_店铺与全店诊断\全量商品审查_2026-09-04\全六图视觉二次审计_2026-09-04\cache\99e3813f6be67b7e4483d916e677df47239daea6.jpg
64,1601939739115,AAH9jmk4AOWGex-cDVm7ipYI,BQ021-O1 / K6212,Custom Logo Knit Slip-On Walking Shoes Casual Shoes OEM ODM Private Label Footwear Supplier Model K6212,approved,Y,5,https://sc04.alicdn.com/kf/S530f00e485124074bfe1ec85a7880c92T.jpg,320,320,0.7875,0.365,0.2874,0.0915,,,HEURISTIC_PASS,C:\Users\spq\Desktop\贝强\02_Alibaba运营\01_店铺与全店诊断\全量商品审查_2026-09-04\全六图视觉二次审计_2026-09-04\cache\9a4b129b0cdc78837a121df220b1eed0acf5878b.jpg
64,1601939739115,AAH9jmk4AOWGex-cDVm7ipYI,BQ021-O1 / K6212,Custom Logo Knit Slip-On Walking Shoes Casual Shoes OEM ODM Private Label Footwear Supplier Model K6212,approved,Y,6,https://sc04.alicdn.com/kf/S479db57b2b17472a9dbb853ffb2f2282w.jpg,320,320,0.5825,0.7225,0.4209,0.1914,,,HEURISTIC_PASS,C:\Users\spq\Desktop\贝强\02_Alibaba运营\01_店铺与全店诊断\全量商品审查_2026-09-04\全六图视觉二次审计_2026-09-04\cache\961bccc31a0d06154ff32fc213c3446338b0e424.jpg
65,1601939625613,AAEgjmk4AOWGex-cDVm7jNFu,BQ020-O1 / A218,Custom Logo Hollow Knit Lace-Up Walking Shoes Summer Casual Shoes OEM ODM Private Label Footwear Supplier Model A218,approved,Y,1,https://sc04.alicdn.com/kf/S364bf228a15240c4b8ed6aedca2fd224r.jpg,320,320,0.8225,0.4225,0.3475,0.2489,P0_LOW_HERO_OCCUPANCY,,HEURISTIC_PASS,C:\Users\spq\Desktop\贝强\02_Alibaba运营\01_店铺与全店诊断\全量商品审查_2026-09-04\全六图视觉二次审计_2026-09-04\cache\36203676fc044dcd99d9252fe15038f6b08cb3b9.jpg
65,1601939625613,AAEgjmk4AOWGex-cDVm7jNFu,BQ020-O1 / A218,Custom Logo Hollow Knit Lace-Up Walking Shoes Summer Casual Shoes OEM ODM Private Label Footwear Supplier Model A218,approved,Y,2,https://sc04.alicdn.com/kf/S09e6506da8e1428cafdbd88a38d5d603i.jpg,320,320,0.7625,0.63,0.4804,0.3063,,,HEURISTIC_PASS,C:\Users\spq\Desktop\贝强\02_Alibaba运营\01_店铺与全店诊断\全量商品审查_2026-09-04\全六图视觉二次审计_2026-09-04\cache\1a5f5d1563a61670b486deab68ff6c714c7e12ac.jpg
65,1601939625613,AAEgjmk4AOWGex-cDVm7jNFu,BQ020-O1 / A218,Custom Logo Hollow Knit Lace-Up Walking Shoes Summer Casual Shoes OEM ODM Private Label Footwear Supplier Model A218,approved,Y,3,https://sc04.alicdn.com/kf/S631483cd5a2d470795840c8aa0523e33e.jpg,320,320,0.7925,0.3975,0.315,0.178,,,HEURISTIC_PASS,C:\Users\spq\Desktop\贝强\02_Alibaba运营\01_店铺与全店诊断\全量商品审查_2026-09-04\全六图视觉二次审计_2026-09-04\cache\32d73397eb1da3fcd8b8b3436547d46e4ec88179.jpg
65,1601939625613,AAEgjmk4AOWGex-cDVm7jNFu,BQ020-O1 / A218,Custom Logo Hollow Knit Lace-Up Walking Shoes Summer Casual Shoes OEM ODM Private Label Footwear Supplier Model A218,approved,Y,4,https://sc04.alicdn.com/kf/Se411a449d6f64150adc7474a87d86e954.jpg,320,320,0.7375,0.625,0.4609,0.2569,,,HEURISTIC_PASS,C:\Users\spq\Desktop\贝强\02_Alibaba运营\01_店铺与全店诊断\全量商品审查_2026-09-04\全六图视觉二次审计_2026-09-04\cache\defe7c49adcad1ad12b393dbab07f98ea8c354c0.jpg
65,1601939625613,AAEgjmk4AOWGex-cDVm7jNFu,BQ020-O1 / A218,Custom Logo Hollow Knit Lace-Up Walking Shoes Summer Casual Shoes OEM ODM Private Label Footwear Supplier Model A218,approved,Y,5,https://sc04.alicdn.com/kf/S577332c40e5c416e9b01612ab6a09e20t.jpg,320,320,0.7925,0.68,0.5389,0.3654,,,HEURISTIC_PASS,C:\Users\spq\Desktop\贝强\02_Alibaba运营\01_店铺与全店诊断\全量商品审查_2026-09-04\全六图视觉二次审计_2026-09-04\cache\65f592d9370f1ad966be71c3b667a47dddefba61.jpg
65,1601939625613,AAEgjmk4AOWGex-cDVm7jNFu,BQ020-O1 / A218,Custom Logo Hollow Knit Lace-Up Walking Shoes Summer Casual Shoes OEM ODM Private Label Footwear Supplier Model A218,approved,Y,6,https://sc04.alicdn.com/kf/S9070cb088ad2417c969aeec66c1d2601X.jpg,320,320,0.7525,0.4475,0.3367,0.2269,,,HEURISTIC_PASS,C:\Users\spq\Desktop\贝强\02_Alibaba运营\01_店铺与全店诊断\全量商品审查_2026-09-04\全六图视觉二次审计_2026-09-04\cache\0f923c597245b2288939604f95a43f7cfd9e7f3e.jpg
66,1601939616747,AAGdjmk4AOWGex-cDVm7jLQI,BQ019-W1 / A206,Wholesale Knit Lace-Up Walking Shoes Casual Shoes Factory Supply Model A206,approved,Y,1,https://sc04.alicdn.com/kf/S7f7fa9a7f69d4e79821c3a5bafdfa6184.jpg,320,320,0.82,0.48,0.3936,0.2583,,,HEURISTIC_PASS,C:\Users\spq\Desktop\贝强\02_Alibaba运营\01_店铺与全店诊断\全量商品审查_2026-09-04\全六图视觉二次审计_2026-09-04\cache\2120a415561275c3cf994dffdbc35a88d2b7956a.jpg
66,1601939616747,AAGdjmk4AOWGex-cDVm7jLQI,BQ019-W1 / A206,Wholesale Knit Lace-Up Walking Shoes Casual Shoes Factory Supply Model A206,approved,Y,2,https://sc04.alicdn.com/kf/S0a7f36fa3fe74673a20e7822cac295afF.jpg,320,320,0.76,0.4825,0.3667,0.2298,,,HEURISTIC_PASS,C:\Users\spq\Desktop\贝强\02_Alibaba运营\01_店铺与全店诊断\全量商品审查_2026-09-04\全六图视觉二次审计_2026-09-04\cache\0a794cda1b6c2b1ec301014ffbaac8bc6dbe07f4.jpg
66,1601939616747,AAGdjmk4AOWGex-cDVm7jLQI,BQ019-W1 / A206,Wholesale Knit Lace-Up Walking Shoes Casual Shoes Factory Supply Model A206,approved,Y,3,https://sc04.alicdn.com/kf/S46a93ebd71b142e0b8a523ad320ff120O.jpg,320,320,0.7925,0.4525,0.3586,0.2009,,,HEURISTIC_PASS,C:\Users\spq\Desktop\贝强\02_Alibaba运营\01_店铺与全店诊断\全量商品审查_2026-09-04\全六图视觉二次审计_2026-09-04\cache\92dbc57ea9f18b729f2623da61cd1d50a1d2ce17.jpg
66,1601939616747,AAGdjmk4AOWGex-cDVm7jLQI,BQ019-W1 / A206,Wholesale Knit Lace-Up Walking Shoes Casual Shoes Factory Supply Model A206,approved,Y,4,https://sc04.alicdn.com/kf/Scf693653bcdc4d8a971b42f2d61d97a4J.jpg,320,320,0.7375,0.3975,0.2932,0.1713,,,HEURISTIC_PASS,C:\Users\spq\Desktop\贝强\02_Alibaba运营\01_店铺与全店诊断\全量商品审查_2026-09-04\全六图视觉二次审计_2026-09-04\cache\7ea67689c82112c10cdd7af2ec616c3909cca424.jpg
66,1601939616747,AAGdjmk4AOWGex-cDVm7jLQI,BQ019-W1 / A206,Wholesale Knit Lace-Up Walking Shoes Casual Shoes Factory Supply Model A206,approved,Y,5,https://sc04.alicdn.com/kf/S4e388a0d6819433b98c89d0a78fa9c59J.jpg,320,320,0.7975,0.47,0.3748,0.2441,,,HEURISTIC_PASS,C:\Users\spq\Desktop\贝强\02_Alibaba运营\01_店铺与全店诊断\全量商品审查_2026-09-04\全六图视觉二次审计_2026-09-04\cache\793d690076fbb1943db2430c2c5d3055fda970d0.jpg
66,1601939616747,AAGdjmk4AOWGex-cDVm7jLQI,BQ019-W1 / A206,Wholesale Knit Lace-Up Walking Shoes Casual Shoes Factory Supply Model A206,approved,Y,6,https://sc04.alicdn.com/kf/S6af89ed5446b412cbd68196c78fdbb40d.jpg,320,320,0.75,0.4275,0.3206,0.2129,,,HEURISTIC_PASS,C:\Users\spq\Desktop\贝强\02_Alibaba运营\01_店铺与全店诊断\全量商品审查_2026-09-04\全六图视觉二次审计_2026-09-04\cache\4104ffa2e438925bebd247ee03770b632df0bc22.jpg
67,1601939602873,AAE1jmk4AOWGex-cDVm7jHpa,BQ019-R1 / A206,Knit Lace-Up Walking Shoes Casual Shoes for Daily Walking and Casual Wear Model A206,approved,Y,1,https://sc04.alicdn.com/kf/S5daa5d00ce174bc9bd261edccb2d16b37.jpg,320,320,0.8225,0.4675,0.3845,0.215,P0_LOW_HERO_OCCUPANCY,,HEURISTIC_PASS,C:\Users\spq\Desktop\贝强\02_Alibaba运营\01_店铺与全店诊断\全量商品审查_2026-09-04\全六图视觉二次审计_2026-09-04\cache\bef22cad2358bd230412c89f29d3a65c639ff96b.jpg
67,1601939602873,AAE1jmk4AOWGex-cDVm7jHpa,BQ019-R1 / A206,Knit Lace-Up Walking Shoes Casual Shoes for Daily Walking and Casual Wear Model A206,approved,Y,2,https://sc04.alicdn.com/kf/S0155366248d44d65a6b4aa97823d74eaD.jpg,320,320,0.7625,0.41,0.3126,0.182,,,HEURISTIC_PASS,C:\Users\spq\Desktop\贝强\02_Alibaba运营\01_店铺与全店诊断\全量商品审查_2026-09-04\全六图视觉二次审计_2026-09-04\cache\6c42327a0805e56f602bb12da2eef1b1cec49984.jpg
67,1601939602873,AAE1jmk4AOWGex-cDVm7jHpa,BQ019-R1 / A206,Knit Lace-Up Walking Shoes Casual Shoes for Daily Walking and Casual Wear Model A206,approved,Y,3,https://sc04.alicdn.com/kf/S58e65c7de1a742a08a0a8b04500f550dc.jpg,320,320,0.785,0.4625,0.3631,0.2164,,,HEURISTIC_PASS,C:\Users\spq\Desktop\贝强\02_Alibaba运营\01_店铺与全店诊断\全量商品审查_2026-09-04\全六图视觉二次审计_2026-09-04\cache\2f9adcb434571bf2501d3d4f60e052d639a96650.jpg
67,1601939602873,AAE1jmk4AOWGex-cDVm7jHpa,BQ019-R1 / A206,Knit Lace-Up Walking Shoes Casual Shoes for Daily Walking and Casual Wear Model A206,approved,Y,4,https://sc04.alicdn.com/kf/S33c952d380f442a2b278ec1a9845b63fY.jpg,320,320,0.735,0.4175,0.3069,0.2038,,,HEURISTIC_PASS,C:\Users\spq\Desktop\贝强\02_Alibaba运营\01_店铺与全店诊断\全量商品审查_2026-09-04\全六图视觉二次审计_2026-09-04\cache\a5b4a2961e8b549af7b9fdd64c45fdc8a1ce9a6c.jpg
67,1601939602873,AAE1jmk4AOWGex-cDVm7jHpa,BQ019-R1 / A206,Knit Lace-Up Walking Shoes Casual Shoes for Daily Walking and Casual Wear Model A206,approved,Y,5,https://sc04.alicdn.com/kf/Sf4a4cd7098da4b4b9ad10f4855b1a91d7.jpg,320,320,0.8,0.4675,0.374,0.2448,,,HEURISTIC_PASS,C:\Users\spq\Desktop\贝强\02_Alibaba运营\01_店铺与全店诊断\全量商品审查_2026-09-04\全六图视觉二次审计_2026-09-04\cache\345bf92552fc38de845db56ea6f49e3115979c15.jpg
67,1601939602873,AAE1jmk4AOWGex-cDVm7jHpa,BQ019-R1 / A206,Knit Lace-Up Walking Shoes Casual Shoes for Daily Walking and Casual Wear Model A206,approved,Y,6,https://sc04.alicdn.com/kf/S8f86858063224c60aff6b9feaa663672F.jpg,320,320,0.75,0.4775,0.3581,0.1991,,,HEURISTIC_PASS,C:\Users\spq\Desktop\贝强\02_Alibaba运营\01_店铺与全店诊断\全量商品审查_2026-09-04\全六图视觉二次审计_2026-09-04\cache\415917d3f893b6e3e086b94d39ae3fc38001436e.jpg
68,1601939695286,AAEYjmk4AOWGex-cDVm7jeFV,BQ019-O1 / A206,Custom Logo Knit Lace-Up Walking Shoes Casual Shoes OEM ODM Private Label Footwear Supplier Model A206,approved,Y,1,https://sc04.alicdn.com/kf/S035a4ca94a1440b4855c6e4d452c8eb9z.jpg,320,320,0.815,0.4825,0.3932,0.2326,,,HEURISTIC_PASS,C:\Users\spq\Desktop\贝强\02_Alibaba运营\01_店铺与全店诊断\全量商品审查_2026-09-04\全六图视觉二次审计_2026-09-04\cache\b3c052e2436182b514ab38bc4e0e43e7c6a5fbaa.jpg
68,1601939695286,AAEYjmk4AOWGex-cDVm7jeFV,BQ019-O1 / A206,Custom Logo Knit Lace-Up Walking Shoes Casual Shoes OEM ODM Private Label Footwear Supplier Model A206,approved,Y,2,https://sc04.alicdn.com/kf/Sbb25df8ba7b14ce4ba0cc6fafd2179713.jpg,320,320,0.7625,0.4325,0.3298,0.2191,,,HEURISTIC_PASS,C:\Users\spq\Desktop\贝强\02_Alibaba运营\01_店铺与全店诊断\全量商品审查_2026-09-04\全六图视觉二次审计_2026-09-04\cache\47be745471f98fbb53a30bec1d56fccc678dfaa0.jpg
68,1601939695286,AAEYjmk4AOWGex-cDVm7jeFV,BQ019-O1 / A206,Custom Logo Knit Lace-Up Walking Shoes Casual Shoes OEM ODM Private Label Footwear Supplier Model A206,approved,Y,3,https://sc04.alicdn.com/kf/S6ec650708d804223a15ecf05125f193fO.jpg,320,320,0.7875,0.4625,0.3642,0.2401,,,HEURISTIC_PASS,C:\Users\spq\Desktop\贝强\02_Alibaba运营\01_店铺与全店诊断\全量商品审查_2026-09-04\全六图视觉二次审计_2026-09-04\cache\c7130eaf341511d14d72a71ba8d60850476af864.jpg
68,1601939695286,AAEYjmk4AOWGex-cDVm7jeFV,BQ019-O1 / A206,Custom Logo Knit Lace-Up Walking Shoes Casual Shoes OEM ODM Private Label Footwear Supplier Model A206,approved,Y,4,https://sc04.alicdn.com/kf/S5e299c22cd424dcc8d669bc3bf5ed751D.jpg,320,320,0.735,0.47,0.3454,0.193,,,HEURISTIC_PASS,C:\Users\spq\Desktop\贝强\02_Alibaba运营\01_店铺与全店诊断\全量商品审查_2026-09-04\全六图视觉二次审计_2026-09-04\cache\d4e45802f5401b1623db365c3f403d813853d8ca.jpg
68,1601939695286,AAEYjmk4AOWGex-cDVm7jeFV,BQ019-O1 / A206,Custom Logo Knit Lace-Up Walking Shoes Casual Shoes OEM ODM Private Label Footwear Supplier Model A206,approved,Y,5,https://sc04.alicdn.com/kf/Se8e3b8ecbbfc4a4e90037017fa2ac6c5b.jpg,320,320,0.8025,0.4575,0.3671,0.2063,,,HEURISTIC_PASS,C:\Users\spq\Desktop\贝强\02_Alibaba运营\01_店铺与全店诊断\全量商品审查_2026-09-04\全六图视觉二次审计_2026-09-04\cache\d83d8ca1bf34ccc8b056c5e904bd107244ae32ab.jpg
68,1601939695286,AAEYjmk4AOWGex-cDVm7jeFV,BQ019-O1 / A206,Custom Logo Knit Lace-Up Walking Shoes Casual Shoes OEM ODM Private Label Footwear Supplier Model A206,approved,Y,6,https://sc04.alicdn.com/kf/S943e65333cce47618e60c3600b18cf2eN.jpg,320,320,0.7525,0.4075,0.3066,0.179,,,HEURISTIC_PASS,C:\Users\spq\Desktop\贝强\02_Alibaba运营\01_店铺与全店诊断\全量商品审查_2026-09-04\全六图视觉二次审计_2026-09-04\cache\7df9123a69183486b9040ad58b2d1849ea66d0f4.jpg
69,1601939726170,AAHwjmk4AOWGex-cDVm7ili5,BQ018-W1 / A116,Wholesale Knit Lace-Up Walking Shoes Casual Shoes Factory Supply Model A116,approved,Y,1,https://sc04.alicdn.com/kf/Sae47c4c83bd44db69c4a7279ce613ea4S.jpg,320,320,0.82,0.4675,0.3834,0.2211,P0_LOW_HERO_OCCUPANCY,,HEURISTIC_PASS,C:\Users\spq\Desktop\贝强\02_Alibaba运营\01_店铺与全店诊断\全量商品审查_2026-09-04\全六图视觉二次审计_2026-09-04\cache\87d32bb9d78da203617e0a04e342041f69d93c82.jpg
69,1601939726170,AAHwjmk4AOWGex-cDVm7ili5,BQ018-W1 / A116,Wholesale Knit Lace-Up Walking Shoes Casual Shoes Factory Supply Model A116,approved,Y,2,https://sc04.alicdn.com/kf/Sa3f123f7d3384752a6d410bb2a971328Z.jpg,320,320,0.76,0.4925,0.3743,0.2539,,,HEURISTIC_PASS,C:\Users\spq\Desktop\贝强\02_Alibaba运营\01_店铺与全店诊断\全量商品审查_2026-09-04\全六图视觉二次审计_2026-09-04\cache\f51b63ca150d9e2df58de719e78d88685df7a70f.jpg
69,1601939726170,AAHwjmk4AOWGex-cDVm7ili5,BQ018-W1 / A116,Wholesale Knit Lace-Up Walking Shoes Casual Shoes Factory Supply Model A116,approved,Y,3,https://sc04.alicdn.com/kf/S762af96c3baa4e2fb97b990313dc2547v.jpg,320,320,0.7925,0.4525,0.3586,0.2005,,,HEURISTIC_PASS,C:\Users\spq\Desktop\贝强\02_Alibaba运营\01_店铺与全店诊断\全量商品审查_2026-09-04\全六图视觉二次审计_2026-09-04\cache\c607746470cd2432cbbbecfb60476b06523629a0.jpg
69,1601939726170,AAHwjmk4AOWGex-cDVm7ili5,BQ018-W1 / A116,Wholesale Knit Lace-Up Walking Shoes Casual Shoes Factory Supply Model A116,approved,Y,4,https://sc04.alicdn.com/kf/S5dee165a796948c09bb04b08a305065bM.jpg,320,320,0.735,0.3725,0.2738,0.1717,,,HEURISTIC_PASS,C:\Users\spq\Desktop\贝强\02_Alibaba运营\01_店铺与全店诊断\全量商品审查_2026-09-04\全六图视觉二次审计_2026-09-04\cache\456551c6a2b5bd40795064fce188d4d5d085e4c3.jpg
69,1601939726170,AAHwjmk4AOWGex-cDVm7ili5,BQ018-W1 / A116,Wholesale Knit Lace-Up Walking Shoes Casual Shoes Factory Supply Model A116,approved,Y,5,https://sc04.alicdn.com/kf/S9d8bed5edc43470cacd6b94e1a21790cB.jpg,320,320,0.8,0.5175,0.414,0.2653,,,HEURISTIC_PASS,C:\Users\spq\Desktop\贝强\02_Alibaba运营\01_店铺与全店诊断\全量商品审查_2026-09-04\全六图视觉二次审计_2026-09-04\cache\8d1eb585d2def598cd980847a1c22781da1fa066.jpg
69,1601939726170,AAHwjmk4AOWGex-cDVm7ili5,BQ018-W1 / A116,Wholesale Knit Lace-Up Walking Shoes Casual Shoes Factory Supply Model A116,approved,Y,6,https://sc04.alicdn.com/kf/S4f2a058437ac45068366f7ff755c59d1b.jpg,320,320,0.75,0.63,0.4725,0.284,,,HEURISTIC_PASS,C:\Users\spq\Desktop\贝强\02_Alibaba运营\01_店铺与全店诊断\全量商品审查_2026-09-04\全六图视觉二次审计_2026-09-04\cache\b12c28ccccb974566a73b14e28c4448887a06e8a.jpg
70,1601939641542,AAEajmk4AOWGex-cDVm7jRMl,BQ018-R1 / A116,Knit Lace-Up Walking Shoes Casual Shoes for Daily Walking and Casual Wear Model A116,approved,Y,1,https://sc04.alicdn.com/kf/Scd9353a841b843208f547604bd47f1cdY.jpg,320,320,0.8225,0.47,0.3866,0.2147,P0_LOW_HERO_OCCUPANCY,,HEURISTIC_PASS,C:\Users\spq\Desktop\贝强\02_Alibaba运营\01_店铺与全店诊断\全量商品审查_2026-09-04\全六图视觉二次审计_2026-09-04\cache\3517547500c616bba26b7b25e14b06808a791a90.jpg
70,1601939641542,AAEajmk4AOWGex-cDVm7jRMl,BQ018-R1 / A116,Knit Lace-Up Walking Shoes Casual Shoes for Daily Walking and Casual Wear Model A116,approved,Y,2,https://sc04.alicdn.com/kf/S6bf669ab7e3c4505880c4a6066f7a472R.jpg,320,320,0.7625,0.3825,0.2917,0.1826,,,HEURISTIC_PASS,C:\Users\spq\Desktop\贝强\02_Alibaba运营\01_店铺与全店诊断\全量商品审查_2026-09-04\全六图视觉二次审计_2026-09-04\cache\dcc564c8a6242d6a073e9ea546950831be9e2f12.jpg
70,1601939641542,AAEajmk4AOWGex-cDVm7jRMl,BQ018-R1 / A116,Knit Lace-Up Walking Shoes Casual Shoes for Daily Walking and Casual Wear Model A116,approved,Y,3,https://sc04.alicdn.com/kf/Sbbc956ddd32742caa5e58acde5bc74b6h.jpg,320,320,0.79,0.5125,0.4049,0.2565,,,HEURISTIC_PASS,C:\Users\spq\Desktop\贝强\02_Alibaba运营\01_店铺与全店诊断\全量商品审查_2026-09-04\全六图视觉二次审计_2026-09-04\cache\797651314977460f5b1ab5c193cf4aafa5f54347.jpg
70,1601939641542,AAEajmk4AOWGex-cDVm7jRMl,BQ018-R1 / A116,Knit Lace-Up Walking Shoes Casual Shoes for Daily Walking and Casual Wear Model A116,approved,Y,4,https://sc04.alicdn.com/kf/S3fb754c1e65145c4baec64a0a357d28bQ.jpg,320,320,0.735,0.6175,0.4539,0.272,,,HEURISTIC_PASS,C:\Users\spq\Desktop\贝强\02_Alibaba运营\01_店铺与全店诊断\全量商品审查_2026-09-04\全六图视觉二次审计_2026-09-04\cache\5ffdb738975ef3999fd88c2a67a23f549ab67038.jpg
70,1601939641542,AAEajmk4AOWGex-cDVm7jRMl,BQ018-R1 / A116,Knit Lace-Up Walking Shoes Casual Shoes for Daily Walking and Casual Wear Model A116,approved,Y,5,https://sc04.alicdn.com/kf/S61281ce35a294a008242640000899badg.jpg,320,320,0.8,0.4575,0.366,0.21,,,HEURISTIC_PASS,C:\Users\spq\Desktop\贝强\02_Alibaba运营\01_店铺与全店诊断\全量商品审查_2026-09-04\全六图视觉二次审计_2026-09-04\cache\1e2a964c4424ccf968ec7cf18a733c7461ee7b54.jpg
70,1601939641542,AAEajmk4AOWGex-cDVm7jRMl,BQ018-R1 / A116,Knit Lace-Up Walking Shoes Casual Shoes for Daily Walking and Casual Wear Model A116,approved,Y,6,https://sc04.alicdn.com/kf/S77f816ee639d4b1ea11df378fc9e0a1b3.jpg,320,320,0.75,0.4825,0.3619,0.2443,,,HEURISTIC_PASS,C:\Users\spq\Desktop\贝强\02_Alibaba运营\01_店铺与全店诊断\全量商品审查_2026-09-04\全六图视觉二次审计_2026-09-04\cache\fb81995acab879d67adc76cdda8023515664f8e1.jpg
71,1601939636508,AAHnjmk4AOWGex-cDVm7jQb_,BQ017-W1 / A008,Wholesale Quilted Knit Lace-Up Walking Shoes Casual Shoes Factory Supply Model A008,approved,Y,1,https://sc04.alicdn.com/kf/S46105e85780549208c296f8a41859586r.jpg,320,320,0.82,0.3275,0.2686,0.1598,P0_LOW_HERO_OCCUPANCY,,HEURISTIC_PASS,C:\Users\spq\Desktop\贝强\02_Alibaba运营\01_店铺与全店诊断\全量商品审查_2026-09-04\全六图视觉二次审计_2026-09-04\cache\624818f9cf7c738e04c40c4e0cbd71a7999ab511.jpg
71,1601939636508,AAHnjmk4AOWGex-cDVm7jQb_,BQ017-W1 / A008,Wholesale Quilted Knit Lace-Up Walking Shoes Casual Shoes Factory Supply Model A008,approved,Y,2,https://sc04.alicdn.com/kf/S3cd6066d19ac4c2d83de487542d36edbh.jpg,320,320,0.76,0.3675,0.2793,0.1842,,,HEURISTIC_PASS,C:\Users\spq\Desktop\贝强\02_Alibaba运营\01_店铺与全店诊断\全量商品审查_2026-09-04\全六图视觉二次审计_2026-09-04\cache\a0d1ae7091ad3cc67091c75aa09522f1ff34c457.jpg
71,1601939636508,AAHnjmk4AOWGex-cDVm7jQb_,BQ017-W1 / A008,Wholesale Quilted Knit Lace-Up Walking Shoes Casual Shoes Factory Supply Model A008,approved,Y,3,https://sc04.alicdn.com/kf/S0390f3841fb24770bfd6ee03aa18622b8.jpg,320,320,0.79,0.39,0.3081,0.2041,,,HEURISTIC_PASS,C:\Users\spq\Desktop\贝强\02_Alibaba运营\01_店铺与全店诊断\全量商品审查_2026-09-04\全六图视觉二次审计_2026-09-04\cache\dd15db4966b54e04b0dd74984dfaa208a280adcc.jpg
71,1601939636508,AAHnjmk4AOWGex-cDVm7jQb_,BQ017-W1 / A008,Wholesale Quilted Knit Lace-Up Walking Shoes Casual Shoes Factory Supply Model A008,approved,Y,4,https://sc04.alicdn.com/kf/S4c33ab490b0b40408160b4cb2d531d12f.jpg,320,320,0.735,0.455,0.3344,0.206,,,HEURISTIC_PASS,C:\Users\spq\Desktop\贝强\02_Alibaba运营\01_店铺与全店诊断\全量商品审查_2026-09-04\全六图视觉二次审计_2026-09-04\cache\d85bc971cba7ac942624b515bfa3bfdb98f1c368.jpg
71,1601939636508,AAHnjmk4AOWGex-cDVm7jQb_,BQ017-W1 / A008,Wholesale Quilted Knit Lace-Up Walking Shoes Casual Shoes Factory Supply Model A008,approved,Y,5,https://sc04.alicdn.com/kf/Sbc8d0dea1e834f1198b292a082a0b27c1.jpg,,,,,,,DOWNLOAD_ERROR:URLError,,LOW_OCCUPANCY,C:\Users\spq\Desktop\贝强\02_Alibaba运营\01_店铺与全店诊断\全量商品审查_2026-09-04\全六图视觉二次审计_2026-09-04\cache\b28c76ccffe1b47daf1f711a6399bf5e46b969fb.jpg
71,1601939636508,AAHnjmk4AOWGex-cDVm7jQb_,BQ017-W1 / A008,Wholesale Quilted Knit Lace-Up Walking Shoes Casual Shoes Factory Supply Model A008,approved,Y,6,https://sc04.alicdn.com/kf/S458c5717ab3a4411a87f6b19cfdf9809N.jpg,320,320,0.75,0.3075,0.2306,0.1853,,,HEURISTIC_PASS,C:\Users\spq\Desktop\贝强\02_Alibaba运营\01_店铺与全店诊断\全量商品审查_2026-09-04\全六图视觉二次审计_2026-09-04\cache\899381aa1106ea63c3cdde2305709fffa7f0004e.jpg
72,1601939589890,AAEOjmk4AOWGex-cDVm7jEzh,BQ018-O1 / A116,Custom Logo Knit Lace-Up Walking Shoes Casual Shoes OEM ODM Private Label Footwear Supplier Model A116,approved,Y,1,https://sc04.alicdn.com/kf/Sd7b5ef6db3b249f7bac759148c671b6aD.jpg,320,320,0.8225,0.5325,0.438,0.2772,,,HEURISTIC_PASS,C:\Users\spq\Desktop\贝强\02_Alibaba运营\01_店铺与全店诊断\全量商品审查_2026-09-04\全六图视觉二次审计_2026-09-04\cache\6836d48a6cdff0de8fd44122948384f10581c741.jpg
72,1601939589890,AAEOjmk4AOWGex-cDVm7jEzh,BQ018-O1 / A116,Custom Logo Knit Lace-Up Walking Shoes Casual Shoes OEM ODM Private Label Footwear Supplier Model A116,approved,Y,2,https://sc04.alicdn.com/kf/Sda01b68592f641538bd457ce1a5467abn.jpg,320,320,0.7625,0.64,0.488,0.292,,,HEURISTIC_PASS,C:\Users\spq\Desktop\贝强\02_Alibaba运营\01_店铺与全店诊断\全量商品审查_2026-09-04\全六图视觉二次审计_2026-09-04\cache\94b9b7a21da300bedc2c79c1242aba228423c1af.jpg
72,1601939589890,AAEOjmk4AOWGex-cDVm7jEzh,BQ018-O1 / A116,Custom Logo Knit Lace-Up Walking Shoes Casual Shoes OEM ODM Private Label Footwear Supplier Model A116,approved,Y,3,https://sc04.alicdn.com/kf/Sbd7748ec5ac54561bc557bf3099f1204B.jpg,320,320,0.79,0.4525,0.3575,0.2065,,,HEURISTIC_PASS,C:\Users\spq\Desktop\贝强\02_Alibaba运营\01_店铺与全店诊断\全量商品审查_2026-09-04\全六图视觉二次审计_2026-09-04\cache\363a9a2d23cc7db20b5988d39e414046dad058e7.jpg
72,1601939589890,AAEOjmk4AOWGex-cDVm7jEzh,BQ018-O1 / A116,Custom Logo Knit Lace-Up Walking Shoes Casual Shoes OEM ODM Private Label Footwear Supplier Model A116,approved,Y,4,https://sc04.alicdn.com/kf/Sbff2d5eefc534515a0c0af7635460846c.jpg,320,320,0.735,0.475,0.3491,0.2363,,,HEURISTIC_PASS,C:\Users\spq\Desktop\贝强\02_Alibaba运营\01_店铺与全店诊断\全量商品审查_2026-09-04\全六图视觉二次审计_2026-09-04\cache\3af98e35dd68c773260dadc33e2f36533695bfc5.jpg
72,1601939589890,AAEOjmk4AOWGex-cDVm7jEzh,BQ018-O1 / A116,Custom Logo Knit Lace-Up Walking Shoes Casual Shoes OEM ODM Private Label Footwear Supplier Model A116,approved,Y,5,https://sc04.alicdn.com/kf/S80b938eadcac409fb6de54dd2eaf2106l.jpg,320,320,0.8025,0.46,0.3691,0.2061,,,HEURISTIC_PASS,C:\Users\spq\Desktop\贝强\02_Alibaba运营\01_店铺与全店诊断\全量商品审查_2026-09-04\全六图视觉二次审计_2026-09-04\cache\888fce6a31e757046518b44f177b900c717faa57.jpg
72,1601939589890,AAEOjmk4AOWGex-cDVm7jEzh,BQ018-O1 / A116,Custom Logo Knit Lace-Up Walking Shoes Casual Shoes OEM ODM Private Label Footwear Supplier Model A116,approved,Y,6,https://sc04.alicdn.com/kf/S1d7ce37363b4408ba278d55b29e2a7b4n.jpg,320,320,0.7525,0.38,0.2859,0.1784,,,HEURISTIC_PASS,C:\Users\spq\Desktop\贝强\02_Alibaba运营\01_店铺与全店诊断\全量商品审查_2026-09-04\全六图视觉二次审计_2026-09-04\cache\6935eeeccc37411932cb02eadae6eb0acbdfd5f9.jpg
73,1601939593839,AAHKjmk4AOWGex-cDVm7jF2M,BQ017-O1 / A008,Custom Logo Quilted Knit Lace-Up Walking Shoes Casual Shoes OEM ODM Private Label Footwear Supplier Model A008,approved,Y,1,https://sc04.alicdn.com/kf/Sa7303f1e50754f41afe7f8c8892a8cf2m.jpg,320,320,0.8225,0.505,0.4154,0.25,,,HEURISTIC_PASS,C:\Users\spq\Desktop\贝强\02_Alibaba运营\01_店铺与全店诊断\全量商品审查_2026-09-04\全六图视觉二次审计_2026-09-04\cache\bcb06aa50795dafef69b6d69fcff5a61bd4864eb.jpg
73,1601939593839,AAHKjmk4AOWGex-cDVm7jF2M,BQ017-O1 / A008,Custom Logo Quilted Knit Lace-Up Walking Shoes Casual Shoes OEM ODM Private Label Footwear Supplier Model A008,approved,Y,2,https://sc04.alicdn.com/kf/Sd3508207b7e54cfe84ebd6b04ebf96aeM.jpg,320,320,0.7575,0.31,0.2348,0.1766,,,HEURISTIC_PASS,C:\Users\spq\Desktop\贝强\02_Alibaba运营\01_店铺与全店诊断\全量商品审查_2026-09-04\全六图视觉二次审计_2026-09-04\cache\66e5a7881c137eefefae1e47c96ca641b6bed68b.jpg
73,1601939593839,AAHKjmk4AOWGex-cDVm7jF2M,BQ017-O1 / A008,Custom Logo Quilted Knit Lace-Up Walking Shoes Casual Shoes OEM ODM Private Label Footwear Supplier Model A008,approved,Y,3,https://sc04.alicdn.com/kf/Sa803590ee8fe4e15b3334bb687df975dq.jpg,320,320,0.7925,0.3175,0.2516,0.1496,,,HEURISTIC_PASS,C:\Users\spq\Desktop\贝强\02_Alibaba运营\01_店铺与全店诊断\全量商品审查_2026-09-04\全六图视觉二次审计_2026-09-04\cache\49516a39a4885c4bdb45ec4748bab13dfe50b009.jpg
73,1601939593839,AAHKjmk4AOWGex-cDVm7jF2M,BQ017-O1 / A008,Custom Logo Quilted Knit Lace-Up Walking Shoes Casual Shoes OEM ODM Private Label Footwear Supplier Model A008,approved,Y,4,https://sc04.alicdn.com/kf/Sf542745053294747b427259763299886f.jpg,320,320,0.7375,0.3575,0.2637,0.1725,,,HEURISTIC_PASS,C:\Users\spq\Desktop\贝强\02_Alibaba运营\01_店铺与全店诊断\全量商品审查_2026-09-04\全六图视觉二次审计_2026-09-04\cache\de93d9c9b9c49acf878e48339d9b631e70bddb46.jpg
73,1601939593839,AAHKjmk4AOWGex-cDVm7jF2M,BQ017-O1 / A008,Custom Logo Quilted Knit Lace-Up Walking Shoes Casual Shoes OEM ODM Private Label Footwear Supplier Model A008,approved,Y,5,https://sc04.alicdn.com/kf/S9ea076b149354c13a757b3173906ef73l.jpg,320,320,0.8025,0.395,0.317,0.2093,,,HEURISTIC_PASS,C:\Users\spq\Desktop\贝强\02_Alibaba运营\01_店铺与全店诊断\全量商品审查_2026-09-04\全六图视觉二次审计_2026-09-04\cache\9faeb001cda770d587ec04994185c5632a6a90a1.jpg
73,1601939593839,AAHKjmk4AOWGex-cDVm7jF2M,BQ017-O1 / A008,Custom Logo Quilted Knit Lace-Up Walking Shoes Casual Shoes OEM ODM Private Label Footwear Supplier Model A008,approved,Y,6,https://sc04.alicdn.com/kf/S88b4f7dba2af415dba664965019e3695N.jpg,320,320,0.7475,0.46,0.3438,0.1971,,,HEURISTIC_PASS,C:\Users\spq\Desktop\贝强\02_Alibaba运营\01_店铺与全店诊断\全量商品审查_2026-09-04\全六图视觉二次审计_2026-09-04\cache\077cd4cefd6d3900e5536c6d6580bda096f20c25.jpg
74,1601939697271,AAHfjmk4AOWGex-cDVm7jemU,BQ017-R1 / A008,Quilted Knit Lace-Up Walking Shoes Casual Shoes for Daily Walking and Casual Wear Model A008,approved,Y,1,https://sc04.alicdn.com/kf/S03064ecfca18417aa9f73cb5aebe3752K.jpg,320,320,0.82,0.4025,0.3301,0.2186,P0_LOW_HERO_OCCUPANCY,,HEURISTIC_PASS,C:\Users\spq\Desktop\贝强\02_Alibaba运营\01_店铺与全店诊断\全量商品审查_2026-09-04\全六图视觉二次审计_2026-09-04\cache\5fee49fb28166f08bedbe0a08bd8ac21201fb37a.jpg
74,1601939697271,AAHfjmk4AOWGex-cDVm7jemU,BQ017-R1 / A008,Quilted Knit Lace-Up Walking Shoes Casual Shoes for Daily Walking and Casual Wear Model A008,approved,Y,2,https://sc04.alicdn.com/kf/Se324e195a77a4e15bb02afeedf72fd37s.jpg,320,320,0.76,0.4625,0.3515,0.2014,,,HEURISTIC_PASS,C:\Users\spq\Desktop\贝强\02_Alibaba运营\01_店铺与全店诊断\全量商品审查_2026-09-04\全六图视觉二次审计_2026-09-04\cache\e38cb4a6ef280ce8c6ee86edb67545757d4cc1c3.jpg
74,1601939697271,AAHfjmk4AOWGex-cDVm7jemU,BQ017-R1 / A008,Quilted Knit Lace-Up Walking Shoes Casual Shoes for Daily Walking and Casual Wear Model A008,approved,Y,3,https://sc04.alicdn.com/kf/Se0746bea32f24b5f941984812a55884dj.jpg,320,320,0.7925,0.485,0.3844,0.2315,,,HEURISTIC_PASS,C:\Users\spq\Desktop\贝强\02_Alibaba运营\01_店铺与全店诊断\全量商品审查_2026-09-04\全六图视觉二次审计_2026-09-04\cache\677ebfd4ab5b69575fb547f9d82530c458dc6760.jpg
74,1601939697271,AAHfjmk4AOWGex-cDVm7jemU,BQ017-R1 / A008,Quilted Knit Lace-Up Walking Shoes Casual Shoes for Daily Walking and Casual Wear Model A008,approved,Y,4,https://sc04.alicdn.com/kf/S727ea57d81c3474db5f41544b7698823n.jpg,320,320,0.735,0.3,0.2205,0.1647,,,HEURISTIC_PASS,C:\Users\spq\Desktop\贝强\02_Alibaba运营\01_店铺与全店诊断\全量商品审查_2026-09-04\全六图视觉二次审计_2026-09-04\cache\81864edb9d0c35d7f0370f85465d7c47f5880372.jpg
74,1601939697271,AAHfjmk4AOWGex-cDVm7jemU,BQ017-R1 / A008,Quilted Knit Lace-Up Walking Shoes Casual Shoes for Daily Walking and Casual Wear Model A008,approved,Y,5,https://sc04.alicdn.com/kf/S013ff1d6588442e1a6cc765bf1ff728av.jpg,320,320,0.8025,0.32,0.2568,0.1523,,,HEURISTIC_PASS,C:\Users\spq\Desktop\贝强\02_Alibaba运营\01_店铺与全店诊断\全量商品审查_2026-09-04\全六图视觉二次审计_2026-09-04\cache\b871060650671ef20d2279479e6ec5ee8751db6b.jpg
74,1601939697271,AAHfjmk4AOWGex-cDVm7jemU,BQ017-R1 / A008,Quilted Knit Lace-Up Walking Shoes Casual Shoes for Daily Walking and Casual Wear Model A008,approved,Y,6,https://sc04.alicdn.com/kf/Sad63e3ee0f0844a68c4cd8db5628d673I.jpg,320,320,0.7525,0.3625,0.2728,0.1795,,,HEURISTIC_PASS,C:\Users\spq\Desktop\贝强\02_Alibaba运营\01_店铺与全店诊断\全量商品审查_2026-09-04\全六图视觉二次审计_2026-09-04\cache\459466e8fe1b7882515447c7c229123d97ab2c30.jpg
75,1601939743040,AAGojmk4AOWGex-cDVm7iqaj,BQ015-W1 / R1811,Wholesale Knit Slip-On Walking Shoes Toe Cap Casual Sneakers with Lace Detail Factory Supply Model R1811,approved,Y,1,https://sc04.alicdn.com/kf/S4395f9b510a04947a73a07d5788f12d1d.jpg,320,320,0.8175,0.395,0.3229,0.2165,P0_LOW_HERO_OCCUPANCY,,HEURISTIC_PASS,C:\Users\spq\Desktop\贝强\02_Alibaba运营\01_店铺与全店诊断\全量商品审查_2026-09-04\全六图视觉二次审计_2026-09-04\cache\a43b182a2cda1bae18c2e361f93291ce81a574b8.jpg
75,1601939743040,AAGojmk4AOWGex-cDVm7iqaj,BQ015-W1 / R1811,Wholesale Knit Slip-On Walking Shoes Toe Cap Casual Sneakers with Lace Detail Factory Supply Model R1811,approved,Y,2,https://sc04.alicdn.com/kf/Sa7356379b0754d6c99519a34920dc08dy.jpg,320,320,0.76,0.3025,0.2299,0.186,,,HEURISTIC_PASS,C:\Users\spq\Desktop\贝强\02_Alibaba运营\01_店铺与全店诊断\全量商品审查_2026-09-04\全六图视觉二次审计_2026-09-04\cache\7ddc84fbbecd6eab3d0dfc0d561fe8b3d55f0bcf.jpg
75,1601939743040,AAGojmk4AOWGex-cDVm7iqaj,BQ015-W1 / R1811,Wholesale Knit Slip-On Walking Shoes Toe Cap Casual Sneakers with Lace Detail Factory Supply Model R1811,approved,Y,3,https://sc04.alicdn.com/kf/S211cf5c0c3e5429fa224fc87f788254ar.jpg,320,320,0.79,0.38,0.3002,0.2025,,,HEURISTIC_PASS,C:\Users\spq\Desktop\贝强\02_Alibaba运营\01_店铺与全店诊断\全量商品审查_2026-09-04\全六图视觉二次审计_2026-09-04\cache\9f7b9544e7923ff89bf4db095286ab75ab89d755.jpg
75,1601939743040,AAGojmk4AOWGex-cDVm7iqaj,BQ015-W1 / R1811,Wholesale Knit Slip-On Walking Shoes Toe Cap Casual Sneakers with Lace Detail Factory Supply Model R1811,approved,Y,4,https://sc04.alicdn.com/kf/Sc532661cba084a6a8bf3acd94bd5d7771.jpg,320,320,0.51,0.7375,0.3761,0.2803,,,HEURISTIC_PASS,C:\Users\spq\Desktop\贝强\02_Alibaba运营\01_店铺与全店诊断\全量商品审查_2026-09-04\全六图视觉二次审计_2026-09-04\cache\d6904c6701f23f85cc691bb7ea7f90dd5f18eda5.jpg
75,1601939743040,AAGojmk4AOWGex-cDVm7iqaj,BQ015-W1 / R1811,Wholesale Knit Slip-On Walking Shoes Toe Cap Casual Sneakers with Lace Detail Factory Supply Model R1811,approved,Y,5,https://sc04.alicdn.com/kf/Sa2d0e00eadae4888a29be99dedf0af9fD.jpg,320,320,0.8,0.4025,0.322,0.2133,,,HEURISTIC_PASS,C:\Users\spq\Desktop\贝强\02_Alibaba运营\01_店铺与全店诊断\全量商品审查_2026-09-04\全六图视觉二次审计_2026-09-04\cache\e03dfc1773d2a44eab8c4316216141b946f0c448.jpg
75,1601939743040,AAGojmk4AOWGex-cDVm7iqaj,BQ015-W1 / R1811,Wholesale Knit Slip-On Walking Shoes Toe Cap Casual Sneakers with Lace Detail Factory Supply Model R1811,approved,Y,6,https://sc04.alicdn.com/kf/S9a953945b84e43e2ad6d36dc4336b2d9N.jpg,320,320,0.75,0.38,0.285,0.1889,,,HEURISTIC_PASS,C:\Users\spq\Desktop\贝强\02_Alibaba运营\01_店铺与全店诊断\全量商品审查_2026-09-04\全六图视觉二次审计_2026-09-04\cache\0c0932f8af25cb9c6ff89b530568bcc1e993a791.jpg
76,1601939691301,AAH4jmk4AOWGex-cDVm7jdDG,BQ016-R1 / 201,Girls' Knit Slip-On Walking Shoes Casual School Shoes for Girls School and Daily Walking Model 201,approved,Y,1,https://sc04.alicdn.com/kf/Sb6ec50fb969944ca8ed9a2b3ac36eedbl.jpg,320,320,0.82,0.315,0.2583,0.1865,P0_LOW_HERO_OCCUPANCY,,HEURISTIC_PASS,C:\Users\spq\Desktop\贝强\02_Alibaba运营\01_店铺与全店诊断\全量商品审查_2026-09-04\全六图视觉二次审计_2026-09-04\cache\ad5b42bfd0397a259a1a308dac843459668ea20b.jpg
76,1601939691301,AAH4jmk4AOWGex-cDVm7jdDG,BQ016-R1 / 201,Girls' Knit Slip-On Walking Shoes Casual School Shoes for Girls School and Daily Walking Model 201,approved,Y,2,https://sc04.alicdn.com/kf/Sc089303c8aa24e619bb6994f4f60eddfJ.jpg,320,320,0.7,0.7225,0.5058,0.2567,,,HEURISTIC_PASS,C:\Users\spq\Desktop\贝强\02_Alibaba运营\01_店铺与全店诊断\全量商品审查_2026-09-04\全六图视觉二次审计_2026-09-04\cache\37c036fa2b8eae218eebf3b9b69dd85a087e851e.jpg
76,1601939691301,AAH4jmk4AOWGex-cDVm7jdDG,BQ016-R1 / 201,Girls' Knit Slip-On Walking Shoes Casual School Shoes for Girls School and Daily Walking Model 201,approved,Y,3,https://sc04.alicdn.com/kf/S6cf5489a89274bf58f0c0ef059b4149eQ.jpg,320,320,0.7925,0.63,0.4993,0.2839,,,HEURISTIC_PASS,C:\Users\spq\Desktop\贝强\02_Alibaba运营\01_店铺与全店诊断\全量商品审查_2026-09-04\全六图视觉二次审计_2026-09-04\cache\f5f026d04135d15f84467d8916249eff3ee5c87a.jpg
76,1601939691301,AAH4jmk4AOWGex-cDVm7jdDG,BQ016-R1 / 201,Girls' Knit Slip-On Walking Shoes Casual School Shoes for Girls School and Daily Walking Model 201,approved,Y,4,https://sc04.alicdn.com/kf/S860871f5733247caad0ad3a5f770354eM.jpg,320,320,0.73,0.5075,0.3705,0.1748,,,HEURISTIC_PASS,C:\Users\spq\Desktop\贝强\02_Alibaba运营\01_店铺与全店诊断\全量商品审查_2026-09-04\全六图视觉二次审计_2026-09-04\cache\16cb8de1d2c89cf8d15fbbd5dae85cccd8f3df7a.jpg
76,1601939691301,AAH4jmk4AOWGex-cDVm7jdDG,BQ016-R1 / 201,Girls' Knit Slip-On Walking Shoes Casual School Shoes for Girls School and Daily Walking Model 201,approved,Y,5,https://sc04.alicdn.com/kf/See7d8d360d2e4d3daf1aa89a7b72d192V.jpg,320,320,0.8,0.6375,0.51,0.2916,,,HEURISTIC_PASS,C:\Users\spq\Desktop\贝强\02_Alibaba运营\01_店铺与全店诊断\全量商品审查_2026-09-04\全六图视觉二次审计_2026-09-04\cache\3d46595870af83b07d998f90899f17ce3dd0af39.jpg
76,1601939691301,AAH4jmk4AOWGex-cDVm7jdDG,BQ016-R1 / 201,Girls' Knit Slip-On Walking Shoes Casual School Shoes for Girls School and Daily Walking Model 201,approved,Y,6,https://sc04.alicdn.com/kf/S2265df5007ab44d7a65c0188c98233edN.jpg,320,320,0.51,0.7225,0.3685,0.2017,,,HEURISTIC_PASS,C:\Users\spq\Desktop\贝强\02_Alibaba运营\01_店铺与全店诊断\全量商品审查_2026-09-04\全六图视觉二次审计_2026-09-04\cache\61ff39913ce5efabc419721699e0f9f5a2f5cb32.jpg
77,1601939747001,AAHwjmk4AOWGex-cDVm7irda,BQ015-R1 / R1811,Knit Slip-On Walking Shoes Toe Cap Casual Sneakers with Lace Detail for Autumn Winter Walking and Casual Wear Model R1811,approved,Y,1,https://sc04.alicdn.com/kf/S54cef79e68514417b1772f21059bbd87J.jpg,320,320,0.8225,0.3925,0.3228,0.2124,P0_LOW_HERO_OCCUPANCY,,HEURISTIC_PASS,C:\Users\spq\Desktop\贝强\02_Alibaba运营\01_店铺与全店诊断\全量商品审查_2026-09-04\全六图视觉二次审计_2026-09-04\cache\4366789dad9821e3bfab0e27d56f86ffd791ec28.jpg
77,1601939747001,AAHwjmk4AOWGex-cDVm7irda,BQ015-R1 / R1811,Knit Slip-On Walking Shoes Toe Cap Casual Sneakers with Lace Detail for Autumn Winter Walking and Casual Wear Model R1811,approved,Y,2,https://sc04.alicdn.com/kf/S0efe613f70ac447eb7a04c6aedde70d99.jpg,320,320,0.495,0.7225,0.3576,0.2657,,,HEURISTIC_PASS,C:\Users\spq\Desktop\贝强\02_Alibaba运营\01_店铺与全店诊断\全量商品审查_2026-09-04\全六图视觉二次审计_2026-09-04\cache\14d4a92d938643341db13cd87cb31d4333bdd290.jpg
77,1601939747001,AAHwjmk4AOWGex-cDVm7irda,BQ015-R1 / R1811,Knit Slip-On Walking Shoes Toe Cap Casual Sneakers with Lace Detail for Autumn Winter Walking and Casual Wear Model R1811,approved,Y,3,https://sc04.alicdn.com/kf/S330a7b5fa5ec4c85864c9b44d87153422.jpg,320,320,0.79,0.395,0.312,0.1997,,,HEURISTIC_PASS,C:\Users\spq\Desktop\贝强\02_Alibaba运营\01_店铺与全店诊断\全量商品审查_2026-09-04\全六图视觉二次审计_2026-09-04\cache\ee4010a3d0be9dc90fdbae12bf8ab19a20f9ee47.jpg
77,1601939747001,AAHwjmk4AOWGex-cDVm7irda,BQ015-R1 / R1811,Knit Slip-On Walking Shoes Toe Cap Casual Sneakers with Lace Detail for Autumn Winter Walking and Casual Wear Model R1811,approved,Y,4,https://sc04.alicdn.com/kf/S1c02614806ea44c3b73e899587b3925b9.jpg,320,320,0.735,0.37,0.272,0.1782,,,HEURISTIC_PASS,C:\Users\spq\Desktop\贝强\02_Alibaba运营\01_店铺与全店诊断\全量商品审查_2026-09-04\全六图视觉二次审计_2026-09-04\cache\829ab6c6a7ecda562a0332a64b62a8b5010ce15b.jpg
77,1601939747001,AAHwjmk4AOWGex-cDVm7irda,BQ015-R1 / R1811,Knit Slip-On Walking Shoes Toe Cap Casual Sneakers with Lace Detail for Autumn Winter Walking and Casual Wear Model R1811,approved,Y,5,https://sc04.alicdn.com/kf/S8abcda84876e4fee800f40fe3a1926e0R.jpg,320,320,0.7975,0.3875,0.309,0.1988,,,HEURISTIC_PASS,C:\Users\spq\Desktop\贝强\02_Alibaba运营\01_店铺与全店诊断\全量商品审查_2026-09-04\全六图视觉二次审计_2026-09-04\cache\4a2e814a28b8280ecec073323499c65985a8391b.jpg
77,1601939747001,AAHwjmk4AOWGex-cDVm7irda,BQ015-R1 / R1811,Knit Slip-On Walking Shoes Toe Cap Casual Sneakers with Lace Detail for Autumn Winter Walking and Casual Wear Model R1811,approved,Y,6,https://sc04.alicdn.com/kf/S163dc431cfe74d998c20416cbb179c60o.jpg,320,320,0.75,0.295,0.2213,0.1785,,,HEURISTIC_PASS,C:\Users\spq\Desktop\贝强\02_Alibaba运营\01_店铺与全店诊断\全量商品审查_2026-09-04\全六图视觉二次审计_2026-09-04\cache\48a35f6996d6a0145a563cfc054b58281e1e666f.jpg
78,1601939683302,AAGXjmk4AOWGex-cDVm7jbAF,BQ015-O1 / R1811,Custom Logo Knit Slip-On Walking Shoes Toe Cap Casual Sneakers with Lace Detail OEM ODM Private Label Model R1811,approved,Y,1,https://sc04.alicdn.com/kf/Se54a85c939df44acaaa02e1707a7cd8es.jpg,320,320,0.82,0.41,0.3362,0.2149,P0_LOW_HERO_OCCUPANCY,,HEURISTIC_PASS,C:\Users\spq\Desktop\贝强\02_Alibaba运营\01_店铺与全店诊断\全量商品审查_2026-09-04\全六图视觉二次审计_2026-09-04\cache\e06719ea0e0f60328a3e8434cbf0de679e3eeb32.jpg
78,1601939683302,AAGXjmk4AOWGex-cDVm7jbAF,BQ015-O1 / R1811,Custom Logo Knit Slip-On Walking Shoes Toe Cap Casual Sneakers with Lace Detail OEM ODM Private Label Model R1811,approved,Y,2,https://sc04.alicdn.com/kf/S78e56ec3a5844a6ebc82efae4d851b165.jpg,320,320,0.7625,0.3825,0.2917,0.1904,,,HEURISTIC_PASS,C:\Users\spq\Desktop\贝强\02_Alibaba运营\01_店铺与全店诊断\全量商品审查_2026-09-04\全六图视觉二次审计_2026-09-04\cache\f83e83e499a5c910a3de2a3dd629503c6cd06dba.jpg
78,1601939683302,AAGXjmk4AOWGex-cDVm7jbAF,BQ015-O1 / R1811,Custom Logo Knit Slip-On Walking Shoes Toe Cap Casual Sneakers with Lace Detail OEM ODM Private Label Model R1811,approved,Y,3,https://sc04.alicdn.com/kf/S6ea4faa3239940a2bacaa5b16d70969aC.jpg,320,320,0.7875,0.3825,0.3012,0.1952,,,HEURISTIC_PASS,C:\Users\spq\Desktop\贝强\02_Alibaba运营\01_店铺与全店诊断\全量商品审查_2026-09-04\全六图视觉二次审计_2026-09-04\cache\504be734ef5216d958d6ae1416f73746d62cd7da.jpg
78,1601939683302,AAGXjmk4AOWGex-cDVm7jbAF,BQ015-O1 / R1811,Custom Logo Knit Slip-On Walking Shoes Toe Cap Casual Sneakers with Lace Detail OEM ODM Private Label Model R1811,approved,Y,4,https://sc04.alicdn.com/kf/Sef7201796f5b4e7a95075574505de7bcD.jpg,320,320,0.735,0.29,0.2132,0.1726,,,HEURISTIC_PASS,C:\Users\spq\Desktop\贝强\02_Alibaba运营\01_店铺与全店诊断\全量商品审查_2026-09-04\全六图视觉二次审计_2026-09-04\cache\d318bba3eb176ce6b7e48af63d4640d3148d3cb7.jpg
78,1601939683302,AAGXjmk4AOWGex-cDVm7jbAF,BQ015-O1 / R1811,Custom Logo Knit Slip-On Walking Shoes Toe Cap Casual Sneakers with Lace Detail OEM ODM Private Label Model R1811,approved,Y,5,https://sc04.alicdn.com/kf/Sec1f1135700245e39025169ea814b1d5U.jpg,320,320,0.8,0.385,0.308,0.2037,,,HEURISTIC_PASS,C:\Users\spq\Desktop\贝强\02_Alibaba运营\01_店铺与全店诊断\全量商品审查_2026-09-04\全六图视觉二次审计_2026-09-04\cache\f372e82746977cd10024fb2abdbd3e21701332f9.jpg
78,1601939683302,AAGXjmk4AOWGex-cDVm7jbAF,BQ015-O1 / R1811,Custom Logo Knit Slip-On Walking Shoes Toe Cap Casual Sneakers with Lace Detail OEM ODM Private Label Model R1811,approved,Y,6,https://sc04.alicdn.com/kf/S42c9a1b6fd36466f955ebf7a8d81c6e4v.jpg,320,320,0.4925,0.7225,0.3558,0.2662,,,HEURISTIC_PASS,C:\Users\spq\Desktop\贝强\02_Alibaba运营\01_店铺与全店诊断\全量商品审查_2026-09-04\全六图视觉二次审计_2026-09-04\cache\f3424c3a5c59b1bcda90478616f6a8afb00ffacb.jpg
79,1601939658415,AAF_jmk4AOWGex-cDVm7jVFM,BQ014-R1 / A507,Knit Slip-On Walking Shoes Casual Sneakers for Travel Commuting and Daily Wear Model A507,approved,Y,1,https://sc04.alicdn.com/kf/S77e0dfcf3eda4fb293e809cce6b4ae40I.jpg,320,320,0.8225,0.3525,0.2899,0.1656,P0_LOW_HERO_OCCUPANCY,,HEURISTIC_PASS,C:\Users\spq\Desktop\贝强\02_Alibaba运营\01_店铺与全店诊断\全量商品审查_2026-09-04\全六图视觉二次审计_2026-09-04\cache\0a008e68beff779368dc70e55b3adc0eeeb36fba.jpg
79,1601939658415,AAF_jmk4AOWGex-cDVm7jVFM,BQ014-R1 / A507,Knit Slip-On Walking Shoes Casual Sneakers for Travel Commuting and Daily Wear Model A507,approved,Y,2,https://sc04.alicdn.com/kf/S8b540f5de1bd41e8a326c78eaf29c8d2S.jpg,320,320,0.7625,0.385,0.2936,0.19,,,HEURISTIC_PASS,C:\Users\spq\Desktop\贝强\02_Alibaba运营\01_店铺与全店诊断\全量商品审查_2026-09-04\全六图视觉二次审计_2026-09-04\cache\1b049046c56ed6d186c5b6e47f059d735192abb7.jpg
79,1601939658415,AAF_jmk4AOWGex-cDVm7jVFM,BQ014-R1 / A507,Knit Slip-On Walking Shoes Casual Sneakers for Travel Commuting and Daily Wear Model A507,approved,Y,3,https://sc04.alicdn.com/kf/Sc4af9cf7c681439fa044f6ed38015c75m.jpg,320,320,0.79,0.4,0.316,0.1981,,,HEURISTIC_PASS,C:\Users\spq\Desktop\贝强\02_Alibaba运营\01_店铺与全店诊断\全量商品审查_2026-09-04\全六图视觉二次审计_2026-09-04\cache\59a4208a51705711db18b0fbbb406d88bbb3e251.jpg
79,1601939658415,AAF_jmk4AOWGex-cDVm7jVFM,BQ014-R1 / A507,Knit Slip-On Walking Shoes Casual Sneakers for Travel Commuting and Daily Wear Model A507,approved,Y,4,https://sc04.alicdn.com/kf/S9519eb9834e74051902bdd3e822aad93O.jpg,320,320,0.735,0.295,0.2168,0.1694,,,HEURISTIC_PASS,C:\Users\spq\Desktop\贝强\02_Alibaba运营\01_店铺与全店诊断\全量商品审查_2026-09-04\全六图视觉二次审计_2026-09-04\cache\ed8f23ab76fb91a19c54cec18c636a26e960a94a.jpg
79,1601939658415,AAF_jmk4AOWGex-cDVm7jVFM,BQ014-R1 / A507,Knit Slip-On Walking Shoes Casual Sneakers for Travel Commuting and Daily Wear Model A507,approved,Y,5,https://sc04.alicdn.com/kf/S8ebc9f428f3b433595aa4c9857048be7P.jpg,320,320,0.8,0.455,0.364,0.222,,,HEURISTIC_PASS,C:\Users\spq\Desktop\贝强\02_Alibaba运营\01_店铺与全店诊断\全量商品审查_2026-09-04\全六图视觉二次审计_2026-09-04\cache\8ebc3403ee62c21b70648d43655db37a3df1982b.jpg
79,1601939658415,AAF_jmk4AOWGex-cDVm7jVFM,BQ014-R1 / A507,Knit Slip-On Walking Shoes Casual Sneakers for Travel Commuting and Daily Wear Model A507,approved,Y,6,https://sc04.alicdn.com/kf/S53bada9fb2e2433eab459eb28b3006452.jpg,320,320,0.7525,0.3075,0.2314,0.1905,,,HEURISTIC_PASS,C:\Users\spq\Desktop\贝强\02_Alibaba运营\01_店铺与全店诊断\全量商品审查_2026-09-04\全六图视觉二次审计_2026-09-04\cache\a61a9dd446dc79826c9399e36ecb535ba6feb51d.jpg
80,1601939669411,AAEojmk4AOWGex-cDVm7jYZA,BQ014-W1 / A507,Wholesale Knit Slip-On Walking Shoes Casual Sneakers Factory Supply Model A507,approved,Y,1,https://sc04.alicdn.com/kf/S1a816e4603434ca9af721c86860bd4a2B.jpg,320,320,0.82,0.47,0.3854,0.2466,P0_LOW_HERO_OCCUPANCY,,HEURISTIC_PASS,C:\Users\spq\Desktop\贝强\02_Alibaba运营\01_店铺与全店诊断\全量商品审查_2026-09-04\全六图视觉二次审计_2026-09-04\cache\ea3f2354d395cbf2996eb4b7a30b6f5849b2d886.jpg
80,1601939669411,AAEojmk4AOWGex-cDVm7jYZA,BQ014-W1 / A507,Wholesale Knit Slip-On Walking Shoes Casual Sneakers Factory Supply Model A507,approved,Y,2,https://sc04.alicdn.com/kf/Sb5c6a165539640ce8e01a8b6dce60a23h.jpg,320,320,0.76,0.315,0.2394,0.1964,,,HEURISTIC_PASS,C:\Users\spq\Desktop\贝强\02_Alibaba运营\01_店铺与全店诊断\全量商品审查_2026-09-04\全六图视觉二次审计_2026-09-04\cache\0fc4a51915943e333f9a508592a3ccc34eb97455.jpg
80,1601939669411,AAEojmk4AOWGex-cDVm7jYZA,BQ014-W1 / A507,Wholesale Knit Slip-On Walking Shoes Casual Sneakers Factory Supply Model A507,approved,Y,3,https://sc04.alicdn.com/kf/S35a036fe12404dbaa144daa342c43bd3A.jpg,320,320,0.79,0.34,0.2686,0.1545,,,HEURISTIC_PASS,C:\Users\spq\Desktop\贝强\02_Alibaba运营\01_店铺与全店诊断\全量商品审查_2026-09-04\全六图视觉二次审计_2026-09-04\cache\c37fe333ebdf51efdf3558a21e1cf7408246d3d9.jpg
80,1601939669411,AAEojmk4AOWGex-cDVm7jYZA,BQ014-W1 / A507,Wholesale Knit Slip-On Walking Shoes Casual Sneakers Factory Supply Model A507,approved,Y,4,https://sc04.alicdn.com/kf/Sc46025dd0e284469bbc0d196e92691a81.jpg,320,320,0.7375,0.3725,0.2747,0.1779,,,HEURISTIC_PASS,C:\Users\spq\Desktop\贝强\02_Alibaba运营\01_店铺与全店诊断\全量商品审查_2026-09-04\全六图视觉二次审计_2026-09-04\cache\e97424889c1a2ccf1c96697fc02ec09f02642a3e.jpg
80,1601939669411,AAEojmk4AOWGex-cDVm7jYZA,BQ014-W1 / A507,Wholesale Knit Slip-On Walking Shoes Casual Sneakers Factory Supply Model A507,approved,Y,5,https://sc04.alicdn.com/kf/S8fa3def91b02404c8735f89b3de10293s.jpg,320,320,0.8,0.4075,0.326,0.2099,,,HEURISTIC_PASS,C:\Users\spq\Desktop\贝强\02_Alibaba运营\01_店铺与全店诊断\全量商品审查_2026-09-04\全六图视觉二次审计_2026-09-04\cache\12f97496f0152acfeb2ca0750d03524ed447c3f4.jpg
80,1601939669411,AAEojmk4AOWGex-cDVm7jYZA,BQ014-W1 / A507,Wholesale Knit Slip-On Walking Shoes Casual Sneakers Factory Supply Model A507,approved,Y,6,https://sc04.alicdn.com/kf/S96c3b991209b43168b1f663d3320f5d99.jpg,320,320,0.75,0.305,0.2288,0.1862,,,HEURISTIC_PASS,C:\Users\spq\Desktop\贝强\02_Alibaba运营\01_店铺与全店诊断\全量商品审查_2026-09-04\全六图视觉二次审计_2026-09-04\cache\5c283f4064249b84fad202c6299bd836491778df.jpg
81,1601939608686,AAGBjmk4AOWGex-cDVm7jJON,BQ014-O1 / A507,Custom Logo Knit Slip-On Walking Shoes Casual Sneakers OEM ODM Private Label Footwear Supplier Model A507,approved,Y,1,https://sc04.alicdn.com/kf/S31622e44effa48d59a08c5e82f30b487W.jpg,320,320,0.8175,0.415,0.3393,0.2133,P0_LOW_HERO_OCCUPANCY,,HEURISTIC_PASS,C:\Users\spq\Desktop\贝强\02_Alibaba运营\01_店铺与全店诊断\全量商品审查_2026-09-04\全六图视觉二次审计_2026-09-04\cache\1950503bf52286755556b06fc5d2720a7c7ed30f.jpg
81,1601939608686,AAGBjmk4AOWGex-cDVm7jJON,BQ014-O1 / A507,Custom Logo Knit Slip-On Walking Shoes Casual Sneakers OEM ODM Private Label Footwear Supplier Model A507,approved,Y,2,https://sc04.alicdn.com/kf/S63604abe72be405d81a2020bc38ea0cbq.jpg,320,320,0.7575,0.3075,0.2329,0.1816,,,HEURISTIC_PASS,C:\Users\spq\Desktop\贝强\02_Alibaba运营\01_店铺与全店诊断\全量商品审查_2026-09-04\全六图视觉二次审计_2026-09-04\cache\1d12c3ccea157b8977457934e21e8ceabc17e55e.jpg
81,1601939608686,AAGBjmk4AOWGex-cDVm7jJON,BQ014-O1 / A507,Custom Logo Knit Slip-On Walking Shoes Casual Sneakers OEM ODM Private Label Footwear Supplier Model A507,approved,Y,3,https://sc04.alicdn.com/kf/S57eb3c9f62cb4bda8e17cc23dabb9393w.jpg,320,320,0.79,0.4525,0.3575,0.2178,,,HEURISTIC_PASS,C:\Users\spq\Desktop\贝强\02_Alibaba运营\01_店铺与全店诊断\全量商品审查_2026-09-04\全六图视觉二次审计_2026-09-04\cache\4367edc07b69d19b648c39dfcf18b7a1e740f653.jpg
81,1601939608686,AAGBjmk4AOWGex-cDVm7jJON,BQ014-O1 / A507,Custom Logo Knit Slip-On Walking Shoes Casual Sneakers OEM ODM Private Label Footwear Supplier Model A507,approved,Y,4,https://sc04.alicdn.com/kf/Sbca3a3fec16b4796abf8e6b016ae7166q.jpg,320,320,0.7375,0.305,0.2249,0.1849,,,HEURISTIC_PASS,C:\Users\spq\Desktop\贝强\02_Alibaba运营\01_店铺与全店诊断\全量商品审查_2026-09-04\全六图视觉二次审计_2026-09-04\cache\2f12bbee5cd40982430731fbfdfb5fa53fed55c8.jpg
81,1601939608686,AAGBjmk4AOWGex-cDVm7jJON,BQ014-O1 / A507,Custom Logo Knit Slip-On Walking Shoes Casual Sneakers OEM ODM Private Label Footwear Supplier Model A507,approved,Y,5,https://sc04.alicdn.com/kf/S9e429a66d52d445cb02aa94cb56544266.jpg,320,320,0.8025,0.3475,0.2789,0.1589,,,HEURISTIC_PASS,C:\Users\spq\Desktop\贝强\02_Alibaba运营\01_店铺与全店诊断\全量商品审查_2026-09-04\全六图视觉二次审计_2026-09-04\cache\fb1728b35a05fc2adeafcfde4940fa5aa42b4e01.jpg
81,1601939608686,AAGBjmk4AOWGex-cDVm7jJON,BQ014-O1 / A507,Custom Logo Knit Slip-On Walking Shoes Casual Sneakers OEM ODM Private Label Footwear Supplier Model A507,approved,Y,6,https://sc04.alicdn.com/kf/Saab1b827002141f783dd12bc191bbaccd.jpg,320,320,0.7525,0.38,0.2859,0.1855,,,HEURISTIC_PASS,C:\Users\spq\Desktop\贝强\02_Alibaba运营\01_店铺与全店诊断\全量商品审查_2026-09-04\全六图视觉二次审计_2026-09-04\cache\ad263202ad96cb410424b5e74f1cb92eebfaf351.jpg
82,1601939619687,AAGdjmk4AOWGex-cDVm7jLiE,BQ013-W1 / T55836,Wholesale Knit Slip-On Walking Shoes Casual Shoes Factory Supply Model T55836,approved,Y,1,https://sc04.alicdn.com/kf/S22f063e5991746d18ced08852f59cb4a3.jpg,320,320,0.82,0.3725,0.3054,0.1855,P0_LOW_HERO_OCCUPANCY,,HEURISTIC_PASS,C:\Users\spq\Desktop\贝强\02_Alibaba运营\01_店铺与全店诊断\全量商品审查_2026-09-04\全六图视觉二次审计_2026-09-04\cache\ab1f7a432a911032db1b43c36f0ca8c7b2e34feb.jpg
82,1601939619687,AAGdjmk4AOWGex-cDVm7jLiE,BQ013-W1 / T55836,Wholesale Knit Slip-On Walking Shoes Casual Shoes Factory Supply Model T55836,approved,Y,2,https://sc04.alicdn.com/kf/S33b3931e9b4d47f0b7637b6f938ff2b92.jpg,320,320,0.76,0.295,0.2242,0.1239,,,HEURISTIC_PASS,C:\Users\spq\Desktop\贝强\02_Alibaba运营\01_店铺与全店诊断\全量商品审查_2026-09-04\全六图视觉二次审计_2026-09-04\cache\8192b3d95b8de1b18d3ff7cafab1f5f91e2f2840.jpg
82,1601939619687,AAGdjmk4AOWGex-cDVm7jLiE,BQ013-W1 / T55836,Wholesale Knit Slip-On Walking Shoes Casual Shoes Factory Supply Model T55836,approved,Y,3,https://sc04.alicdn.com/kf/S6cea26651bd7476196f247255d717d47X.jpg,320,320,0.79,0.3625,0.2864,0.1698,,,HEURISTIC_PASS,C:\Users\spq\Desktop\贝强\02_Alibaba运营\01_店铺与全店诊断\全量商品审查_2026-09-04\全六图视觉二次审计_2026-09-04\cache\7a77027034d217fc632ce7e891ad55cb06ca05b7.jpg
82,1601939619687,AAGdjmk4AOWGex-cDVm7jLiE,BQ013-W1 / T55836,Wholesale Knit Slip-On Walking Shoes Casual Shoes Factory Supply Model T55836,approved,Y,4,https://sc04.alicdn.com/kf/S9085329d176746788176b4488a27e345C.jpg,320,320,0.735,0.3675,0.2701,0.1706,,,HEURISTIC_PASS,C:\Users\spq\Desktop\贝强\02_Alibaba运营\01_店铺与全店诊断\全量商品审查_2026-09-04\全六图视觉二次审计_2026-09-04\cache\01bf8a0ff33a8c3b6bd9273b35cd0af44d2d9c4b.jpg
82,1601939619687,AAGdjmk4AOWGex-cDVm7jLiE,BQ013-W1 / T55836,Wholesale Knit Slip-On Walking Shoes Casual Shoes Factory Supply Model T55836,approved,Y,5,https://sc04.alicdn.com/kf/Saa05e8ea09594d278394522eb9c0beb38.jpg,320,320,0.685,0.68,0.4658,0.2083,,,HEURISTIC_PASS,C:\Users\spq\Desktop\贝强\02_Alibaba运营\01_店铺与全店诊断\全量商品审查_2026-09-04\全六图视觉二次审计_2026-09-04\cache\f37dd157f8f208d40250e5057e3a94ea412dc1ee.jpg
82,1601939619687,AAGdjmk4AOWGex-cDVm7jLiE,BQ013-W1 / T55836,Wholesale Knit Slip-On Walking Shoes Casual Shoes Factory Supply Model T55836,approved,Y,6,https://sc04.alicdn.com/kf/S349c27c8c4994aa79b325537dce8aec4r.jpg,320,320,0.7525,0.275,0.2069,0.1207,,,HEURISTIC_PASS,C:\Users\spq\Desktop\贝强\02_Alibaba运营\01_店铺与全店诊断\全量商品审查_2026-09-04\全六图视觉二次审计_2026-09-04\cache\ba92c1504c972689241dfa1af024edd72c277230.jpg
83,1601939638522,AAEKjmk4AOWGex-cDVm7jQ8Z,BQ013-R1 / T55836,Knit Slip-On Walking Shoes Casual Shoes for Travel Commuting and Daily Wear Model T55836,approved,Y,1,https://sc04.alicdn.com/kf/Sfad0738693904e44820340239db81f2bH.jpg,320,320,0.82,0.3725,0.3054,0.1806,P0_LOW_HERO_OCCUPANCY,,HEURISTIC_PASS,C:\Users\spq\Desktop\贝强\02_Alibaba运营\01_店铺与全店诊断\全量商品审查_2026-09-04\全六图视觉二次审计_2026-09-04\cache\afdbd35a6cbb448601f38fc58e9a35d58efbdcde.jpg
83,1601939638522,AAEKjmk4AOWGex-cDVm7jQ8Z,BQ013-R1 / T55836,Knit Slip-On Walking Shoes Casual Shoes for Travel Commuting and Daily Wear Model T55836,approved,Y,2,https://sc04.alicdn.com/kf/S935a59ed5c85424eb83fd3a93d3acf7aE.jpg,320,320,0.7575,0.38,0.2878,0.1795,,,HEURISTIC_PASS,C:\Users\spq\Desktop\贝强\02_Alibaba运营\01_店铺与全店诊断\全量商品审查_2026-09-04\全六图视觉二次审计_2026-09-04\cache\a33e00a19ae1bd89138c23ae2d010d4f2a24fcf3.jpg
83,1601939638522,AAEKjmk4AOWGex-cDVm7jQ8Z,BQ013-R1 / T55836,Knit Slip-On Walking Shoes Casual Shoes for Travel Commuting and Daily Wear Model T55836,approved,Y,3,https://sc04.alicdn.com/kf/Scd3e7ffc73c54edcb70b1b3861f57ee3X.jpg,320,320,0.6725,0.6725,0.4523,0.2029,,,HEURISTIC_PASS,C:\Users\spq\Desktop\贝强\02_Alibaba运营\01_店铺与全店诊断\全量商品审查_2026-09-04\全六图视觉二次审计_2026-09-04\cache\e7f6ae362385e2388394939e7a93fa1b29698872.jpg
83,1601939638522,AAEKjmk4AOWGex-cDVm7jQ8Z,BQ013-R1 / T55836,Knit Slip-On Walking Shoes Casual Shoes for Travel Commuting and Daily Wear Model T55836,approved,Y,4,https://sc04.alicdn.com/kf/S6feea85373d6460a8a34dfcef8d5c914e.jpg,320,320,0.735,0.265,0.1948,0.1152,,,LOW_OCCUPANCY,C:\Users\spq\Desktop\贝强\02_Alibaba运营\01_店铺与全店诊断\全量商品审查_2026-09-04\全六图视觉二次审计_2026-09-04\cache\84a1bec129d1a0d77939786280a8182ac09ca974.jpg
83,1601939638522,AAEKjmk4AOWGex-cDVm7jQ8Z,BQ013-R1 / T55836,Knit Slip-On Walking Shoes Casual Shoes for Travel Commuting and Daily Wear Model T55836,approved,Y,5,https://sc04.alicdn.com/kf/Sff76316caf134939a48e589ae07eb4326.jpg,320,320,0.7975,0.3625,0.2891,0.1729,,,HEURISTIC_PASS,C:\Users\spq\Desktop\贝强\02_Alibaba运营\01_店铺与全店诊断\全量商品审查_2026-09-04\全六图视觉二次审计_2026-09-04\cache\8881fcd659e65fd4f46925c9c0773045939f01a5.jpg
83,1601939638522,AAEKjmk4AOWGex-cDVm7jQ8Z,BQ013-R1 / T55836,Knit Slip-On Walking Shoes Casual Shoes for Travel Commuting and Daily Wear Model T55836,approved,Y,6,https://sc04.alicdn.com/kf/Sb49c2cf5ac4747199c0abd74755d3dc1g.jpg,320,320,0.7525,0.2925,0.2201,0.1201,,,HEURISTIC_PASS,C:\Users\spq\Desktop\贝强\02_Alibaba运营\01_店铺与全店诊断\全量商品审查_2026-09-04\全六图视觉二次审计_2026-09-04\cache\d854fc7332c974ce08ebac97c7a777c3d4b3946d.jpg
84,1601939650458,AAELjmk4AOWGex-cDVm7jTB5,BQ012-W1 / M8506,Wholesale Knit Slip-On Walking Shoes Chunky Casual Shoes with Lace Detail Factory Supply Model M8506,approved,Y,1,https://sc04.alicdn.com/kf/S4d7caa4cf0ce44d2870e1f8d3c9ae332o.jpg,320,320,0.82,0.455,0.3731,0.2486,P0_LOW_HERO_OCCUPANCY,,HEURISTIC_PASS,C:\Users\spq\Desktop\贝强\02_Alibaba运营\01_店铺与全店诊断\全量商品审查_2026-09-04\全六图视觉二次审计_2026-09-04\cache\5a9ae22526e2ab49c763774eaa4a5233726401f7.jpg
84,1601939650458,AAELjmk4AOWGex-cDVm7jTB5,BQ012-W1 / M8506,Wholesale Knit Slip-On Walking Shoes Chunky Casual Shoes with Lace Detail Factory Supply Model M8506,approved,Y,2,https://sc04.alicdn.com/kf/Saa8bb0abb7d54a299f0118b0f652ea78t.jpg,320,320,0.76,0.715,0.5434,0.2886,,,HEURISTIC_PASS,C:\Users\spq\Desktop\贝强\02_Alibaba运营\01_店铺与全店诊断\全量商品审查_2026-09-04\全六图视觉二次审计_2026-09-04\cache\dfc388c6474809f80ae6f8ec44d4bce52059f562.jpg
84,1601939650458,AAELjmk4AOWGex-cDVm7jTB5,BQ012-W1 / M8506,Wholesale Knit Slip-On Walking Shoes Chunky Casual Shoes with Lace Detail Factory Supply Model M8506,approved,Y,3,https://sc04.alicdn.com/kf/S6dbcd3d7817d47bfa3b7a19be1cc2272o.jpg,320,320,0.79,0.41,0.3239,0.2113,,,HEURISTIC_PASS,C:\Users\spq\Desktop\贝强\02_Alibaba运营\01_店铺与全店诊断\全量商品审查_2026-09-04\全六图视觉二次审计_2026-09-04\cache\442d62b8c22704cd2b68d7ddf221702451c0a667.jpg
84,1601939650458,AAELjmk4AOWGex-cDVm7jTB5,BQ012-W1 / M8506,Wholesale Knit Slip-On Walking Shoes Chunky Casual Shoes with Lace Detail Factory Supply Model M8506,approved,Y,4,https://sc04.alicdn.com/kf/S4f9b36b909614735b20b7bf200aa19bea.jpg,320,320,0.7225,0.735,0.531,0.3237,,,HEURISTIC_PASS,C:\Users\spq\Desktop\贝强\02_Alibaba运营\01_店铺与全店诊断\全量商品审查_2026-09-04\全六图视觉二次审计_2026-09-04\cache\88b980366a7ab7d83adc2e43969b185858aa08dd.jpg
84,1601939650458,AAELjmk4AOWGex-cDVm7jTB5,BQ012-W1 / M8506,Wholesale Knit Slip-On Walking Shoes Chunky Casual Shoes with Lace Detail Factory Supply Model M8506,approved,Y,5,https://sc04.alicdn.com/kf/Sd67afcc0fc18404b828884547992e6beO.jpg,320,320,0.8,0.6575,0.526,0.3546,,,HEURISTIC_PASS,C:\Users\spq\Desktop\贝强\02_Alibaba运营\01_店铺与全店诊断\全量商品审查_2026-09-04\全六图视觉二次审计_2026-09-04\cache\473f61e38c846eff9fc64611ea66e0a97c4f803d.jpg
84,1601939650458,AAELjmk4AOWGex-cDVm7jTB5,BQ012-W1 / M8506,Wholesale Knit Slip-On Walking Shoes Chunky Casual Shoes with Lace Detail Factory Supply Model M8506,approved,Y,6,https://sc04.alicdn.com/kf/S22e345491a234497bc64ff97c93d96faG.jpg,320,320,0.75,0.58,0.435,0.2764,,,HEURISTIC_PASS,C:\Users\spq\Desktop\贝强\02_Alibaba运营\01_店铺与全店诊断\全量商品审查_2026-09-04\全六图视觉二次审计_2026-09-04\cache\6638f3f9a7e6bf39c6bdd9726d3b0538e244ad09.jpg
85,1601939634522,AAGYjmk4AOWGex-cDVm7jP65,BQ011-W1 / A002,Wholesale Men's Knit Slip-On Walking Shoes Casual Shoes Factory Supply Model A002,approved,Y,1,https://sc04.alicdn.com/kf/S149e16e176ee4847baf262d3be98803fY.jpg,320,320,0.82,0.58,0.4756,0.2927,,,HEURISTIC_PASS,C:\Users\spq\Desktop\贝强\02_Alibaba运营\01_店铺与全店诊断\全量商品审查_2026-09-04\全六图视觉二次审计_2026-09-04\cache\19bf9c93855cb02be7e472578e595402eef8cdf7.jpg
85,1601939634522,AAGYjmk4AOWGex-cDVm7jP65,BQ011-W1 / A002,Wholesale Men's Knit Slip-On Walking Shoes Casual Shoes Factory Supply Model A002,approved,Y,2,https://sc04.alicdn.com/kf/Se7ca13d3005948e4b767386947ce8296B.jpg,320,320,0.6675,0.72,0.4806,0.2372,,,HEURISTIC_PASS,C:\Users\spq\Desktop\贝强\02_Alibaba运营\01_店铺与全店诊断\全量商品审查_2026-09-04\全六图视觉二次审计_2026-09-04\cache\01aaeac93f10a172a9635c500fd82e74e56ef73c.jpg
85,1601939634522,AAGYjmk4AOWGex-cDVm7jP65,BQ011-W1 / A002,Wholesale Men's Knit Slip-On Walking Shoes Casual Shoes Factory Supply Model A002,approved,Y,3,https://sc04.alicdn.com/kf/Sa1ed4e2af9524cb2940fef8e0d44da1fl.jpg,320,320,0.79,0.625,0.4938,0.344,,,HEURISTIC_PASS,C:\Users\spq\Desktop\贝强\02_Alibaba运营\01_店铺与全店诊断\全量商品审查_2026-09-04\全六图视觉二次审计_2026-09-04\cache\821d72f7a181a82508f83b03368df2af981998cf.jpg
85,1601939634522,AAGYjmk4AOWGex-cDVm7jP65,BQ011-W1 / A002,Wholesale Men's Knit Slip-On Walking Shoes Casual Shoes Factory Supply Model A002,approved,Y,4,https://sc04.alicdn.com/kf/S290c921d3f284e8585e5138d19b7b242u.jpg,320,320,0.6775,0.74,0.5013,0.184,,,HEURISTIC_PASS,C:\Users\spq\Desktop\贝强\02_Alibaba运营\01_店铺与全店诊断\全量商品审查_2026-09-04\全六图视觉二次审计_2026-09-04\cache\c3ab31082ae450062427b69d061dcf2bfe72372d.jpg
85,1601939634522,AAGYjmk4AOWGex-cDVm7jP65,BQ011-W1 / A002,Wholesale Men's Knit Slip-On Walking Shoes Casual Shoes Factory Supply Model A002,approved,Y,5,https://sc04.alicdn.com/kf/Sc82e8708d3164a6e80882f9cf3e6145bE.jpg,320,320,0.8,0.61,0.488,0.2928,,,HEURISTIC_PASS,C:\Users\spq\Desktop\贝强\02_Alibaba运营\01_店铺与全店诊断\全量商品审查_2026-09-04\全六图视觉二次审计_2026-09-04\cache\74951c69b20b084ea6c0241c0e9891c2c441e969.jpg
85,1601939634522,AAGYjmk4AOWGex-cDVm7jP65,BQ011-W1 / A002,Wholesale Men's Knit Slip-On Walking Shoes Casual Shoes Factory Supply Model A002,approved,Y,6,https://sc04.alicdn.com/kf/S1a6614755a364a56bc85c512906e225dg.jpg,320,320,0.75,0.51,0.3825,0.2352,,,HEURISTIC_PASS,C:\Users\spq\Desktop\贝强\02_Alibaba运营\01_店铺与全店诊断\全量商品审查_2026-09-04\全六图视觉二次审计_2026-09-04\cache\b746df42c34ca4f6d879951e0fc9a523beda9233.jpg
86,1601939681367,AAHNjmk4AOWGex-cDVm7jbe0,BQ012-R1 / M8506,Knit Slip-On Walking Shoes Chunky Casual Shoes with Lace Detail for Men's Daily Walking and Casual Wear Model M8506,approved,Y,1,https://sc04.alicdn.com/kf/Sdf5e56347dd14f9cab65d691fe621560m.jpg,320,320,0.82,0.4225,0.3464,0.2177,P0_LOW_HERO_OCCUPANCY,,HEURISTIC_PASS,C:\Users\spq\Desktop\贝强\02_Alibaba运营\01_店铺与全店诊断\全量商品审查_2026-09-04\全六图视觉二次审计_2026-09-04\cache\3fa823761dc9e4ec1d9b8e967a57374db0aac6c2.jpg
86,1601939681367,AAHNjmk4AOWGex-cDVm7jbe0,BQ012-R1 / M8506,Knit Slip-On Walking Shoes Chunky Casual Shoes with Lace Detail for Men's Daily Walking and Casual Wear Model M8506,approved,Y,2,https://sc04.alicdn.com/kf/S321a938106224cdaa6b3b98b1e36e7a58.jpg,320,320,0.7025,0.7175,0.504,0.2538,,,HEURISTIC_PASS,C:\Users\spq\Desktop\贝强\02_Alibaba运营\01_店铺与全店诊断\全量商品审查_2026-09-04\全六图视觉二次审计_2026-09-04\cache\3b675b73463311227553b394daa678fce5663c8f.jpg
86,1601939681367,AAHNjmk4AOWGex-cDVm7jbe0,BQ012-R1 / M8506,Knit Slip-On Walking Shoes Chunky Casual Shoes with Lace Detail for Men's Daily Walking and Casual Wear Model M8506,approved,Y,3,https://sc04.alicdn.com/kf/Sf09165e400e640efa4ee8a5df81578597.jpg,320,320,0.7925,0.6525,0.5171,0.3327,,,HEURISTIC_PASS,C:\Users\spq\Desktop\贝强\02_Alibaba运营\01_店铺与全店诊断\全量商品审查_2026-09-04\全六图视觉二次审计_2026-09-04\cache\7e47310b068f79e1ea82699112bb7a13f7a09cdb.jpg
86,1601939681367,AAHNjmk4AOWGex-cDVm7jbe0,BQ012-R1 / M8506,Knit Slip-On Walking Shoes Chunky Casual Shoes with Lace Detail for Men's Daily Walking and Casual Wear Model M8506,approved,Y,4,https://sc04.alicdn.com/kf/S226278382efe42ba909c4dbf56ae2fef4.jpg,320,320,0.735,0.57,0.4189,0.2419,,,HEURISTIC_PASS,C:\Users\spq\Desktop\贝强\02_Alibaba运营\01_店铺与全店诊断\全量商品审查_2026-09-04\全六图视觉二次审计_2026-09-04\cache\cb85bf02e7bf025e345685c3c982403818aa46a3.jpg
86,1601939681367,AAHNjmk4AOWGex-cDVm7jbe0,BQ012-R1 / M8506,Knit Slip-On Walking Shoes Chunky Casual Shoes with Lace Detail for Men's Daily Walking and Casual Wear Model M8506,approved,Y,5,https://sc04.alicdn.com/kf/Sd5a435e24973403b9956a6de24a09c9eR.jpg,320,320,0.8,0.445,0.356,0.1993,,,HEURISTIC_PASS,C:\Users\spq\Desktop\贝强\02_Alibaba运营\01_店铺与全店诊断\全量商品审查_2026-09-04\全六图视觉二次审计_2026-09-04\cache\967ace4274910563ef73b8bad10200eb8871d5af.jpg
86,1601939681367,AAHNjmk4AOWGex-cDVm7jbe0,BQ012-R1 / M8506,Knit Slip-On Walking Shoes Chunky Casual Shoes with Lace Detail for Men's Daily Walking and Casual Wear Model M8506,approved,Y,6,https://sc04.alicdn.com/kf/S6c24fa6f2b5941ecb160936282f6f2810.jpg,320,320,0.7525,0.7075,0.5324,0.2724,,,HEURISTIC_PASS,C:\Users\spq\Desktop\贝强\02_Alibaba运营\01_店铺与全店诊断\全量商品审查_2026-09-04\全六图视觉二次审计_2026-09-04\cache\5749facab36c13dd9b1c5b874681f915c31ac37a.jpg
87,1601939573998,AAH5jmk4AOWGex-cDVm7jAsN,BQ010-O1 / R1601,Custom Logo Stretch Fabric Low Top Lace-Up Walking Shoes Toe Cap Lightweight Casual Sneakers OEM ODM Private Label Model R1601,approved,Y,1,https://sc04.alicdn.com/kf/S1a45962f577843dd86c3c83957066da1o.jpg,320,320,0.8225,0.3825,0.3146,0.2144,P0_LOW_HERO_OCCUPANCY,,HEURISTIC_PASS,C:\Users\spq\Desktop\贝强\02_Alibaba运营\01_店铺与全店诊断\全量商品审查_2026-09-04\全六图视觉二次审计_2026-09-04\cache\c7d4adea3dc293cfde77fcb0410143c0bfec679c.jpg
87,1601939573998,AAH5jmk4AOWGex-cDVm7jAsN,BQ010-O1 / R1601,Custom Logo Stretch Fabric Low Top Lace-Up Walking Shoes Toe Cap Lightweight Casual Sneakers OEM ODM Private Label Model R1601,approved,Y,2,https://sc04.alicdn.com/kf/S313a9727353443c1b2aeb1065952ba853.jpg,320,320,0.7025,0.72,0.5058,0.3116,,,HEURISTIC_PASS,C:\Users\spq\Desktop\贝强\02_Alibaba运营\01_店铺与全店诊断\全量商品审查_2026-09-04\全六图视觉二次审计_2026-09-04\cache\e3dacf2d7c21be4cf1d03561d609807753162fc9.jpg
87,1601939573998,AAH5jmk4AOWGex-cDVm7jAsN,BQ010-O1 / R1601,Custom Logo Stretch Fabric Low Top Lace-Up Walking Shoes Toe Cap Lightweight Casual Sneakers OEM ODM Private Label Model R1601,approved,Y,3,https://sc04.alicdn.com/kf/S6f7a0db1817d4f34be10ac77c24f037fT.jpg,320,320,0.7925,0.4575,0.3626,0.2556,,,HEURISTIC_PASS,C:\Users\spq\Desktop\贝强\02_Alibaba运营\01_店铺与全店诊断\全量商品审查_2026-09-04\全六图视觉二次审计_2026-09-04\cache\af784bb19fc36530468dbbccc62fd6c5572d8a22.jpg
87,1601939573998,AAH5jmk4AOWGex-cDVm7jAsN,BQ010-O1 / R1601,Custom Logo Stretch Fabric Low Top Lace-Up Walking Shoes Toe Cap Lightweight Casual Sneakers OEM ODM Private Label Model R1601,approved,Y,4,https://sc04.alicdn.com/kf/Sf6f117e86a7a4b14b3d6c7b2216d568fu.jpg,320,320,0.7375,0.2975,0.2194,0.1691,,,HEURISTIC_PASS,C:\Users\spq\Desktop\贝强\02_Alibaba运营\01_店铺与全店诊断\全量商品审查_2026-09-04\全六图视觉二次审计_2026-09-04\cache\6e177f4c673557bd69f2461901c2712fa85585c5.jpg
87,1601939573998,AAH5jmk4AOWGex-cDVm7jAsN,BQ010-O1 / R1601,Custom Logo Stretch Fabric Low Top Lace-Up Walking Shoes Toe Cap Lightweight Casual Sneakers OEM ODM Private Label Model R1601,approved,Y,5,https://sc04.alicdn.com/kf/Sd42958f3f8fb437c8764dc2966ead829e.jpg,320,320,0.8,0.2775,0.222,0.1576,,,HEURISTIC_PASS,C:\Users\spq\Desktop\贝强\02_Alibaba运营\01_店铺与全店诊断\全量商品审查_2026-09-04\全六图视觉二次审计_2026-09-04\cache\4ad34bb74094733678b3a96486e98fc18c818417.jpg
87,1601939573998,AAH5jmk4AOWGex-cDVm7jAsN,BQ010-O1 / R1601,Custom Logo Stretch Fabric Low Top Lace-Up Walking Shoes Toe Cap Lightweight Casual Sneakers OEM ODM Private Label Model R1601,approved,Y,6,https://sc04.alicdn.com/kf/S1cfabdd4654d42ccbbc5cdb2438fe7b92.jpg,320,320,0.7525,0.6,0.4515,0.2817,,,HEURISTIC_PASS,C:\Users\spq\Desktop\贝强\02_Alibaba运营\01_店铺与全店诊断\全量商品审查_2026-09-04\全六图视觉二次审计_2026-09-04\cache\06dc91c68c265b5aaed1bed840f03f31ec299e28.jpg
88,1601939734070,AAEtjmk4AOWGex-cDVm7innV,BQ010-R1 / R1601,Stretch Fabric Low Top Lace-Up Walking Shoes Toe Cap Casual Sneakers for Daily Walking and Casual Streetwear Model R1601,approved,Y,1,https://sc04.alicdn.com/kf/Scdca3ff583db47b5aa2ca95935320413Q.jpg,320,320,0.82,0.2825,0.2316,0.1648,P0_LOW_HERO_OCCUPANCY,,HEURISTIC_PASS,C:\Users\spq\Desktop\贝强\02_Alibaba运营\01_店铺与全店诊断\全量商品审查_2026-09-04\全六图视觉二次审计_2026-09-04\cache\d7f1c4bc6f03e66999bf6e8de39bbf13be08a21f.jpg
88,1601939734070,AAEtjmk4AOWGex-cDVm7innV,BQ010-R1 / R1601,Stretch Fabric Low Top Lace-Up Walking Shoes Toe Cap Casual Sneakers for Daily Walking and Casual Streetwear Model R1601,approved,Y,2,https://sc04.alicdn.com/kf/S6493b086099b48e5bcd025d3d38267e1h.jpg,320,320,0.7625,0.6025,0.4594,0.2876,,,HEURISTIC_PASS,C:\Users\spq\Desktop\贝强\02_Alibaba运营\01_店铺与全店诊断\全量商品审查_2026-09-04\全六图视觉二次审计_2026-09-04\cache\88a392e2b93bbe391ed947aa52ee6f23866f4ceb.jpg
88,1601939734070,AAEtjmk4AOWGex-cDVm7innV,BQ010-R1 / R1601,Stretch Fabric Low Top Lace-Up Walking Shoes Toe Cap Casual Sneakers for Daily Walking and Casual Streetwear Model R1601,approved,Y,3,https://sc04.alicdn.com/kf/S06831ed51d5140318c738450c4b6a630k.jpg,320,320,0.7925,0.3675,0.2912,0.1985,,,HEURISTIC_PASS,C:\Users\spq\Desktop\贝强\02_Alibaba运营\01_店铺与全店诊断\全量商品审查_2026-09-04\全六图视觉二次审计_2026-09-04\cache\54f718382241c38a741a7213f316110b3fea7768.jpg
88,1601939734070,AAEtjmk4AOWGex-cDVm7innV,BQ010-R1 / R1601,Stretch Fabric Low Top Lace-Up Walking Shoes Toe Cap Casual Sneakers for Daily Walking and Casual Streetwear Model R1601,approved,Y,4,https://sc04.alicdn.com/kf/S4131121178be46d8992432d4d54a710cd.jpg,320,320,0.7225,0.74,0.5346,0.3278,,,HEURISTIC_PASS,C:\Users\spq\Desktop\贝强\02_Alibaba运营\01_店铺与全店诊断\全量商品审查_2026-09-04\全六图视觉二次审计_2026-09-04\cache\7aabe0abeb99b3af04c8b081b946c9a6cc334172.jpg
88,1601939734070,AAEtjmk4AOWGex-cDVm7innV,BQ010-R1 / R1601,Stretch Fabric Low Top Lace-Up Walking Shoes Toe Cap Casual Sneakers for Daily Walking and Casual Streetwear Model R1601,approved,Y,5,https://sc04.alicdn.com/kf/S9566c438213d49e0b8e274d0c90e2537a.jpg,320,320,0.8025,0.4625,0.3712,0.261,,,HEURISTIC_PASS,C:\Users\spq\Desktop\贝强\02_Alibaba运营\01_店铺与全店诊断\全量商品审查_2026-09-04\全六图视觉二次审计_2026-09-04\cache\50b0672b3d182e735de59a064e7754cd1136fce5.jpg
88,1601939734070,AAEtjmk4AOWGex-cDVm7innV,BQ010-R1 / R1601,Stretch Fabric Low Top Lace-Up Walking Shoes Toe Cap Casual Sneakers for Daily Walking and Casual Streetwear Model R1601,approved,Y,6,https://sc04.alicdn.com/kf/Sdffb6309f5704c88b4f5bccef246b28a7.jpg,320,320,0.7525,0.3,0.2258,0.1748,,,HEURISTIC_PASS,C:\Users\spq\Desktop\贝强\02_Alibaba运营\01_店铺与全店诊断\全量商品审查_2026-09-04\全六图视觉二次审计_2026-09-04\cache\4730ea475fed4f0587ba66c617b8a22cdcba8d29.jpg
89,1601939661419,AAHPjmk4AOWGex-cDVm7jWWI,BQ009-R1 / L1026,Breathable Mesh Athletic Walking Shoes Thick Sole Casual Sneakers for Athletic Walking and Everyday Training Model L1026,approved,Y,1,https://sc04.alicdn.com/kf/S5d699a70ce1a4b3e9836b2d848e512f8Z.jpg,320,320,0.82,0.475,0.3895,0.2374,P0_LOW_HERO_OCCUPANCY,,HEURISTIC_PASS,C:\Users\spq\Desktop\贝强\02_Alibaba运营\01_店铺与全店诊断\全量商品审查_2026-09-04\全六图视觉二次审计_2026-09-04\cache\34e6dd73353fc56a0d9040b7f0ed4ed629c23be8.jpg
89,1601939661419,AAHPjmk4AOWGex-cDVm7jWWI,BQ009-R1 / L1026,Breathable Mesh Athletic Walking Shoes Thick Sole Casual Sneakers for Athletic Walking and Everyday Training Model L1026,approved,Y,2,https://sc04.alicdn.com/kf/S70360f30048f4c6b9c67ca037c519f3e6.jpg,320,320,0.7625,0.45,0.3431,0.228,,,HEURISTIC_PASS,C:\Users\spq\Desktop\贝强\02_Alibaba运营\01_店铺与全店诊断\全量商品审查_2026-09-04\全六图视觉二次审计_2026-09-04\cache\c42be3cbe8f83c93f8a932047d1a76868f5eeecb.jpg
89,1601939661419,AAHPjmk4AOWGex-cDVm7jWWI,BQ009-R1 / L1026,Breathable Mesh Athletic Walking Shoes Thick Sole Casual Sneakers for Athletic Walking and Everyday Training Model L1026,approved,Y,3,https://sc04.alicdn.com/kf/Sb3a29a85d63345fb91c78e89976357cbk.jpg,320,320,0.745,0.6725,0.501,0.2837,,,HEURISTIC_PASS,C:\Users\spq\Desktop\贝强\02_Alibaba运营\01_店铺与全店诊断\全量商品审查_2026-09-04\全六图视觉二次审计_2026-09-04\cache\6f0a910aa744384ef24f7b36db5da7f79e84eed4.jpg
89,1601939661419,AAHPjmk4AOWGex-cDVm7jWWI,BQ009-R1 / L1026,Breathable Mesh Athletic Walking Shoes Thick Sole Casual Sneakers for Athletic Walking and Everyday Training Model L1026,approved,Y,4,https://sc04.alicdn.com/kf/Sb8b1b3e9b74e4fd88d7dc28780e77d9c8.jpg,320,320,0.7375,0.4775,0.3522,0.2286,,,HEURISTIC_PASS,C:\Users\spq\Desktop\贝强\02_Alibaba运营\01_店铺与全店诊断\全量商品审查_2026-09-04\全六图视觉二次审计_2026-09-04\cache\f90a6afb96c43064bd65cb3ea0fc2ae822f77d17.jpg
89,1601939661419,AAHPjmk4AOWGex-cDVm7jWWI,BQ009-R1 / L1026,Breathable Mesh Athletic Walking Shoes Thick Sole Casual Sneakers for Athletic Walking and Everyday Training Model L1026,approved,Y,5,https://sc04.alicdn.com/kf/Sa7470868a52643298e7c06605038b3abX.jpg,320,320,0.8025,0.4725,0.3792,0.2343,,,HEURISTIC_PASS,C:\Users\spq\Desktop\贝强\02_Alibaba运营\01_店铺与全店诊断\全量商品审查_2026-09-04\全六图视觉二次审计_2026-09-04\cache\f79bf379a4044ec4ef5213591ea6097b2100ec5d.jpg
89,1601939661419,AAHPjmk4AOWGex-cDVm7jWWI,BQ009-R1 / L1026,Breathable Mesh Athletic Walking Shoes Thick Sole Casual Sneakers for Athletic Walking and Everyday Training Model L1026,approved,Y,6,https://sc04.alicdn.com/kf/S56cfb49a9fe54764a511721608257a0dE.jpg,320,320,0.7475,0.5,0.3738,0.2318,,,HEURISTIC_PASS,C:\Users\spq\Desktop\贝强\02_Alibaba运营\01_店铺与全店诊断\全量商品审查_2026-09-04\全六图视觉二次审计_2026-09-04\cache\39e341c29fe9488211730baf04dc551a6cbcd263.jpg
90,1601939675350,AAG2jmk4AOWGex-cDVm7jZ81,BQ009-W1 / L1026,Wholesale Breathable Mesh Athletic Walking Shoes Thick Sole Casual Sneakers Factory Supply Model L1026,approved,Y,1,https://sc04.alicdn.com/kf/S1c33c649e3534938b4fc0a194fd89bb4W.jpg,320,320,0.82,0.485,0.3977,0.2462,,,HEURISTIC_PASS,C:\Users\spq\Desktop\贝强\02_Alibaba运营\01_店铺与全店诊断\全量商品审查_2026-09-04\全六图视觉二次审计_2026-09-04\cache\f7a7cd295304b25b2e2a4a5a06a28e1e6d342bb1.jpg
90,1601939675350,AAG2jmk4AOWGex-cDVm7jZ81,BQ009-W1 / L1026,Wholesale Breathable Mesh Athletic Walking Shoes Thick Sole Casual Sneakers Factory Supply Model L1026,approved,Y,2,https://sc04.alicdn.com/kf/Sb1a49325ddca4c9d89ba30b0d650ac10z.jpg,320,320,0.76,0.505,0.3838,0.2436,,,HEURISTIC_PASS,C:\Users\spq\Desktop\贝强\02_Alibaba运营\01_店铺与全店诊断\全量商品审查_2026-09-04\全六图视觉二次审计_2026-09-04\cache\98cbb19ed66667d129b5eacde11cfdec47e05d1e.jpg
90,1601939675350,AAG2jmk4AOWGex-cDVm7jZ81,BQ009-W1 / L1026,Wholesale Breathable Mesh Athletic Walking Shoes Thick Sole Casual Sneakers Factory Supply Model L1026,approved,Y,3,https://sc04.alicdn.com/kf/Seff7efc59e1c4d2990cb3296fa6396edD.jpg,320,320,0.79,0.46,0.3634,0.2213,,,HEURISTIC_PASS,C:\Users\spq\Desktop\贝强\02_Alibaba运营\01_店铺与全店诊断\全量商品审查_2026-09-04\全六图视觉二次审计_2026-09-04\cache\e259c3ba276f92f54482f99e3c75be2ca6e16c65.jpg
90,1601939675350,AAG2jmk4AOWGex-cDVm7jZ81,BQ009-W1 / L1026,Wholesale Breathable Mesh Athletic Walking Shoes Thick Sole Casual Sneakers Factory Supply Model L1026,approved,Y,4,https://sc04.alicdn.com/kf/S2b170910a30d4cae8102ec3994a377781.jpg,320,320,0.735,0.4375,0.3216,0.2142,,,HEURISTIC_PASS,C:\Users\spq\Desktop\贝强\02_Alibaba运营\01_店铺与全店诊断\全量商品审查_2026-09-04\全六图视觉二次审计_2026-09-04\cache\7e1b7c4b73745f35b2e02b1adc55185256d74117.jpg
90,1601939675350,AAG2jmk4AOWGex-cDVm7jZ81,BQ009-W1 / L1026,Wholesale Breathable Mesh Athletic Walking Shoes Thick Sole Casual Sneakers Factory Supply Model L1026,approved,Y,5,https://sc04.alicdn.com/kf/Sb49934037cff4deab55804229f08d4953.jpg,320,320,0.755,0.6775,0.5115,0.2915,,,HEURISTIC_PASS,C:\Users\spq\Desktop\贝强\02_Alibaba运营\01_店铺与全店诊断\全量商品审查_2026-09-04\全六图视觉二次审计_2026-09-04\cache\73828ce12f78093ac885831d368075ff59a53367.jpg
90,1601939675350,AAG2jmk4AOWGex-cDVm7jZ81,BQ009-W1 / L1026,Wholesale Breathable Mesh Athletic Walking Shoes Thick Sole Casual Sneakers Factory Supply Model L1026,approved,Y,6,https://sc04.alicdn.com/kf/S4dddceaf1267492a9a7712bafbc56c0bb.jpg,320,320,0.75,0.485,0.3638,0.2379,,,HEURISTIC_PASS,C:\Users\spq\Desktop\贝强\02_Alibaba运营\01_店铺与全店诊断\全量商品审查_2026-09-04\全六图视觉二次审计_2026-09-04\cache\b6905aeaa3f1e6d7681db9eda40cd3c1ec1a7d5c.jpg
91,1601939721165,AAFZjmk4AOWGex-cDVm7ikwu,BQ009-O1 / L1026,Custom Logo Breathable Mesh Athletic Walking Shoes Thick Sole Casual Sneakers OEM ODM Private Label Model L1026,approved,Y,1,https://sc04.alicdn.com/kf/S68260bff4c524dcb9fb9c2ba2a4d9c14q.jpg,320,320,0.7575,0.6825,0.517,0.294,,,HEURISTIC_PASS,C:\Users\spq\Desktop\贝强\02_Alibaba运营\01_店铺与全店诊断\全量商品审查_2026-09-04\全六图视觉二次审计_2026-09-04\cache\a8312de7b3e69106f88c684069ba6b1d49c69f9d.jpg
91,1601939721165,AAFZjmk4AOWGex-cDVm7ikwu,BQ009-O1 / L1026,Custom Logo Breathable Mesh Athletic Walking Shoes Thick Sole Casual Sneakers OEM ODM Private Label Model L1026,approved,Y,2,https://sc04.alicdn.com/kf/S4c1bbbb9cadd41dcac2109ca02f383ecA.jpg,320,320,0.7625,0.495,0.3774,0.2455,,,HEURISTIC_PASS,C:\Users\spq\Desktop\贝强\02_Alibaba运营\01_店铺与全店诊断\全量商品审查_2026-09-04\全六图视觉二次审计_2026-09-04\cache\0572548f943ae150aee71887313b076653cb3908.jpg
91,1601939721165,AAFZjmk4AOWGex-cDVm7ikwu,BQ009-O1 / L1026,Custom Logo Breathable Mesh Athletic Walking Shoes Thick Sole Casual Sneakers OEM ODM Private Label Model L1026,approved,Y,3,https://sc04.alicdn.com/kf/Sde9af884527a4a91b24bdeca2ab63a34X.jpg,320,320,0.7925,0.47,0.3725,0.2294,,,HEURISTIC_PASS,C:\Users\spq\Desktop\贝强\02_Alibaba运营\01_店铺与全店诊断\全量商品审查_2026-09-04\全六图视觉二次审计_2026-09-04\cache\8f298ee9d80e15ad989f5d83736d0506da1e80a8.jpg
91,1601939721165,AAFZjmk4AOWGex-cDVm7ikwu,BQ009-O1 / L1026,Custom Logo Breathable Mesh Athletic Walking Shoes Thick Sole Casual Sneakers OEM ODM Private Label Model L1026,approved,Y,4,https://sc04.alicdn.com/kf/S72f5b314f6e3407582ab175ff3a1c500q.jpg,320,320,0.7325,0.49,0.3589,0.2243,,,HEURISTIC_PASS,C:\Users\spq\Desktop\贝强\02_Alibaba运营\01_店铺与全店诊断\全量商品审查_2026-09-04\全六图视觉二次审计_2026-09-04\cache\4e1e56c2e55811c5d21fd51c73b97417e062af3c.jpg
91,1601939721165,AAFZjmk4AOWGex-cDVm7ikwu,BQ009-O1 / L1026,Custom Logo Breathable Mesh Athletic Walking Shoes Thick Sole Casual Sneakers OEM ODM Private Label Model L1026,approved,Y,5,https://sc04.alicdn.com/kf/S1c8c5ae70cf847c486ff7387a4864f44U.jpg,320,320,0.8025,0.465,0.3732,0.2272,,,HEURISTIC_PASS,C:\Users\spq\Desktop\贝强\02_Alibaba运营\01_店铺与全店诊断\全量商品审查_2026-09-04\全六图视觉二次审计_2026-09-04\cache\ada32bf22c1f6c52e8943cd4b960a1909e340886.jpg
91,1601939721165,AAFZjmk4AOWGex-cDVm7ikwu,BQ009-O1 / L1026,Custom Logo Breathable Mesh Athletic Walking Shoes Thick Sole Casual Sneakers OEM ODM Private Label Model L1026,approved,Y,6,https://sc04.alicdn.com/kf/S3f6a530e68044e19939ffd80490e0d0eQ.jpg,320,320,0.75,0.4475,0.3356,0.2241,,,HEURISTIC_PASS,C:\Users\spq\Desktop\贝强\02_Alibaba运营\01_店铺与全店诊断\全量商品审查_2026-09-04\全六图视觉二次审计_2026-09-04\cache\301ff7d2e2252f16352a9b284879c12e27d52cd4.jpg
92,1601939625569,AAG0jmk4AOWGex-cDVm7jNGC,BQ008-W1 / L1009,Wholesale Breathable Mesh Lace-Up Athletic Walking Shoes Thick Sole Casual Sneakers Factory Supply Model L1009,approved,Y,1,https://sc04.alicdn.com/kf/Sd6a47837a676469c8c08df0094925a38r.jpg,320,320,0.8225,0.465,0.3825,0.2285,P0_LOW_HERO_OCCUPANCY,,HEURISTIC_PASS,C:\Users\spq\Desktop\贝强\02_Alibaba运营\01_店铺与全店诊断\全量商品审查_2026-09-04\全六图视觉二次审计_2026-09-04\cache\ed09597a742318c6da779872d1b293fd5a215006.jpg
92,1601939625569,AAG0jmk4AOWGex-cDVm7jNGC,BQ008-W1 / L1009,Wholesale Breathable Mesh Lace-Up Athletic Walking Shoes Thick Sole Casual Sneakers Factory Supply Model L1009,approved,Y,2,https://sc04.alicdn.com/kf/S186bb0703b954c61ad500b0386ff406fp.jpg,320,320,0.76,0.3225,0.2451,0.1748,,,HEURISTIC_PASS,C:\Users\spq\Desktop\贝强\02_Alibaba运营\01_店铺与全店诊断\全量商品审查_2026-09-04\全六图视觉二次审计_2026-09-04\cache\640af7c4e9dd1a0086610246b47ba0f8b390d857.jpg
92,1601939625569,AAG0jmk4AOWGex-cDVm7jNGC,BQ008-W1 / L1009,Wholesale Breathable Mesh Lace-Up Athletic Walking Shoes Thick Sole Casual Sneakers Factory Supply Model L1009,approved,Y,3,https://sc04.alicdn.com/kf/S510c48135d02472c9d9beeab1f48719do.jpg,320,320,0.65,0.6675,0.4339,0.2034,,,HEURISTIC_PASS,C:\Users\spq\Desktop\贝强\02_Alibaba运营\01_店铺与全店诊断\全量商品审查_2026-09-04\全六图视觉二次审计_2026-09-04\cache\4bdf13d6ba60d7a4762e1e53db87ca5cd22d532b.jpg
92,1601939625569,AAG0jmk4AOWGex-cDVm7jNGC,BQ008-W1 / L1009,Wholesale Breathable Mesh Lace-Up Athletic Walking Shoes Thick Sole Casual Sneakers Factory Supply Model L1009,approved,Y,4,https://sc04.alicdn.com/kf/Scb8b6d5adfd74907be777cff901e2902G.jpg,320,320,0.735,0.3025,0.2223,0.1774,,,HEURISTIC_PASS,C:\Users\spq\Desktop\贝强\02_Alibaba运营\01_店铺与全店诊断\全量商品审查_2026-09-04\全六图视觉二次审计_2026-09-04\cache\022a3cc25ee3b0d0761b5e1e94f7d593700b6e74.jpg
92,1601939625569,AAG0jmk4AOWGex-cDVm7jNGC,BQ008-W1 / L1009,Wholesale Breathable Mesh Lace-Up Athletic Walking Shoes Thick Sole Casual Sneakers Factory Supply Model L1009,approved,Y,5,https://sc04.alicdn.com/kf/Sac83b4c0a4ac41e0907f213137d88593s.jpg,320,320,0.78,0.6775,0.5284,0.3562,,,HEURISTIC_PASS,C:\Users\spq\Desktop\贝强\02_Alibaba运营\01_店铺与全店诊断\全量商品审查_2026-09-04\全六图视觉二次审计_2026-09-04\cache\4ee58f62fb0a1a147201d69c2ced0f49c62b9a28.jpg
92,1601939625569,AAG0jmk4AOWGex-cDVm7jNGC,BQ008-W1 / L1009,Wholesale Breathable Mesh Lace-Up Athletic Walking Shoes Thick Sole Casual Sneakers Factory Supply Model L1009,approved,Y,6,https://sc04.alicdn.com/kf/Se42e4fec3a474f3b9b0116cc7fb0b5c2x.jpg,320,320,0.355,0.72,0.2556,0.1768,,,HEURISTIC_PASS,C:\Users\spq\Desktop\贝强\02_Alibaba运营\01_店铺与全店诊断\全量商品审查_2026-09-04\全六图视觉二次审计_2026-09-04\cache\b57117726df97b6afae9c1064c4ad2a4d4db9bbf.jpg
93,1601939585913,AAG3jmk4AOWGex-cDVm7jDya,BQ007-W1 / L0017,Wholesale Knit Elastic Lace Slip-On Walking Shoes Lightweight Foam Sole Casual Sneakers Factory Supply Model L0017,approved,Y,1,https://sc04.alicdn.com/kf/Sbbd44861e28d4389aa80d96fb773a633M.jpg,320,320,0.82,0.4225,0.3464,0.2326,P0_LOW_HERO_OCCUPANCY,,HEURISTIC_PASS,C:\Users\spq\Desktop\贝强\02_Alibaba运营\01_店铺与全店诊断\全量商品审查_2026-09-04\全六图视觉二次审计_2026-09-04\cache\fa426b0cd2cfa963aaeb8c98c3066d7095b7252d.jpg
93,1601939585913,AAG3jmk4AOWGex-cDVm7jDya,BQ007-W1 / L0017,Wholesale Knit Elastic Lace Slip-On Walking Shoes Lightweight Foam Sole Casual Sneakers Factory Supply Model L0017,approved,Y,2,https://sc04.alicdn.com/kf/Sfec857c9b93843b9bddf46592baa8597s.jpg,320,320,0.76,0.3975,0.3021,0.2005,,,HEURISTIC_PASS,C:\Users\spq\Desktop\贝强\02_Alibaba运营\01_店铺与全店诊断\全量商品审查_2026-09-04\全六图视觉二次审计_2026-09-04\cache\87a2b877bc88ea8a756d2ed8399d0a3dde1c9c19.jpg
93,1601939585913,AAG3jmk4AOWGex-cDVm7jDya,BQ007-W1 / L0017,Wholesale Knit Elastic Lace Slip-On Walking Shoes Lightweight Foam Sole Casual Sneakers Factory Supply Model L0017,approved,Y,3,https://sc04.alicdn.com/kf/S4b476ce2398045d3b40f027febe45cda5.jpg,320,320,0.79,0.42,0.3318,0.2141,,,HEURISTIC_PASS,C:\Users\spq\Desktop\贝强\02_Alibaba运营\01_店铺与全店诊断\全量商品审查_2026-09-04\全六图视觉二次审计_2026-09-04\cache\d1bb2e33b43ab3318d3a614d05fa83860529c7e5.jpg
93,1601939585913,AAG3jmk4AOWGex-cDVm7jDya,BQ007-W1 / L0017,Wholesale Knit Elastic Lace Slip-On Walking Shoes Lightweight Foam Sole Casual Sneakers Factory Supply Model L0017,approved,Y,4,https://sc04.alicdn.com/kf/Sa810eb4d6c594baca68e33e781665981L.jpg,320,320,0.7375,0.3825,0.2821,0.1879,,,HEURISTIC_PASS,C:\Users\spq\Desktop\贝强\02_Alibaba运营\01_店铺与全店诊断\全量商品审查_2026-09-04\全六图视觉二次审计_2026-09-04\cache\f8cbf9b23e0b1e2043c9cb3bce9756cb59822726.jpg
93,1601939585913,AAG3jmk4AOWGex-cDVm7jDya,BQ007-W1 / L0017,Wholesale Knit Elastic Lace Slip-On Walking Shoes Lightweight Foam Sole Casual Sneakers Factory Supply Model L0017,approved,Y,5,https://sc04.alicdn.com/kf/Sd5cdd0c6ae74455687e9ebbf64c5a6f11.jpg,320,320,0.8,0.4125,0.33,0.2162,,,HEURISTIC_PASS,C:\Users\spq\Desktop\贝强\02_Alibaba运营\01_店铺与全店诊断\全量商品审查_2026-09-04\全六图视觉二次审计_2026-09-04\cache\52ef250e323e1c98dc74c119bb3a429846f34dde.jpg
93,1601939585913,AAG3jmk4AOWGex-cDVm7jDya,BQ007-W1 / L0017,Wholesale Knit Elastic Lace Slip-On Walking Shoes Lightweight Foam Sole Casual Sneakers Factory Supply Model L0017,approved,Y,6,https://sc04.alicdn.com/kf/Sbfc2578e63e9409c82bc85bad1b67534X.jpg,320,320,0.75,0.51,0.3825,0.2145,,,HEURISTIC_PASS,C:\Users\spq\Desktop\贝强\02_Alibaba运营\01_店铺与全店诊断\全量商品审查_2026-09-04\全六图视觉二次审计_2026-09-04\cache\d95af5763e7bc2b9af2a64ade4253b554a016202.jpg
94,1601939628529,AAHZjmk4AOWGex-cDVm7jOYS,BQ008-R1 / L1009,Breathable Mesh Lace-Up Athletic Walking Shoes Thick Sole Casual Sneakers for Athletic Walking and Everyday Training Model L1009,approved,Y,1,https://sc04.alicdn.com/kf/S5c84eb5fb507491fb5c7cff9fe3d29f33.jpg,320,320,0.6575,0.68,0.4471,0.1855,,,HEURISTIC_PASS,C:\Users\spq\Desktop\贝强\02_Alibaba运营\01_店铺与全店诊断\全量商品审查_2026-09-04\全六图视觉二次审计_2026-09-04\cache\33d94dfb671249d4ed9cf8f83830b38281f7eb1c.jpg
94,1601939628529,AAHZjmk4AOWGex-cDVm7jOYS,BQ008-R1 / L1009,Breathable Mesh Lace-Up Athletic Walking Shoes Thick Sole Casual Sneakers for Athletic Walking and Everyday Training Model L1009,approved,Y,2,https://sc04.alicdn.com/kf/S209ad19c2cac4f0c9706da61a92bf03cq.jpg,320,320,0.7625,0.3125,0.2383,0.1882,,,HEURISTIC_PASS,C:\Users\spq\Desktop\贝强\02_Alibaba运营\01_店铺与全店诊断\全量商品审查_2026-09-04\全六图视觉二次审计_2026-09-04\cache\70e8265d2dbdb6d476e104753f13870fe288f1d9.jpg
94,1601939628529,AAHZjmk4AOWGex-cDVm7jOYS,BQ008-R1 / L1009,Breathable Mesh Lace-Up Athletic Walking Shoes Thick Sole Casual Sneakers for Athletic Walking and Everyday Training Model L1009,approved,Y,3,https://sc04.alicdn.com/kf/S484dbe7c2f5148af8250f2bac38f9048y.jpg,320,320,0.77,0.6725,0.5178,0.3384,,,HEURISTIC_PASS,C:\Users\spq\Desktop\贝强\02_Alibaba运营\01_店铺与全店诊断\全量商品审查_2026-09-04\全六图视觉二次审计_2026-09-04\cache\c21dd02b5e3d5b9d07d5772310d0d14783cd0ee3.jpg
94,1601939628529,AAHZjmk4AOWGex-cDVm7jOYS,BQ008-R1 / L1009,Breathable Mesh Lace-Up Athletic Walking Shoes Thick Sole Casual Sneakers for Athletic Walking and Everyday Training Model L1009,approved,Y,4,https://sc04.alicdn.com/kf/S4dd4529dfb4d4515999d2ab71419d2c96.jpg,320,320,0.365,0.74,0.2701,0.1804,,,HEURISTIC_PASS,C:\Users\spq\Desktop\贝强\02_Alibaba运营\01_店铺与全店诊断\全量商品审查_2026-09-04\全六图视觉二次审计_2026-09-04\cache\20c525f20ff1699da1d8496f46ce62ba730dc5ea.jpg
94,1601939628529,AAHZjmk4AOWGex-cDVm7jOYS,BQ008-R1 / L1009,Breathable Mesh Lace-Up Athletic Walking Shoes Thick Sole Casual Sneakers for Athletic Walking and Everyday Training Model L1009,approved,Y,5,https://sc04.alicdn.com/kf/Sffa7177992794b9fab1cfa7b45dfd011D.jpg,320,320,0.8025,0.455,0.3651,0.2078,,,HEURISTIC_PASS,C:\Users\spq\Desktop\贝强\02_Alibaba运营\01_店铺与全店诊断\全量商品审查_2026-09-04\全六图视觉二次审计_2026-09-04\cache\f95f7c338cecbf7a659a0170a054767eb0403c06.jpg
94,1601939628529,AAHZjmk4AOWGex-cDVm7jOYS,BQ008-R1 / L1009,Breathable Mesh Lace-Up Athletic Walking Shoes Thick Sole Casual Sneakers for Athletic Walking and Everyday Training Model L1009,approved,Y,6,https://sc04.alicdn.com/kf/S41187ea5c998403f92e4fc36e2b6cac8n.jpg,320,320,0.75,0.3175,0.2381,0.1397,,,HEURISTIC_PASS,C:\Users\spq\Desktop\贝强\02_Alibaba运营\01_店铺与全店诊断\全量商品审查_2026-09-04\全六图视觉二次审计_2026-09-04\cache\57a79645918ca4bcfdb09c8f7ba1d192543e596b.jpg
95,1601939711161,AAFcjmk4AOWGex-cDVm7iiNa,BQ007-R1 / L0017,Knit Elastic Lace Slip-On Walking Shoes Lightweight Foam Sole Casual Sneakers for Travel Commuting and Daily Wear Model L0017,approved,Y,1,https://sc04.alicdn.com/kf/S21c13812797a4937bc2e09f245728757O.jpg,320,320,0.82,0.4325,0.3547,0.2215,P0_LOW_HERO_OCCUPANCY,,HEURISTIC_PASS,C:\Users\spq\Desktop\贝强\02_Alibaba运营\01_店铺与全店诊断\全量商品审查_2026-09-04\全六图视觉二次审计_2026-09-04\cache\542067f22de12a77edd57aba87f19a918d6bd699.jpg
95,1601939711161,AAFcjmk4AOWGex-cDVm7iiNa,BQ007-R1 / L0017,Knit Elastic Lace Slip-On Walking Shoes Lightweight Foam Sole Casual Sneakers for Travel Commuting and Daily Wear Model L0017,approved,Y,2,https://sc04.alicdn.com/kf/S0de6cb43920749419fe1c5f30e0c48dbc.jpg,320,320,0.7625,0.3925,0.2993,0.2009,,,HEURISTIC_PASS,C:\Users\spq\Desktop\贝强\02_Alibaba运营\01_店铺与全店诊断\全量商品审查_2026-09-04\全六图视觉二次审计_2026-09-04\cache\73bd5937385552aac99aaf4268bd51e34fb25bb4.jpg
95,1601939711161,AAFcjmk4AOWGex-cDVm7iiNa,BQ007-R1 / L0017,Knit Elastic Lace Slip-On Walking Shoes Lightweight Foam Sole Casual Sneakers for Travel Commuting and Daily Wear Model L0017,approved,Y,3,https://sc04.alicdn.com/kf/S97e826cd552943cf9ab01e3fba6be905I.jpg,320,320,0.7925,0.405,0.321,0.2078,,,HEURISTIC_PASS,C:\Users\spq\Desktop\贝强\02_Alibaba运营\01_店铺与全店诊断\全量商品审查_2026-09-04\全六图视觉二次审计_2026-09-04\cache\5712ad159f4b680531159c8b84e7ab70d6fffdbd.jpg
95,1601939711161,AAFcjmk4AOWGex-cDVm7iiNa,BQ007-R1 / L0017,Knit Elastic Lace Slip-On Walking Shoes Lightweight Foam Sole Casual Sneakers for Travel Commuting and Daily Wear Model L0017,approved,Y,4,https://sc04.alicdn.com/kf/S31c39edd0007479eaaf10931e959ae71n.jpg,320,320,0.7375,0.5025,0.3706,0.202,,,HEURISTIC_PASS,C:\Users\spq\Desktop\贝强\02_Alibaba运营\01_店铺与全店诊断\全量商品审查_2026-09-04\全六图视觉二次审计_2026-09-04\cache\f918a5288e5948f526e84d56e1ea1c55d37b004f.jpg
95,1601939711161,AAFcjmk4AOWGex-cDVm7iiNa,BQ007-R1 / L0017,Knit Elastic Lace Slip-On Walking Shoes Lightweight Foam Sole Casual Sneakers for Travel Commuting and Daily Wear Model L0017,approved,Y,5,https://sc04.alicdn.com/kf/Sdd03efe073ec4f02b906b4a686bd5dd2n.jpg,320,320,0.8025,0.4125,0.331,0.2212,,,HEURISTIC_PASS,C:\Users\spq\Desktop\贝强\02_Alibaba运营\01_店铺与全店诊断\全量商品审查_2026-09-04\全六图视觉二次审计_2026-09-04\cache\7392f8e051e275142ec3b49715571a92311fe6f4.jpg
95,1601939711161,AAFcjmk4AOWGex-cDVm7iiNa,BQ007-R1 / L0017,Knit Elastic Lace Slip-On Walking Shoes Lightweight Foam Sole Casual Sneakers for Travel Commuting and Daily Wear Model L0017,approved,Y,6,https://sc04.alicdn.com/kf/Sa86f32ffd5184126965ee6c989e9d3a13.jpg,320,320,0.75,0.3925,0.2944,0.1885,,,HEURISTIC_PASS,C:\Users\spq\Desktop\贝强\02_Alibaba运营\01_店铺与全店诊断\全量商品审查_2026-09-04\全六图视觉二次审计_2026-09-04\cache\bf5326ac6fe5320890f941feaabf75b88a545f13.jpg
96,1601939701201,AAEOjmk4AOWGex-cDVm7jfoy,BQ007-O1 / L0017,Custom Logo Knit Elastic Lace Slip-On Walking Shoes Lightweight Foam Sole Casual Sneakers OEM ODM Private Label Model L0017,approved,Y,1,https://sc04.alicdn.com/kf/Sbd763c79b11941d89e5c1c841f84ca41W.jpg,320,320,0.8225,0.42,0.3454,0.2249,P0_LOW_HERO_OCCUPANCY,,HEURISTIC_PASS,C:\Users\spq\Desktop\贝强\02_Alibaba运营\01_店铺与全店诊断\全量商品审查_2026-09-04\全六图视觉二次审计_2026-09-04\cache\48afca6a16973110d07753422924297285fd212d.jpg
96,1601939701201,AAEOjmk4AOWGex-cDVm7jfoy,BQ007-O1 / L0017,Custom Logo Knit Elastic Lace Slip-On Walking Shoes Lightweight Foam Sole Casual Sneakers OEM ODM Private Label Model L0017,approved,Y,2,https://sc04.alicdn.com/kf/Sc0b7f4492624488aa9619a1a3cf1ead88.jpg,320,320,0.76,0.5175,0.3933,0.2167,,,HEURISTIC_PASS,C:\Users\spq\Desktop\贝强\02_Alibaba运营\01_店铺与全店诊断\全量商品审查_2026-09-04\全六图视觉二次审计_2026-09-04\cache\b0bef17ea977dbb2b3a6b78b1483d64a9b4708f8.jpg
96,1601939701201,AAEOjmk4AOWGex-cDVm7jfoy,BQ007-O1 / L0017,Custom Logo Knit Elastic Lace Slip-On Walking Shoes Lightweight Foam Sole Casual Sneakers OEM ODM Private Label Model L0017,approved,Y,3,https://sc04.alicdn.com/kf/Sdc969ba08bc5491e881c108057a361d4Y.jpg,320,320,0.7925,0.4075,0.3229,0.2169,,,HEURISTIC_PASS,C:\Users\spq\Desktop\贝强\02_Alibaba运营\01_店铺与全店诊断\全量商品审查_2026-09-04\全六图视觉二次审计_2026-09-04\cache\57968fca585566170f499bbf58ae27bda9500ba7.jpg
96,1601939701201,AAEOjmk4AOWGex-cDVm7jfoy,BQ007-O1 / L0017,Custom Logo Knit Elastic Lace Slip-On Walking Shoes Lightweight Foam Sole Casual Sneakers OEM ODM Private Label Model L0017,approved,Y,4,https://sc04.alicdn.com/kf/S48b7d45e3e254606a6daf4f53b3c94caf.jpg,320,320,0.735,0.385,0.283,0.1818,,,HEURISTIC_PASS,C:\Users\spq\Desktop\贝强\02_Alibaba运营\01_店铺与全店诊断\全量商品审查_2026-09-04\全六图视觉二次审计_2026-09-04\cache\d73ebc2786686de937d349f915b40d50e36e280a.jpg
96,1601939701201,AAEOjmk4AOWGex-cDVm7jfoy,BQ007-O1 / L0017,Custom Logo Knit Elastic Lace Slip-On Walking Shoes Lightweight Foam Sole Casual Sneakers OEM ODM Private Label Model L0017,approved,Y,5,https://sc04.alicdn.com/kf/S7bb2449610824d38b1523500e1d48033v.jpg,320,320,0.8,0.4225,0.338,0.2119,,,HEURISTIC_PASS,C:\Users\spq\Desktop\贝强\02_Alibaba运营\01_店铺与全店诊断\全量商品审查_2026-09-04\全六图视觉二次审计_2026-09-04\cache\594688c0f4e7ccf90031e201332655d557e2c9d8.jpg
96,1601939701201,AAEOjmk4AOWGex-cDVm7jfoy,BQ007-O1 / L0017,Custom Logo Knit Elastic Lace Slip-On Walking Shoes Lightweight Foam Sole Casual Sneakers OEM ODM Private Label Model L0017,approved,Y,6,https://sc04.alicdn.com/kf/S8aae287b9aba4dc69f7ab7679802dee5R.jpg,320,320,0.7525,0.39,0.2935,0.1965,,,HEURISTIC_PASS,C:\Users\spq\Desktop\贝强\02_Alibaba运营\01_店铺与全店诊断\全量商品审查_2026-09-04\全六图视觉二次审计_2026-09-04\cache\c41d01e5768b8336dc97275ba3b248ed6eb59839.jpg
97,1601939660427,AAEjjmk4AOWGex-cDVm7jVlo,BQ006-W1 / M8811,Wholesale Breathable Knit Lace-Up Walking Shoes Lightweight Chunky EVA Sole Casual Sneakers Factory Supply Model M8811,approved,Y,1,https://sc04.alicdn.com/kf/Sde6d479adaa04057be6ece73e8587fdcV.jpg,320,320,0.82,0.42,0.3444,0.1919,P0_LOW_HERO_OCCUPANCY,,HEURISTIC_PASS,C:\Users\spq\Desktop\贝强\02_Alibaba运营\01_店铺与全店诊断\全量商品审查_2026-09-04\全六图视觉二次审计_2026-09-04\cache\fcdac59c2485f75672867fb3333a51a3cd0d02e7.jpg
97,1601939660427,AAEjjmk4AOWGex-cDVm7jVlo,BQ006-W1 / M8811,Wholesale Breathable Knit Lace-Up Walking Shoes Lightweight Chunky EVA Sole Casual Sneakers Factory Supply Model M8811,approved,Y,2,https://sc04.alicdn.com/kf/S3c01706698d44b3b8f23d6b58bd8f36aV.jpg,320,320,0.76,0.395,0.3002,0.1802,,,HEURISTIC_PASS,C:\Users\spq\Desktop\贝强\02_Alibaba运营\01_店铺与全店诊断\全量商品审查_2026-09-04\全六图视觉二次审计_2026-09-04\cache\bca4dfb9243a234b8faeb17887b88ffcaf8a3fb7.jpg
97,1601939660427,AAEjjmk4AOWGex-cDVm7jVlo,BQ006-W1 / M8811,Wholesale Breathable Knit Lace-Up Walking Shoes Lightweight Chunky EVA Sole Casual Sneakers Factory Supply Model M8811,approved,Y,3,https://sc04.alicdn.com/kf/Sd11e8c5a1020422784ed9af23785f7d1L.jpg,320,320,0.79,0.415,0.3278,0.1813,,,HEURISTIC_PASS,C:\Users\spq\Desktop\贝强\02_Alibaba运营\01_店铺与全店诊断\全量商品审查_2026-09-04\全六图视觉二次审计_2026-09-04\cache\2aa5f0bab54f23d6db47631ffea1f2ae06be7d06.jpg
97,1601939660427,AAEjjmk4AOWGex-cDVm7jVlo,BQ006-W1 / M8811,Wholesale Breathable Knit Lace-Up Walking Shoes Lightweight Chunky EVA Sole Casual Sneakers Factory Supply Model M8811,approved,Y,4,https://sc04.alicdn.com/kf/S508ba47f134648c68f5fdb1e89cdbbec0.jpg,320,320,0.7325,0.3675,0.2692,0.155,,,HEURISTIC_PASS,C:\Users\spq\Desktop\贝强\02_Alibaba运营\01_店铺与全店诊断\全量商品审查_2026-09-04\全六图视觉二次审计_2026-09-04\cache\f78f241d04aca7ce4a23e5b32dfc4d12adfe8a82.jpg
97,1601939660427,AAEjjmk4AOWGex-cDVm7jVlo,BQ006-W1 / M8811,Wholesale Breathable Knit Lace-Up Walking Shoes Lightweight Chunky EVA Sole Casual Sneakers Factory Supply Model M8811,approved,Y,5,https://sc04.alicdn.com/kf/S125016d5c3b946348d7c123606a91586V.jpg,320,320,0.8,0.3925,0.314,0.2052,,,HEURISTIC_PASS,C:\Users\spq\Desktop\贝强\02_Alibaba运营\01_店铺与全店诊断\全量商品审查_2026-09-04\全六图视觉二次审计_2026-09-04\cache\997074e5a83659bc4ecb6f2b30ff3220eb612e49.jpg
97,1601939660427,AAEjjmk4AOWGex-cDVm7jVlo,BQ006-W1 / M8811,Wholesale Breathable Knit Lace-Up Walking Shoes Lightweight Chunky EVA Sole Casual Sneakers Factory Supply Model M8811,approved,Y,6,https://sc04.alicdn.com/kf/S351f91145c624225ac0d6a7418ffd20am.jpg,320,320,0.7475,0.36,0.2691,0.1778,,,HEURISTIC_PASS,C:\Users\spq\Desktop\贝强\02_Alibaba运营\01_店铺与全店诊断\全量商品审查_2026-09-04\全六图视觉二次审计_2026-09-04\cache\08d38d4a717614a28b4901dffbf505e4bd9d535b.jpg
98,1601939655430,AAETjmk4AOWGex-cDVm7jUzl,BQ006-R1 / M8811,Breathable Knit Lace-Up Walking Shoes Chunky EVA Sole Sneakers for Daily Walking and Seasonal Collections Model M8811,approved,Y,1,https://sc04.alicdn.com/kf/Sa4eba7356a9543a78cb76cba875bedb97.jpg,320,320,0.8125,0.4325,0.3514,0.1428,P0_LOW_HERO_OCCUPANCY,,HEURISTIC_PASS,C:\Users\spq\Desktop\贝强\02_Alibaba运营\01_店铺与全店诊断\全量商品审查_2026-09-04\全六图视觉二次审计_2026-09-04\cache\4b1e072662ccf4ad02146bf8cebc8c9366cddd3e.jpg
98,1601939655430,AAETjmk4AOWGex-cDVm7jUzl,BQ006-R1 / M8811,Breathable Knit Lace-Up Walking Shoes Chunky EVA Sole Sneakers for Daily Walking and Seasonal Collections Model M8811,approved,Y,2,https://sc04.alicdn.com/kf/Sd22c5814ce9249f8bf6ba41bede0d29dt.jpg,320,320,0.745,0.38,0.2831,0.1123,,,HEURISTIC_PASS,C:\Users\spq\Desktop\贝强\02_Alibaba运营\01_店铺与全店诊断\全量商品审查_2026-09-04\全六图视觉二次审计_2026-09-04\cache\f4c5585ae9046fbd2bd893e35f62fe150ea04d45.jpg
98,1601939655430,AAETjmk4AOWGex-cDVm7jUzl,BQ006-R1 / M8811,Breathable Knit Lace-Up Walking Shoes Chunky EVA Sole Sneakers for Daily Walking and Seasonal Collections Model M8811,approved,Y,3,https://sc04.alicdn.com/kf/S195b3856424b48e6b7b069d8e1c36a6f3.jpg,320,320,0.7925,0.3875,0.3071,0.1996,,,HEURISTIC_PASS,C:\Users\spq\Desktop\贝强\02_Alibaba运营\01_店铺与全店诊断\全量商品审查_2026-09-04\全六图视觉二次审计_2026-09-04\cache\647f03cb9f2cc390a5536bef93ac5268a5071d4a.jpg
98,1601939655430,AAETjmk4AOWGex-cDVm7jUzl,BQ006-R1 / M8811,Breathable Knit Lace-Up Walking Shoes Chunky EVA Sole Sneakers for Daily Walking and Seasonal Collections Model M8811,approved,Y,4,https://sc04.alicdn.com/kf/S5d0f40d62ffd4ccda6a1d8493c425e7eC.jpg,320,320,0.73,0.3525,0.2573,0.1439,,,HEURISTIC_PASS,C:\Users\spq\Desktop\贝强\02_Alibaba运营\01_店铺与全店诊断\全量商品审查_2026-09-04\全六图视觉二次审计_2026-09-04\cache\b2040392adf3da5d4bdd5a4a98bc24b86bda51b3.jpg
98,1601939655430,AAETjmk4AOWGex-cDVm7jUzl,BQ006-R1 / M8811,Breathable Knit Lace-Up Walking Shoes Chunky EVA Sole Sneakers for Daily Walking and Seasonal Collections Model M8811,approved,Y,5,https://sc04.alicdn.com/kf/S3927c102bd29444a98e73e153f27df48i.jpg,320,320,0.7925,0.4075,0.3229,0.1346,,,HEURISTIC_PASS,C:\Users\spq\Desktop\贝强\02_Alibaba运营\01_店铺与全店诊断\全量商品审查_2026-09-04\全六图视觉二次审计_2026-09-04\cache\b3b1aeb07695e24925389b83ff7c07b77e13f276.jpg
98,1601939655430,AAETjmk4AOWGex-cDVm7jUzl,BQ006-R1 / M8811,Breathable Knit Lace-Up Walking Shoes Chunky EVA Sole Sneakers for Daily Walking and Seasonal Collections Model M8811,approved,Y,6,https://sc04.alicdn.com/kf/Sf654bad7e3774c88aebf1b7127aafeff9.jpg,320,320,0.745,0.39,0.2905,0.1434,,,HEURISTIC_PASS,C:\Users\spq\Desktop\贝强\02_Alibaba运营\01_店铺与全店诊断\全量商品审查_2026-09-04\全六图视觉二次审计_2026-09-04\cache\7b6836f6748694265ce67b8cb5343f4ae7c864ab.jpg
99,1601939599850,AAFgjmk4AOWGex-cDVm7jHYJ,BQ005-W1 / A503,Wholesale Summer Hollow Knit Lace-Up Walking Shoes Breathable Lightweight Casual Sneakers EVA Sole Factory Supply Model A503,approved,Y,1,https://sc04.alicdn.com/kf/Sf754005cb34340c988c7899ff01609c3z.jpg,320,320,0.82,0.48,0.3936,0.2577,,,HEURISTIC_PASS,C:\Users\spq\Desktop\贝强\02_Alibaba运营\01_店铺与全店诊断\全量商品审查_2026-09-04\全六图视觉二次审计_2026-09-04\cache\0b284e30e3ede043d888b8daa157425d4daad2ef.jpg
99,1601939599850,AAFgjmk4AOWGex-cDVm7jHYJ,BQ005-W1 / A503,Wholesale Summer Hollow Knit Lace-Up Walking Shoes Breathable Lightweight Casual Sneakers EVA Sole Factory Supply Model A503,approved,Y,2,https://sc04.alicdn.com/kf/Sb37caa5e3f384b39b5c8e5b31581ebcfC.jpg,320,320,0.76,0.44,0.3344,0.2228,,,HEURISTIC_PASS,C:\Users\spq\Desktop\贝强\02_Alibaba运营\01_店铺与全店诊断\全量商品审查_2026-09-04\全六图视觉二次审计_2026-09-04\cache\2fa5a30b669a16a216c4219373c0c6c03a72b176.jpg
99,1601939599850,AAFgjmk4AOWGex-cDVm7jHYJ,BQ005-W1 / A503,Wholesale Summer Hollow Knit Lace-Up Walking Shoes Breathable Lightweight Casual Sneakers EVA Sole Factory Supply Model A503,approved,Y,3,https://sc04.alicdn.com/kf/S4243ea649fc4400790a528416f7fed56f.jpg,320,320,0.79,0.4425,0.3496,0.2358,,,HEURISTIC_PASS,C:\Users\spq\Desktop\贝强\02_Alibaba运营\01_店铺与全店诊断\全量商品审查_2026-09-04\全六图视觉二次审计_2026-09-04\cache\9957e298455b9e417c8d2f09641c7b673e49f9b2.jpg
99,1601939599850,AAFgjmk4AOWGex-cDVm7jHYJ,BQ005-W1 / A503,Wholesale Summer Hollow Knit Lace-Up Walking Shoes Breathable Lightweight Casual Sneakers EVA Sole Factory Supply Model A503,approved,Y,4,https://sc04.alicdn.com/kf/S74b559711bbd49deb564f8389094ae405.jpg,320,320,0.7375,0.3825,0.2821,0.1667,,,HEURISTIC_PASS,C:\Users\spq\Desktop\贝强\02_Alibaba运营\01_店铺与全店诊断\全量商品审查_2026-09-04\全六图视觉二次审计_2026-09-04\cache\5c1c9b8d6bc42dff0d6400d017a60c52312d777e.jpg
99,1601939599850,AAFgjmk4AOWGex-cDVm7jHYJ,BQ005-W1 / A503,Wholesale Summer Hollow Knit Lace-Up Walking Shoes Breathable Lightweight Casual Sneakers EVA Sole Factory Supply Model A503,approved,Y,5,https://sc04.alicdn.com/kf/S5904510d85c5464ea1e232f58c8a386bD.jpg,320,320,0.8,0.47,0.376,0.2435,,,HEURISTIC_PASS,C:\Users\spq\Desktop\贝强\02_Alibaba运营\01_店铺与全店诊断\全量商品审查_2026-09-04\全六图视觉二次审计_2026-09-04\cache\c36604dae21c12e54e2829322481a7a4f835ba86.jpg
99,1601939599850,AAFgjmk4AOWGex-cDVm7jHYJ,BQ005-W1 / A503,Wholesale Summer Hollow Knit Lace-Up Walking Shoes Breathable Lightweight Casual Sneakers EVA Sole Factory Supply Model A503,approved,Y,6,https://sc04.alicdn.com/kf/S9b643a70cadb4295a2fbad2711ea2848P.jpg,320,320,0.5325,0.72,0.3834,0.1889,,,HEURISTIC_PASS,C:\Users\spq\Desktop\贝强\02_Alibaba运营\01_店铺与全店诊断\全量商品审查_2026-09-04\全六图视觉二次审计_2026-09-04\cache\270c8b24ead5872e485d37ddd4b488120257fce8.jpg
100,1601939735063,AAHYjmk4AOWGex-cDVm7ioX0,BQ006-O1 / M8811,Custom Logo Breathable Knit Lace-Up Walking Shoes Lightweight Chunky EVA Sole Casual Sneakers OEM ODM Private Label Model M8811,approved,Y,1,https://sc04.alicdn.com/kf/Sa59bdad18b75431f8b14fc31c4544466m.jpg,320,320,0.8225,0.405,0.3331,0.2162,P0_LOW_HERO_OCCUPANCY,,HEURISTIC_PASS,C:\Users\spq\Desktop\贝强\02_Alibaba运营\01_店铺与全店诊断\全量商品审查_2026-09-04\全六图视觉二次审计_2026-09-04\cache\634e39f65f5e999603a34a075b2eac0026da6588.jpg
100,1601939735063,AAHYjmk4AOWGex-cDVm7ioX0,BQ006-O1 / M8811,Custom Logo Breathable Knit Lace-Up Walking Shoes Lightweight Chunky EVA Sole Casual Sneakers OEM ODM Private Label Model M8811,approved,Y,2,https://sc04.alicdn.com/kf/S8a199fbe9e8049d08b82835dd48d7ce71.jpg,320,320,0.7525,0.3625,0.2728,0.153,,,HEURISTIC_PASS,C:\Users\spq\Desktop\贝强\02_Alibaba运营\01_店铺与全店诊断\全量商品审查_2026-09-04\全六图视觉二次审计_2026-09-04\cache\bd10b83070ca90fd6f62f86fa7290ebc0e1a6714.jpg
100,1601939735063,AAHYjmk4AOWGex-cDVm7ioX0,BQ006-O1 / M8811,Custom Logo Breathable Knit Lace-Up Walking Shoes Lightweight Chunky EVA Sole Casual Sneakers OEM ODM Private Label Model M8811,approved,Y,3,https://sc04.alicdn.com/kf/Sc19851c0e1c74f4c990c8a1307dce79dx.jpg,320,320,0.7825,0.405,0.3169,0.1325,,,HEURISTIC_PASS,C:\Users\spq\Desktop\贝强\02_Alibaba运营\01_店铺与全店诊断\全量商品审查_2026-09-04\全六图视觉二次审计_2026-09-04\cache\0968d0d6424f56ed264b82705405c1fd0ef0653d.jpg
100,1601939735063,AAHYjmk4AOWGex-cDVm7ioX0,BQ006-O1 / M8811,Custom Logo Breathable Knit Lace-Up Walking Shoes Lightweight Chunky EVA Sole Casual Sneakers OEM ODM Private Label Model M8811,approved,Y,4,https://sc04.alicdn.com/kf/Sb9f30657301940fc98e01d057354d805X.jpg,320,320,0.73,0.385,0.2811,0.138,,,HEURISTIC_PASS,C:\Users\spq\Desktop\贝强\02_Alibaba运营\01_店铺与全店诊断\全量商品审查_2026-09-04\全六图视觉二次审计_2026-09-04\cache\dd10069f5a5726ee309e675ec60307f4f0ce5712.jpg
100,1601939735063,AAHYjmk4AOWGex-cDVm7ioX0,BQ006-O1 / M8811,Custom Logo Breathable Knit Lace-Up Walking Shoes Lightweight Chunky EVA Sole Casual Sneakers OEM ODM Private Label Model M8811,approved,Y,5,https://sc04.alicdn.com/kf/Sf75a3eec4dfa4f73a63ca4fdcb2d9402e.jpg,320,320,0.7925,0.4225,0.3348,0.1369,,,HEURISTIC_PASS,C:\Users\spq\Desktop\贝强\02_Alibaba运营\01_店铺与全店诊断\全量商品审查_2026-09-04\全六图视觉二次审计_2026-09-04\cache\2385a339a44810e74ef15c6b3034fffb258bcc38.jpg
100,1601939735063,AAHYjmk4AOWGex-cDVm7ioX0,BQ006-O1 / M8811,Custom Logo Breathable Knit Lace-Up Walking Shoes Lightweight Chunky EVA Sole Casual Sneakers OEM ODM Private Label Model M8811,approved,Y,6,https://sc04.alicdn.com/kf/Se84bb846edd242ecb0d8e7c7e42e9276e.jpg,320,320,0.7375,0.3775,0.2784,0.1102,,,HEURISTIC_PASS,C:\Users\spq\Desktop\贝强\02_Alibaba运营\01_店铺与全店诊断\全量商品审查_2026-09-04\全六图视觉二次审计_2026-09-04\cache\123eaaee580ee0c46afbb8628e580f1de5740e6b.jpg
101,1601939712176,AAFhjmk4AOWGex-cDVm7ii9T,BQ005-R1 / A503,Summer Hollow Knit Lace-Up Walking Shoes Breathable Lightweight Casual Sneakers EVA Sole for Daily Walking Model A503,approved,Y,1,https://sc04.alicdn.com/kf/S872a2b969b664ae3b8ae28a932f422fbx.jpg,320,320,0.82,0.4575,0.3751,0.252,P0_LOW_HERO_OCCUPANCY,,HEURISTIC_PASS,C:\Users\spq\Desktop\贝强\02_Alibaba运营\01_店铺与全店诊断\全量商品审查_2026-09-04\全六图视觉二次审计_2026-09-04\cache\ed1c8c44a3896a870619d29fa85b4f644fe90a8d.jpg
101,1601939712176,AAFhjmk4AOWGex-cDVm7ii9T,BQ005-R1 / A503,Summer Hollow Knit Lace-Up Walking Shoes Breathable Lightweight Casual Sneakers EVA Sole for Daily Walking Model A503,approved,Y,2,https://sc04.alicdn.com/kf/Se4514efab7654b229af6c1af01099b2eU.jpg,320,320,0.7625,0.3925,0.2993,0.1771,,,HEURISTIC_PASS,C:\Users\spq\Desktop\贝强\02_Alibaba运营\01_店铺与全店诊断\全量商品审查_2026-09-04\全六图视觉二次审计_2026-09-04\cache\8b3b47963fefb6eb864b7a86a29c1542503d8720.jpg
101,1601939712176,AAFhjmk4AOWGex-cDVm7ii9T,BQ005-R1 / A503,Summer Hollow Knit Lace-Up Walking Shoes Breathable Lightweight Casual Sneakers EVA Sole for Daily Walking Model A503,approved,Y,3,https://sc04.alicdn.com/kf/S7edffff125a54a208651daa22de2457f7.jpg,320,320,0.785,0.4625,0.3631,0.2098,,,HEURISTIC_PASS,C:\Users\spq\Desktop\贝强\02_Alibaba运营\01_店铺与全店诊断\全量商品审查_2026-09-04\全六图视觉二次审计_2026-09-04\cache\5384cbb76d210160aaa67061cf65a7b765a3405b.jpg
101,1601939712176,AAFhjmk4AOWGex-cDVm7ii9T,BQ005-R1 / A503,Summer Hollow Knit Lace-Up Walking Shoes Breathable Lightweight Casual Sneakers EVA Sole for Daily Walking Model A503,approved,Y,4,https://sc04.alicdn.com/kf/S001f2c983a714f55ac59bea908b294d9B.jpg,320,320,0.5475,0.74,0.4052,0.1981,,,HEURISTIC_PASS,C:\Users\spq\Desktop\贝强\02_Alibaba运营\01_店铺与全店诊断\全量商品审查_2026-09-04\全六图视觉二次审计_2026-09-04\cache\9ed1b06c9b36b66761167bd7f3fa18639d2732d3.jpg
101,1601939712176,AAFhjmk4AOWGex-cDVm7ii9T,BQ005-R1 / A503,Summer Hollow Knit Lace-Up Walking Shoes Breathable Lightweight Casual Sneakers EVA Sole for Daily Walking Model A503,approved,Y,5,https://sc04.alicdn.com/kf/S806657ef06a7412b8fa3dfd252828734h.jpg,320,320,0.8025,0.4725,0.3792,0.2458,,,HEURISTIC_PASS,C:\Users\spq\Desktop\贝强\02_Alibaba运营\01_店铺与全店诊断\全量商品审查_2026-09-04\全六图视觉二次审计_2026-09-04\cache\200b7c48592ab50da6656ad2d938301e4bfe8c1a.jpg
101,1601939712176,AAFhjmk4AOWGex-cDVm7ii9T,BQ005-R1 / A503,Summer Hollow Knit Lace-Up Walking Shoes Breathable Lightweight Casual Sneakers EVA Sole for Daily Walking Model A503,approved,Y,6,https://sc04.alicdn.com/kf/Sf95f52c7d23b4bca869b1cbc2dc053d9B.jpg,320,320,0.75,0.435,0.3262,0.2121,,,HEURISTIC_PASS,C:\Users\spq\Desktop\贝强\02_Alibaba运营\01_店铺与全店诊断\全量商品审查_2026-09-04\全六图视觉二次审计_2026-09-04\cache\3b0ab97aa0ffee9825472cd5e19d33f41e0dc37f.jpg
102,1601939631570,AAH8jmk4AOWGex-cDVm7jOox,BQ005-O1 / A503,Custom Logo Summer Hollow Knit Lace-Up Walking Shoes Breathable Casual Sneakers EVA Sole OEM ODM Private Label Model A503,approved,Y,1,https://sc04.alicdn.com/kf/S4be83b9fa2784915bdd406a820ac56c69.jpg,320,320,0.8175,0.48,0.3924,0.2236,,,HEURISTIC_PASS,C:\Users\spq\Desktop\贝强\02_Alibaba运营\01_店铺与全店诊断\全量商品审查_2026-09-04\全六图视觉二次审计_2026-09-04\cache\79d641408db711539a7f04680efc4316a2a5e14a.jpg
102,1601939631570,AAH8jmk4AOWGex-cDVm7jOox,BQ005-O1 / A503,Custom Logo Summer Hollow Knit Lace-Up Walking Shoes Breathable Casual Sneakers EVA Sole OEM ODM Private Label Model A503,approved,Y,2,https://sc04.alicdn.com/kf/Sc67724d8187141b5b9ae1ae212c40ff7A.jpg,320,320,0.5325,0.7225,0.3847,0.1895,,,HEURISTIC_PASS,C:\Users\spq\Desktop\贝强\02_Alibaba运营\01_店铺与全店诊断\全量商品审查_2026-09-04\全六图视觉二次审计_2026-09-04\cache\69a1e95f51c10fffcc82b01011e5807933dea0e2.jpg
102,1601939631570,AAH8jmk4AOWGex-cDVm7jOox,BQ005-O1 / A503,Custom Logo Summer Hollow Knit Lace-Up Walking Shoes Breathable Casual Sneakers EVA Sole OEM ODM Private Label Model A503,approved,Y,3,https://sc04.alicdn.com/kf/S654a800057d24a4b8ec9955eb98ff9c0Y.jpg,320,320,0.7925,0.465,0.3685,0.2406,,,HEURISTIC_PASS,C:\Users\spq\Desktop\贝强\02_Alibaba运营\01_店铺与全店诊断\全量商品审查_2026-09-04\全六图视觉二次审计_2026-09-04\cache\8399d1011baf9de961f5f7c2280d5e9cdab02000.jpg
102,1601939631570,AAH8jmk4AOWGex-cDVm7jOox,BQ005-O1 / A503,Custom Logo Summer Hollow Knit Lace-Up Walking Shoes Breathable Casual Sneakers EVA Sole OEM ODM Private Label Model A503,approved,Y,4,https://sc04.alicdn.com/kf/S4ab9c998c402433f8bfb625ab9419eff8.jpg,320,320,0.735,0.425,0.3124,0.2047,,,HEURISTIC_PASS,C:\Users\spq\Desktop\贝强\02_Alibaba运营\01_店铺与全店诊断\全量商品审查_2026-09-04\全六图视觉二次审计_2026-09-04\cache\24abac1adb0657662c861bcfbd35dd502d29a683.jpg
102,1601939631570,AAH8jmk4AOWGex-cDVm7jOox,BQ005-O1 / A503,Custom Logo Summer Hollow Knit Lace-Up Walking Shoes Breathable Casual Sneakers EVA Sole OEM ODM Private Label Model A503,approved,Y,5,https://sc04.alicdn.com/kf/S2891bb290700436faf29dfece52147bbJ.jpg,320,320,0.8025,0.45,0.3611,0.2414,,,HEURISTIC_PASS,C:\Users\spq\Desktop\贝强\02_Alibaba运营\01_店铺与全店诊断\全量商品审查_2026-09-04\全六图视觉二次审计_2026-09-04\cache\3bb6db75fd44b610c2ace159f17c615b2c7c5efc.jpg
102,1601939631570,AAH8jmk4AOWGex-cDVm7jOox,BQ005-O1 / A503,Custom Logo Summer Hollow Knit Lace-Up Walking Shoes Breathable Casual Sneakers EVA Sole OEM ODM Private Label Model A503,approved,Y,6,https://sc04.alicdn.com/kf/S4c29418ce2bc4977b3e3215581b97239v.jpg,320,320,0.7525,0.39,0.2935,0.1739,,,HEURISTIC_PASS,C:\Users\spq\Desktop\贝强\02_Alibaba运营\01_店铺与全店诊断\全量商品审查_2026-09-04\全六图视觉二次审计_2026-09-04\cache\4c0656cf659504c172a9a4e8a5c2e1271fa3ddf2.jpg
103,1601939626612,AAHVjmk4AOWGex-cDVm7jN2X,BQ004-W1 / A502,Wholesale Lightweight Knit Lace-Up Walking Shoes Breathable Casual Sneakers EVA Sole Factory Supply Model A502,approved,Y,1,https://sc04.alicdn.com/kf/Sa96b25bc672943f1889c8185237db57eu.jpg,320,320,0.82,0.4425,0.3629,0.1852,P0_LOW_HERO_OCCUPANCY,,HEURISTIC_PASS,C:\Users\spq\Desktop\贝强\02_Alibaba运营\01_店铺与全店诊断\全量商品审查_2026-09-04\全六图视觉二次审计_2026-09-04\cache\735db6cc71fd835061bb83ca01651ad31ac468d3.jpg
103,1601939626612,AAHVjmk4AOWGex-cDVm7jN2X,BQ004-W1 / A502,Wholesale Lightweight Knit Lace-Up Walking Shoes Breathable Casual Sneakers EVA Sole Factory Supply Model A502,approved,Y,2,https://sc04.alicdn.com/kf/S7f5e18a9425b4068b67c4be1ebe3d549X.jpg,320,320,0.76,0.445,0.3382,0.2117,,,HEURISTIC_PASS,C:\Users\spq\Desktop\贝强\02_Alibaba运营\01_店铺与全店诊断\全量商品审查_2026-09-04\全六图视觉二次审计_2026-09-04\cache\1f8281180d7df2036a05569961824ea2e5064b8f.jpg
103,1601939626612,AAHVjmk4AOWGex-cDVm7jN2X,BQ004-W1 / A502,Wholesale Lightweight Knit Lace-Up Walking Shoes Breathable Casual Sneakers EVA Sole Factory Supply Model A502,approved,Y,3,https://sc04.alicdn.com/kf/S0ce0dd9ff62142ddbb9b77dad7f5c677q.jpg,320,320,0.79,0.4375,0.3456,0.2286,,,HEURISTIC_PASS,C:\Users\spq\Desktop\贝强\02_Alibaba运营\01_店铺与全店诊断\全量商品审查_2026-09-04\全六图视觉二次审计_2026-09-04\cache\18eae423519f3c5d7055646ee7f567cf8693d89f.jpg
103,1601939626612,AAHVjmk4AOWGex-cDVm7jN2X,BQ004-W1 / A502,Wholesale Lightweight Knit Lace-Up Walking Shoes Breathable Casual Sneakers EVA Sole Factory Supply Model A502,approved,Y,4,https://sc04.alicdn.com/kf/S7b683a2ad0174386932342426bc05909B.jpg,320,320,0.735,0.4525,0.3326,0.1904,,,HEURISTIC_PASS,C:\Users\spq\Desktop\贝强\02_Alibaba运营\01_店铺与全店诊断\全量商品审查_2026-09-04\全六图视觉二次审计_2026-09-04\cache\b47f5e0906708a3a8b7490491a1c9f2d87164bbe.jpg
103,1601939626612,AAHVjmk4AOWGex-cDVm7jN2X,BQ004-W1 / A502,Wholesale Lightweight Knit Lace-Up Walking Shoes Breathable Casual Sneakers EVA Sole Factory Supply Model A502,approved,Y,5,https://sc04.alicdn.com/kf/S3854767e446e4b9cb410efe96cf3285dP.jpg,320,320,0.8,0.6175,0.494,0.2401,,,HEURISTIC_PASS,C:\Users\spq\Desktop\贝强\02_Alibaba运营\01_店铺与全店诊断\全量商品审查_2026-09-04\全六图视觉二次审计_2026-09-04\cache\3d3f1946bf107679b4a72c823a927bb501d8394d.jpg
103,1601939626612,AAHVjmk4AOWGex-cDVm7jN2X,BQ004-W1 / A502,Wholesale Lightweight Knit Lace-Up Walking Shoes Breathable Casual Sneakers EVA Sole Factory Supply Model A502,approved,Y,6,https://sc04.alicdn.com/kf/Sb8cb78bb8fed49de815a392a01eb3f9bo.jpg,320,320,0.655,0.72,0.4716,0.2213,,,HEURISTIC_PASS,C:\Users\spq\Desktop\贝强\02_Alibaba运营\01_店铺与全店诊断\全量商品审查_2026-09-04\全六图视觉二次审计_2026-09-04\cache\a8a2927b61bb0b3972eaefa27dc2f3d05ff4212f.jpg
104,1601939738037,AAE_jmk4AOWGex-cDVm7iopW,BQ004-R1 / A502,Lightweight Knit Lace-Up Walking Shoes Breathable Casual Sneakers EVA Sole for Travel Commuting and Daily Wear Model A502,approved,Y,1,https://sc04.alicdn.com/kf/S6320cbc4c82c4db48e7e6024e94fe150J.jpg,320,320,0.8175,0.455,0.372,0.2227,P0_LOW_HERO_OCCUPANCY,,HEURISTIC_PASS,C:\Users\spq\Desktop\贝强\02_Alibaba运营\01_店铺与全店诊断\全量商品审查_2026-09-04\全六图视觉二次审计_2026-09-04\cache\fff0c7d44bdfb6b88e15a2ea5b24906ff58279c1.jpg
104,1601939738037,AAE_jmk4AOWGex-cDVm7iopW,BQ004-R1 / A502,Lightweight Knit Lace-Up Walking Shoes Breathable Casual Sneakers EVA Sole for Travel Commuting and Daily Wear Model A502,approved,Y,2,https://sc04.alicdn.com/kf/S185b0d20c6404b45a6699a1c2149e9b9T.jpg,320,320,0.7575,0.465,0.3522,0.195,,,HEURISTIC_PASS,C:\Users\spq\Desktop\贝强\02_Alibaba运营\01_店铺与全店诊断\全量商品审查_2026-09-04\全六图视觉二次审计_2026-09-04\cache\44c7181611cd06ee959af757ff868a6e83684ac8.jpg
104,1601939738037,AAE_jmk4AOWGex-cDVm7iopW,BQ004-R1 / A502,Lightweight Knit Lace-Up Walking Shoes Breathable Casual Sneakers EVA Sole for Travel Commuting and Daily Wear Model A502,approved,Y,3,https://sc04.alicdn.com/kf/S20db7c5b8eab42d88077f04505fe19a0H.jpg,320,320,0.7875,0.61,0.4804,0.2325,,,HEURISTIC_PASS,C:\Users\spq\Desktop\贝强\02_Alibaba运营\01_店铺与全店诊断\全量商品审查_2026-09-04\全六图视觉二次审计_2026-09-04\cache\9d0dd96dd9fbca699bf1dd28263c8d349b5841c2.jpg
104,1601939738037,AAE_jmk4AOWGex-cDVm7iopW,BQ004-R1 / A502,Lightweight Knit Lace-Up Walking Shoes Breathable Casual Sneakers EVA Sole for Travel Commuting and Daily Wear Model A502,approved,Y,4,https://sc04.alicdn.com/kf/S7e8036e499a5403c98221ed7fef4069fg.jpg,320,320,0.675,0.74,0.4995,0.2335,,,HEURISTIC_PASS,C:\Users\spq\Desktop\贝强\02_Alibaba运营\01_店铺与全店诊断\全量商品审查_2026-09-04\全六图视觉二次审计_2026-09-04\cache\2c6771ecae3999553c8a47fa930da8fc90d28290.jpg
104,1601939738037,AAE_jmk4AOWGex-cDVm7iopW,BQ004-R1 / A502,Lightweight Knit Lace-Up Walking Shoes Breathable Casual Sneakers EVA Sole for Travel Commuting and Daily Wear Model A502,approved,Y,5,https://sc04.alicdn.com/kf/S2fcac6176cd54b0781e22ed57318d1fa3.jpg,320,320,0.8025,0.4325,0.3471,0.1767,,,HEURISTIC_PASS,C:\Users\spq\Desktop\贝强\02_Alibaba运营\01_店铺与全店诊断\全量商品审查_2026-09-04\全六图视觉二次审计_2026-09-04\cache\60544000b2ab882f09b2861558aac00fc0993094.jpg
104,1601939738037,AAE_jmk4AOWGex-cDVm7iopW,BQ004-R1 / A502,Lightweight Knit Lace-Up Walking Shoes Breathable Casual Sneakers EVA Sole for Travel Commuting and Daily Wear Model A502,approved,Y,6,https://sc04.alicdn.com/kf/S27b00d71cece446aabb8732976385b13y.jpg,320,320,0.7525,0.4375,0.3292,0.206,,,HEURISTIC_PASS,C:\Users\spq\Desktop\贝强\02_Alibaba运营\01_店铺与全店诊断\全量商品审查_2026-09-04\全六图视觉二次审计_2026-09-04\cache\7845142c783d8ff9623da96d8286fdedc273b44d.jpg
105,1601939700200,AAHrjmk4AOWGex-cDVm7jf4L,BQ004-O1 / A502,Custom Logo Lightweight Knit Lace-Up Walking Shoes Breathable Casual Sneakers EVA Sole OEM ODM Private Label Model A502,approved,Y,1,https://sc04.alicdn.com/kf/S04320ccc849740508b7555defa7d0243P.jpg,320,320,0.82,0.6325,0.5187,0.2515,,,HEURISTIC_PASS,C:\Users\spq\Desktop\贝强\02_Alibaba运营\01_店铺与全店诊断\全量商品审查_2026-09-04\全六图视觉二次审计_2026-09-04\cache\14553c0f170d6d029e4eba142c2c8d4d177c7017.jpg
105,1601939700200,AAHrjmk4AOWGex-cDVm7jf4L,BQ004-O1 / A502,Custom Logo Lightweight Knit Lace-Up Walking Shoes Breathable Casual Sneakers EVA Sole OEM ODM Private Label Model A502,approved,Y,2,https://sc04.alicdn.com/kf/S44262a3ab3e645f6aadf7e7ee68c8796v.jpg,320,320,0.655,0.7225,0.4732,0.2231,,,HEURISTIC_PASS,C:\Users\spq\Desktop\贝强\02_Alibaba运营\01_店铺与全店诊断\全量商品审查_2026-09-04\全六图视觉二次审计_2026-09-04\cache\21e4c63f11a05d3b7f0e8814f6623031e9d3bdb4.jpg
105,1601939700200,AAHrjmk4AOWGex-cDVm7jf4L,BQ004-O1 / A502,Custom Logo Lightweight Knit Lace-Up Walking Shoes Breathable Casual Sneakers EVA Sole OEM ODM Private Label Model A502,approved,Y,3,https://sc04.alicdn.com/kf/Sa9a6451c68ad479dad8a2fc357ba62ccV.jpg,320,320,0.7925,0.43,0.3408,0.1737,,,HEURISTIC_PASS,C:\Users\spq\Desktop\贝强\02_Alibaba运营\01_店铺与全店诊断\全量商品审查_2026-09-04\全六图视觉二次审计_2026-09-04\cache\005a28526d2ce50b2f8cc3fd8630d13a272109dd.jpg
105,1601939700200,AAHrjmk4AOWGex-cDVm7jf4L,BQ004-O1 / A502,Custom Logo Lightweight Knit Lace-Up Walking Shoes Breathable Casual Sneakers EVA Sole OEM ODM Private Label Model A502,approved,Y,4,https://sc04.alicdn.com/kf/Sc997c63fddd64bd2b447c43c0d7152ff3.jpg,320,320,0.7375,0.43,0.3171,0.1992,,,HEURISTIC_PASS,C:\Users\spq\Desktop\贝强\02_Alibaba运营\01_店铺与全店诊断\全量商品审查_2026-09-04\全六图视觉二次审计_2026-09-04\cache\86694b55ade7a9053e537e43ed494ab2776df635.jpg
105,1601939700200,AAHrjmk4AOWGex-cDVm7jf4L,BQ004-O1 / A502,Custom Logo Lightweight Knit Lace-Up Walking Shoes Breathable Casual Sneakers EVA Sole OEM ODM Private Label Model A502,approved,Y,5,https://sc04.alicdn.com/kf/S5202e77e84ab4e67a64b5e50fcdeb374g.jpg,320,320,0.7975,0.445,0.3549,0.2144,,,HEURISTIC_PASS,C:\Users\spq\Desktop\贝强\02_Alibaba运营\01_店铺与全店诊断\全量商品审查_2026-09-04\全六图视觉二次审计_2026-09-04\cache\5168e000870c16cd88c0a1969350dfc95954597b.jpg
105,1601939700200,AAHrjmk4AOWGex-cDVm7jf4L,BQ004-O1 / A502,Custom Logo Lightweight Knit Lace-Up Walking Shoes Breathable Casual Sneakers EVA Sole OEM ODM Private Label Model A502,approved,Y,6,https://sc04.alicdn.com/kf/Sc04556dcfd1749339980a8ee9f3b52cdr.jpg,320,320,0.75,0.4625,0.3469,0.1915,,,HEURISTIC_PASS,C:\Users\spq\Desktop\贝强\02_Alibaba运营\01_店铺与全店诊断\全量商品审查_2026-09-04\全六图视觉二次审计_2026-09-04\cache\4bfec999ebbe0d0bf26195d0e45560a83ef81638.jpg
106,1601939585904,AAGwjmk4AOWGex-cDVm7jDyT,BQ003-W1 / R1218,Wholesale Breathable Knit Lace-Up Walking Shoes Lightweight EVA Sole Casual Sneakers Factory Supply Model R1218,approved,Y,1,https://sc04.alicdn.com/kf/S065fbe5f36664b41a40a6ed7ce5badbaI.jpg,320,320,0.82,0.405,0.3321,0.2126,P0_LOW_HERO_OCCUPANCY,,HEURISTIC_PASS,C:\Users\spq\Desktop\贝强\02_Alibaba运营\01_店铺与全店诊断\全量商品审查_2026-09-04\全六图视觉二次审计_2026-09-04\cache\f3dee233285303770f4a7f278e85acb7c9f86ef7.jpg
106,1601939585904,AAGwjmk4AOWGex-cDVm7jDyT,BQ003-W1 / R1218,Wholesale Breathable Knit Lace-Up Walking Shoes Lightweight EVA Sole Casual Sneakers Factory Supply Model R1218,approved,Y,2,https://sc04.alicdn.com/kf/Sdbc2505590ed4e6abe31da21bec13f11j.jpg,320,320,0.76,0.3,0.228,0.1758,,,HEURISTIC_PASS,C:\Users\spq\Desktop\贝强\02_Alibaba运营\01_店铺与全店诊断\全量商品审查_2026-09-04\全六图视觉二次审计_2026-09-04\cache\e34dfddd51c19649f8194da918b99eddc4cbfe17.jpg
106,1601939585904,AAGwjmk4AOWGex-cDVm7jDyT,BQ003-W1 / R1218,Wholesale Breathable Knit Lace-Up Walking Shoes Lightweight EVA Sole Casual Sneakers Factory Supply Model R1218,approved,Y,3,https://sc04.alicdn.com/kf/S7544cfe9f03b49bda2c68105d7f7f6e48.jpg,320,320,0.79,0.2825,0.2232,0.1734,,,HEURISTIC_PASS,C:\Users\spq\Desktop\贝强\02_Alibaba运营\01_店铺与全店诊断\全量商品审查_2026-09-04\全六图视觉二次审计_2026-09-04\cache\89f4d0b2bca19b9e89211a060a1ee0a1a46bb63b.jpg
106,1601939585904,AAGwjmk4AOWGex-cDVm7jDyT,BQ003-W1 / R1218,Wholesale Breathable Knit Lace-Up Walking Shoes Lightweight EVA Sole Casual Sneakers Factory Supply Model R1218,approved,Y,4,https://sc04.alicdn.com/kf/S229a5f4173bf40a7af218a4988272de27.jpg,320,320,0.735,0.3875,0.2848,0.1852,,,HEURISTIC_PASS,C:\Users\spq\Desktop\贝强\02_Alibaba运营\01_店铺与全店诊断\全量商品审查_2026-09-04\全六图视觉二次审计_2026-09-04\cache\ee783d4e8bf915f8062bb118657e42aa1b418514.jpg
106,1601939585904,AAGwjmk4AOWGex-cDVm7jDyT,BQ003-W1 / R1218,Wholesale Breathable Knit Lace-Up Walking Shoes Lightweight EVA Sole Casual Sneakers Factory Supply Model R1218,approved,Y,5,https://sc04.alicdn.com/kf/Sdc6df5d7f66d42c795f3aa717a28b4e05.jpg,320,320,0.8,0.66,0.528,0.2655,,,HEURISTIC_PASS,C:\Users\spq\Desktop\贝强\02_Alibaba运营\01_店铺与全店诊断\全量商品审查_2026-09-04\全六图视觉二次审计_2026-09-04\cache\1a11f513f89613f63cfe4ac3b709627056b2e561.jpg
106,1601939585904,AAGwjmk4AOWGex-cDVm7jDyT,BQ003-W1 / R1218,Wholesale Breathable Knit Lace-Up Walking Shoes Lightweight EVA Sole Casual Sneakers Factory Supply Model R1218,approved,Y,6,https://sc04.alicdn.com/kf/S1535f2d1192a49d8b4946eafb0eb480aI.jpg,320,320,0.75,0.45,0.3375,0.2049,,,HEURISTIC_PASS,C:\Users\spq\Desktop\贝强\02_Alibaba运营\01_店铺与全店诊断\全量商品审查_2026-09-04\全六图视觉二次审计_2026-09-04\cache\dd90ced17841ca099645f4ecc0fa2bac2e092d13.jpg
107,1601939654418,AAETjmk4AOWGex-cDVm7jUDx,BQ002-W1 / BQ002,Wholesale Lightweight Knit Slip-On Wide Toe Box Walking Shoes EVA Sole Factory Supply Model BQ002,approved,Y,1,https://sc04.alicdn.com/kf/S946b13a88ec64d499ad7471fca196998d.jpg,320,320,0.82,0.435,0.3567,0.1958,P0_LOW_HERO_OCCUPANCY,,HEURISTIC_PASS,C:\Users\spq\Desktop\贝强\02_Alibaba运营\01_店铺与全店诊断\全量商品审查_2026-09-04\全六图视觉二次审计_2026-09-04\cache\e5a9d0038ed77bbad75cbb9ffdc2010b626e686c.jpg
107,1601939654418,AAETjmk4AOWGex-cDVm7jUDx,BQ002-W1 / BQ002,Wholesale Lightweight Knit Slip-On Wide Toe Box Walking Shoes EVA Sole Factory Supply Model BQ002,approved,Y,2,https://sc04.alicdn.com/kf/S7108e40530e14f74bfc3d0330da6f60fc.jpg,320,320,0.76,0.5025,0.3819,0.2216,,,HEURISTIC_PASS,C:\Users\spq\Desktop\贝强\02_Alibaba运营\01_店铺与全店诊断\全量商品审查_2026-09-04\全六图视觉二次审计_2026-09-04\cache\49941baae8cf77d586a9720218893c77411cbdab.jpg
107,1601939654418,AAETjmk4AOWGex-cDVm7jUDx,BQ002-W1 / BQ002,Wholesale Lightweight Knit Slip-On Wide Toe Box Walking Shoes EVA Sole Factory Supply Model BQ002,approved,Y,3,https://sc04.alicdn.com/kf/Scc23be8ac4cb4d96854bd4e2a45c1651N.jpg,,,,,,,DOWNLOAD_ERROR:URLError,,LOW_OCCUPANCY,C:\Users\spq\Desktop\贝强\02_Alibaba运营\01_店铺与全店诊断\全量商品审查_2026-09-04\全六图视觉二次审计_2026-09-04\cache\38bfe33d1f79be9d9d830e391a7879dba317ccb5.jpg
107,1601939654418,AAETjmk4AOWGex-cDVm7jUDx,BQ002-W1 / BQ002,Wholesale Lightweight Knit Slip-On Wide Toe Box Walking Shoes EVA Sole Factory Supply Model BQ002,approved,Y,4,https://sc04.alicdn.com/kf/Sfc413bee3e13441fb50ad1472a1a7086S.jpg,320,320,0.735,0.335,0.2462,0.1964,,,HEURISTIC_PASS,C:\Users\spq\Desktop\贝强\02_Alibaba运营\01_店铺与全店诊断\全量商品审查_2026-09-04\全六图视觉二次审计_2026-09-04\cache\8c76d0f85b87d4ddfec91541121aa05e5a37fcd7.jpg
107,1601939654418,AAETjmk4AOWGex-cDVm7jUDx,BQ002-W1 / BQ002,Wholesale Lightweight Knit Slip-On Wide Toe Box Walking Shoes EVA Sole Factory Supply Model BQ002,approved,Y,5,https://sc04.alicdn.com/kf/S251a10ab98224b3a9456e31e59c9cb9em.jpg,320,320,0.8,0.6325,0.506,0.2931,,,HEURISTIC_PASS,C:\Users\spq\Desktop\贝强\02_Alibaba运营\01_店铺与全店诊断\全量商品审查_2026-09-04\全六图视觉二次审计_2026-09-04\cache\eb8e1c7c9fcd602dbb793505ed244512037ce184.jpg
107,1601939654418,AAETjmk4AOWGex-cDVm7jUDx,BQ002-W1 / BQ002,Wholesale Lightweight Knit Slip-On Wide Toe Box Walking Shoes EVA Sole Factory Supply Model BQ002,approved,Y,6,https://sc04.alicdn.com/kf/S435d3171c47847ebb3afca2104ba8d3d0.jpg,320,320,0.7475,0.72,0.5382,0.3458,,,HEURISTIC_PASS,C:\Users\spq\Desktop\贝强\02_Alibaba运营\01_店铺与全店诊断\全量商品审查_2026-09-04\全六图视觉二次审计_2026-09-04\cache\870318aeefc2b1410b37dcec39830f711161f058.jpg
108,1601939614689,AAGPjmk4AOWGex-cDVm7jKwC,BQ002-R1 / BQ002,Lightweight Knit Slip-On Wide Toe Box Walking Shoes EVA Sole for Travel Commuting and Daily Walking Model BQ002,approved,Y,1,https://sc04.alicdn.com/kf/Sd6a1a4a8d946438883e234df5c752570j.jpg,320,320,0.82,0.54,0.4428,0.2785,,,HEURISTIC_PASS,C:\Users\spq\Desktop\贝强\02_Alibaba运营\01_店铺与全店诊断\全量商品审查_2026-09-04\全六图视觉二次审计_2026-09-04\cache\2baa29b06ea5ecb8b31f7aa175ada86f16252c12.jpg
108,1601939614689,AAGPjmk4AOWGex-cDVm7jKwC,BQ002-R1 / BQ002,Lightweight Knit Slip-On Wide Toe Box Walking Shoes EVA Sole for Travel Commuting and Daily Walking Model BQ002,approved,Y,2,https://sc04.alicdn.com/kf/S4a6d6e2a588f4d20a0722c83e86c0c43z.jpg,320,320,0.7625,0.3475,0.265,0.2096,,,HEURISTIC_PASS,C:\Users\spq\Desktop\贝强\02_Alibaba运营\01_店铺与全店诊断\全量商品审查_2026-09-04\全六图视觉二次审计_2026-09-04\cache\ac8a351766cd77b1364b4211c5f629f97aef4470.jpg
108,1601939614689,AAGPjmk4AOWGex-cDVm7jKwC,BQ002-R1 / BQ002,Lightweight Knit Slip-On Wide Toe Box Walking Shoes EVA Sole for Travel Commuting and Daily Walking Model BQ002,approved,Y,3,https://sc04.alicdn.com/kf/S6e6e3ac451f14191b54f9ae253256bd9q.jpg,320,320,0.7925,0.6225,0.4933,0.2862,,,HEURISTIC_PASS,C:\Users\spq\Desktop\贝强\02_Alibaba运营\01_店铺与全店诊断\全量商品审查_2026-09-04\全六图视觉二次审计_2026-09-04\cache\03de95d6ac00928234d6dda97413051b8ed0f430.jpg
108,1601939614689,AAGPjmk4AOWGex-cDVm7jKwC,BQ002-R1 / BQ002,Lightweight Knit Slip-On Wide Toe Box Walking Shoes EVA Sole for Travel Commuting and Daily Walking Model BQ002,approved,Y,4,https://sc04.alicdn.com/kf/S65502993c9c544ad96aae5f9955c7398o.jpg,320,320,0.7375,0.71,0.5236,0.3372,,,HEURISTIC_PASS,C:\Users\spq\Desktop\贝强\02_Alibaba运营\01_店铺与全店诊断\全量商品审查_2026-09-04\全六图视觉二次审计_2026-09-04\cache\66397b308026e71e8cb250ef45a1f4a3f641b90f.jpg
108,1601939614689,AAGPjmk4AOWGex-cDVm7jKwC,BQ002-R1 / BQ002,Lightweight Knit Slip-On Wide Toe Box Walking Shoes EVA Sole for Travel Commuting and Daily Walking Model BQ002,approved,Y,5,https://sc04.alicdn.com/kf/S15a2bc30dc6b49869d65eaec9508cb91i.jpg,320,320,0.8,0.425,0.34,0.1385,,,HEURISTIC_PASS,C:\Users\spq\Desktop\贝强\02_Alibaba运营\01_店铺与全店诊断\全量商品审查_2026-09-04\全六图视觉二次审计_2026-09-04\cache\0be6da26d497b9ce1d7a5ce4ba22402d3a08500a.jpg
108,1601939614689,AAGPjmk4AOWGex-cDVm7jKwC,BQ002-R1 / BQ002,Lightweight Knit Slip-On Wide Toe Box Walking Shoes EVA Sole for Travel Commuting and Daily Walking Model BQ002,approved,Y,6,https://sc04.alicdn.com/kf/Sbd47a611a8774adcb681c34e1580fd31j.jpg,320,320,0.7475,0.495,0.37,0.1763,,,HEURISTIC_PASS,C:\Users\spq\Desktop\贝强\02_Alibaba运营\01_店铺与全店诊断\全量商品审查_2026-09-04\全六图视觉二次审计_2026-09-04\cache\4d130762b325f2f37c8fab2f52d43f1672cd9b96.jpg
109,1601939707196,AAHQjmk4AOWGex-cDVm7ihLf,BQ001-W1 / BQ001,Wholesale Breathable Knit Slip-On Wide Toe Box Walking Shoes Lightweight EVA Sole Factory Supply Model BQ001,approved,Y,1,https://sc04.alicdn.com/kf/Sfca2b4e3429342a1988c0b31f155d2a8a.jpg,320,320,0.82,0.365,0.2993,0.1628,P0_LOW_HERO_OCCUPANCY,,HEURISTIC_PASS,C:\Users\spq\Desktop\贝强\02_Alibaba运营\01_店铺与全店诊断\全量商品审查_2026-09-04\全六图视觉二次审计_2026-09-04\cache\28763a763e493dedd2be9b2d86a78dfb2d0c3b75.jpg
109,1601939707196,AAHQjmk4AOWGex-cDVm7ihLf,BQ001-W1 / BQ001,Wholesale Breathable Knit Slip-On Wide Toe Box Walking Shoes Lightweight EVA Sole Factory Supply Model BQ001,approved,Y,2,https://sc04.alicdn.com/kf/S64a94905262d4b798614b6d539eca86bc.jpg,320,320,0.76,0.4375,0.3325,0.174,,,HEURISTIC_PASS,C:\Users\spq\Desktop\贝强\02_Alibaba运营\01_店铺与全店诊断\全量商品审查_2026-09-04\全六图视觉二次审计_2026-09-04\cache\82adafc9d9553e11d9d8e9d49743f79738e5ea14.jpg
109,1601939707196,AAHQjmk4AOWGex-cDVm7ihLf,BQ001-W1 / BQ001,Wholesale Breathable Knit Slip-On Wide Toe Box Walking Shoes Lightweight EVA Sole Factory Supply Model BQ001,approved,Y,3,https://sc04.alicdn.com/kf/S4943108858624f89ae5f064784ea1f26Z.jpg,320,320,0.79,0.5375,0.4246,0.2704,,,HEURISTIC_PASS,C:\Users\spq\Desktop\贝强\02_Alibaba运营\01_店铺与全店诊断\全量商品审查_2026-09-04\全六图视觉二次审计_2026-09-04\cache\bc1c57a9600ba88f34aa655b58d3a8f34c634aee.jpg
109,1601939707196,AAHQjmk4AOWGex-cDVm7ihLf,BQ001-W1 / BQ001,Wholesale Breathable Knit Slip-On Wide Toe Box Walking Shoes Lightweight EVA Sole Factory Supply Model BQ001,approved,Y,4,https://sc04.alicdn.com/kf/S2b55d974229b4e5784ad8c537cc380c63.jpg,320,320,0.7375,0.3375,0.2489,0.1973,,,HEURISTIC_PASS,C:\Users\spq\Desktop\贝强\02_Alibaba运营\01_店铺与全店诊断\全量商品审查_2026-09-04\全六图视觉二次审计_2026-09-04\cache\3b3c8c1dc80c52a33d0f5308905a80caeb27d642.jpg
109,1601939707196,AAHQjmk4AOWGex-cDVm7ihLf,BQ001-W1 / BQ001,Wholesale Breathable Knit Slip-On Wide Toe Box Walking Shoes Lightweight EVA Sole Factory Supply Model BQ001,approved,Y,5,https://sc04.alicdn.com/kf/Se8793175a2234d92b6353d2cd2bd9e983.jpg,320,320,0.7175,0.6775,0.4861,0.2725,,,HEURISTIC_PASS,C:\Users\spq\Desktop\贝强\02_Alibaba运营\01_店铺与全店诊断\全量商品审查_2026-09-04\全六图视觉二次审计_2026-09-04\cache\ef48e394956608be6fe821f10cb4b2dd9737847f.jpg
109,1601939707196,AAHQjmk4AOWGex-cDVm7ihLf,BQ001-W1 / BQ001,Wholesale Breathable Knit Slip-On Wide Toe Box Walking Shoes Lightweight EVA Sole Factory Supply Model BQ001,approved,Y,6,https://sc04.alicdn.com/kf/S80d9adb4aea74a49ae6e2be7165ba363p.jpg,320,320,0.28,0.72,0.2016,0.1476,,,HEURISTIC_PASS,C:\Users\spq\Desktop\贝强\02_Alibaba运营\01_店铺与全店诊断\全量商品审查_2026-09-04\全六图视觉二次审计_2026-09-04\cache\49809270f94735e029290748726c5fec506623fa.jpg
110,1601939635505,AAGtjmk4AOWGex-cDVm7jPrS,BQ002-O1 / BQ002,Custom Logo Lightweight Knit Slip-On Wide Toe Box Walking Shoes EVA Sole OEM ODM Private Label Footwear Supplier Model BQ002,approved,Y,1,https://sc04.alicdn.com/kf/S13d76f3ab5ff4172851a85f7b8b8a308W.jpg,320,320,0.8225,0.6475,0.5326,0.3093,,,HEURISTIC_PASS,C:\Users\spq\Desktop\贝强\02_Alibaba运营\01_店铺与全店诊断\全量商品审查_2026-09-04\全六图视觉二次审计_2026-09-04\cache\3de20cbc0ef745fe89185d5676b5d16ce5b20e0e.jpg
110,1601939635505,AAGtjmk4AOWGex-cDVm7jPrS,BQ002-O1 / BQ002,Custom Logo Lightweight Knit Slip-On Wide Toe Box Walking Shoes EVA Sole OEM ODM Private Label Footwear Supplier Model BQ002,approved,Y,2,https://sc04.alicdn.com/kf/S9744a8f70fb9449ebec311457f10d6c3K.jpg,320,320,0.7475,0.72,0.5382,0.3476,,,HEURISTIC_PASS,C:\Users\spq\Desktop\贝强\02_Alibaba运营\01_店铺与全店诊断\全量商品审查_2026-09-04\全六图视觉二次审计_2026-09-04\cache\f949863cacbca32e5a6c1a6e19276faad9bc56f3.jpg
110,1601939635505,AAGtjmk4AOWGex-cDVm7jPrS,BQ002-O1 / BQ002,Custom Logo Lightweight Knit Slip-On Wide Toe Box Walking Shoes EVA Sole OEM ODM Private Label Footwear Supplier Model BQ002,approved,Y,3,https://sc04.alicdn.com/kf/S3e0bdba14a614570bda72a902a799c55E.jpg,320,320,0.79,0.4225,0.3338,0.1368,,,HEURISTIC_PASS,C:\Users\spq\Desktop\贝强\02_Alibaba运营\01_店铺与全店诊断\全量商品审查_2026-09-04\全六图视觉二次审计_2026-09-04\cache\a67527c2d9f87837c8121c52e3aaf7343aa6ad60.jpg
110,1601939635505,AAGtjmk4AOWGex-cDVm7jPrS,BQ002-O1 / BQ002,Custom Logo Lightweight Knit Slip-On Wide Toe Box Walking Shoes EVA Sole OEM ODM Private Label Footwear Supplier Model BQ002,approved,Y,4,https://sc04.alicdn.com/kf/S47d70d3f1a9d436481b0b7af18a5a49ed.jpg,320,320,0.7325,0.4875,0.3571,0.1709,,,HEURISTIC_PASS,C:\Users\spq\Desktop\贝强\02_Alibaba运营\01_店铺与全店诊断\全量商品审查_2026-09-04\全六图视觉二次审计_2026-09-04\cache\8d83f80ae230785c37883243a03182ffd5f8e9c6.jpg
110,1601939635505,AAGtjmk4AOWGex-cDVm7jPrS,BQ002-O1 / BQ002,Custom Logo Lightweight Knit Slip-On Wide Toe Box Walking Shoes EVA Sole OEM ODM Private Label Footwear Supplier Model BQ002,approved,Y,5,https://sc04.alicdn.com/kf/Scfc8c2987b6c40a0b3395a3470dd3f7aE.jpg,320,320,0.8025,0.53,0.4253,0.2671,,,HEURISTIC_PASS,C:\Users\spq\Desktop\贝强\02_Alibaba运营\01_店铺与全店诊断\全量商品审查_2026-09-04\全六图视觉二次审计_2026-09-04\cache\84c38d3e61ae4de515a5c7a198dde666cec5c6b8.jpg
110,1601939635505,AAGtjmk4AOWGex-cDVm7jPrS,BQ002-O1 / BQ002,Custom Logo Lightweight Knit Slip-On Wide Toe Box Walking Shoes EVA Sole OEM ODM Private Label Footwear Supplier Model BQ002,approved,Y,6,https://sc04.alicdn.com/kf/S3e02fe4cda894b44a99738cee73bf38fj.jpg,320,320,0.7525,0.34,0.2559,0.205,,,HEURISTIC_PASS,C:\Users\spq\Desktop\贝强\02_Alibaba运营\01_店铺与全店诊断\全量商品审查_2026-09-04\全六图视觉二次审计_2026-09-04\cache\5a21c0da714180beeaf740a423416f29d38cd539.jpg
111,1601939727104,AAEmjmk4AOWGex-cDVm7imTj,BQ001-R1 / BQ001,Breathable Knit Slip-On Wide Toe Box Walking Shoes Lightweight EVA Sole for Travel Commuting and Daily Walking Model BQ001,approved,Y,1,https://sc04.alicdn.com/kf/S89f57d0183e54b7bb9ba641e5abe4e6fD.jpg,320,320,0.8225,0.5575,0.4585,0.2904,,,HEURISTIC_PASS,C:\Users\spq\Desktop\贝强\02_Alibaba运营\01_店铺与全店诊断\全量商品审查_2026-09-04\全六图视觉二次审计_2026-09-04\cache\0b60137c622cb7b2921eb9f10a6d84410f0f66e4.jpg
111,1601939727104,AAEmjmk4AOWGex-cDVm7imTj,BQ001-R1 / BQ001,Breathable Knit Slip-On Wide Toe Box Walking Shoes Lightweight EVA Sole for Travel Commuting and Daily Walking Model BQ001,approved,Y,2,https://sc04.alicdn.com/kf/S1218a56ce76a4c2c8b2b8ba2563ca8a4O.jpg,320,320,0.7625,0.3475,0.265,0.2104,,,HEURISTIC_PASS,C:\Users\spq\Desktop\贝强\02_Alibaba运营\01_店铺与全店诊断\全量商品审查_2026-09-04\全六图视觉二次审计_2026-09-04\cache\fe6c911244effd278130212b8c2a3c69a4aefbc6.jpg
111,1601939727104,AAEmjmk4AOWGex-cDVm7imTj,BQ001-R1 / BQ001,Breathable Knit Slip-On Wide Toe Box Walking Shoes Lightweight EVA Sole for Travel Commuting and Daily Walking Model BQ001,approved,Y,3,https://sc04.alicdn.com/kf/S82b80548636e44bc83dba578ba511f35Z.jpg,320,320,0.7075,0.6725,0.4758,0.2426,,,HEURISTIC_PASS,C:\Users\spq\Desktop\贝强\02_Alibaba运营\01_店铺与全店诊断\全量商品审查_2026-09-04\全六图视觉二次审计_2026-09-04\cache\348f8db1671f61738c064f4c66a141defba973d4.jpg
111,1601939727104,AAEmjmk4AOWGex-cDVm7imTj,BQ001-R1 / BQ001,Breathable Knit Slip-On Wide Toe Box Walking Shoes Lightweight EVA Sole for Travel Commuting and Daily Walking Model BQ001,approved,Y,4,https://sc04.alicdn.com/kf/S7b40fbffc17d4f11abebbc9ba6f97a68U.jpg,320,320,0.285,0.74,0.2109,0.1398,,,HEURISTIC_PASS,C:\Users\spq\Desktop\贝强\02_Alibaba运营\01_店铺与全店诊断\全量商品审查_2026-09-04\全六图视觉二次审计_2026-09-04\cache\9e89366209335b033f9ce5fccc4027b82a4c822b.jpg
111,1601939727104,AAEmjmk4AOWGex-cDVm7imTj,BQ001-R1 / BQ001,Breathable Knit Slip-On Wide Toe Box Walking Shoes Lightweight EVA Sole for Travel Commuting and Daily Walking Model BQ001,approved,Y,5,https://sc04.alicdn.com/kf/Sf70b400a79d948ecabea965ddd93c765G.jpg,320,320,0.8025,0.3575,0.2869,0.1548,,,HEURISTIC_PASS,C:\Users\spq\Desktop\贝强\02_Alibaba运营\01_店铺与全店诊断\全量商品审查_2026-09-04\全六图视觉二次审计_2026-09-04\cache\9a3764c8498d53be3bc54fc74da32f42f04201a2.jpg
111,1601939727104,AAEmjmk4AOWGex-cDVm7imTj,BQ001-R1 / BQ001,Breathable Knit Slip-On Wide Toe Box Walking Shoes Lightweight EVA Sole for Travel Commuting and Daily Walking Model BQ001,approved,Y,6,https://sc04.alicdn.com/kf/S0ae9cc0da4684fed8c58f44436157c19X.jpg,320,320,0.7525,0.4325,0.3255,0.1693,,,HEURISTIC_PASS,C:\Users\spq\Desktop\贝强\02_Alibaba运营\01_店铺与全店诊断\全量商品审查_2026-09-04\全六图视觉二次审计_2026-09-04\cache\fcc903ace477134de97ad97066d7d02691230ce7.jpg
112,10000044021584,AAEWjmk4AOWGexecDTURlFCz,BQ-016,2026 New Kids Slip-On Walking Shoes 201 Solid Mesh Lining Spring Autumn Breathable Lightweight Chunky Sole Sneakers OEM ODM,approved,Y,1,https://sc04.alicdn.com/kf/H06159c979e004d89af13a2e613331181k.jpg,320,320,0.74,0.465,0.3441,0.2187,P0_LOW_HERO_OCCUPANCY,,HEURISTIC_PASS,C:\Users\spq\Desktop\贝强\02_Alibaba运营\01_店铺与全店诊断\全量商品审查_2026-09-04\全六图视觉二次审计_2026-09-04\cache\fc7b8f00b8f08e5fbc7c65fce7ca0fbdc604bfe6.jpg
112,10000044021584,AAEWjmk4AOWGexecDTURlFCz,BQ-016,2026 New Kids Slip-On Walking Shoes 201 Solid Mesh Lining Spring Autumn Breathable Lightweight Chunky Sole Sneakers OEM ODM,approved,Y,2,https://sc04.alicdn.com/kf/He5836c30357c45abb916dc06e0e84678L.jpg,320,320,0.875,0.8375,0.7328,0.5404,,,HEURISTIC_PASS,C:\Users\spq\Desktop\贝强\02_Alibaba运营\01_店铺与全店诊断\全量商品审查_2026-09-04\全六图视觉二次审计_2026-09-04\cache\34728a46d272feceda575a36986e4dc0b9cd890a.jpg
112,10000044021584,AAEWjmk4AOWGexecDTURlFCz,BQ-016,2026 New Kids Slip-On Walking Shoes 201 Solid Mesh Lining Spring Autumn Breathable Lightweight Chunky Sole Sneakers OEM ODM,approved,Y,3,https://sc04.alicdn.com/kf/Hd3c2f9e9e28d4b0e8ae0784f9b3fc1d9N.jpg,320,320,0.735,0.8375,0.6156,0.3501,,,HEURISTIC_PASS,C:\Users\spq\Desktop\贝强\02_Alibaba运营\01_店铺与全店诊断\全量商品审查_2026-09-04\全六图视觉二次审计_2026-09-04\cache\a2cf2b815c5c2fe6ac9e0726c79a7aab3cee8f06.jpg
112,10000044021584,AAEWjmk4AOWGexecDTURlFCz,BQ-016,2026 New Kids Slip-On Walking Shoes 201 Solid Mesh Lining Spring Autumn Breathable Lightweight Chunky Sole Sneakers OEM ODM,approved,Y,4,https://sc04.alicdn.com/kf/H2404fa28cc5c4b509768256866e01461l.jpg,320,320,0.875,0.8375,0.7328,0.3556,,,HEURISTIC_PASS,C:\Users\spq\Desktop\贝强\02_Alibaba运营\01_店铺与全店诊断\全量商品审查_2026-09-04\全六图视觉二次审计_2026-09-04\cache\252d923ca4c03d99ada257057bc11ae50d417c92.jpg
112,10000044021584,AAEWjmk4AOWGexecDTURlFCz,BQ-016,2026 New Kids Slip-On Walking Shoes 201 Solid Mesh Lining Spring Autumn Breathable Lightweight Chunky Sole Sneakers OEM ODM,approved,Y,5,https://sc04.alicdn.com/kf/H6e8ae33ff14044dfb75f33fba28bb425C.jpg,320,320,0.75,0.8375,0.6281,0.3638,,,HEURISTIC_PASS,C:\Users\spq\Desktop\贝强\02_Alibaba运营\01_店铺与全店诊断\全量商品审查_2026-09-04\全六图视觉二次审计_2026-09-04\cache\25dad7f056ddf4fc3abeb532312f162584b477fa.jpg
112,10000044021584,AAEWjmk4AOWGexecDTURlFCz,BQ-016,2026 New Kids Slip-On Walking Shoes 201 Solid Mesh Lining Spring Autumn Breathable Lightweight Chunky Sole Sneakers OEM ODM,approved,Y,6,https://sc04.alicdn.com/kf/S90f9595169df48c9878b261922822781n.jpg,320,320,0.8375,0.815,0.6826,0.1668,,,HEURISTIC_PASS,C:\Users\spq\Desktop\贝强\02_Alibaba运营\01_店铺与全店诊断\全量商品审查_2026-09-04\全六图视觉二次审计_2026-09-04\cache\73e69559ed04c440e997190eae85020b19d2700d.jpg
113,10000047216427,AAEcjmk4AOWGexecDTURxRDI,BQ051 / K6689,Wholesale Model K6689 Breathable Light Weight Knit Slip-On Walking Shoes Rubber Sole Casual Sneakers EU 35-45,approved,Y,1,https://sc04.alicdn.com/kf/S55becab4efa34e03b2041e7918b82e210.jpg,320,320,0.905,0.7,0.6335,0.6291,,,EDGE_GRAPHIC_OR_DARK_BACKGROUND,C:\Users\spq\Desktop\贝强\02_Alibaba运营\01_店铺与全店诊断\全量商品审查_2026-09-04\全六图视觉二次审计_2026-09-04\cache\d7752552d993d03ed570da2a332d36bf13941bfa.jpg
113,10000047216427,AAEcjmk4AOWGexecDTURxRDI,BQ051 / K6689,Wholesale Model K6689 Breathable Light Weight Knit Slip-On Walking Shoes Rubber Sole Casual Sneakers EU 35-45,approved,Y,2,https://sc04.alicdn.com/kf/Sd2821a68cfcf4af48c465e31599c1ba1f.jpg,320,320,0.905,0.6975,0.6312,0.6192,,,EDGE_GRAPHIC_OR_DARK_BACKGROUND,C:\Users\spq\Desktop\贝强\02_Alibaba运营\01_店铺与全店诊断\全量商品审查_2026-09-04\全六图视觉二次审计_2026-09-04\cache\97ff638f927549a0b6d48c8945f5e61e2c6b7ef7.jpg
113,10000047216427,AAEcjmk4AOWGexecDTURxRDI,BQ051 / K6689,Wholesale Model K6689 Breathable Light Weight Knit Slip-On Walking Shoes Rubber Sole Casual Sneakers EU 35-45,approved,Y,3,https://sc04.alicdn.com/kf/Sb8860b40326341f5a33c43ff06f270b47.jpg,320,320,0.73,0.8875,0.6479,0.6272,,,HEURISTIC_PASS,C:\Users\spq\Desktop\贝强\02_Alibaba运营\01_店铺与全店诊断\全量商品审查_2026-09-04\全六图视觉二次审计_2026-09-04\cache\b25880dce37adebc489849e3904c5cb591ea709c.jpg
113,10000047216427,AAEcjmk4AOWGexecDTURxRDI,BQ051 / K6689,Wholesale Model K6689 Breathable Light Weight Knit Slip-On Walking Shoes Rubber Sole Casual Sneakers EU 35-45,approved,Y,4,https://sc04.alicdn.com/kf/S95ebf51fa4c3441a8253d6d700cab631G.jpg,320,320,0.91,0.89,0.8099,0.7934,,,HEURISTIC_PASS,C:\Users\spq\Desktop\贝强\02_Alibaba运营\01_店铺与全店诊断\全量商品审查_2026-09-04\全六图视觉二次审计_2026-09-04\cache\a38804019c5e8a8b144d892dfa9cbab4e963f81a.jpg
113,10000047216427,AAEcjmk4AOWGexecDTURxRDI,BQ051 / K6689,Wholesale Model K6689 Breathable Light Weight Knit Slip-On Walking Shoes Rubber Sole Casual Sneakers EU 35-45,approved,Y,5,https://sc04.alicdn.com/kf/S339294d0699d4f0c8eec1e0e0741b2707.jpg,320,320,0.9,0.9175,0.8257,0.2321,,,HEURISTIC_PASS,C:\Users\spq\Desktop\贝强\02_Alibaba运营\01_店铺与全店诊断\全量商品审查_2026-09-04\全六图视觉二次审计_2026-09-04\cache\3bda5d7502a0bbd742d1a04e9e9a1c4d38ce65d9.jpg
113,10000047216427,AAEcjmk4AOWGexecDTURxRDI,BQ051 / K6689,Wholesale Model K6689 Breathable Light Weight Knit Slip-On Walking Shoes Rubber Sole Casual Sneakers EU 35-45,approved,Y,6,https://sc04.alicdn.com/kf/Sc3229ccbce31423eb35d9093fbf8eee9L.png,320,320,0.9225,0.68,0.6273,0.4937,,,HEURISTIC_PASS,C:\Users\spq\Desktop\贝强\02_Alibaba运营\01_店铺与全店诊断\全量商品审查_2026-09-04\全六图视觉二次审计_2026-09-04\cache\9368f494b7d6ca3a91b07e40fefaf3e2c1b809bb.jpg
114,10000043991998,AAFXjmk4AOWGexecDTURl-Rd,BQ-022,2026 New Striped Knit Slip-On Walking Shoes Ribbed Upper Breathable Chunky Sole Sneakers Spring Autumn Mesh Lining OEM ODM,approved,Y,1,https://sc04.alicdn.com/kf/H6427585a58b842159b90747cc640b7567.jpg,320,320,0.74,0.48,0.3552,0.2194,,,HEURISTIC_PASS,C:\Users\spq\Desktop\贝强\02_Alibaba运营\01_店铺与全店诊断\全量商品审查_2026-09-04\全六图视觉二次审计_2026-09-04\cache\f0d0a78cb47565380e66088ce468e6c1225fc36d.jpg
114,10000043991998,AAFXjmk4AOWGexecDTURl-Rd,BQ-022,2026 New Striped Knit Slip-On Walking Shoes Ribbed Upper Breathable Chunky Sole Sneakers Spring Autumn Mesh Lining OEM ODM,approved,Y,2,https://sc04.alicdn.com/kf/H8b7f15bfe3fe492f9319337229c4c345O.jpg,320,320,0.785,0.8425,0.6614,0.21,,,HEURISTIC_PASS,C:\Users\spq\Desktop\贝强\02_Alibaba运营\01_店铺与全店诊断\全量商品审查_2026-09-04\全六图视觉二次审计_2026-09-04\cache\0dc737191265bdd0122cdd7b643a66cd587226de.jpg
114,10000043991998,AAFXjmk4AOWGexecDTURl-Rd,BQ-022,2026 New Striped Knit Slip-On Walking Shoes Ribbed Upper Breathable Chunky Sole Sneakers Spring Autumn Mesh Lining OEM ODM,approved,Y,3,https://sc04.alicdn.com/kf/H67ced609bf284358aec3206b1ad573c7i.jpg,320,320,0.7175,0.8425,0.6045,0.3218,,,HEURISTIC_PASS,C:\Users\spq\Desktop\贝强\02_Alibaba运营\01_店铺与全店诊断\全量商品审查_2026-09-04\全六图视觉二次审计_2026-09-04\cache\4e54c469d3238fbe8eea13eeda946f64dc150f44.jpg
114,10000043991998,AAFXjmk4AOWGexecDTURl-Rd,BQ-022,2026 New Striped Knit Slip-On Walking Shoes Ribbed Upper Breathable Chunky Sole Sneakers Spring Autumn Mesh Lining OEM ODM,approved,Y,4,https://sc04.alicdn.com/kf/Hd50de4a003ea4d40b28bd847c52784fd6.jpg,320,320,0.7225,0.8425,0.6087,0.2204,,,HEURISTIC_PASS,C:\Users\spq\Desktop\贝强\02_Alibaba运营\01_店铺与全店诊断\全量商品审查_2026-09-04\全六图视觉二次审计_2026-09-04\cache\b3a64791473f05601ea46dd95a169de75f43cf3f.jpg
114,10000043991998,AAFXjmk4AOWGexecDTURl-Rd,BQ-022,2026 New Striped Knit Slip-On Walking Shoes Ribbed Upper Breathable Chunky Sole Sneakers Spring Autumn Mesh Lining OEM ODM,approved,Y,5,https://sc04.alicdn.com/kf/Hf3b0c4c7fcfa4f62a403b89faf62118b9.jpg,320,320,0.735,0.8425,0.6192,0.0836,,,HEURISTIC_PASS,C:\Users\spq\Desktop\贝强\02_Alibaba运营\01_店铺与全店诊断\全量商品审查_2026-09-04\全六图视觉二次审计_2026-09-04\cache\a2e9e4cc9d0123da270b9f196c66430b6c664630.jpg
114,10000043991998,AAFXjmk4AOWGexecDTURl-Rd,BQ-022,2026 New Striped Knit Slip-On Walking Shoes Ribbed Upper Breathable Chunky Sole Sneakers Spring Autumn Mesh Lining OEM ODM,approved,Y,6,https://sc04.alicdn.com/kf/H90e7b13abd0a4abbaf630420fafec4e5p.jpg,320,320,0.7175,0.8425,0.6045,0.3357,,,HEURISTIC_PASS,C:\Users\spq\Desktop\贝强\02_Alibaba运营\01_店铺与全店诊断\全量商品审查_2026-09-04\全六图视觉二次审计_2026-09-04\cache\c23f9adbafaa2da782f38a8364b26398eda70dcd.jpg
115,1601924732369,AAG5jmk4AOWGex-cDVm6oZIy,BQ038 / M889,Wholesale Knit Lace-Up Chunky Sole Walking Shoes EVA Cushion Casual Sneakers with Mesh Lining and Fleece Option,approved,Y,1,https://sc04.alicdn.com/kf/Hf3c4ad50bb994e948b1c39fe518a7290l.jpg,320,320,0.745,0.4325,0.3222,0.2044,P0_LOW_HERO_OCCUPANCY,,HEURISTIC_PASS,C:\Users\spq\Desktop\贝强\02_Alibaba运营\01_店铺与全店诊断\全量商品审查_2026-09-04\全六图视觉二次审计_2026-09-04\cache\56073e34b6734c5c2573dabcd809c43a4d07bb17.jpg
115,1601924732369,AAG5jmk4AOWGex-cDVm6oZIy,BQ038 / M889,Wholesale Knit Lace-Up Chunky Sole Walking Shoes EVA Cushion Casual Sneakers with Mesh Lining and Fleece Option,approved,Y,2,https://sc04.alicdn.com/kf/Ha515e548ce2e4e10b6f8f0811102fec74.jpg,320,320,0.955,0.7575,0.7234,0.7133,,,EDGE_GRAPHIC_OR_DARK_BACKGROUND,C:\Users\spq\Desktop\贝强\02_Alibaba运营\01_店铺与全店诊断\全量商品审查_2026-09-04\全六图视觉二次审计_2026-09-04\cache\cba9fc8571463c80b91dd0436b6707f4eea575f1.jpg
115,1601924732369,AAG5jmk4AOWGex-cDVm6oZIy,BQ038 / M889,Wholesale Knit Lace-Up Chunky Sole Walking Shoes EVA Cushion Casual Sneakers with Mesh Lining and Fleece Option,approved,Y,3,https://sc04.alicdn.com/kf/H4451752dbad447af8de76378a40cb2ecQ.jpg,320,320,0.955,0.85,0.8117,0.808,,,EDGE_GRAPHIC_OR_DARK_BACKGROUND,C:\Users\spq\Desktop\贝强\02_Alibaba运营\01_店铺与全店诊断\全量商品审查_2026-09-04\全六图视觉二次审计_2026-09-04\cache\ab1acc18319fcdf7ecdf6d70422bb7d70a836fbe.jpg
115,1601924732369,AAG5jmk4AOWGex-cDVm6oZIy,BQ038 / M889,Wholesale Knit Lace-Up Chunky Sole Walking Shoes EVA Cushion Casual Sneakers with Mesh Lining and Fleece Option,approved,Y,4,https://sc04.alicdn.com/kf/H17fd3800032d48e79c50455d12ac6f5aA.jpg,320,320,0.955,0.885,0.8452,0.8271,,,EDGE_GRAPHIC_OR_DARK_BACKGROUND,C:\Users\spq\Desktop\贝强\02_Alibaba运营\01_店铺与全店诊断\全量商品审查_2026-09-04\全六图视觉二次审计_2026-09-04\cache\36a57104850fd0fcf4ae9ee0a5780ff740a793fc.jpg
115,1601924732369,AAG5jmk4AOWGex-cDVm6oZIy,BQ038 / M889,Wholesale Knit Lace-Up Chunky Sole Walking Shoes EVA Cushion Casual Sneakers with Mesh Lining and Fleece Option,approved,Y,5,https://sc04.alicdn.com/kf/Hdfd4d3d1829e4ff5b946c8ea3e7f9ecey.jpg,,,,,,,DOWNLOAD_ERROR:URLError,,LOW_OCCUPANCY,C:\Users\spq\Desktop\贝强\02_Alibaba运营\01_店铺与全店诊断\全量商品审查_2026-09-04\全六图视觉二次审计_2026-09-04\cache\103018ce70527201c38d1e09dea9da462e8d3052.jpg
115,1601924732369,AAG5jmk4AOWGex-cDVm6oZIy,BQ038 / M889,Wholesale Knit Lace-Up Chunky Sole Walking Shoes EVA Cushion Casual Sneakers with Mesh Lining and Fleece Option,approved,Y,6,https://sc04.alicdn.com/kf/H68ec886ca3e3450c8f0eb80978901bfdw.jpg,320,320,0.9,0.9175,0.8257,0.1138,,,HEURISTIC_PASS,C:\Users\spq\Desktop\贝强\02_Alibaba运营\01_店铺与全店诊断\全量商品审查_2026-09-04\全六图视觉二次审计_2026-09-04\cache\f19c16fb6c2f7531c66b2115475c2dea8e1ca900.jpg
116,1601924347721,AAHVjmk4AOWGex-cDVm6p7Cq,BQ037 / H7116,Wholesale Knit Lace-Up Casual Shoes with Mesh Lining Rubber Toe Cap EVA Midsole & Outsole Fleece Option-Walking Sneakers,approved,Y,1,https://sc04.alicdn.com/kf/Hea297c1a27954f1196207b58a86beef8s.jpg,320,320,0.95,0.87,0.8265,0.825,,,EDGE_GRAPHIC_OR_DARK_BACKGROUND,C:\Users\spq\Desktop\贝强\02_Alibaba运营\01_店铺与全店诊断\全量商品审查_2026-09-04\全六图视觉二次审计_2026-09-04\cache\bebb0fcfad8e9f5f2609f5fd54240c36bbd65a0d.jpg
116,1601924347721,AAHVjmk4AOWGex-cDVm6p7Cq,BQ037 / H7116,Wholesale Knit Lace-Up Casual Shoes with Mesh Lining Rubber Toe Cap EVA Midsole & Outsole Fleece Option-Walking Sneakers,approved,Y,2,https://sc04.alicdn.com/kf/H3bc9e1083e0644b8b759fd23a82bcb72f.jpg,320,320,0.7925,0.9,0.7133,0.6254,,,EDGE_GRAPHIC_OR_DARK_BACKGROUND,C:\Users\spq\Desktop\贝强\02_Alibaba运营\01_店铺与全店诊断\全量商品审查_2026-09-04\全六图视觉二次审计_2026-09-04\cache\eab43da2ad928583d9ff3df0f3063c83b24a9278.jpg
116,1601924347721,AAHVjmk4AOWGex-cDVm6p7Cq,BQ037 / H7116,Wholesale Knit Lace-Up Casual Shoes with Mesh Lining Rubber Toe Cap EVA Midsole & Outsole Fleece Option-Walking Sneakers,approved,Y,3,https://sc04.alicdn.com/kf/Hf619f77805cf4c35bb37e9fe39773d85R.jpg,320,320,0.885,0.89,0.7876,0.7739,,,EDGE_GRAPHIC_OR_DARK_BACKGROUND,C:\Users\spq\Desktop\贝强\02_Alibaba运营\01_店铺与全店诊断\全量商品审查_2026-09-04\全六图视觉二次审计_2026-09-04\cache\254ee2137e2c93065b55f2a94c5da15ee9fde942.jpg
116,1601924347721,AAHVjmk4AOWGex-cDVm6p7Cq,BQ037 / H7116,Wholesale Knit Lace-Up Casual Shoes with Mesh Lining Rubber Toe Cap EVA Midsole & Outsole Fleece Option-Walking Sneakers,approved,Y,4,https://sc04.alicdn.com/kf/H4f55a4499025464cad6da86bf3fbb1a9U.jpg,320,320,0.83,0.8325,0.691,0.6784,,,EDGE_GRAPHIC_OR_DARK_BACKGROUND,C:\Users\spq\Desktop\贝强\02_Alibaba运营\01_店铺与全店诊断\全量商品审查_2026-09-04\全六图视觉二次审计_2026-09-04\cache\b1bd1ae4fbabe0390ecd4a360cf65131466fbc00.jpg
116,1601924347721,AAHVjmk4AOWGex-cDVm6p7Cq,BQ037 / H7116,Wholesale Knit Lace-Up Casual Shoes with Mesh Lining Rubber Toe Cap EVA Midsole & Outsole Fleece Option-Walking Sneakers,approved,Y,5,https://sc04.alicdn.com/kf/Hdd25abbdaca74432b9943e8bc0781e1dl.jpg,320,320,0.9,0.9175,0.8257,0.1003,,,HEURISTIC_PASS,C:\Users\spq\Desktop\贝强\02_Alibaba运营\01_店铺与全店诊断\全量商品审查_2026-09-04\全六图视觉二次审计_2026-09-04\cache\785a4a38a929db5f9d8341de0e007ffa213e488c.jpg
116,1601924347721,AAHVjmk4AOWGex-cDVm6p7Cq,BQ037 / H7116,Wholesale Knit Lace-Up Casual Shoes with Mesh Lining Rubber Toe Cap EVA Midsole & Outsole Fleece Option-Walking Sneakers,approved,Y,6,https://sc04.alicdn.com/kf/H86db4cf072474487bfae5db53d006452u.jpg,320,320,0.5925,0.6175,0.3659,0.1843,,,HEURISTIC_PASS,C:\Users\spq\Desktop\贝强\02_Alibaba运营\01_店铺与全店诊断\全量商品审查_2026-09-04\全六图视觉二次审计_2026-09-04\cache\0a25b78a145c62d59e85df159dc07205c25d08a0.jpg
117,1601825160204,AAG2jmk4AOWGex-cDVm0vjvv,BQ-010,Wholesale Stretch Fabric Breathable Mesh Lining Low Top Lace-Up Walking Sneakers R1601 Toe Cap Lightweight Casual OEM ODM,approved,Y,1,https://sc04.alicdn.com/kf/Hf29e6087ab4b4d379c6b3cd06deb12a4B.jpg,320,320,0.835,0.4125,0.3444,0.2274,P0_LOW_HERO_OCCUPANCY,,HEURISTIC_PASS,C:\Users\spq\Desktop\贝强\02_Alibaba运营\01_店铺与全店诊断\全量商品审查_2026-09-04\全六图视觉二次审计_2026-09-04\cache\3c46cc3ec1392a6f53f11f8f8be95e3ff41c370c.jpg
117,1601825160204,AAG2jmk4AOWGex-cDVm0vjvv,BQ-010,Wholesale Stretch Fabric Breathable Mesh Lining Low Top Lace-Up Walking Sneakers R1601 Toe Cap Lightweight Casual OEM ODM,approved,Y,2,https://sc04.alicdn.com/kf/H33c83fe5622b4efab97f2c6b7ba764603.jpg,320,320,0.8375,0.415,0.3476,0.2463,,,HEURISTIC_PASS,C:\Users\spq\Desktop\贝强\02_Alibaba运营\01_店铺与全店诊断\全量商品审查_2026-09-04\全六图视觉二次审计_2026-09-04\cache\50cff5442bb1447897665a4af571adf5ec49d134.jpg
117,1601825160204,AAG2jmk4AOWGex-cDVm0vjvv,BQ-010,Wholesale Stretch Fabric Breathable Mesh Lining Low Top Lace-Up Walking Sneakers R1601 Toe Cap Lightweight Casual OEM ODM,approved,Y,3,https://sc04.alicdn.com/kf/Hc8504fce9c1d43828bd01a62115fe410g.jpg,320,320,0.9425,0.93,0.8765,0.4366,,,COMPLEX_OR_COLLAGE_BACKGROUND,C:\Users\spq\Desktop\贝强\02_Alibaba运营\01_店铺与全店诊断\全量商品审查_2026-09-04\全六图视觉二次审计_2026-09-04\cache\9d4456a52c1bd3d9b6889770661f84ee865f6e8b.jpg
117,1601825160204,AAG2jmk4AOWGex-cDVm0vjvv,BQ-010,Wholesale Stretch Fabric Breathable Mesh Lining Low Top Lace-Up Walking Sneakers R1601 Toe Cap Lightweight Casual OEM ODM,approved,Y,4,https://sc04.alicdn.com/kf/Hf513059c488c4459aab9c3b8544b94423.jpg,320,320,1.0,1.0,1.0,0.8921,,,EDGE_CROP_OR_FULL_CANVAS;COMPLEX_OR_COLLAGE_BACKGROUND,C:\Users\spq\Desktop\贝强\02_Alibaba运营\01_店铺与全店诊断\全量商品审查_2026-09-04\全六图视觉二次审计_2026-09-04\cache\0ab63ddbb04ef9d4a1892517c9527f1242178fce.jpg
117,1601825160204,AAG2jmk4AOWGex-cDVm0vjvv,BQ-010,Wholesale Stretch Fabric Breathable Mesh Lining Low Top Lace-Up Walking Sneakers R1601 Toe Cap Lightweight Casual OEM ODM,approved,Y,5,https://sc04.alicdn.com/kf/H6d876f51822c42a5a4113f9204950b92J.jpg,320,320,0.9175,0.925,0.8487,0.5388,,,COMPLEX_OR_COLLAGE_BACKGROUND;EDGE_GRAPHIC_OR_DARK_BACKGROUND,C:\Users\spq\Desktop\贝强\02_Alibaba运营\01_店铺与全店诊断\全量商品审查_2026-09-04\全六图视觉二次审计_2026-09-04\cache\50e8713c30b99aa0ee9ab584922dbdafa1cfc0fe.jpg
117,1601825160204,AAG2jmk4AOWGex-cDVm0vjvv,BQ-010,Wholesale Stretch Fabric Breathable Mesh Lining Low Top Lace-Up Walking Sneakers R1601 Toe Cap Lightweight Casual OEM ODM,approved,Y,6,https://sc04.alicdn.com/kf/H4b9c8e562cc84beb958fa1a57ebf6d20B.jpg,320,320,1.0,1.0,1.0,0.9812,,,EDGE_CROP_OR_FULL_CANVAS;COMPLEX_OR_COLLAGE_BACKGROUND,C:\Users\spq\Desktop\贝强\02_Alibaba运营\01_店铺与全店诊断\全量商品审查_2026-09-04\全六图视觉二次审计_2026-09-04\cache\a792d46ed768e1a5b0e864ad7c9de3fce551e4ad.jpg
118,1601839073314,AAGpjmk4AOWGex-cDVm1io_B,BQ020 / A218,Wholesale Spring Summer Breathable Mesh Solid Color Hollow Knit Elastic Lace Slip-On Walking Shoes A218 Lightweight Casual,approved,Y,1,https://sc04.alicdn.com/kf/S24fc54fc8d7d405b8130ad3b39812ff68.jpg,320,320,0.74,0.4275,0.3164,0.1935,P0_LOW_HERO_OCCUPANCY,,HEURISTIC_PASS,C:\Users\spq\Desktop\贝强\02_Alibaba运营\01_店铺与全店诊断\全量商品审查_2026-09-04\全六图视觉二次审计_2026-09-04\cache\c7244f2899fd97f57449ed2fef581e7953b307ec.jpg
118,1601839073314,AAGpjmk4AOWGex-cDVm1io_B,BQ020 / A218,Wholesale Spring Summer Breathable Mesh Solid Color Hollow Knit Elastic Lace Slip-On Walking Shoes A218 Lightweight Casual,approved,Y,2,https://sc04.alicdn.com/kf/S1e6f1f4f2acd4977a0faaf5316862ab5Z.jpg,320,320,0.87,0.8425,0.733,0.4119,,,HEURISTIC_PASS,C:\Users\spq\Desktop\贝强\02_Alibaba运营\01_店铺与全店诊断\全量商品审查_2026-09-04\全六图视觉二次审计_2026-09-04\cache\d6d05b1315ae514a409c70fc3f40f7c7ac735563.jpg
118,1601839073314,AAGpjmk4AOWGex-cDVm1io_B,BQ020 / A218,Wholesale Spring Summer Breathable Mesh Solid Color Hollow Knit Elastic Lace Slip-On Walking Shoes A218 Lightweight Casual,approved,Y,3,https://sc04.alicdn.com/kf/Scc68b27811e64b2e8b06c53a04faf8c23.jpg,320,320,0.7175,0.8425,0.6045,0.3321,,,HEURISTIC_PASS,C:\Users\spq\Desktop\贝强\02_Alibaba运营\01_店铺与全店诊断\全量商品审查_2026-09-04\全六图视觉二次审计_2026-09-04\cache\1e0f4146da86ea4ac8e0fff9be7118b3bf47d6ad.jpg
118,1601839073314,AAGpjmk4AOWGex-cDVm1io_B,BQ020 / A218,Wholesale Spring Summer Breathable Mesh Solid Color Hollow Knit Elastic Lace Slip-On Walking Shoes A218 Lightweight Casual,approved,Y,4,https://sc04.alicdn.com/kf/S0bc3c15d03c6466fa3fee82eddd746faa.jpg,320,320,0.8775,0.8425,0.7393,0.5447,,,HEURISTIC_PASS,C:\Users\spq\Desktop\贝强\02_Alibaba运营\01_店铺与全店诊断\全量商品审查_2026-09-04\全六图视觉二次审计_2026-09-04\cache\01a1e286f73003047599937c44efdea44cf02cca.jpg
118,1601839073314,AAGpjmk4AOWGex-cDVm1io_B,BQ020 / A218,Wholesale Spring Summer Breathable Mesh Solid Color Hollow Knit Elastic Lace Slip-On Walking Shoes A218 Lightweight Casual,approved,Y,5,https://sc04.alicdn.com/kf/Hab6df68506fb435a9a6a095660315d73B.jpg,320,320,0.7475,0.8425,0.6298,0.1356,,,HEURISTIC_PASS,C:\Users\spq\Desktop\贝强\02_Alibaba运营\01_店铺与全店诊断\全量商品审查_2026-09-04\全六图视觉二次审计_2026-09-04\cache\3e6cad3736f54b3d4828ab119905ca13c22ad13e.jpg
118,1601839073314,AAGpjmk4AOWGex-cDVm1io_B,BQ020 / A218,Wholesale Spring Summer Breathable Mesh Solid Color Hollow Knit Elastic Lace Slip-On Walking Shoes A218 Lightweight Casual,approved,Y,6,https://sc04.alicdn.com/kf/H87b2e69f7d334ebe87830b012ec0af44j.jpg,320,320,0.7175,0.8425,0.6045,0.3375,,,HEURISTIC_PASS,C:\Users\spq\Desktop\贝强\02_Alibaba运营\01_店铺与全店诊断\全量商品审查_2026-09-04\全六图视觉二次审计_2026-09-04\cache\389363ee9259cabfc6baf1d99b74d0e5f7c192e0.jpg
119,1601825021825,AAF4jmk4AOWGex-cDVm0sBhi,BQ-008,Wholesale Solid Spring Summer Breathable Mesh Athletic Walking Shoes L1009 Stretch Fabric Upper Thick Sole Lightweight Cushion,approved,Y,1,https://sc04.alicdn.com/kf/H83af11b09a1e48dda466d26962f966f7s.jpg,240,320,0.95,0.38,0.361,0.2199,P0_LOW_HERO_OCCUPANCY|NON_SQUARE|UNUSABLY_SMALL_PREVIEW,,HEURISTIC_PASS,C:\Users\spq\Desktop\贝强\02_Alibaba运营\01_店铺与全店诊断\全量商品审查_2026-09-04\全六图视觉二次审计_2026-09-04\cache\3bdb7b1f178b5d781b5b274e2ec9b0fb6a8534f1.jpg
119,1601825021825,AAF4jmk4AOWGex-cDVm0sBhi,BQ-008,Wholesale Solid Spring Summer Breathable Mesh Athletic Walking Shoes L1009 Stretch Fabric Upper Thick Sole Lightweight Cushion,approved,Y,2,https://sc04.alicdn.com/kf/Hf8942df30b394f58bbaab58ccf01415dV.jpg,240,320,0.9567,0.4,0.3827,0.2177,NON_SQUARE|UNUSABLY_SMALL_PREVIEW,,HEURISTIC_PASS,C:\Users\spq\Desktop\贝强\02_Alibaba运营\01_店铺与全店诊断\全量商品审查_2026-09-04\全六图视觉二次审计_2026-09-04\cache\b3e777696a793b9184d34ef3a364a57b024d8314.jpg
119,1601825021825,AAF4jmk4AOWGex-cDVm0sBhi,BQ-008,Wholesale Solid Spring Summer Breathable Mesh Athletic Walking Shoes L1009 Stretch Fabric Upper Thick Sole Lightweight Cushion,approved,Y,3,https://sc04.alicdn.com/kf/H78bdf283779c4225a643a78dbf82b577T.jpg,240,320,0.93,0.3725,0.3464,0.2102,NON_SQUARE|UNUSABLY_SMALL_PREVIEW,,HEURISTIC_PASS,C:\Users\spq\Desktop\贝强\02_Alibaba运营\01_店铺与全店诊断\全量商品审查_2026-09-04\全六图视觉二次审计_2026-09-04\cache\4e6c53bc1eb3132f7ba2eb4fabd248eb3481637a.jpg
119,1601825021825,AAF4jmk4AOWGex-cDVm0sBhi,BQ-008,Wholesale Solid Spring Summer Breathable Mesh Athletic Walking Shoes L1009 Stretch Fabric Upper Thick Sole Lightweight Cushion,approved,Y,4,https://sc04.alicdn.com/kf/Hff0e7e3242db4341a4e242533c56a6efU.jpg,240,320,0.9567,0.3825,0.3659,0.2244,NON_SQUARE|UNUSABLY_SMALL_PREVIEW,,HEURISTIC_PASS,C:\Users\spq\Desktop\贝强\02_Alibaba运营\01_店铺与全店诊断\全量商品审查_2026-09-04\全六图视觉二次审计_2026-09-04\cache\df60b6f36b91e4dd96e2024f888c539823d8ccec.jpg
119,1601825021825,AAF4jmk4AOWGex-cDVm0sBhi,BQ-008,Wholesale Solid Spring Summer Breathable Mesh Athletic Walking Shoes L1009 Stretch Fabric Upper Thick Sole Lightweight Cushion,approved,Y,5,https://sc04.alicdn.com/kf/Ha4cc446debb34b5c9cdbc38f842e60ff5.jpg,240,320,0.9567,0.2975,0.2846,0.231,NON_SQUARE|UNUSABLY_SMALL_PREVIEW,,HEURISTIC_PASS,C:\Users\spq\Desktop\贝强\02_Alibaba运营\01_店铺与全店诊断\全量商品审查_2026-09-04\全六图视觉二次审计_2026-09-04\cache\465aaf3e9b7529a24190e92194e01a887e00e50b.jpg
119,1601825021825,AAF4jmk4AOWGex-cDVm0sBhi,BQ-008,Wholesale Solid Spring Summer Breathable Mesh Athletic Walking Shoes L1009 Stretch Fabric Upper Thick Sole Lightweight Cushion,approved,Y,6,https://sc04.alicdn.com/kf/Hd4c576c9572d4aba8fdbaa5e3f83cefeR.jpg,240,320,0.4367,0.9075,0.3963,0.3127,NON_SQUARE|UNUSABLY_SMALL_PREVIEW,,HEURISTIC_PASS,C:\Users\spq\Desktop\贝强\02_Alibaba运营\01_店铺与全店诊断\全量商品审查_2026-09-04\全六图视觉二次审计_2026-09-04\cache\5e249251692bd12cc583c3bba54464d36665a7ba.jpg
120,10000047196608,AAE0jmk4AOWGexecDTURxM4j,BQ050 / A828,Wholesale Model A828 Breathable Light Weight Plastic Knit Lace-Up Casual Walking Shoes Regular Fit EU 35-45 OEM ODM,approved,Y,1,https://sc04.alicdn.com/kf/S7f7c52078e2e41c3a888a75e9dd658988.jpg,320,320,0.7025,0.5125,0.36,0.2132,,,HEURISTIC_PASS,C:\Users\spq\Desktop\贝强\02_Alibaba运营\01_店铺与全店诊断\全量商品审查_2026-09-04\全六图视觉二次审计_2026-09-04\cache\782fb8358e47803e4f92e7ad9dd919380cf37ad1.jpg
120,10000047196608,AAE0jmk4AOWGexecDTURxM4j,BQ050 / A828,Wholesale Model A828 Breathable Light Weight Plastic Knit Lace-Up Casual Walking Shoes Regular Fit EU 35-45 OEM ODM,approved,Y,2,https://sc04.alicdn.com/kf/Se56430bd40a448f2b3c66827eaa0051db.jpg,320,320,0.73,0.5175,0.3778,0.2208,,,HEURISTIC_PASS,C:\Users\spq\Desktop\贝强\02_Alibaba运营\01_店铺与全店诊断\全量商品审查_2026-09-04\全六图视觉二次审计_2026-09-04\cache\99912d4d96556f81d59a2dacd7e0c88b278ae059.jpg
120,10000047196608,AAE0jmk4AOWGexecDTURxM4j,BQ050 / A828,Wholesale Model A828 Breathable Light Weight Plastic Knit Lace-Up Casual Walking Shoes Regular Fit EU 35-45 OEM ODM,approved,Y,3,https://sc04.alicdn.com/kf/Sc7014add51b24d21ba1c5cbd1c600642x.jpg,320,320,0.73,0.5025,0.3668,0.2197,,,HEURISTIC_PASS,C:\Users\spq\Desktop\贝强\02_Alibaba运营\01_店铺与全店诊断\全量商品审查_2026-09-04\全六图视觉二次审计_2026-09-04\cache\0a7559901182f6be65dbfe706d0cb34da8a505f2.jpg
120,10000047196608,AAE0jmk4AOWGexecDTURxM4j,BQ050 / A828,Wholesale Model A828 Breathable Light Weight Plastic Knit Lace-Up Casual Walking Shoes Regular Fit EU 35-45 OEM ODM,approved,Y,4,https://sc04.alicdn.com/kf/S3fb4bf8a68e74ff8822d93d9f378633c1.jpg,320,320,0.9,0.88,0.792,0.5199,,,HEURISTIC_PASS,C:\Users\spq\Desktop\贝强\02_Alibaba运营\01_店铺与全店诊断\全量商品审查_2026-09-04\全六图视觉二次审计_2026-09-04\cache\85835165114cff8171b4345c9bc40dac88b776ef.jpg
120,10000047196608,AAE0jmk4AOWGexecDTURxM4j,BQ050 / A828,Wholesale Model A828 Breathable Light Weight Plastic Knit Lace-Up Casual Walking Shoes Regular Fit EU 35-45 OEM ODM,approved,Y,5,https://sc04.alicdn.com/kf/S1b56f85e9aba451b8723241c731566d43.jpg,320,320,0.9,0.9175,0.8257,0.1468,,,HEURISTIC_PASS,C:\Users\spq\Desktop\贝强\02_Alibaba运营\01_店铺与全店诊断\全量商品审查_2026-09-04\全六图视觉二次审计_2026-09-04\cache\af5d2523dbfc959be949ce743218e94f2bbc7f61.jpg
120,10000047196608,AAE0jmk4AOWGexecDTURxM4j,BQ050 / A828,Wholesale Model A828 Breathable Light Weight Plastic Knit Lace-Up Casual Walking Shoes Regular Fit EU 35-45 OEM ODM,approved,Y,6,https://sc04.alicdn.com/kf/Sd48864ddf28a48728fe02b7d7eef9977T.jpg,320,320,0.875,0.86,0.7525,0.5525,,,HEURISTIC_PASS,C:\Users\spq\Desktop\贝强\02_Alibaba运营\01_店铺与全店诊断\全量商品审查_2026-09-04\全六图视觉二次审计_2026-09-04\cache\cb643da47f950262051f80398d465fbfff920e3f.jpg
121,10000044034049,AAGEjmk4AOWGexecDTURlI_i,BQ-017,2026 New Quilted Knit Lace-Up Walking Shoes A008 Solid Mesh Lining Breathable Chunky Sole Spring OEM ODM,approved,Y,1,https://sc04.alicdn.com/kf/Sd8b91d9d23da4c1f9bbf1de834915838l.jpg,320,320,0.7425,0.4075,0.3026,0.1841,P0_LOW_HERO_OCCUPANCY,,HEURISTIC_PASS,C:\Users\spq\Desktop\贝强\02_Alibaba运营\01_店铺与全店诊断\全量商品审查_2026-09-04\全六图视觉二次审计_2026-09-04\cache\80ab31d7a24abaec8f9ae987ab723fb28aa3e378.jpg
121,10000044034049,AAGEjmk4AOWGexecDTURlI_i,BQ-017,2026 New Quilted Knit Lace-Up Walking Shoes A008 Solid Mesh Lining Breathable Chunky Sole Spring OEM ODM,approved,Y,2,https://sc04.alicdn.com/kf/S594d43f9767a4f609f58dfb7e9e2c33fO.jpg,320,320,0.8775,0.8425,0.7393,0.5407,,,HEURISTIC_PASS,C:\Users\spq\Desktop\贝强\02_Alibaba运营\01_店铺与全店诊断\全量商品审查_2026-09-04\全六图视觉二次审计_2026-09-04\cache\5ccf226fe3bca4ea1e3068cdb12018f0e154236c.jpg
121,10000044034049,AAGEjmk4AOWGexecDTURlI_i,BQ-017,2026 New Quilted Knit Lace-Up Walking Shoes A008 Solid Mesh Lining Breathable Chunky Sole Spring OEM ODM,approved,Y,3,https://sc04.alicdn.com/kf/S4361d67d8a2543889bb91401c106f233v.jpg,320,320,0.7175,0.8425,0.6045,0.3344,,,HEURISTIC_PASS,C:\Users\spq\Desktop\贝强\02_Alibaba运营\01_店铺与全店诊断\全量商品审查_2026-09-04\全六图视觉二次审计_2026-09-04\cache\88a80b3236b4f077b93954e46e12f1a3d77b2892.jpg
121,10000044034049,AAGEjmk4AOWGexecDTURlI_i,BQ-017,2026 New Quilted Knit Lace-Up Walking Shoes A008 Solid Mesh Lining Breathable Chunky Sole Spring OEM ODM,approved,Y,4,https://sc04.alicdn.com/kf/S73d644150efe4ceb8c48e78459117f8fS.jpg,320,320,0.8775,0.8425,0.7393,0.5443,,,HEURISTIC_PASS,C:\Users\spq\Desktop\贝强\02_Alibaba运营\01_店铺与全店诊断\全量商品审查_2026-09-04\全六图视觉二次审计_2026-09-04\cache\a2975fdd8c4f3c180d83749e5e041e301082dbd3.jpg
121,10000044034049,AAGEjmk4AOWGexecDTURlI_i,BQ-017,2026 New Quilted Knit Lace-Up Walking Shoes A008 Solid Mesh Lining Breathable Chunky Sole Spring OEM ODM,approved,Y,5,https://sc04.alicdn.com/kf/Sbd323c45e0b04ab79f27caebdb95191dy.jpg,320,320,0.7475,0.8425,0.6298,0.1371,,,HEURISTIC_PASS,C:\Users\spq\Desktop\贝强\02_Alibaba运营\01_店铺与全店诊断\全量商品审查_2026-09-04\全六图视觉二次审计_2026-09-04\cache\f2c55679c4a6b599ba3391dadab809bd9b2197bb.jpg
121,10000044034049,AAGEjmk4AOWGexecDTURlI_i,BQ-017,2026 New Quilted Knit Lace-Up Walking Shoes A008 Solid Mesh Lining Breathable Chunky Sole Spring OEM ODM,approved,Y,6,https://sc04.alicdn.com/kf/Sdcec127d16ec447c8c0ba40309199a4bQ.jpg,320,320,0.7175,0.8425,0.6045,0.334,,,HEURISTIC_PASS,C:\Users\spq\Desktop\贝强\02_Alibaba运营\01_店铺与全店诊断\全量商品审查_2026-09-04\全六图视觉二次审计_2026-09-04\cache\d9cd4063193060200e18496e707ba22599c19f48.jpg
122,1601839050756,AAH3jmk4AOWGex-cDVm1ijfn,BQ030 / A811,Wholesale Kids Knit Textile Lace-Up Walking Shoes A811 EU 31-40 OEM ODM Light Weight Anti-Slip Comfort Mesh Solid Spring Autumn,approved,Y,1,https://sc04.alicdn.com/kf/H0d561d1c2bca4f9eb2ce69e9ea8a347eb.jpg,320,320,0.7375,0.4075,0.3005,0.18,P0_LOW_HERO_OCCUPANCY,,HEURISTIC_PASS,C:\Users\spq\Desktop\贝强\02_Alibaba运营\01_店铺与全店诊断\全量商品审查_2026-09-04\全六图视觉二次审计_2026-09-04\cache\f968c44f203b2a723eedd3a6379aec00e913fa3f.jpg
122,1601839050756,AAH3jmk4AOWGex-cDVm1ijfn,BQ030 / A811,Wholesale Kids Knit Textile Lace-Up Walking Shoes A811 EU 31-40 OEM ODM Light Weight Anti-Slip Comfort Mesh Solid Spring Autumn,approved,Y,2,https://sc04.alicdn.com/kf/Hbae4a37ad0184a278ce92dd2975b0be6s.jpg,,,,,,,DOWNLOAD_ERROR:URLError,,LOW_OCCUPANCY,C:\Users\spq\Desktop\贝强\02_Alibaba运营\01_店铺与全店诊断\全量商品审查_2026-09-04\全六图视觉二次审计_2026-09-04\cache\037817aeb5d0a3ab9ec5a3abd95baa890f204534.jpg
122,1601839050756,AAH3jmk4AOWGex-cDVm1ijfn,BQ030 / A811,Wholesale Kids Knit Textile Lace-Up Walking Shoes A811 EU 31-40 OEM ODM Light Weight Anti-Slip Comfort Mesh Solid Spring Autumn,approved,Y,3,https://sc04.alicdn.com/kf/H07698e973b8f47da91f7022ec34714f4h.jpg,320,320,0.7175,0.8425,0.6045,0.3259,,,HEURISTIC_PASS,C:\Users\spq\Desktop\贝强\02_Alibaba运营\01_店铺与全店诊断\全量商品审查_2026-09-04\全六图视觉二次审计_2026-09-04\cache\240bab6afd512789f86e8af0bfdd018510740e6f.jpg
122,1601839050756,AAH3jmk4AOWGex-cDVm1ijfn,BQ030 / A811,Wholesale Kids Knit Textile Lace-Up Walking Shoes A811 EU 31-40 OEM ODM Light Weight Anti-Slip Comfort Mesh Solid Spring Autumn,approved,Y,4,https://sc04.alicdn.com/kf/Hdeda5276d578430f8ef4072e0eac94b1U.jpg,320,320,0.8775,0.8425,0.7393,0.5222,,,HEURISTIC_PASS,C:\Users\spq\Desktop\贝强\02_Alibaba运营\01_店铺与全店诊断\全量商品审查_2026-09-04\全六图视觉二次审计_2026-09-04\cache\223d85d527907758eb345502e8c1ccad15288880.jpg
122,1601839050756,AAH3jmk4AOWGex-cDVm1ijfn,BQ030 / A811,Wholesale Kids Knit Textile Lace-Up Walking Shoes A811 EU 31-40 OEM ODM Light Weight Anti-Slip Comfort Mesh Solid Spring Autumn,approved,Y,5,https://sc04.alicdn.com/kf/Hb34c71c46d90481fbcd75a0c5bd8835a2.jpg,320,320,0.745,0.8425,0.6277,0.0703,,,HEURISTIC_PASS,C:\Users\spq\Desktop\贝强\02_Alibaba运营\01_店铺与全店诊断\全量商品审查_2026-09-04\全六图视觉二次审计_2026-09-04\cache\4944dc66de27f16c789365f0af8ca4456046c3ca.jpg
122,1601839050756,AAH3jmk4AOWGex-cDVm1ijfn,BQ030 / A811,Wholesale Kids Knit Textile Lace-Up Walking Shoes A811 EU 31-40 OEM ODM Light Weight Anti-Slip Comfort Mesh Solid Spring Autumn,approved,Y,6,https://sc04.alicdn.com/kf/H3855bb2443ea4d63a16833f4518d7d59R.jpg,320,320,0.7125,0.8425,0.6003,0.1544,,,HEURISTIC_PASS,C:\Users\spq\Desktop\贝强\02_Alibaba运营\01_店铺与全店诊断\全量商品审查_2026-09-04\全六图视觉二次审计_2026-09-04\cache\05f7e68fc8eddaf5719c945b9f979d7dd6e07b6a.jpg
123,1601838963947,AAG-jmk4AOWGex-cDVm1jNsI,BQ-021,2026 New All Black Slip-On Knit Walking Shoes BQ-021 Honeycomb Mesh Breathable Wave Sole Lightweight Sneakers OEM Spring/Autumn,approved,Y,1,https://sc04.alicdn.com/kf/H411571dab29041a5bb0cf765e10949e18.jpg,320,320,0.7425,0.3275,0.2432,0.1603,P0_LOW_HERO_OCCUPANCY,,HEURISTIC_PASS,C:\Users\spq\Desktop\贝强\02_Alibaba运营\01_店铺与全店诊断\全量商品审查_2026-09-04\全六图视觉二次审计_2026-09-04\cache\16b70b1fa05708046ee00dd8e1961937702b494f.jpg
123,1601838963947,AAG-jmk4AOWGex-cDVm1jNsI,BQ-021,2026 New All Black Slip-On Knit Walking Shoes BQ-021 Honeycomb Mesh Breathable Wave Sole Lightweight Sneakers OEM Spring/Autumn,approved,Y,2,https://sc04.alicdn.com/kf/H1fa6851e2a9342ba9816ccadd7682978r.jpg,320,320,0.81,0.8425,0.6824,0.1906,,,HEURISTIC_PASS,C:\Users\spq\Desktop\贝强\02_Alibaba运营\01_店铺与全店诊断\全量商品审查_2026-09-04\全六图视觉二次审计_2026-09-04\cache\65ab425e7ac78f4c507528aaa37483330cb08523.jpg
123,1601838963947,AAG-jmk4AOWGex-cDVm1jNsI,BQ-021,2026 New All Black Slip-On Knit Walking Shoes BQ-021 Honeycomb Mesh Breathable Wave Sole Lightweight Sneakers OEM Spring/Autumn,approved,Y,3,https://sc04.alicdn.com/kf/Ha005bfd6914a4a03b23bb24f2be5ae81k.jpg,320,320,0.7175,0.8425,0.6045,0.305,,,HEURISTIC_PASS,C:\Users\spq\Desktop\贝强\02_Alibaba运营\01_店铺与全店诊断\全量商品审查_2026-09-04\全六图视觉二次审计_2026-09-04\cache\4102f2a8a1439f2702b191004bdc998e4f13c853.jpg
123,1601838963947,AAG-jmk4AOWGex-cDVm1jNsI,BQ-021,2026 New All Black Slip-On Knit Walking Shoes BQ-021 Honeycomb Mesh Breathable Wave Sole Lightweight Sneakers OEM Spring/Autumn,approved,Y,4,https://sc04.alicdn.com/kf/H6eb3da46920244bfbb9c1b0619c4ca0fw.jpg,320,320,0.8025,0.8425,0.6761,0.0862,,,HEURISTIC_PASS,C:\Users\spq\Desktop\贝强\02_Alibaba运营\01_店铺与全店诊断\全量商品审查_2026-09-04\全六图视觉二次审计_2026-09-04\cache\290fb40b0ff6ddea4d01cfd48c6b89721fcf5bef.jpg
123,1601838963947,AAG-jmk4AOWGex-cDVm1jNsI,BQ-021,2026 New All Black Slip-On Knit Walking Shoes BQ-021 Honeycomb Mesh Breathable Wave Sole Lightweight Sneakers OEM Spring/Autumn,approved,Y,5,https://sc04.alicdn.com/kf/H27d39133739d4234832429dadeb2e348f.jpg,320,320,0.7375,0.8425,0.6213,0.0734,,,HEURISTIC_PASS,C:\Users\spq\Desktop\贝强\02_Alibaba运营\01_店铺与全店诊断\全量商品审查_2026-09-04\全六图视觉二次审计_2026-09-04\cache\231cd018d5d91c2b0a922db8d631d6be64b60070.jpg
123,1601838963947,AAG-jmk4AOWGex-cDVm1jNsI,BQ-021,2026 New All Black Slip-On Knit Walking Shoes BQ-021 Honeycomb Mesh Breathable Wave Sole Lightweight Sneakers OEM Spring/Autumn,approved,Y,6,https://sc04.alicdn.com/kf/Hca0bcb3d30b24a6ba9db128f76c523b5E.jpg,320,320,0.7175,0.8425,0.6045,0.2601,,,HEURISTIC_PASS,C:\Users\spq\Desktop\贝强\02_Alibaba运营\01_店铺与全店诊断\全量商品审查_2026-09-04\全六图视觉二次审计_2026-09-04\cache\458290db118acce3104e35e419d14b1cb1fa3bc0.jpg
124,10000047175212,AAEDjmk4AOWGexecDTURxHHP,BQ043 / 8008,Wholesale Model 8008 Knit Lace-Up Round Toe Chunky Sole EVA Midsole Walking Shoes Regular Fit EU 35-45 OEM ODM,approved,Y,1,https://sc04.alicdn.com/kf/S1e32ef9d6c2d4a1c8eebe11dddd5987fl.png,320,320,0.84,0.6325,0.5313,0.2839,,,HEURISTIC_PASS,C:\Users\spq\Desktop\贝强\02_Alibaba运营\01_店铺与全店诊断\全量商品审查_2026-09-04\全六图视觉二次审计_2026-09-04\cache\f3589928f333dde2208d1afbbbb04b1047d400a3.jpg
124,10000047175212,AAEDjmk4AOWGexecDTURxHHP,BQ043 / 8008,Wholesale Model 8008 Knit Lace-Up Round Toe Chunky Sole EVA Midsole Walking Shoes Regular Fit EU 35-45 OEM ODM,approved,Y,2,https://sc04.alicdn.com/kf/Sb264bcd95ae64f4aab0fa52b32ed7ef23.jpg,320,320,0.955,0.82,0.7831,0.7752,,,HEURISTIC_PASS,C:\Users\spq\Desktop\贝强\02_Alibaba运营\01_店铺与全店诊断\全量商品审查_2026-09-04\全六图视觉二次审计_2026-09-04\cache\72e260bbbfc193a6d2d0494d44aaf6e87d3af939.jpg
124,10000047175212,AAEDjmk4AOWGexecDTURxHHP,BQ043 / 8008,Wholesale Model 8008 Knit Lace-Up Round Toe Chunky Sole EVA Midsole Walking Shoes Regular Fit EU 35-45 OEM ODM,approved,Y,3,https://sc04.alicdn.com/kf/S1fc61bef8d254690ab9fa842a85fff11T.jpg,320,320,0.83,0.74,0.6142,0.5882,,,HEURISTIC_PASS,C:\Users\spq\Desktop\贝强\02_Alibaba运营\01_店铺与全店诊断\全量商品审查_2026-09-04\全六图视觉二次审计_2026-09-04\cache\298f21a096a2c39268fb0adc4fa9de3ca5aaee0d.jpg
124,10000047175212,AAEDjmk4AOWGexecDTURxHHP,BQ043 / 8008,Wholesale Model 8008 Knit Lace-Up Round Toe Chunky Sole EVA Midsole Walking Shoes Regular Fit EU 35-45 OEM ODM,approved,Y,4,https://sc04.alicdn.com/kf/S2ca41bb9de1e48039358ac190497a87eB.jpg,320,320,0.83,0.74,0.6142,0.5938,,,HEURISTIC_PASS,C:\Users\spq\Desktop\贝强\02_Alibaba运营\01_店铺与全店诊断\全量商品审查_2026-09-04\全六图视觉二次审计_2026-09-04\cache\d0cbd25e3ff834de11a0d4a08090c6ab3d161a4a.jpg
124,10000047175212,AAEDjmk4AOWGexecDTURxHHP,BQ043 / 8008,Wholesale Model 8008 Knit Lace-Up Round Toe Chunky Sole EVA Midsole Walking Shoes Regular Fit EU 35-45 OEM ODM,approved,Y,5,https://sc04.alicdn.com/kf/Sb3f4ddd73fee48cc85b0f1936481b3b85.jpg,320,320,0.9,0.9175,0.8257,0.199,,,HEURISTIC_PASS,C:\Users\spq\Desktop\贝强\02_Alibaba运营\01_店铺与全店诊断\全量商品审查_2026-09-04\全六图视觉二次审计_2026-09-04\cache\61011ce392f2eaf2b71e29ccdeea971cb14a49e7.jpg
124,10000047175212,AAEDjmk4AOWGexecDTURxHHP,BQ043 / 8008,Wholesale Model 8008 Knit Lace-Up Round Toe Chunky Sole EVA Midsole Walking Shoes Regular Fit EU 35-45 OEM ODM,approved,Y,6,https://sc04.alicdn.com/kf/S57ba482d4bc14ad29e76faa1cddf8539t.jpg,320,320,0.83,0.74,0.6142,0.6018,,,HEURISTIC_PASS,C:\Users\spq\Desktop\贝强\02_Alibaba运营\01_店铺与全店诊断\全量商品审查_2026-09-04\全六图视觉二次审计_2026-09-04\cache\5858cdfbe8ffe7e0366b082b74b63a8828f8359a.jpg
125,1601924792152,AAG1jmk4AOWGex-cDVm6rni7,BQ040 / 1689,Wholesale Knit Slip-On Walking Shoes Mesh Lining MD Foam Segmented Sole Lightweight Casual Sneakers for Men,approved,Y,1,https://sc04.alicdn.com/kf/H19cb6d0461b04bde8f7f60ef6327c775b.jpg,320,320,0.95,0.5125,0.4869,0.291,,,HEURISTIC_PASS,C:\Users\spq\Desktop\贝强\02_Alibaba运营\01_店铺与全店诊断\全量商品审查_2026-09-04\全六图视觉二次审计_2026-09-04\cache\63835ee81288e9c97dd895da3352430261de16ac.jpg
125,1601924792152,AAG1jmk4AOWGex-cDVm6rni7,BQ040 / 1689,Wholesale Knit Slip-On Walking Shoes Mesh Lining MD Foam Segmented Sole Lightweight Casual Sneakers for Men,approved,Y,2,https://sc04.alicdn.com/kf/Hac2b025021734ae484317663af06bb3fH.jpg,320,320,0.8675,0.91,0.7894,0.7376,,,HEURISTIC_PASS,C:\Users\spq\Desktop\贝强\02_Alibaba运营\01_店铺与全店诊断\全量商品审查_2026-09-04\全六图视觉二次审计_2026-09-04\cache\4a689ad163dbeaac9c78353fa902c39e7d1f53b3.jpg
125,1601924792152,AAG1jmk4AOWGex-cDVm6rni7,BQ040 / 1689,Wholesale Knit Slip-On Walking Shoes Mesh Lining MD Foam Segmented Sole Lightweight Casual Sneakers for Men,approved,Y,3,https://sc04.alicdn.com/kf/H681b2320fc324771ac97f559c9897159V.jpg,320,320,0.7775,0.9175,0.7134,0.5693,,,HEURISTIC_PASS,C:\Users\spq\Desktop\贝强\02_Alibaba运营\01_店铺与全店诊断\全量商品审查_2026-09-04\全六图视觉二次审计_2026-09-04\cache\21e13af636b0ef98e0d4025a53f9a17e96d1274e.jpg
125,1601924792152,AAG1jmk4AOWGex-cDVm6rni7,BQ040 / 1689,Wholesale Knit Slip-On Walking Shoes Mesh Lining MD Foam Segmented Sole Lightweight Casual Sneakers for Men,approved,Y,4,https://sc04.alicdn.com/kf/Hd9620e38e7f14918b47d1c2bc2bc668db.jpg,320,320,0.755,0.92,0.6946,0.6307,,,HEURISTIC_PASS,C:\Users\spq\Desktop\贝强\02_Alibaba运营\01_店铺与全店诊断\全量商品审查_2026-09-04\全六图视觉二次审计_2026-09-04\cache\a8c14a048bc7c876f9631902f90d008a4a3d1e51.jpg
125,1601924792152,AAG1jmk4AOWGex-cDVm6rni7,BQ040 / 1689,Wholesale Knit Slip-On Walking Shoes Mesh Lining MD Foam Segmented Sole Lightweight Casual Sneakers for Men,approved,Y,5,https://sc04.alicdn.com/kf/H86a8f02c3112461481d6f4f6cea35b81n.jpg,320,320,0.9,0.9175,0.8257,0.1803,,,HEURISTIC_PASS,C:\Users\spq\Desktop\贝强\02_Alibaba运营\01_店铺与全店诊断\全量商品审查_2026-09-04\全六图视觉二次审计_2026-09-04\cache\6259b8d564567ae82238e846f3ed75530ad32ca3.jpg
125,1601924792152,AAG1jmk4AOWGex-cDVm6rni7,BQ040 / 1689,Wholesale Knit Slip-On Walking Shoes Mesh Lining MD Foam Segmented Sole Lightweight Casual Sneakers for Men,approved,Y,6,https://sc04.alicdn.com/kf/H8a562ec2d7024067a4ff5da7b0061ad5Q.jpg,320,320,0.955,0.84,0.8022,0.6139,,,HEURISTIC_PASS,C:\Users\spq\Desktop\贝强\02_Alibaba运营\01_店铺与全店诊断\全量商品审查_2026-09-04\全六图视觉二次审计_2026-09-04\cache\7876fe0c0708a883125ade739f5c7b1ebe2c9ae5.jpg
126,10000047198577,AAGrjmk4AOWGexecDTURxNaS,BQ048 / A212,Wholesale Model A212 Light Weight Breathable Knit Slip-On Walking Shoes with Plastic Outsole and Fleece Option EU 35-45,approved,Y,1,https://sc04.alicdn.com/kf/S1905787b5c5b40a994ccb0f3036825eb6.jpg,320,320,0.9525,0.8275,0.7882,0.7815,,,HEURISTIC_PASS,C:\Users\spq\Desktop\贝强\02_Alibaba运营\01_店铺与全店诊断\全量商品审查_2026-09-04\全六图视觉二次审计_2026-09-04\cache\1bd6ecc54495d515a9a51a7877203f4741ebdf01.jpg
126,10000047198577,AAGrjmk4AOWGexecDTURxNaS,BQ048 / A212,Wholesale Model A212 Light Weight Breathable Knit Slip-On Walking Shoes with Plastic Outsole and Fleece Option EU 35-45,approved,Y,2,https://sc04.alicdn.com/kf/S2e182987b56445148838b8e8df6739cc7.jpg,320,320,0.7975,0.8475,0.6759,0.6475,,,HEURISTIC_PASS,C:\Users\spq\Desktop\贝强\02_Alibaba运营\01_店铺与全店诊断\全量商品审查_2026-09-04\全六图视觉二次审计_2026-09-04\cache\daa1880b2fa01510d49fa31f7cf0b5e26a7a3d3e.jpg
126,10000047198577,AAGrjmk4AOWGexecDTURxNaS,BQ048 / A212,Wholesale Model A212 Light Weight Breathable Knit Slip-On Walking Shoes with Plastic Outsole and Fleece Option EU 35-45,approved,Y,3,https://sc04.alicdn.com/kf/Sefd5a8e497b742ebafba74517512dd40O.jpg,320,320,0.95,0.745,0.7077,0.6614,,,HEURISTIC_PASS,C:\Users\spq\Desktop\贝强\02_Alibaba运营\01_店铺与全店诊断\全量商品审查_2026-09-04\全六图视觉二次审计_2026-09-04\cache\1107b8154babe40e549479ca220789b1bdb60215.jpg
126,10000047198577,AAGrjmk4AOWGexecDTURxNaS,BQ048 / A212,Wholesale Model A212 Light Weight Breathable Knit Slip-On Walking Shoes with Plastic Outsole and Fleece Option EU 35-45,approved,Y,4,https://sc04.alicdn.com/kf/S3dc980dbe39440519f673ef33f239953l.jpg,320,320,0.95,0.825,0.7837,0.5859,,,HEURISTIC_PASS,C:\Users\spq\Desktop\贝强\02_Alibaba运营\01_店铺与全店诊断\全量商品审查_2026-09-04\全六图视觉二次审计_2026-09-04\cache\72760ec081b18dc2aa0132973404418d2242928d.jpg
126,10000047198577,AAGrjmk4AOWGexecDTURxNaS,BQ048 / A212,Wholesale Model A212 Light Weight Breathable Knit Slip-On Walking Shoes with Plastic Outsole and Fleece Option EU 35-45,approved,Y,5,https://sc04.alicdn.com/kf/S45c68598bb844d58b6b26b2426d71418z.jpg,320,320,0.9,0.9175,0.8257,0.2519,,,HEURISTIC_PASS,C:\Users\spq\Desktop\贝强\02_Alibaba运营\01_店铺与全店诊断\全量商品审查_2026-09-04\全六图视觉二次审计_2026-09-04\cache\0eb08375f0b958c43a7a441aa1e60110ecdaae66.jpg
126,10000047198577,AAGrjmk4AOWGexecDTURxNaS,BQ048 / A212,Wholesale Model A212 Light Weight Breathable Knit Slip-On Walking Shoes with Plastic Outsole and Fleece Option EU 35-45,approved,Y,6,https://sc04.alicdn.com/kf/Sc08d458f052a4d23a4a65f0558963b5e7.jpg,320,320,0.8175,0.8675,0.7092,0.5707,,,HEURISTIC_PASS,C:\Users\spq\Desktop\贝强\02_Alibaba运营\01_店铺与全店诊断\全量商品审查_2026-09-04\全六图视觉二次审计_2026-09-04\cache\59fe0140ff8a63827f189e444eefc8fa73e5d014.jpg
127,10000046705043,AAF6jmk4AOWGexecDTURvU5w,BQ-035 / A001,Wholesale Men's Knit Backless Slip-On Mule Shoes Breathable Anti-Slip Mesh Lining Lightweight Casual Walking Clogs Spring Autumn,approved,Y,1,https://sc04.alicdn.com/kf/Sf105e67cde4c4a1990dd639442eb5d55w.jpg,320,320,0.8475,0.7725,0.6547,0.6546,,,EDGE_GRAPHIC_OR_DARK_BACKGROUND,C:\Users\spq\Desktop\贝强\02_Alibaba运营\01_店铺与全店诊断\全量商品审查_2026-09-04\全六图视觉二次审计_2026-09-04\cache\1e1a42007e9d002ec47d03e621b36daaa0a999c3.jpg
127,10000046705043,AAF6jmk4AOWGexecDTURvU5w,BQ-035 / A001,Wholesale Men's Knit Backless Slip-On Mule Shoes Breathable Anti-Slip Mesh Lining Lightweight Casual Walking Clogs Spring Autumn,approved,Y,2,https://sc04.alicdn.com/kf/S9f74d79908684c2aa2696d043ea28866t.jpg,320,320,0.955,0.8375,0.7998,0.7925,,,EDGE_GRAPHIC_OR_DARK_BACKGROUND,C:\Users\spq\Desktop\贝强\02_Alibaba运营\01_店铺与全店诊断\全量商品审查_2026-09-04\全六图视觉二次审计_2026-09-04\cache\2b5ebb208ae3b405c83dbcf7b87a8f2dd7a04798.jpg
127,10000046705043,AAF6jmk4AOWGexecDTURvU5w,BQ-035 / A001,Wholesale Men's Knit Backless Slip-On Mule Shoes Breathable Anti-Slip Mesh Lining Lightweight Casual Walking Clogs Spring Autumn,approved,Y,3,https://sc04.alicdn.com/kf/Saedff14d98a048f5b88c980a26d6f1c1D.jpg,320,320,0.955,0.875,0.8356,0.8117,,,EDGE_GRAPHIC_OR_DARK_BACKGROUND,C:\Users\spq\Desktop\贝强\02_Alibaba运营\01_店铺与全店诊断\全量商品审查_2026-09-04\全六图视觉二次审计_2026-09-04\cache\4d3e850eaa11c63e714e477311f90432a86fddcd.jpg
127,10000046705043,AAF6jmk4AOWGexecDTURvU5w,BQ-035 / A001,Wholesale Men's Knit Backless Slip-On Mule Shoes Breathable Anti-Slip Mesh Lining Lightweight Casual Walking Clogs Spring Autumn,approved,Y,4,https://sc04.alicdn.com/kf/S9d6e20b656b04e09bc70124353956006l.jpg,320,320,0.955,0.8625,0.8237,0.8072,,,EDGE_GRAPHIC_OR_DARK_BACKGROUND,C:\Users\spq\Desktop\贝强\02_Alibaba运营\01_店铺与全店诊断\全量商品审查_2026-09-04\全六图视觉二次审计_2026-09-04\cache\ab171db3fca85308f85e29e5f5ba2c4f62ebc795.jpg
127,10000046705043,AAF6jmk4AOWGexecDTURvU5w,BQ-035 / A001,Wholesale Men's Knit Backless Slip-On Mule Shoes Breathable Anti-Slip Mesh Lining Lightweight Casual Walking Clogs Spring Autumn,approved,Y,5,https://sc04.alicdn.com/kf/S26c53fd863a246ec9367d746ed890eabs.jpg,320,320,0.595,0.9175,0.5459,0.1432,,,HEURISTIC_PASS,C:\Users\spq\Desktop\贝强\02_Alibaba运营\01_店铺与全店诊断\全量商品审查_2026-09-04\全六图视觉二次审计_2026-09-04\cache\e161220b3a99ef16aaf28434b2c6fe3c62bf2bdd.jpg
127,10000046705043,AAF6jmk4AOWGexecDTURvU5w,BQ-035 / A001,Wholesale Men's Knit Backless Slip-On Mule Shoes Breathable Anti-Slip Mesh Lining Lightweight Casual Walking Clogs Spring Autumn,approved,Y,6,https://sc04.alicdn.com/kf/Scf3444c6e97b471d9773b6d22e785e96J.jpg,320,320,0.93,0.8425,0.7835,0.7664,,,EDGE_GRAPHIC_OR_DARK_BACKGROUND,C:\Users\spq\Desktop\贝强\02_Alibaba运营\01_店铺与全店诊断\全量商品审查_2026-09-04\全六图视觉二次审计_2026-09-04\cache\eee20db01380712e196e3c6260791b2679c43f9f.jpg
128,1601924292931,AAEAjmk4AOWGex-cDVm6puag,BQ036 / 8025,Wholesale High Top Knit Sock Sneakers Slip-On EVA Sole Mesh Lining Casual Walking Shoes for Men and Women,approved,Y,1,https://sc04.alicdn.com/kf/Hea345f09c7b2434583c9f1ba36a8fe52j.jpg,320,320,0.9,0.715,0.6435,0.611,,,HEURISTIC_PASS,C:\Users\spq\Desktop\贝强\02_Alibaba运营\01_店铺与全店诊断\全量商品审查_2026-09-04\全六图视觉二次审计_2026-09-04\cache\da4480f0606cb6ac95b196b43b9ffaa13740c1a3.jpg
128,1601924292931,AAEAjmk4AOWGex-cDVm6puag,BQ036 / 8025,Wholesale High Top Knit Sock Sneakers Slip-On EVA Sole Mesh Lining Casual Walking Shoes for Men and Women,approved,Y,2,https://sc04.alicdn.com/kf/H352302f6bb534a4bb06fc22f3a57cc55Z.jpg,320,320,0.905,0.645,0.5837,0.5567,,,HEURISTIC_PASS,C:\Users\spq\Desktop\贝强\02_Alibaba运营\01_店铺与全店诊断\全量商品审查_2026-09-04\全六图视觉二次审计_2026-09-04\cache\c505ca5488539e92e658941d6cad6f458bc7f8ab.jpg
128,1601924292931,AAEAjmk4AOWGex-cDVm6puag,BQ036 / 8025,Wholesale High Top Knit Sock Sneakers Slip-On EVA Sole Mesh Lining Casual Walking Shoes for Men and Women,approved,Y,3,https://sc04.alicdn.com/kf/H77c20405b2de4ddf925d707cc059140dJ.jpg,320,320,0.9,0.715,0.6435,0.627,,,HEURISTIC_PASS,C:\Users\spq\Desktop\贝强\02_Alibaba运营\01_店铺与全店诊断\全量商品审查_2026-09-04\全六图视觉二次审计_2026-09-04\cache\f563a9db5576cae5701ba3bb4de51143784f4dab.jpg
128,1601924292931,AAEAjmk4AOWGex-cDVm6puag,BQ036 / 8025,Wholesale High Top Knit Sock Sneakers Slip-On EVA Sole Mesh Lining Casual Walking Shoes for Men and Women,approved,Y,4,https://sc04.alicdn.com/kf/Hdac795b310a649b3b579040158d15b10q.jpg,320,320,0.9,0.8025,0.7222,0.6837,,,HEURISTIC_PASS,C:\Users\spq\Desktop\贝强\02_Alibaba运营\01_店铺与全店诊断\全量商品审查_2026-09-04\全六图视觉二次审计_2026-09-04\cache\0b39a12aae4c4fe80bd9d271fd34eb475d530b19.jpg
128,1601924292931,AAEAjmk4AOWGex-cDVm6puag,BQ036 / 8025,Wholesale High Top Knit Sock Sneakers Slip-On EVA Sole Mesh Lining Casual Walking Shoes for Men and Women,approved,Y,5,https://sc04.alicdn.com/kf/Haa7ec06e23c948a68c444e376c065215s.jpg,320,320,0.595,0.9175,0.5459,0.1275,,,HEURISTIC_PASS,C:\Users\spq\Desktop\贝强\02_Alibaba运营\01_店铺与全店诊断\全量商品审查_2026-09-04\全六图视觉二次审计_2026-09-04\cache\975cc0356c1648e0b54789825d3bf9d5d6b628d0.jpg
128,1601924292931,AAEAjmk4AOWGex-cDVm6puag,BQ036 / 8025,Wholesale High Top Knit Sock Sneakers Slip-On EVA Sole Mesh Lining Casual Walking Shoes for Men and Women,approved,Y,6,https://sc04.alicdn.com/kf/H54fec394f9f84edf92cc69d318f605f2w.jpg,320,320,0.9,0.765,0.6885,0.6545,,,HEURISTIC_PASS,C:\Users\spq\Desktop\贝强\02_Alibaba运营\01_店铺与全店诊断\全量商品审查_2026-09-04\全六图视觉二次审计_2026-09-04\cache\40278fa5b278adbd8982d30086befdbc0db72c39.jpg
129,1601839105416,AAFHjmk4AOWGex-cDVm1iwJr,BQ028 / 7212,Wholesale Light Weight Breathable Knit Textile Slip-On Biscuit Sole Casual Shoes Spring Autumn 7212 EU 35-45 OEM ODM,approved,Y,1,https://sc04.alicdn.com/kf/Sd6a3d1c80bd440bbb5a814d29fe4a750r.jpg,320,320,1.0,1.0,1.0,0.9703,,,EDGE_CROP_OR_FULL_CANVAS;COMPLEX_OR_COLLAGE_BACKGROUND;EDGE_GRAPHIC_OR_DARK_BACKGROUND,C:\Users\spq\Desktop\贝强\02_Alibaba运营\01_店铺与全店诊断\全量商品审查_2026-09-04\全六图视觉二次审计_2026-09-04\cache\65562c0156bc84a1e81f29929c9e67b085e68f88.jpg
129,1601839105416,AAFHjmk4AOWGex-cDVm1iwJr,BQ028 / 7212,Wholesale Light Weight Breathable Knit Textile Slip-On Biscuit Sole Casual Shoes Spring Autumn 7212 EU 35-45 OEM ODM,approved,Y,2,https://sc04.alicdn.com/kf/Se1b266670a0e495aa7b98256339d9d6f4.jpg,320,320,0.8775,0.8425,0.7393,0.4932,,,HEURISTIC_PASS,C:\Users\spq\Desktop\贝强\02_Alibaba运营\01_店铺与全店诊断\全量商品审查_2026-09-04\全六图视觉二次审计_2026-09-04\cache\0eeefbc5cb81137bbc03fdc99f88b996cd3d1c85.jpg
129,1601839105416,AAFHjmk4AOWGex-cDVm1iwJr,BQ028 / 7212,Wholesale Light Weight Breathable Knit Textile Slip-On Biscuit Sole Casual Shoes Spring Autumn 7212 EU 35-45 OEM ODM,approved,Y,3,https://sc04.alicdn.com/kf/H2075212347a3493cbc7d073eea1a589bx.jpg,320,320,0.8775,0.8425,0.7393,0.5361,,,HEURISTIC_PASS,C:\Users\spq\Desktop\贝强\02_Alibaba运营\01_店铺与全店诊断\全量商品审查_2026-09-04\全六图视觉二次审计_2026-09-04\cache\021d17ca767840d1a657797caeb78ca1038c79c6.jpg
129,1601839105416,AAFHjmk4AOWGex-cDVm1iwJr,BQ028 / 7212,Wholesale Light Weight Breathable Knit Textile Slip-On Biscuit Sole Casual Shoes Spring Autumn 7212 EU 35-45 OEM ODM,approved,Y,4,https://sc04.alicdn.com/kf/H705e697e35024ecaa16f7d40aadc2ce2X.jpg,320,320,0.8775,0.8425,0.7393,0.437,,,HEURISTIC_PASS,C:\Users\spq\Desktop\贝强\02_Alibaba运营\01_店铺与全店诊断\全量商品审查_2026-09-04\全六图视觉二次审计_2026-09-04\cache\cfccc978ffe112464a15d127cee79e2be8308a40.jpg
129,1601839105416,AAFHjmk4AOWGex-cDVm1iwJr,BQ028 / 7212,Wholesale Light Weight Breathable Knit Textile Slip-On Biscuit Sole Casual Shoes Spring Autumn 7212 EU 35-45 OEM ODM,approved,Y,5,https://sc04.alicdn.com/kf/H51a5f6dacbcf4932893111c0f39e7df5T.jpg,320,320,0.87,0.84,0.7308,0.1226,,,HEURISTIC_PASS,C:\Users\spq\Desktop\贝强\02_Alibaba运营\01_店铺与全店诊断\全量商品审查_2026-09-04\全六图视觉二次审计_2026-09-04\cache\f49c5bf2bc520d943e22c91fe99c039249b44c5b.jpg
129,1601839105416,AAFHjmk4AOWGex-cDVm1iwJr,BQ028 / 7212,Wholesale Light Weight Breathable Knit Textile Slip-On Biscuit Sole Casual Shoes Spring Autumn 7212 EU 35-45 OEM ODM,approved,Y,6,https://sc04.alicdn.com/kf/H0102c4eb59dc4650b12b33e9474414bdc.jpg,320,320,0.7225,0.8425,0.6087,0.3495,,,HEURISTIC_PASS,C:\Users\spq\Desktop\贝强\02_Alibaba运营\01_店铺与全店诊断\全量商品审查_2026-09-04\全六图视觉二次审计_2026-09-04\cache\773ef03a8aeeed38e598f505b0cc9ce0769d883a.jpg
130,10000044041008,AAGKjmk4AOWGexecDTURlKTT,BQ-019,2026 New Solid Spring Autumn Breathable Knit Lace-Up Walking Shoes Honeycomb Mesh Chunky Cloud Sole Sneakers OEM ODM,approved,Y,1,https://sc04.alicdn.com/kf/Sd80709b3f6244fea9417ae1480c33a4dA.jpg,320,320,0.74,0.46,0.3404,0.2163,P0_LOW_HERO_OCCUPANCY,,HEURISTIC_PASS,C:\Users\spq\Desktop\贝强\02_Alibaba运营\01_店铺与全店诊断\全量商品审查_2026-09-04\全六图视觉二次审计_2026-09-04\cache\7def1f819852e194a21e58d6e9fdbc0ce0d64206.jpg
130,10000044041008,AAGKjmk4AOWGexecDTURlKTT,BQ-019,2026 New Solid Spring Autumn Breathable Knit Lace-Up Walking Shoes Honeycomb Mesh Chunky Cloud Sole Sneakers OEM ODM,approved,Y,2,https://sc04.alicdn.com/kf/S5ba9ab674b96413abe42a759ea44a379a.jpg,320,320,0.795,0.8425,0.6698,0.2407,,,HEURISTIC_PASS,C:\Users\spq\Desktop\贝强\02_Alibaba运营\01_店铺与全店诊断\全量商品审查_2026-09-04\全六图视觉二次审计_2026-09-04\cache\60ff9068b6ff5b8308737724e0c731f3ec9800ba.jpg
130,10000044041008,AAGKjmk4AOWGexecDTURlKTT,BQ-019,2026 New Solid Spring Autumn Breathable Knit Lace-Up Walking Shoes Honeycomb Mesh Chunky Cloud Sole Sneakers OEM ODM,approved,Y,3,https://sc04.alicdn.com/kf/Sb0bd3886fa2641518a7967a99a0e85a5T.jpg,320,320,0.7175,0.8425,0.6045,0.3217,,,HEURISTIC_PASS,C:\Users\spq\Desktop\贝强\02_Alibaba运营\01_店铺与全店诊断\全量商品审查_2026-09-04\全六图视觉二次审计_2026-09-04\cache\bc9a93e8c935af72928089ec8a44209a88da60d4.jpg
130,10000044041008,AAGKjmk4AOWGexecDTURlKTT,BQ-019,2026 New Solid Spring Autumn Breathable Knit Lace-Up Walking Shoes Honeycomb Mesh Chunky Cloud Sole Sneakers OEM ODM,approved,Y,4,https://sc04.alicdn.com/kf/Sd1fbc4cd466c4ad597bfad8eec7f37519.jpg,320,320,0.8775,0.8425,0.7393,0.5423,,,HEURISTIC_PASS,C:\Users\spq\Desktop\贝强\02_Alibaba运营\01_店铺与全店诊断\全量商品审查_2026-09-04\全六图视觉二次审计_2026-09-04\cache\37eb2afe18f56dbf8b3962dc1e5e459144b27d0c.jpg
130,10000044041008,AAGKjmk4AOWGexecDTURlKTT,BQ-019,2026 New Solid Spring Autumn Breathable Knit Lace-Up Walking Shoes Honeycomb Mesh Chunky Cloud Sole Sneakers OEM ODM,approved,Y,5,https://sc04.alicdn.com/kf/Sd5481f66b86b441f8fb78d34a1fe5c21A.jpg,320,320,0.7475,0.8425,0.6298,0.0846,,,HEURISTIC_PASS,C:\Users\spq\Desktop\贝强\02_Alibaba运营\01_店铺与全店诊断\全量商品审查_2026-09-04\全六图视觉二次审计_2026-09-04\cache\020aba7349bb3974c517afb5a34bc67797086c90.jpg
130,10000044041008,AAGKjmk4AOWGexecDTURlKTT,BQ-019,2026 New Solid Spring Autumn Breathable Knit Lace-Up Walking Shoes Honeycomb Mesh Chunky Cloud Sole Sneakers OEM ODM,approved,Y,6,https://sc04.alicdn.com/kf/S6a6b7804b3784eaaae7f299305a4f4b9z.jpg,320,320,0.7175,0.8425,0.6045,0.3345,,,HEURISTIC_PASS,C:\Users\spq\Desktop\贝强\02_Alibaba运营\01_店铺与全店诊断\全量商品审查_2026-09-04\全六图视觉二次审计_2026-09-04\cache\3dfb757cbbce217352f4f97b3421e0061dcd5a40.jpg
131,10000044011929,AAFDjmk4AOWGexecDTURlDZ6,BQ026 / T5828,Wholesale Solid Light Weight Anti-Slip Comfort Lace-Up Walking Shoes T5828 Spring Autumn Casual Shoes OEM ODM,approved,Y,1,https://sc04.alicdn.com/kf/S26fbe73b25f64bcca29fd408b33f9069k.jpg,320,320,0.8175,0.36,0.2943,0.1953,P0_LOW_HERO_OCCUPANCY,,HEURISTIC_PASS,C:\Users\spq\Desktop\贝强\02_Alibaba运营\01_店铺与全店诊断\全量商品审查_2026-09-04\全六图视觉二次审计_2026-09-04\cache\bf1e004d276b48e2b5cafab6413d940d6f00fde5.jpg
131,10000044011929,AAFDjmk4AOWGexecDTURlDZ6,BQ026 / T5828,Wholesale Solid Light Weight Anti-Slip Comfort Lace-Up Walking Shoes T5828 Spring Autumn Casual Shoes OEM ODM,approved,Y,2,https://sc04.alicdn.com/kf/S1b1b96c084144ae7b580cf1e81e6d481A.jpg,320,320,0.85,0.8425,0.7161,0.2286,,,HEURISTIC_PASS,C:\Users\spq\Desktop\贝强\02_Alibaba运营\01_店铺与全店诊断\全量商品审查_2026-09-04\全六图视觉二次审计_2026-09-04\cache\51c754c55e0010adaf49fc9501256f1e0b4108c0.jpg
131,10000044011929,AAFDjmk4AOWGexecDTURlDZ6,BQ026 / T5828,Wholesale Solid Light Weight Anti-Slip Comfort Lace-Up Walking Shoes T5828 Spring Autumn Casual Shoes OEM ODM,approved,Y,3,https://sc04.alicdn.com/kf/S8776004951824f1aa49d9ce2ecb207605.jpg,320,320,0.7,0.8425,0.5897,0.1097,,,HEURISTIC_PASS,C:\Users\spq\Desktop\贝强\02_Alibaba运营\01_店铺与全店诊断\全量商品审查_2026-09-04\全六图视觉二次审计_2026-09-04\cache\c32c4e2af2984decef497fe429287ea6c0670637.jpg
131,10000044011929,AAFDjmk4AOWGexecDTURlDZ6,BQ026 / T5828,Wholesale Solid Light Weight Anti-Slip Comfort Lace-Up Walking Shoes T5828 Spring Autumn Casual Shoes OEM ODM,approved,Y,4,https://sc04.alicdn.com/kf/Sbd080162d58946408931fa71da5afad7n.jpg,320,320,0.845,0.8425,0.7119,0.2239,,,HEURISTIC_PASS,C:\Users\spq\Desktop\贝强\02_Alibaba运营\01_店铺与全店诊断\全量商品审查_2026-09-04\全六图视觉二次审计_2026-09-04\cache\b5f5c985842d94e47b722e5f7ef07df4df8e3c14.jpg
131,10000044011929,AAFDjmk4AOWGexecDTURlDZ6,BQ026 / T5828,Wholesale Solid Light Weight Anti-Slip Comfort Lace-Up Walking Shoes T5828 Spring Autumn Casual Shoes OEM ODM,approved,Y,5,https://sc04.alicdn.com/kf/S2d6aac244d86412ca4f0df2c25574a77h.jpg,320,320,0.7425,0.8425,0.6256,0.0642,,,HEURISTIC_PASS,C:\Users\spq\Desktop\贝强\02_Alibaba运营\01_店铺与全店诊断\全量商品审查_2026-09-04\全六图视觉二次审计_2026-09-04\cache\efcdaf903298a81e5766a9810f12b716955d29ef.jpg
131,10000044011929,AAFDjmk4AOWGexecDTURlDZ6,BQ026 / T5828,Wholesale Solid Light Weight Anti-Slip Comfort Lace-Up Walking Shoes T5828 Spring Autumn Casual Shoes OEM ODM,approved,Y,6,https://sc04.alicdn.com/kf/Se0d3acd1ff404b0ca2e94a9d2ea1672ff.jpg,320,320,0.7,0.8425,0.5897,0.1208,,,HEURISTIC_PASS,C:\Users\spq\Desktop\贝强\02_Alibaba运营\01_店铺与全店诊断\全量商品审查_2026-09-04\全六图视觉二次审计_2026-09-04\cache\c5a7dc3e2495672063603cbf9d264adece51e577.jpg
132,1601839062659,AAESjmk4AOWGex-cDVm1illg,BQ029 / A025,Wholesale High Top Knit Textile Slip-On Walking Shoes Breathable Anti-Slip Comfort Spring Autumn A025 EU 35-45 OEM ODM,approved,Y,1,https://sc04.alicdn.com/kf/Ha19e109c3cdf4ea591c4f459142fdca4C.jpg,320,320,0.665,0.565,0.3757,0.2004,,,HEURISTIC_PASS,C:\Users\spq\Desktop\贝强\02_Alibaba运营\01_店铺与全店诊断\全量商品审查_2026-09-04\全六图视觉二次审计_2026-09-04\cache\7fe298f084078684cf84e47a0e292585470cf3a0.jpg
132,1601839062659,AAESjmk4AOWGex-cDVm1illg,BQ029 / A025,Wholesale High Top Knit Textile Slip-On Walking Shoes Breathable Anti-Slip Comfort Spring Autumn A025 EU 35-45 OEM ODM,approved,Y,2,https://sc04.alicdn.com/kf/Ha3f2794c031d4451b43cb752850a9744S.jpg,320,320,0.8775,0.8425,0.7393,0.5253,,,HEURISTIC_PASS,C:\Users\spq\Desktop\贝强\02_Alibaba运营\01_店铺与全店诊断\全量商品审查_2026-09-04\全六图视觉二次审计_2026-09-04\cache\f076c3d4b9963e9c70bcef425e4477c2a6f27529.jpg
132,1601839062659,AAESjmk4AOWGex-cDVm1illg,BQ029 / A025,Wholesale High Top Knit Textile Slip-On Walking Shoes Breathable Anti-Slip Comfort Spring Autumn A025 EU 35-45 OEM ODM,approved,Y,3,https://sc04.alicdn.com/kf/Hfa50d261da1545c882de597704d94dcfb.jpg,320,320,0.7175,0.8425,0.6045,0.3312,,,HEURISTIC_PASS,C:\Users\spq\Desktop\贝强\02_Alibaba运营\01_店铺与全店诊断\全量商品审查_2026-09-04\全六图视觉二次审计_2026-09-04\cache\73d321dae096714316d29e8c512c77b47127a756.jpg
132,1601839062659,AAESjmk4AOWGex-cDVm1illg,BQ029 / A025,Wholesale High Top Knit Textile Slip-On Walking Shoes Breathable Anti-Slip Comfort Spring Autumn A025 EU 35-45 OEM ODM,approved,Y,4,https://sc04.alicdn.com/kf/Hea9dd936b673411b95459b623dc1e271t.jpg,320,320,0.8775,0.8425,0.7393,0.5266,,,HEURISTIC_PASS,C:\Users\spq\Desktop\贝强\02_Alibaba运营\01_店铺与全店诊断\全量商品审查_2026-09-04\全六图视觉二次审计_2026-09-04\cache\6a0cbd3d402523261de9e10d892de78e769e041e.jpg
132,1601839062659,AAESjmk4AOWGex-cDVm1illg,BQ029 / A025,Wholesale High Top Knit Textile Slip-On Walking Shoes Breathable Anti-Slip Comfort Spring Autumn A025 EU 35-45 OEM ODM,approved,Y,5,https://sc04.alicdn.com/kf/H3825b9aebe2c4038bfb3b004764916ce5.jpg,320,320,0.7375,0.8425,0.6213,0.0553,,,HEURISTIC_PASS,C:\Users\spq\Desktop\贝强\02_Alibaba运营\01_店铺与全店诊断\全量商品审查_2026-09-04\全六图视觉二次审计_2026-09-04\cache\9f13822102dcc796e40139468afb8e194244104c.jpg
132,1601839062659,AAESjmk4AOWGex-cDVm1illg,BQ029 / A025,Wholesale High Top Knit Textile Slip-On Walking Shoes Breathable Anti-Slip Comfort Spring Autumn A025 EU 35-45 OEM ODM,approved,Y,6,https://sc04.alicdn.com/kf/H9e3a803fe2f943fc9afea80ce45fe284L.jpg,320,320,0.7175,0.8425,0.6045,0.3386,,,HEURISTIC_PASS,C:\Users\spq\Desktop\贝强\02_Alibaba运营\01_店铺与全店诊断\全量商品审查_2026-09-04\全六图视觉二次审计_2026-09-04\cache\45d215aeded94895289817a09322ef5d704a43e2.jpg
133,1601814931739,AAENjmk4AOWGex-cDVmzGi74,BQ006 / M8811,Wholesale Summer Autumn Breathable Anti-Slip Knit Lace-Up Walking Shoes M8811 Thick EVA Sole Lightweight Casual Sneakers OEM ODM,approved,Y,1,https://sc04.alicdn.com/kf/H2dde7189fee14178ac931474c7ce48a7x.jpg,320,320,0.8425,0.42,0.3538,0.2056,P0_LOW_HERO_OCCUPANCY,,HEURISTIC_PASS,C:\Users\spq\Desktop\贝强\02_Alibaba运营\01_店铺与全店诊断\全量商品审查_2026-09-04\全六图视觉二次审计_2026-09-04\cache\beb3ba840ef7397119ac87751509c30b2125bacb.jpg
133,1601814931739,AAENjmk4AOWGex-cDVmzGi74,BQ006 / M8811,Wholesale Summer Autumn Breathable Anti-Slip Knit Lace-Up Walking Shoes M8811 Thick EVA Sole Lightweight Casual Sneakers OEM ODM,approved,Y,2,https://sc04.alicdn.com/kf/H864ee8ca026d4aa68ff48d7e5d81d1b21.jpg,320,320,0.87,0.43,0.3741,0.2179,,,HEURISTIC_PASS,C:\Users\spq\Desktop\贝强\02_Alibaba运营\01_店铺与全店诊断\全量商品审查_2026-09-04\全六图视觉二次审计_2026-09-04\cache\ba297fa8a0e203abf70c3b9dd4cab7abebef355e.jpg
133,1601814931739,AAENjmk4AOWGex-cDVmzGi74,BQ006 / M8811,Wholesale Summer Autumn Breathable Anti-Slip Knit Lace-Up Walking Shoes M8811 Thick EVA Sole Lightweight Casual Sneakers OEM ODM,approved,Y,3,https://sc04.alicdn.com/kf/Hd01ba35310f24d4da9bd1481890546c3l.jpg,320,320,0.855,0.4275,0.3655,0.2233,,,HEURISTIC_PASS,C:\Users\spq\Desktop\贝强\02_Alibaba运营\01_店铺与全店诊断\全量商品审查_2026-09-04\全六图视觉二次审计_2026-09-04\cache\713ea477676faa63487aa136a5ca187a4536bea1.jpg
133,1601814931739,AAENjmk4AOWGex-cDVmzGi74,BQ006 / M8811,Wholesale Summer Autumn Breathable Anti-Slip Knit Lace-Up Walking Shoes M8811 Thick EVA Sole Lightweight Casual Sneakers OEM ODM,approved,Y,4,https://sc04.alicdn.com/kf/Hbbfdcd23be3d4233aaf3c92d1b87af37Y.jpg,320,320,0.8575,0.435,0.373,0.2146,,,HEURISTIC_PASS,C:\Users\spq\Desktop\贝强\02_Alibaba运营\01_店铺与全店诊断\全量商品审查_2026-09-04\全六图视觉二次审计_2026-09-04\cache\b0526987883d8a4416e04699b0e0b92484e600e7.jpg
133,1601814931739,AAENjmk4AOWGex-cDVmzGi74,BQ006 / M8811,Wholesale Summer Autumn Breathable Anti-Slip Knit Lace-Up Walking Shoes M8811 Thick EVA Sole Lightweight Casual Sneakers OEM ODM,approved,Y,5,https://sc04.alicdn.com/kf/H066d50206aef4ebe802d9fbb92565fcfM.jpg,320,320,0.8375,0.485,0.4062,0.2068,,,HEURISTIC_PASS,C:\Users\spq\Desktop\贝强\02_Alibaba运营\01_店铺与全店诊断\全量商品审查_2026-09-04\全六图视觉二次审计_2026-09-04\cache\ec6109a773651de2d40c06b14c0fd3fa05bcc390.jpg
133,1601814931739,AAENjmk4AOWGex-cDVmzGi74,BQ006 / M8811,Wholesale Summer Autumn Breathable Anti-Slip Knit Lace-Up Walking Shoes M8811 Thick EVA Sole Lightweight Casual Sneakers OEM ODM,approved,Y,6,https://sc04.alicdn.com/kf/H1425efaa3cd247aa944d6f5517656eafR.jpg,320,320,0.8075,0.3775,0.3048,0.2019,,,HEURISTIC_PASS,C:\Users\spq\Desktop\贝强\02_Alibaba运营\01_店铺与全店诊断\全量商品审查_2026-09-04\全六图视觉二次审计_2026-09-04\cache\b0eb962803dbc42376e19cc486b8cba31caf2eec.jpg
134,10000046439033,AAEHjmk4AOWGexecDTURsT2a,BQ031 / ZX2116,Wholesale Breathable Comfort Spring/Autumn Mesh Wide Toe Box Knit Lace-Up Walking Shoes ZX2116 Large Size EU 38-47 OEM ODM,approved,Y,1,https://sc04.alicdn.com/kf/A33b40eec8df7420e9dab1c6d237a94792.jpg,320,320,0.9225,0.5575,0.5143,0.3112,,,HEURISTIC_PASS,C:\Users\spq\Desktop\贝强\02_Alibaba运营\01_店铺与全店诊断\全量商品审查_2026-09-04\全六图视觉二次审计_2026-09-04\cache\580134160271201eac99fd2ea33510e7165ee637.jpg
134,10000046439033,AAEHjmk4AOWGexecDTURsT2a,BQ031 / ZX2116,Wholesale Breathable Comfort Spring/Autumn Mesh Wide Toe Box Knit Lace-Up Walking Shoes ZX2116 Large Size EU 38-47 OEM ODM,approved,Y,2,https://sc04.alicdn.com/kf/A2e57b49f4cca4c1abbe5a96e7988cc3dd.jpg,320,320,1.0,0.985,0.985,0.5927,,,EDGE_CROP_OR_FULL_CANVAS,C:\Users\spq\Desktop\贝强\02_Alibaba运营\01_店铺与全店诊断\全量商品审查_2026-09-04\全六图视觉二次审计_2026-09-04\cache\b862d77d8db4c0314a63045823da2e25eee7fb30.jpg
134,10000046439033,AAEHjmk4AOWGexecDTURsT2a,BQ031 / ZX2116,Wholesale Breathable Comfort Spring/Autumn Mesh Wide Toe Box Knit Lace-Up Walking Shoes ZX2116 Large Size EU 38-47 OEM ODM,approved,Y,3,https://sc04.alicdn.com/kf/A5602a02df8f64b54a79efea31b275f21S.jpg,320,320,1.0,1.0,1.0,0.4311,,,EDGE_CROP_OR_FULL_CANVAS,C:\Users\spq\Desktop\贝强\02_Alibaba运营\01_店铺与全店诊断\全量商品审查_2026-09-04\全六图视觉二次审计_2026-09-04\cache\72add8902d09268dc44582e04bc8087fc71abac4.jpg
134,10000046439033,AAEHjmk4AOWGexecDTURsT2a,BQ031 / ZX2116,Wholesale Breathable Comfort Spring/Autumn Mesh Wide Toe Box Knit Lace-Up Walking Shoes ZX2116 Large Size EU 38-47 OEM ODM,approved,Y,4,https://sc04.alicdn.com/kf/A9df70c5bc5c640168f82187c60cefcd3R.jpg,320,320,0.91,0.435,0.3958,0.2652,,,HEURISTIC_PASS,C:\Users\spq\Desktop\贝强\02_Alibaba运营\01_店铺与全店诊断\全量商品审查_2026-09-04\全六图视觉二次审计_2026-09-04\cache\84d734c37679a86126be57fc3e364d1b9c28f95d.jpg
134,10000046439033,AAEHjmk4AOWGexecDTURsT2a,BQ031 / ZX2116,Wholesale Breathable Comfort Spring/Autumn Mesh Wide Toe Box Knit Lace-Up Walking Shoes ZX2116 Large Size EU 38-47 OEM ODM,approved,Y,5,https://sc04.alicdn.com/kf/A5a5de349f5fa41de8d0f2ffd107fda62h.jpg,320,320,0.92,0.5525,0.5083,0.3061,,,HEURISTIC_PASS,C:\Users\spq\Desktop\贝强\02_Alibaba运营\01_店铺与全店诊断\全量商品审查_2026-09-04\全六图视觉二次审计_2026-09-04\cache\b1dbf61d93bd782210d9e478174d71e69f4d6d3a.jpg
134,10000046439033,AAEHjmk4AOWGexecDTURsT2a,BQ031 / ZX2116,Wholesale Breathable Comfort Spring/Autumn Mesh Wide Toe Box Knit Lace-Up Walking Shoes ZX2116 Large Size EU 38-47 OEM ODM,approved,Y,6,https://sc04.alicdn.com/kf/A521449c478354b1a9cf14bca3f4d3a15G.jpg,320,320,0.905,0.6025,0.5453,0.3097,,,HEURISTIC_PASS,C:\Users\spq\Desktop\贝强\02_Alibaba运营\01_店铺与全店诊断\全量商品审查_2026-09-04\全六图视觉二次审计_2026-09-04\cache\2cf963a99b390a73da93858d8582c3c5057386a7.jpg
135,10000047220568,AAEfjmk4AOWGexecDTURxSC7,BQ049 / A230,Wholesale Model A230 Knit Lace-Up Breathable Walking Shoes Lightweight Plastic Outsole Casual Sneakers for Men and Women,approved,Y,1,https://sc04.alicdn.com/kf/S495a4e1009de40fda71bea7461784713L.jpg,320,320,0.87,0.87,0.7569,0.7548,,,EDGE_GRAPHIC_OR_DARK_BACKGROUND,C:\Users\spq\Desktop\贝强\02_Alibaba运营\01_店铺与全店诊断\全量商品审查_2026-09-04\全六图视觉二次审计_2026-09-04\cache\d556700ea6017201dae3a0073ce0183b67962b01.jpg
135,10000047220568,AAEfjmk4AOWGexecDTURxSC7,BQ049 / A230,Wholesale Model A230 Knit Lace-Up Breathable Walking Shoes Lightweight Plastic Outsole Casual Sneakers for Men and Women,approved,Y,2,https://sc04.alicdn.com/kf/Sba6877c6d8814895aef0325699a0448ew.jpg,320,320,0.865,0.8675,0.7504,0.7272,,,EDGE_GRAPHIC_OR_DARK_BACKGROUND,C:\Users\spq\Desktop\贝强\02_Alibaba运营\01_店铺与全店诊断\全量商品审查_2026-09-04\全六图视觉二次审计_2026-09-04\cache\b79bf1264a82c308d1588684cd143a881ac743f2.jpg
135,10000047220568,AAEfjmk4AOWGexecDTURxSC7,BQ049 / A230,Wholesale Model A230 Knit Lace-Up Breathable Walking Shoes Lightweight Plastic Outsole Casual Sneakers for Men and Women,approved,Y,3,https://sc04.alicdn.com/kf/S28293bd849cf4d2ea1c74740b67d4966D.jpg,,,,,,,DOWNLOAD_ERROR:URLError,,LOW_OCCUPANCY,C:\Users\spq\Desktop\贝强\02_Alibaba运营\01_店铺与全店诊断\全量商品审查_2026-09-04\全六图视觉二次审计_2026-09-04\cache\47313e020804d773d6e7b53ead77356e3ec05247.jpg
135,10000047220568,AAEfjmk4AOWGexecDTURxSC7,BQ049 / A230,Wholesale Model A230 Knit Lace-Up Breathable Walking Shoes Lightweight Plastic Outsole Casual Sneakers for Men and Women,approved,Y,4,https://sc04.alicdn.com/kf/S302fac57227447b1a1c3671c9c4b08fea.jpg,320,320,0.835,0.8375,0.6993,0.6973,,,EDGE_GRAPHIC_OR_DARK_BACKGROUND,C:\Users\spq\Desktop\贝强\02_Alibaba运营\01_店铺与全店诊断\全量商品审查_2026-09-04\全六图视觉二次审计_2026-09-04\cache\8d3e7954dbe291dfd801bc922d74cc206fe4fe54.jpg
135,10000047220568,AAEfjmk4AOWGexecDTURxSC7,BQ049 / A230,Wholesale Model A230 Knit Lace-Up Breathable Walking Shoes Lightweight Plastic Outsole Casual Sneakers for Men and Women,approved,Y,5,https://sc04.alicdn.com/kf/Sda8eaf90745f4c54a821b527944552b9S.jpg,320,320,0.9,0.9175,0.8257,0.3548,,,HEURISTIC_PASS,C:\Users\spq\Desktop\贝强\02_Alibaba运营\01_店铺与全店诊断\全量商品审查_2026-09-04\全六图视觉二次审计_2026-09-04\cache\d9fbfd4f880b0dfb97ea98f5a010daea598c449b.jpg
135,10000047220568,AAEfjmk4AOWGexecDTURxSC7,BQ049 / A230,Wholesale Model A230 Knit Lace-Up Breathable Walking Shoes Lightweight Plastic Outsole Casual Sneakers for Men and Women,approved,Y,6,https://sc04.alicdn.com/kf/S9eb99fc163b24725ba4c7cc8ebed6c18Z.jpg,320,320,0.8325,0.855,0.7118,0.7067,,,HEURISTIC_PASS,C:\Users\spq\Desktop\贝强\02_Alibaba运营\01_店铺与全店诊断\全量商品审查_2026-09-04\全六图视觉二次审计_2026-09-04\cache\cc7f8a80e662dd7b8d2d50ae75457c9c5f90d2b3.jpg
136,1601815020244,AAEkjmk4AOWGex-cDVmzG4U3,BQ005 / A503,Wholesale Spring Autumn Hollow Knit Lace-Up Walking Mesh Lining Breathable Lightweight Casual Sneakers A503 OEM ODM,approved,Y,1,https://sc04.alicdn.com/kf/He5e0ada80f534c2ba5be895ea3c33414A.jpg,320,320,0.8025,0.445,0.3571,0.2431,P0_LOW_HERO_OCCUPANCY,,HEURISTIC_PASS,C:\Users\spq\Desktop\贝强\02_Alibaba运营\01_店铺与全店诊断\全量商品审查_2026-09-04\全六图视觉二次审计_2026-09-04\cache\6cc173582778e9a30242f04d62f18f961ac6e992.jpg
136,1601815020244,AAEkjmk4AOWGex-cDVmzG4U3,BQ005 / A503,Wholesale Spring Autumn Hollow Knit Lace-Up Walking Mesh Lining Breathable Lightweight Casual Sneakers A503 OEM ODM,approved,Y,2,https://sc04.alicdn.com/kf/H08d6f5fbf1444896b03b2b592c32bcc2E.jpg,320,320,0.9,0.595,0.5355,0.2804,,,HEURISTIC_PASS,C:\Users\spq\Desktop\贝强\02_Alibaba运营\01_店铺与全店诊断\全量商品审查_2026-09-04\全六图视觉二次审计_2026-09-04\cache\6e8d30d1dc51875cb5bd341d10c673dbd259a523.jpg
136,1601815020244,AAEkjmk4AOWGex-cDVmzG4U3,BQ005 / A503,Wholesale Spring Autumn Hollow Knit Lace-Up Walking Mesh Lining Breathable Lightweight Casual Sneakers A503 OEM ODM,approved,Y,3,https://sc04.alicdn.com/kf/Hbed74432bea440668a46e1eea7de1bfae.jpg,320,320,0.8725,0.92,0.8027,0.2185,,,HEURISTIC_PASS,C:\Users\spq\Desktop\贝强\02_Alibaba运营\01_店铺与全店诊断\全量商品审查_2026-09-04\全六图视觉二次审计_2026-09-04\cache\7c4f721abcb2dcc45f20923ae8c8d102c89cbc10.jpg
136,1601815020244,AAEkjmk4AOWGex-cDVmzG4U3,BQ005 / A503,Wholesale Spring Autumn Hollow Knit Lace-Up Walking Mesh Lining Breathable Lightweight Casual Sneakers A503 OEM ODM,approved,Y,4,https://sc04.alicdn.com/kf/H530ebee5590e44fd8aa148698404ab96n.jpg,320,320,0.7325,0.675,0.4944,0.3419,,,HEURISTIC_PASS,C:\Users\spq\Desktop\贝强\02_Alibaba运营\01_店铺与全店诊断\全量商品审查_2026-09-04\全六图视觉二次审计_2026-09-04\cache\1e945113661acbd4eee24993a1d940e9e9a19eea.jpg
136,1601815020244,AAEkjmk4AOWGex-cDVmzG4U3,BQ005 / A503,Wholesale Spring Autumn Hollow Knit Lace-Up Walking Mesh Lining Breathable Lightweight Casual Sneakers A503 OEM ODM,approved,Y,5,https://sc04.alicdn.com/kf/H1e0c4ece608c4d0595a41900e912ca2c1.jpg,320,320,0.7675,0.4375,0.3358,0.2152,,,HEURISTIC_PASS,C:\Users\spq\Desktop\贝强\02_Alibaba运营\01_店铺与全店诊断\全量商品审查_2026-09-04\全六图视觉二次审计_2026-09-04\cache\aabbd8745109c0c9b19002a8714d5fa350368c22.jpg
136,1601815020244,AAEkjmk4AOWGex-cDVmzG4U3,BQ005 / A503,Wholesale Spring Autumn Hollow Knit Lace-Up Walking Mesh Lining Breathable Lightweight Casual Sneakers A503 OEM ODM,approved,Y,6,https://sc04.alicdn.com/kf/Hc97642ba960043bc8870987fb9ebc480O.jpg,320,320,0.86,0.34,0.2924,0.1986,,,HEURISTIC_PASS,C:\Users\spq\Desktop\贝强\02_Alibaba运营\01_店铺与全店诊断\全量商品审查_2026-09-04\全六图视觉二次审计_2026-09-04\cache\325eb4f081b0da8c715b0ee5affb278b42d2b59a.jpg
137,10000047187673,AAEejmk4AOWGexecDTURxKE6,BQ046 / A155,Wholesale Model A155 High Top Knit Slip-On Sock Sneakers Breathable Light Weight Plastic Outsole for Men and Women EU 35-45,approved,Y,1,https://sc04.alicdn.com/kf/S0563778f83aa4e219e04f2b885d808f99.jpg,320,320,0.955,0.7525,0.7186,0.7053,,,HEURISTIC_PASS,C:\Users\spq\Desktop\贝强\02_Alibaba运营\01_店铺与全店诊断\全量商品审查_2026-09-04\全六图视觉二次审计_2026-09-04\cache\c4f4ccb36d9f0aa216e78fe6c12ed5fa3c426515.jpg
137,10000047187673,AAEejmk4AOWGexecDTURxKE6,BQ046 / A155,Wholesale Model A155 High Top Knit Slip-On Sock Sneakers Breathable Light Weight Plastic Outsole for Men and Women EU 35-45,approved,Y,2,https://sc04.alicdn.com/kf/S5516dcef628a484b93a63ff5899fe9dcB.jpg,320,320,0.955,0.705,0.6733,0.6402,,,HEURISTIC_PASS,C:\Users\spq\Desktop\贝强\02_Alibaba运营\01_店铺与全店诊断\全量商品审查_2026-09-04\全六图视觉二次审计_2026-09-04\cache\f0708481ccdf775ecf129fe89469b3dc2698def4.jpg
137,10000047187673,AAEejmk4AOWGexecDTURxKE6,BQ046 / A155,Wholesale Model A155 High Top Knit Slip-On Sock Sneakers Breathable Light Weight Plastic Outsole for Men and Women EU 35-45,approved,Y,3,https://sc04.alicdn.com/kf/Sbc8a094bd5084b48be95aeb5008ad858g.jpg,320,320,0.9325,0.775,0.7227,0.6942,,,HEURISTIC_PASS,C:\Users\spq\Desktop\贝强\02_Alibaba运营\01_店铺与全店诊断\全量商品审查_2026-09-04\全六图视觉二次审计_2026-09-04\cache\637eafa00701558bad62e84de4218eb01878d9af.jpg
137,10000047187673,AAEejmk4AOWGexecDTURxKE6,BQ046 / A155,Wholesale Model A155 High Top Knit Slip-On Sock Sneakers Breathable Light Weight Plastic Outsole for Men and Women EU 35-45,approved,Y,4,https://sc04.alicdn.com/kf/S23d2454df9bf4a53bb3c7c0ce6f6bee1l.png,320,320,0.9175,0.805,0.7386,0.5593,,,HEURISTIC_PASS,C:\Users\spq\Desktop\贝强\02_Alibaba运营\01_店铺与全店诊断\全量商品审查_2026-09-04\全六图视觉二次审计_2026-09-04\cache\2e3a6ea6cf0435bf8a18fd29e9b1a6573cada86d.jpg
137,10000047187673,AAEejmk4AOWGexecDTURxKE6,BQ046 / A155,Wholesale Model A155 High Top Knit Slip-On Sock Sneakers Breathable Light Weight Plastic Outsole for Men and Women EU 35-45,approved,Y,5,https://sc04.alicdn.com/kf/S683b4da2801d46ac8fe57cab2ba1e33bu.jpg,320,320,0.9,0.9175,0.8257,0.1978,,,HEURISTIC_PASS,C:\Users\spq\Desktop\贝强\02_Alibaba运营\01_店铺与全店诊断\全量商品审查_2026-09-04\全六图视觉二次审计_2026-09-04\cache\4215721d216e3a9fa09181557ff51f94de05a5b0.jpg
137,10000047187673,AAEejmk4AOWGexecDTURxKE6,BQ046 / A155,Wholesale Model A155 High Top Knit Slip-On Sock Sneakers Breathable Light Weight Plastic Outsole for Men and Women EU 35-45,approved,Y,6,https://sc04.alicdn.com/kf/Sef41be8b116548168204147c58f6ebb4Z.png,,,,,,,DOWNLOAD_ERROR:URLError,,LOW_OCCUPANCY,C:\Users\spq\Desktop\贝强\02_Alibaba运营\01_店铺与全店诊断\全量商品审查_2026-09-04\全六图视觉二次审计_2026-09-04\cache\89f280f0a54a16bcab0721fcfd106baac20269cb.jpg
138,10000044041031,AAHbjmk4AOWGexecDTURlKSk,BQ024 / A830,Wholesale Light Weight Anti-Slip Knit Textile Slip-On Walking Shoes A830 Mesh Lining Spring/Autumn Casual Shoes EU 37-45 OEM ODM,approved,Y,1,https://sc04.alicdn.com/kf/S6b34d10e5b974ee2a757bd22e71ed789X.jpg,320,320,0.7425,0.475,0.3527,0.1967,P0_LOW_HERO_OCCUPANCY,,HEURISTIC_PASS,C:\Users\spq\Desktop\贝强\02_Alibaba运营\01_店铺与全店诊断\全量商品审查_2026-09-04\全六图视觉二次审计_2026-09-04\cache\c5fc945b280a69b259bbb5274f98f6ae608f8641.jpg
138,10000044041031,AAHbjmk4AOWGexecDTURlKSk,BQ024 / A830,Wholesale Light Weight Anti-Slip Knit Textile Slip-On Walking Shoes A830 Mesh Lining Spring/Autumn Casual Shoes EU 37-45 OEM ODM,approved,Y,2,https://sc04.alicdn.com/kf/Sd138dc260d0b421289722c759cdfc82dn.jpg,320,320,0.855,0.8425,0.7203,0.3239,,,HEURISTIC_PASS,C:\Users\spq\Desktop\贝强\02_Alibaba运营\01_店铺与全店诊断\全量商品审查_2026-09-04\全六图视觉二次审计_2026-09-04\cache\38799ad6a2511eab6aec3fb706581c73158b9d72.jpg
138,10000044041031,AAHbjmk4AOWGexecDTURlKSk,BQ024 / A830,Wholesale Light Weight Anti-Slip Knit Textile Slip-On Walking Shoes A830 Mesh Lining Spring/Autumn Casual Shoes EU 37-45 OEM ODM,approved,Y,3,https://sc04.alicdn.com/kf/S5844625cb02c465da6fa9a47641d8df4C.jpg,320,320,0.7025,0.8425,0.5919,0.135,,,HEURISTIC_PASS,C:\Users\spq\Desktop\贝强\02_Alibaba运营\01_店铺与全店诊断\全量商品审查_2026-09-04\全六图视觉二次审计_2026-09-04\cache\f41422869f06138280216e2b4083e05fa59d39e6.jpg
138,10000044041031,AAHbjmk4AOWGexecDTURlKSk,BQ024 / A830,Wholesale Light Weight Anti-Slip Knit Textile Slip-On Walking Shoes A830 Mesh Lining Spring/Autumn Casual Shoes EU 37-45 OEM ODM,approved,Y,4,https://sc04.alicdn.com/kf/S61343134781848aca129894a2b634cb19.jpg,320,320,0.855,0.8425,0.7203,0.2376,,,HEURISTIC_PASS,C:\Users\spq\Desktop\贝强\02_Alibaba运营\01_店铺与全店诊断\全量商品审查_2026-09-04\全六图视觉二次审计_2026-09-04\cache\866be9f730ac3340b54db5fcdc275c154018cf81.jpg
138,10000044041031,AAHbjmk4AOWGexecDTURlKSk,BQ024 / A830,Wholesale Light Weight Anti-Slip Knit Textile Slip-On Walking Shoes A830 Mesh Lining Spring/Autumn Casual Shoes EU 37-45 OEM ODM,approved,Y,5,https://sc04.alicdn.com/kf/S5d6ce3bfc8244e4fa2bf2ccba914caf27.jpg,320,320,0.7425,0.8425,0.6256,0.0725,,,HEURISTIC_PASS,C:\Users\spq\Desktop\贝强\02_Alibaba运营\01_店铺与全店诊断\全量商品审查_2026-09-04\全六图视觉二次审计_2026-09-04\cache\e229b2d66b43d5370b956b05a8ffd73c3f87bac2.jpg
138,10000044041031,AAHbjmk4AOWGexecDTURlKSk,BQ024 / A830,Wholesale Light Weight Anti-Slip Knit Textile Slip-On Walking Shoes A830 Mesh Lining Spring/Autumn Casual Shoes EU 37-45 OEM ODM,approved,Y,6,https://sc04.alicdn.com/kf/S74d2afa1d25b4be1a9f1dd55e4b0d9e6c.jpg,320,320,0.695,0.8425,0.5855,0.1448,,,HEURISTIC_PASS,C:\Users\spq\Desktop\贝强\02_Alibaba运营\01_店铺与全店诊断\全量商品审查_2026-09-04\全六图视觉二次审计_2026-09-04\cache\553cfcc98c1c6f964cba91b0df38918c811cff1f.jpg
139,10000047392343,AAG3jmk4AOWGexecDTURw8G0,BQ059 / A1888,Wholesale Model A1888 High Top Knit Sock Sneakers Slip-On Cushion Sole Casual Walking Shoes EU 35-45,approved,Y,1,https://sc04.alicdn.com/kf/Sd20be6997a5e483f818ce3fdab5c24ef1.jpg,320,320,0.955,0.955,0.912,0.8114,,,EDGE_GRAPHIC_OR_DARK_BACKGROUND,C:\Users\spq\Desktop\贝强\02_Alibaba运营\01_店铺与全店诊断\全量商品审查_2026-09-04\全六图视觉二次审计_2026-09-04\cache\c99ef6d2acf5b49abed387693a918b762db19305.jpg
139,10000047392343,AAG3jmk4AOWGexecDTURw8G0,BQ059 / A1888,Wholesale Model A1888 High Top Knit Sock Sneakers Slip-On Cushion Sole Casual Walking Shoes EU 35-45,approved,Y,2,https://sc04.alicdn.com/kf/S8d864c53ae8c4f939147b43fdfa4c929L.jpg,320,320,0.955,0.955,0.912,0.904,,,HEURISTIC_PASS,C:\Users\spq\Desktop\贝强\02_Alibaba运营\01_店铺与全店诊断\全量商品审查_2026-09-04\全六图视觉二次审计_2026-09-04\cache\9f44aa7b7675dc36e5f2b340fc3f0df24a4d3e06.jpg
139,10000047392343,AAG3jmk4AOWGexecDTURw8G0,BQ059 / A1888,Wholesale Model A1888 High Top Knit Sock Sneakers Slip-On Cushion Sole Casual Walking Shoes EU 35-45,approved,Y,3,https://sc04.alicdn.com/kf/S9fd86c394f8c40e6951673364f2fdeea6.jpg,320,320,0.955,0.955,0.912,0.9084,,,HEURISTIC_PASS,C:\Users\spq\Desktop\贝强\02_Alibaba运营\01_店铺与全店诊断\全量商品审查_2026-09-04\全六图视觉二次审计_2026-09-04\cache\ec9157506597c46598d6a398c18d869d1144254b.jpg
139,10000047392343,AAG3jmk4AOWGexecDTURw8G0,BQ059 / A1888,Wholesale Model A1888 High Top Knit Sock Sneakers Slip-On Cushion Sole Casual Walking Shoes EU 35-45,approved,Y,4,https://sc04.alicdn.com/kf/Sa86992b4bd7d413ebab183261f1db9bdY.jpg,320,320,0.955,0.9525,0.9096,0.7822,,,EDGE_GRAPHIC_OR_DARK_BACKGROUND,C:\Users\spq\Desktop\贝强\02_Alibaba运营\01_店铺与全店诊断\全量商品审查_2026-09-04\全六图视觉二次审计_2026-09-04\cache\fc71609fc87ff0ca89f7e6a7ceec1064c1e1c3d8.jpg
139,10000047392343,AAG3jmk4AOWGexecDTURw8G0,BQ059 / A1888,Wholesale Model A1888 High Top Knit Sock Sneakers Slip-On Cushion Sole Casual Walking Shoes EU 35-45,approved,Y,5,https://sc04.alicdn.com/kf/S8e5fe7db08d64980835fb720c3e775e3Q.jpg,320,320,0.595,0.9175,0.5459,0.1611,,,HEURISTIC_PASS,C:\Users\spq\Desktop\贝强\02_Alibaba运营\01_店铺与全店诊断\全量商品审查_2026-09-04\全六图视觉二次审计_2026-09-04\cache\7527082ac6b2e5404add21ac997f42c273ad3e71.jpg
139,10000047392343,AAG3jmk4AOWGexecDTURw8G0,BQ059 / A1888,Wholesale Model A1888 High Top Knit Sock Sneakers Slip-On Cushion Sole Casual Walking Shoes EU 35-45,approved,Y,6,https://sc04.alicdn.com/kf/S69a21aa580004000a5c56217b5a5c111o.jpg,320,320,0.955,0.955,0.912,0.7912,,,EDGE_GRAPHIC_OR_DARK_BACKGROUND,C:\Users\spq\Desktop\贝强\02_Alibaba运营\01_店铺与全店诊断\全量商品审查_2026-09-04\全六图视觉二次审计_2026-09-04\cache\b43990a2f96fd7e436398e47723470eecc3cdb85.jpg
140,10000047208726,AAE2jmk4AOWGexecDTURxP71,BQ047 / A189,Wholesale Model A189 Men's High Top Knit Slip-On Shoes Breathable Light Weight Plastic EVA Blend Sole Casual Sock Sneakers,approved,Y,1,https://sc04.alicdn.com/kf/S6148477e712d4959a895b241d5fee8eck.jpg,320,320,0.8475,0.6525,0.553,0.4464,,,HEURISTIC_PASS,C:\Users\spq\Desktop\贝强\02_Alibaba运营\01_店铺与全店诊断\全量商品审查_2026-09-04\全六图视觉二次审计_2026-09-04\cache\c6b822c8befbde906551713bce224c245caa0149.jpg
140,10000047208726,AAE2jmk4AOWGexecDTURxP71,BQ047 / A189,Wholesale Model A189 Men's High Top Knit Slip-On Shoes Breathable Light Weight Plastic EVA Blend Sole Casual Sock Sneakers,approved,Y,2,https://sc04.alicdn.com/kf/Sbc50f3cd06064cc58674c891fa6fc40ff.jpg,320,320,0.955,0.73,0.6972,0.6619,,,HEURISTIC_PASS,C:\Users\spq\Desktop\贝强\02_Alibaba运营\01_店铺与全店诊断\全量商品审查_2026-09-04\全六图视觉二次审计_2026-09-04\cache\5b76b40c5abeb1fe5c078b8e68467c53a5173d06.jpg
140,10000047208726,AAE2jmk4AOWGexecDTURxP71,BQ047 / A189,Wholesale Model A189 Men's High Top Knit Slip-On Shoes Breathable Light Weight Plastic EVA Blend Sole Casual Sock Sneakers,approved,Y,3,https://sc04.alicdn.com/kf/Se4cd8fb7a8924678bc60f6c2039ae7d9x.jpg,320,320,0.955,0.7675,0.733,0.6593,,,HEURISTIC_PASS,C:\Users\spq\Desktop\贝强\02_Alibaba运营\01_店铺与全店诊断\全量商品审查_2026-09-04\全六图视觉二次审计_2026-09-04\cache\56600aba56857da1d03a1ea4d02ca118ebe663cd.jpg
140,10000047208726,AAE2jmk4AOWGexecDTURxP71,BQ047 / A189,Wholesale Model A189 Men's High Top Knit Slip-On Shoes Breathable Light Weight Plastic EVA Blend Sole Casual Sock Sneakers,approved,Y,4,https://sc04.alicdn.com/kf/Sc76264f7cab74fe9bf5b8916d4072c63r.jpg,320,320,0.9525,0.8525,0.812,0.7894,,,HEURISTIC_PASS,C:\Users\spq\Desktop\贝强\02_Alibaba运营\01_店铺与全店诊断\全量商品审查_2026-09-04\全六图视觉二次审计_2026-09-04\cache\d9e1412695514f9d5a2560ca9e26515dfa8bd5e0.jpg
140,10000047208726,AAE2jmk4AOWGexecDTURxP71,BQ047 / A189,Wholesale Model A189 Men's High Top Knit Slip-On Shoes Breathable Light Weight Plastic EVA Blend Sole Casual Sock Sneakers,approved,Y,5,https://sc04.alicdn.com/kf/S9fd0cd611c7840e795e1e0544944e820g.jpg,320,320,0.595,0.9175,0.5459,0.1062,,,HEURISTIC_PASS,C:\Users\spq\Desktop\贝强\02_Alibaba运营\01_店铺与全店诊断\全量商品审查_2026-09-04\全六图视觉二次审计_2026-09-04\cache\954222d74f256b4b367131baca0f5d018e0c0e2e.jpg
140,10000047208726,AAE2jmk4AOWGexecDTURxP71,BQ047 / A189,Wholesale Model A189 Men's High Top Knit Slip-On Shoes Breathable Light Weight Plastic EVA Blend Sole Casual Sock Sneakers,approved,Y,6,https://sc04.alicdn.com/kf/S3c33bf14ae2e4fb0a7d04d07d68d8508S.jpg,320,320,0.955,0.7175,0.6852,0.6175,,,HEURISTIC_PASS,C:\Users\spq\Desktop\贝强\02_Alibaba运营\01_店铺与全店诊断\全量商品审查_2026-09-04\全六图视觉二次审计_2026-09-04\cache\c35caaf4cc4736415c68c30dc9b2210c245209a6.jpg
141,10000047396313,AAFOjmk4AOWGexecDTURw9I6,BQ060 / A350,Wholesale Model A350 Knit Lace-Up Casual Walking Shoes Lightweight Rubber-Plastic Sole Sneakers EU 35-45,approved,Y,1,https://sc04.alicdn.com/kf/Sed15c41bf71d44179086d619e68d452dS.jpg,320,320,0.905,0.7,0.6335,0.6334,,,HEURISTIC_PASS,C:\Users\spq\Desktop\贝强\02_Alibaba运营\01_店铺与全店诊断\全量商品审查_2026-09-04\全六图视觉二次审计_2026-09-04\cache\b9103f0aa668fcba9953cf16a5c9b69064588ccb.jpg
141,10000047396313,AAFOjmk4AOWGexecDTURw9I6,BQ060 / A350,Wholesale Model A350 Knit Lace-Up Casual Walking Shoes Lightweight Rubber-Plastic Sole Sneakers EU 35-45,approved,Y,2,https://sc04.alicdn.com/kf/Sdf7988cb5243496e8cfd001fc049217d6.jpg,320,320,0.5925,0.9325,0.5525,0.5385,,,HEURISTIC_PASS,C:\Users\spq\Desktop\贝强\02_Alibaba运营\01_店铺与全店诊断\全量商品审查_2026-09-04\全六图视觉二次审计_2026-09-04\cache\293088ceca2743ce43d165d5358fc1832a1e6fc7.jpg
141,10000047396313,AAFOjmk4AOWGexecDTURw9I6,BQ060 / A350,Wholesale Model A350 Knit Lace-Up Casual Walking Shoes Lightweight Rubber-Plastic Sole Sneakers EU 35-45,approved,Y,3,https://sc04.alicdn.com/kf/Sa405877c023d4ce593fcf876d46ccf5ac.jpg,320,320,0.575,0.9275,0.5333,0.5221,,,HEURISTIC_PASS,C:\Users\spq\Desktop\贝强\02_Alibaba运营\01_店铺与全店诊断\全量商品审查_2026-09-04\全六图视觉二次审计_2026-09-04\cache\057b972b988d2f1040c6cf26312d0f7296882da6.jpg
141,10000047396313,AAFOjmk4AOWGexecDTURw9I6,BQ060 / A350,Wholesale Model A350 Knit Lace-Up Casual Walking Shoes Lightweight Rubber-Plastic Sole Sneakers EU 35-45,approved,Y,4,https://sc04.alicdn.com/kf/S2f751fd115f74a91b7619b09c4469223l.jpg,320,320,0.57,0.9175,0.523,0.5069,,,HEURISTIC_PASS,C:\Users\spq\Desktop\贝强\02_Alibaba运营\01_店铺与全店诊断\全量商品审查_2026-09-04\全六图视觉二次审计_2026-09-04\cache\820ecb43d952f5b91c79b8be22270876ad48274f.jpg
141,10000047396313,AAFOjmk4AOWGexecDTURw9I6,BQ060 / A350,Wholesale Model A350 Knit Lace-Up Casual Walking Shoes Lightweight Rubber-Plastic Sole Sneakers EU 35-45,approved,Y,5,https://sc04.alicdn.com/kf/S2d54dbc1f3a5417e9b5a063988baf7b1E.jpg,320,320,0.9,0.9175,0.8257,0.2968,,,HEURISTIC_PASS,C:\Users\spq\Desktop\贝强\02_Alibaba运营\01_店铺与全店诊断\全量商品审查_2026-09-04\全六图视觉二次审计_2026-09-04\cache\97129ec68035d56e1eaef43ab522cf0e15d78db5.jpg
141,10000047396313,AAFOjmk4AOWGexecDTURw9I6,BQ060 / A350,Wholesale Model A350 Knit Lace-Up Casual Walking Shoes Lightweight Rubber-Plastic Sole Sneakers EU 35-45,approved,Y,6,https://sc04.alicdn.com/kf/S464cf648eb5e49e1a5a89e41d0196f370.jpg,320,320,0.88,0.9175,0.8074,0.8002,,,EDGE_GRAPHIC_OR_DARK_BACKGROUND,C:\Users\spq\Desktop\贝强\02_Alibaba运营\01_店铺与全店诊断\全量商品审查_2026-09-04\全六图视觉二次审计_2026-09-04\cache\3234d01588633dadb624a65821429cca254ce74f.jpg
142,10000047307924,AAEzjmk4AOWGexecDTURwnt3,BQ053 / 1888,Wholesale Model 1888 High Top Knit Sock Sneakers PU Segmented Sole Casual Shoes with Fleece Option,approved,Y,1,https://sc04.alicdn.com/kf/S3f07ad641cee4739a8aa8c5b564eec663.jpg,320,320,0.9175,0.685,0.6285,0.3984,,,HEURISTIC_PASS,C:\Users\spq\Desktop\贝强\02_Alibaba运营\01_店铺与全店诊断\全量商品审查_2026-09-04\全六图视觉二次审计_2026-09-04\cache\33c42390363ee33251008aacb9b12064bec99a12.jpg
142,10000047307924,AAEzjmk4AOWGexecDTURwnt3,BQ053 / 1888,Wholesale Model 1888 High Top Knit Sock Sneakers PU Segmented Sole Casual Shoes with Fleece Option,approved,Y,2,https://sc04.alicdn.com/kf/See85439c5acd43e4a022b42fcbf092664.jpg,320,320,0.91,0.675,0.6142,0.3881,,,HEURISTIC_PASS,C:\Users\spq\Desktop\贝强\02_Alibaba运营\01_店铺与全店诊断\全量商品审查_2026-09-04\全六图视觉二次审计_2026-09-04\cache\f48ce27d5eefa9be6e88ce7787787793f773a001.jpg
142,10000047307924,AAEzjmk4AOWGexecDTURwnt3,BQ053 / 1888,Wholesale Model 1888 High Top Knit Sock Sneakers PU Segmented Sole Casual Shoes with Fleece Option,approved,Y,3,https://sc04.alicdn.com/kf/S4e8f60302524413691fb80ceb0107ffap.jpg,320,320,0.955,0.955,0.912,0.8498,,,EDGE_GRAPHIC_OR_DARK_BACKGROUND,C:\Users\spq\Desktop\贝强\02_Alibaba运营\01_店铺与全店诊断\全量商品审查_2026-09-04\全六图视觉二次审计_2026-09-04\cache\6870218ce571c21da7e10cb20e9afdf25f8d1196.jpg
142,10000047307924,AAEzjmk4AOWGexecDTURwnt3,BQ053 / 1888,Wholesale Model 1888 High Top Knit Sock Sneakers PU Segmented Sole Casual Shoes with Fleece Option,approved,Y,4,https://sc04.alicdn.com/kf/S871794a4caa94543baa410bb44861c8cw.jpg,320,320,0.955,0.955,0.912,0.9108,,,EDGE_GRAPHIC_OR_DARK_BACKGROUND,C:\Users\spq\Desktop\贝强\02_Alibaba运营\01_店铺与全店诊断\全量商品审查_2026-09-04\全六图视觉二次审计_2026-09-04\cache\087c1c9e32069953d1837dd7ce5ab37c795e6f8d.jpg
142,10000047307924,AAEzjmk4AOWGexecDTURwnt3,BQ053 / 1888,Wholesale Model 1888 High Top Knit Sock Sneakers PU Segmented Sole Casual Shoes with Fleece Option,approved,Y,5,https://sc04.alicdn.com/kf/S907dc0ccab0241778cb3b153c11f9cabX.jpg,320,320,0.9,0.9175,0.8257,0.1041,,,HEURISTIC_PASS,C:\Users\spq\Desktop\贝强\02_Alibaba运营\01_店铺与全店诊断\全量商品审查_2026-09-04\全六图视觉二次审计_2026-09-04\cache\9a62822be1d21943c82f6d24bfa0eb598fa6e8db.jpg
142,10000047307924,AAEzjmk4AOWGexecDTURwnt3,BQ053 / 1888,Wholesale Model 1888 High Top Knit Sock Sneakers PU Segmented Sole Casual Shoes with Fleece Option,approved,Y,6,https://sc04.alicdn.com/kf/Se985cbfffa69461a8604ae2385fb530bI.jpg,320,320,0.955,0.955,0.912,0.8629,,,EDGE_GRAPHIC_OR_DARK_BACKGROUND,C:\Users\spq\Desktop\贝强\02_Alibaba运营\01_店铺与全店诊断\全量商品审查_2026-09-04\全六图视觉二次审计_2026-09-04\cache\93ee7bf23af682270e39d5fe1f062090eb3d0caa.jpg
143,10000043200726,AAEOjmk4AOWGexecDTURg9c1,BQ003 / R1218,Wholesale Breathable Knit Lace-Up Walking Shoes R1218 Lightweight EVA Sole Casual Sneakers OEM ODM,approved,Y,1,https://sc04.alicdn.com/kf/Aa80281e266b845c889d04fbb83aa88efb.jpg,320,320,0.8875,0.4675,0.4149,0.2363,P0_LOW_HERO_OCCUPANCY,,HEURISTIC_PASS,C:\Users\spq\Desktop\贝强\02_Alibaba运营\01_店铺与全店诊断\全量商品审查_2026-09-04\全六图视觉二次审计_2026-09-04\cache\aad4b5eb309c685f6dc96f7141afe3c20789f79d.jpg
143,10000043200726,AAEOjmk4AOWGexecDTURg9c1,BQ003 / R1218,Wholesale Breathable Knit Lace-Up Walking Shoes R1218 Lightweight EVA Sole Casual Sneakers OEM ODM,approved,Y,2,https://sc04.alicdn.com/kf/Af766c455bc144a34b04bb9c4d9975bad0.jpg,320,320,0.8975,0.46,0.4128,0.2716,,,HEURISTIC_PASS,C:\Users\spq\Desktop\贝强\02_Alibaba运营\01_店铺与全店诊断\全量商品审查_2026-09-04\全六图视觉二次审计_2026-09-04\cache\ea8df6e4f851fb43484bd099c6cdcf08829aa42f.jpg
143,10000043200726,AAEOjmk4AOWGexecDTURg9c1,BQ003 / R1218,Wholesale Breathable Knit Lace-Up Walking Shoes R1218 Lightweight EVA Sole Casual Sneakers OEM ODM,approved,Y,3,https://sc04.alicdn.com/kf/A490938fd7a4648ce92805046532b621e9.jpg,320,320,0.89,0.4725,0.4205,0.2696,,,HEURISTIC_PASS,C:\Users\spq\Desktop\贝强\02_Alibaba运营\01_店铺与全店诊断\全量商品审查_2026-09-04\全六图视觉二次审计_2026-09-04\cache\c03791b35aac981e856562f454d54ace7494d0df.jpg
143,10000043200726,AAEOjmk4AOWGexecDTURg9c1,BQ003 / R1218,Wholesale Breathable Knit Lace-Up Walking Shoes R1218 Lightweight EVA Sole Casual Sneakers OEM ODM,approved,Y,4,https://sc04.alicdn.com/kf/A747b24a735204928b712a9b75855e476s.jpg,320,320,0.9,0.475,0.4275,0.2836,,,HEURISTIC_PASS,C:\Users\spq\Desktop\贝强\02_Alibaba运营\01_店铺与全店诊断\全量商品审查_2026-09-04\全六图视觉二次审计_2026-09-04\cache\ba5832dae49318b9d6f7e3661a7f1269865d9a62.jpg
143,10000043200726,AAEOjmk4AOWGexecDTURg9c1,BQ003 / R1218,Wholesale Breathable Knit Lace-Up Walking Shoes R1218 Lightweight EVA Sole Casual Sneakers OEM ODM,approved,Y,5,https://sc04.alicdn.com/kf/A911ab27cdf0c48479b87e57e249cbae4U.jpg,320,320,0.9125,0.4925,0.4494,0.3011,,,HEURISTIC_PASS,C:\Users\spq\Desktop\贝强\02_Alibaba运营\01_店铺与全店诊断\全量商品审查_2026-09-04\全六图视觉二次审计_2026-09-04\cache\0fe6af0f330ca60b1a1fd7fed92a3c0a14b70a67.jpg
143,10000043200726,AAEOjmk4AOWGexecDTURg9c1,BQ003 / R1218,Wholesale Breathable Knit Lace-Up Walking Shoes R1218 Lightweight EVA Sole Casual Sneakers OEM ODM,approved,Y,6,https://sc04.alicdn.com/kf/A8262cb6a522b47c4b53f6a1a64b97db4Q.jpg,320,320,1.0,1.0,1.0,0.9851,,,EDGE_CROP_OR_FULL_CANVAS;COMPLEX_OR_COLLAGE_BACKGROUND,C:\Users\spq\Desktop\贝强\02_Alibaba运营\01_店铺与全店诊断\全量商品审查_2026-09-04\全六图视觉二次审计_2026-09-04\cache\6d66c6b6d5cc86eb1207e24ec465686a3df9357e.jpg
144,10000044024484,AAE_jmk4AOWGexecDTURlGVH,BQ025 / A1689,Wholesale Low Cut Knit Textile Slip-On Walking Shoes A1689 Casual Shoes EU 35-45 OEM ODM,approved,Y,1,https://sc04.alicdn.com/kf/Se20409364a6a4df3b7b123c6af87ff9eg.jpg,320,320,0.7425,0.4325,0.3211,0.1963,P0_LOW_HERO_OCCUPANCY,,HEURISTIC_PASS,C:\Users\spq\Desktop\贝强\02_Alibaba运营\01_店铺与全店诊断\全量商品审查_2026-09-04\全六图视觉二次审计_2026-09-04\cache\6c0addc30ed7f20793e42a6446957148e55fe9fa.jpg
144,10000044024484,AAE_jmk4AOWGexecDTURlGVH,BQ025 / A1689,Wholesale Low Cut Knit Textile Slip-On Walking Shoes A1689 Casual Shoes EU 35-45 OEM ODM,approved,Y,2,https://sc04.alicdn.com/kf/S8dffa277a4eb46518d4f53d28855a3adb.jpg,320,320,0.8,0.8425,0.674,0.2081,,,DOWNLOAD_OR_DECODE_ERROR,C:\Users\spq\Desktop\贝强\02_Alibaba运营\01_店铺与全店诊断\全量商品审查_2026-09-04\全六图视觉二次审计_2026-09-04\cache\11dfa86386dfa1b061ea3e4eb85557fdffa2283a.jpg
144,10000044024484,AAE_jmk4AOWGexecDTURlGVH,BQ025 / A1689,Wholesale Low Cut Knit Textile Slip-On Walking Shoes A1689 Casual Shoes EU 35-45 OEM ODM,approved,Y,3,https://sc04.alicdn.com/kf/S6e2585cb402647eca703e7e6e61891a5P.jpg,320,320,0.7175,0.8425,0.6045,0.3253,,,HEURISTIC_PASS,C:\Users\spq\Desktop\贝强\02_Alibaba运营\01_店铺与全店诊断\全量商品审查_2026-09-04\全六图视觉二次审计_2026-09-04\cache\a9daa107ee8a14c4ff957a6a43b3216a317450d6.jpg
144,10000044024484,AAE_jmk4AOWGexecDTURlGVH,BQ025 / A1689,Wholesale Low Cut Knit Textile Slip-On Walking Shoes A1689 Casual Shoes EU 35-45 OEM ODM,approved,Y,4,https://sc04.alicdn.com/kf/S166973e732ba480ea4e551a09f08c2733.jpg,320,320,0.8775,0.8425,0.7393,0.5371,,,HEURISTIC_PASS,C:\Users\spq\Desktop\贝强\02_Alibaba运营\01_店铺与全店诊断\全量商品审查_2026-09-04\全六图视觉二次审计_2026-09-04\cache\166fe46c17caf623e4667c1f43c4e32f4b4b99af.jpg
144,10000044024484,AAE_jmk4AOWGexecDTURlGVH,BQ025 / A1689,Wholesale Low Cut Knit Textile Slip-On Walking Shoes A1689 Casual Shoes EU 35-45 OEM ODM,approved,Y,5,https://sc04.alicdn.com/kf/S47d3b4a492a04737ac244c741e65734fT.jpg,320,320,0.73,0.8425,0.615,0.0565,,,DOWNLOAD_OR_DECODE_ERROR,C:\Users\spq\Desktop\贝强\02_Alibaba运营\01_店铺与全店诊断\全量商品审查_2026-09-04\全六图视觉二次审计_2026-09-04\cache\dfba76918fbf5a0ba96ced63dca97c5d3b76247e.jpg
144,10000044024484,AAE_jmk4AOWGexecDTURlGVH,BQ025 / A1689,Wholesale Low Cut Knit Textile Slip-On Walking Shoes A1689 Casual Shoes EU 35-45 OEM ODM,approved,Y,6,https://sc04.alicdn.com/kf/Sb427476875744866944acf250084d2d63.jpg,320,320,0.7175,0.8425,0.6045,0.3245,,,HEURISTIC_PASS,C:\Users\spq\Desktop\贝强\02_Alibaba运营\01_店铺与全店诊断\全量商品审查_2026-09-04\全六图视觉二次审计_2026-09-04\cache\7c2b208ebd7dfc596d874b0f5f6d2495bd5365ae.jpg
145,10000044004948,AAHbjmk4AOWGexecDTURlBG3,BQ023 / A505,Wholesale Soft Knit Slip-On Walking Shoes A505 Breathable Thick Sole Casual Sneakers OEM ODM,approved,Y,1,https://sc04.alicdn.com/kf/S707efefed62c4315b55cbd8a36d39055i.jpg,320,320,0.74,0.43,0.3182,0.2035,P0_LOW_HERO_OCCUPANCY,,HEURISTIC_PASS,C:\Users\spq\Desktop\贝强\02_Alibaba运营\01_店铺与全店诊断\全量商品审查_2026-09-04\全六图视觉二次审计_2026-09-04\cache\1e451c56f0d0a769e8f180bb3d868e2959bd312b.jpg
145,10000044004948,AAHbjmk4AOWGexecDTURlBG3,BQ023 / A505,Wholesale Soft Knit Slip-On Walking Shoes A505 Breathable Thick Sole Casual Sneakers OEM ODM,approved,Y,2,https://sc04.alicdn.com/kf/S4c23eb8ab26a4616937adbe9b531a1ddW.jpg,,,,,,,DOWNLOAD_ERROR:URLError,,DOWNLOAD_OR_DECODE_ERROR,C:\Users\spq\Desktop\贝强\02_Alibaba运营\01_店铺与全店诊断\全量商品审查_2026-09-04\全六图视觉二次审计_2026-09-04\cache\0680d4b028f8977bbffd7e1172e0b677200d446f.jpg
145,10000044004948,AAHbjmk4AOWGexecDTURlBG3,BQ023 / A505,Wholesale Soft Knit Slip-On Walking Shoes A505 Breathable Thick Sole Casual Sneakers OEM ODM,approved,Y,3,https://sc04.alicdn.com/kf/S7fa403281e3641ba835773ea25556ccaW.jpg,320,320,0.7175,0.8425,0.6045,0.3323,,,HEURISTIC_PASS,C:\Users\spq\Desktop\贝强\02_Alibaba运营\01_店铺与全店诊断\全量商品审查_2026-09-04\全六图视觉二次审计_2026-09-04\cache\ef3d780ad7d76e70be11e1a4ff6ec3d227fcb7a7.jpg
145,10000044004948,AAHbjmk4AOWGexecDTURlBG3,BQ023 / A505,Wholesale Soft Knit Slip-On Walking Shoes A505 Breathable Thick Sole Casual Sneakers OEM ODM,approved,Y,4,https://sc04.alicdn.com/kf/Sd9c53e236b044337aea75fe43b0581fdb.jpg,320,320,0.8775,0.8425,0.7393,0.4008,,,HEURISTIC_PASS,C:\Users\spq\Desktop\贝强\02_Alibaba运营\01_店铺与全店诊断\全量商品审查_2026-09-04\全六图视觉二次审计_2026-09-04\cache\1f079092a710e52ad395ec79fd93003f4e92fa71.jpg
145,10000044004948,AAHbjmk4AOWGexecDTURlBG3,BQ023 / A505,Wholesale Soft Knit Slip-On Walking Shoes A505 Breathable Thick Sole Casual Sneakers OEM ODM,approved,Y,5,https://sc04.alicdn.com/kf/S860fd2a267f447ae9c6917f8d49d27c74.jpg,320,320,0.73,0.8425,0.615,0.0552,,,HEURISTIC_PASS,C:\Users\spq\Desktop\贝强\02_Alibaba运营\01_店铺与全店诊断\全量商品审查_2026-09-04\全六图视觉二次审计_2026-09-04\cache\78901b9842c758e6534e2c59a896a4f53a20e37f.jpg
145,10000044004948,AAHbjmk4AOWGexecDTURlBG3,BQ023 / A505,Wholesale Soft Knit Slip-On Walking Shoes A505 Breathable Thick Sole Casual Sneakers OEM ODM,approved,Y,6,https://sc04.alicdn.com/kf/Sb248bf92b36c47608c286c29f023c51dY.jpg,320,320,0.7175,0.8425,0.6045,0.3306,,,HEURISTIC_PASS,C:\Users\spq\Desktop\贝强\02_Alibaba运营\01_店铺与全店诊断\全量商品审查_2026-09-04\全六图视觉二次审计_2026-09-04\cache\a7c0ccab6eac9239049d01783698058ec1670997.jpg
146,10000044028277,AAGfjmk4AOWGexecDTURlHaW,BQ027 / K6116,Wholesale Knit Textile Lace Detail Casual Walking Shoes K6116 OEM ODM,approved,Y,1,https://sc04.alicdn.com/kf/S9309702a04c44a719f1e019d94da48ccL.jpg,320,320,0.7075,0.3875,0.2742,0.1671,P0_LOW_HERO_OCCUPANCY,,HEURISTIC_PASS,C:\Users\spq\Desktop\贝强\02_Alibaba运营\01_店铺与全店诊断\全量商品审查_2026-09-04\全六图视觉二次审计_2026-09-04\cache\05d1e015f5855440144b23a5a28a60ddda302b62.jpg
146,10000044028277,AAGfjmk4AOWGexecDTURlHaW,BQ027 / K6116,Wholesale Knit Textile Lace Detail Casual Walking Shoes K6116 OEM ODM,approved,Y,2,https://sc04.alicdn.com/kf/S97a21b919b44496ea128a896930486713.jpg,320,320,0.785,0.8425,0.6614,0.1812,,,HEURISTIC_PASS,C:\Users\spq\Desktop\贝强\02_Alibaba运营\01_店铺与全店诊断\全量商品审查_2026-09-04\全六图视觉二次审计_2026-09-04\cache\8c873f088d8af5067416495c05ed8a8ce2954b39.jpg
146,10000044028277,AAGfjmk4AOWGexecDTURlHaW,BQ027 / K6116,Wholesale Knit Textile Lace Detail Casual Walking Shoes K6116 OEM ODM,approved,Y,3,https://sc04.alicdn.com/kf/Sb7a839b8c2764d3d926668085805b699U.jpg,320,320,0.645,0.8425,0.5434,0.088,,,HEURISTIC_PASS,C:\Users\spq\Desktop\贝强\02_Alibaba运营\01_店铺与全店诊断\全量商品审查_2026-09-04\全六图视觉二次审计_2026-09-04\cache\a869d46928d652ed17960f168022c492358c4f4f.jpg
146,10000044028277,AAGfjmk4AOWGexecDTURlHaW,BQ027 / K6116,Wholesale Knit Textile Lace Detail Casual Walking Shoes K6116 OEM ODM,approved,Y,4,https://sc04.alicdn.com/kf/S0c4c39ead88d4a05a4d5b8a80f378f40G.jpg,320,320,0.8775,0.8425,0.7393,0.4565,,,HEURISTIC_PASS,C:\Users\spq\Desktop\贝强\02_Alibaba运营\01_店铺与全店诊断\全量商品审查_2026-09-04\全六图视觉二次审计_2026-09-04\cache\5eb1ef32ff48fd5745917484428e6d4341c678b2.jpg
146,10000044028277,AAGfjmk4AOWGexecDTURlHaW,BQ027 / K6116,Wholesale Knit Textile Lace Detail Casual Walking Shoes K6116 OEM ODM,approved,Y,5,https://sc04.alicdn.com/kf/S469b2af5f4cb4024839f523040b8a0e8t.jpg,320,320,0.725,0.8425,0.6108,0.0621,,,HEURISTIC_PASS,C:\Users\spq\Desktop\贝强\02_Alibaba运营\01_店铺与全店诊断\全量商品审查_2026-09-04\全六图视觉二次审计_2026-09-04\cache\b895d5d033c36a7b9507b6b32452a0d7b94f89e1.jpg
146,10000044028277,AAGfjmk4AOWGexecDTURlHaW,BQ027 / K6116,Wholesale Knit Textile Lace Detail Casual Walking Shoes K6116 OEM ODM,approved,Y,6,https://sc04.alicdn.com/kf/S35f8464dd3fc4c1f944a025d9bf2783dX.jpg,320,320,0.7175,0.8425,0.6045,0.2532,,,HEURISTIC_PASS,C:\Users\spq\Desktop\贝强\02_Alibaba运营\01_店铺与全店诊断\全量商品审查_2026-09-04\全六图视觉二次审计_2026-09-04\cache\e572149bbb7f5e658f2f737364ab9d6689f04f4b.jpg
147,1601825070472,AAFDjmk4AOWGex-cDVm0sNpr,BQ-007,Wholesale Slip-On Knit Walking Shoes L0017 Breathable Cushioned Lightweight Casual Sneakers OEM ODM,approved,Y,1,https://sc04.alicdn.com/kf/H24247f7169524d968afad4bdc4852684f.jpg,240,320,0.89,0.4125,0.3671,0.2303,P0_LOW_HERO_OCCUPANCY|NON_SQUARE|UNUSABLY_SMALL_PREVIEW,,HEURISTIC_PASS,C:\Users\spq\Desktop\贝强\02_Alibaba运营\01_店铺与全店诊断\全量商品审查_2026-09-04\全六图视觉二次审计_2026-09-04\cache\55f8ef69c8335d93c43c47a518680a2849fae403.jpg
147,1601825070472,AAFDjmk4AOWGex-cDVm0sNpr,BQ-007,Wholesale Slip-On Knit Walking Shoes L0017 Breathable Cushioned Lightweight Casual Sneakers OEM ODM,approved,Y,2,https://sc04.alicdn.com/kf/H976c09c200ef4f9ab207ddc67924ec99w.jpg,240,320,0.8833,0.4025,0.3555,0.2306,NON_SQUARE|UNUSABLY_SMALL_PREVIEW,,HEURISTIC_PASS,C:\Users\spq\Desktop\贝强\02_Alibaba运营\01_店铺与全店诊断\全量商品审查_2026-09-04\全六图视觉二次审计_2026-09-04\cache\39e484526967f1ce07449aeb21ff43496cc1f3cf.jpg
147,1601825070472,AAFDjmk4AOWGex-cDVm0sNpr,BQ-007,Wholesale Slip-On Knit Walking Shoes L0017 Breathable Cushioned Lightweight Casual Sneakers OEM ODM,approved,Y,3,https://sc04.alicdn.com/kf/H89c90a07acd64e958c60fd8bbd5e00e37.jpg,240,320,0.9033,0.3875,0.35,0.2343,NON_SQUARE|UNUSABLY_SMALL_PREVIEW,,HEURISTIC_PASS,C:\Users\spq\Desktop\贝强\02_Alibaba运营\01_店铺与全店诊断\全量商品审查_2026-09-04\全六图视觉二次审计_2026-09-04\cache\d080e4159e234c309918d1f34cb83f1f0cf0c6aa.jpg
147,1601825070472,AAFDjmk4AOWGex-cDVm0sNpr,BQ-007,Wholesale Slip-On Knit Walking Shoes L0017 Breathable Cushioned Lightweight Casual Sneakers OEM ODM,approved,Y,4,https://sc04.alicdn.com/kf/H77121a8c515e42c9b2a6c010c3d96a909.jpg,240,320,0.8967,0.3875,0.3475,0.2353,NON_SQUARE|UNUSABLY_SMALL_PREVIEW,,HEURISTIC_PASS,C:\Users\spq\Desktop\贝强\02_Alibaba运营\01_店铺与全店诊断\全量商品审查_2026-09-04\全六图视觉二次审计_2026-09-04\cache\1d2337be34d86ade01d96506b0ae7653cb619894.jpg
147,1601825070472,AAFDjmk4AOWGex-cDVm0sNpr,BQ-007,Wholesale Slip-On Knit Walking Shoes L0017 Breathable Cushioned Lightweight Casual Sneakers OEM ODM,approved,Y,5,https://sc04.alicdn.com/kf/Hd6e74433a6714ac09c1ee68093f542c1r.jpg,240,320,0.8833,0.395,0.3489,0.2217,NON_SQUARE|UNUSABLY_SMALL_PREVIEW,,DOWNLOAD_OR_DECODE_ERROR,C:\Users\spq\Desktop\贝强\02_Alibaba运营\01_店铺与全店诊断\全量商品审查_2026-09-04\全六图视觉二次审计_2026-09-04\cache\f98ad3dfb6c7499587e4b363f786b6fe75748efc.jpg
147,1601825070472,AAFDjmk4AOWGex-cDVm0sNpr,BQ-007,Wholesale Slip-On Knit Walking Shoes L0017 Breathable Cushioned Lightweight Casual Sneakers OEM ODM,approved,Y,6,https://sc04.alicdn.com/kf/Hcea6af89a4104bc59df92d1381f3533eS.jpg,320,320,1.0,1.0,1.0,0.9858,,,EDGE_CROP_OR_FULL_CANVAS;COMPLEX_OR_COLLAGE_BACKGROUND,C:\Users\spq\Desktop\贝强\02_Alibaba运营\01_店铺与全店诊断\全量商品审查_2026-09-04\全六图视觉二次审计_2026-09-04\cache\35a0b800ac2c13fc4a1a00a0f63eb1ec758f544a.jpg
148,1601825074604,AAE3jmk4AOWGex-cDVm0sOpP,BQ-009,Wholesale Breathable Mesh Athletic Walking Shoes L1026 Thick Sole Lightweight Casual Sneakers OEM ODM,approved,Y,1,https://sc04.alicdn.com/kf/H3e79e16a095449478c9498467a4aa75cn.jpg,320,320,0.935,0.5575,0.5213,0.305,,,DOWNLOAD_OR_DECODE_ERROR,C:\Users\spq\Desktop\贝强\02_Alibaba运营\01_店铺与全店诊断\全量商品审查_2026-09-04\全六图视觉二次审计_2026-09-04\cache\7ff5ec7afca814a3ffa5cde6adacab434152c15f.jpg
148,1601825074604,AAE3jmk4AOWGex-cDVm0sOpP,BQ-009,Wholesale Breathable Mesh Athletic Walking Shoes L1026 Thick Sole Lightweight Casual Sneakers OEM ODM,approved,Y,2,https://sc04.alicdn.com/kf/H0201d9c5acd6431fa44014a168b9210fh.jpg,320,320,0.935,0.5725,0.5353,0.3072,,,HEURISTIC_PASS,C:\Users\spq\Desktop\贝强\02_Alibaba运营\01_店铺与全店诊断\全量商品审查_2026-09-04\全六图视觉二次审计_2026-09-04\cache\5ba1ca0cccb3da0538c4cd060a358b34a5d946e5.jpg
148,1601825074604,AAE3jmk4AOWGex-cDVm0sOpP,BQ-009,Wholesale Breathable Mesh Athletic Walking Shoes L1026 Thick Sole Lightweight Casual Sneakers OEM ODM,approved,Y,3,https://sc04.alicdn.com/kf/Hbaf5c947c6404a72b1b90d2635ef056cD.jpg,320,320,0.93,0.5275,0.4906,0.3025,,,DOWNLOAD_OR_DECODE_ERROR,C:\Users\spq\Desktop\贝强\02_Alibaba运营\01_店铺与全店诊断\全量商品审查_2026-09-04\全六图视觉二次审计_2026-09-04\cache\1aa3144a385333d0bcf34fc65d5751e80755b34b.jpg
148,1601825074604,AAE3jmk4AOWGex-cDVm0sOpP,BQ-009,Wholesale Breathable Mesh Athletic Walking Shoes L1026 Thick Sole Lightweight Casual Sneakers OEM ODM,approved,Y,4,https://sc04.alicdn.com/kf/Hc010289b92404be0844fa74a7879e357i.jpg,320,320,0.9275,0.6425,0.5959,0.3607,,,HEURISTIC_PASS,C:\Users\spq\Desktop\贝强\02_Alibaba运营\01_店铺与全店诊断\全量商品审查_2026-09-04\全六图视觉二次审计_2026-09-04\cache\84a1847c90a0b241098f8b343231c1f71a31bdf2.jpg
148,1601825074604,AAE3jmk4AOWGex-cDVm0sOpP,BQ-009,Wholesale Breathable Mesh Athletic Walking Shoes L1026 Thick Sole Lightweight Casual Sneakers OEM ODM,approved,Y,5,https://sc04.alicdn.com/kf/Hc34dcceb1e1a42e6a6abb54ff15c51d5t.jpg,320,320,0.935,0.385,0.36,0.2904,,,HEURISTIC_PASS,C:\Users\spq\Desktop\贝强\02_Alibaba运营\01_店铺与全店诊断\全量商品审查_2026-09-04\全六图视觉二次审计_2026-09-04\cache\556c6ef8ca3c8bd03abffe7b3bb4f862b8baf38c.jpg
148,1601825074604,AAE3jmk4AOWGex-cDVm0sOpP,BQ-009,Wholesale Breathable Mesh Athletic Walking Shoes L1026 Thick Sole Lightweight Casual Sneakers OEM ODM,approved,Y,6,https://sc04.alicdn.com/kf/H2977c962882f40d084232e3f81390822S.jpg,320,320,1.0,1.0,1.0,0.9841,,,EDGE_CROP_OR_FULL_CANVAS;COMPLEX_OR_COLLAGE_BACKGROUND,C:\Users\spq\Desktop\贝强\02_Alibaba运营\01_店铺与全店诊断\全量商品审查_2026-09-04\全六图视觉二次审计_2026-09-04\cache\8190fdab110fc3c3cae9890fe36b3e6fa3deb0d1.jpg
149,10000043201799,AAG4jmk4AOWGexecDTURg9Lk,BQ-004,Wholesale Slip-On Knit Walking Shoes A502 Lightweight Flexible Breathable Casual Loafers OEM ODM,approved,Y,1,https://sc04.alicdn.com/kf/A4c1f1e31a8bd47b9b40b75b536046c73e.jpg,320,320,1.0,1.0,1.0,0.5781,,,EDGE_CROP_OR_FULL_CANVAS;COMPLEX_OR_COLLAGE_BACKGROUND;EDGE_GRAPHIC_OR_DARK_BACKGROUND,C:\Users\spq\Desktop\贝强\02_Alibaba运营\01_店铺与全店诊断\全量商品审查_2026-09-04\全六图视觉二次审计_2026-09-04\cache\d75453cc5ef171d63c0e9abf98ad263bfa368906.jpg
149,10000043201799,AAG4jmk4AOWGexecDTURg9Lk,BQ-004,Wholesale Slip-On Knit Walking Shoes A502 Lightweight Flexible Breathable Casual Loafers OEM ODM,approved,Y,2,https://sc04.alicdn.com/kf/A594fc428bca543a8950246b2e4ccf424J.jpg,320,320,1.0,0.9275,0.9275,0.5981,,,HEURISTIC_PASS,C:\Users\spq\Desktop\贝强\02_Alibaba运营\01_店铺与全店诊断\全量商品审查_2026-09-04\全六图视觉二次审计_2026-09-04\cache\340b6f172d9832a5606d5917f8de7235dba6798b.jpg
149,10000043201799,AAG4jmk4AOWGexecDTURg9Lk,BQ-004,Wholesale Slip-On Knit Walking Shoes A502 Lightweight Flexible Breathable Casual Loafers OEM ODM,approved,Y,3,https://sc04.alicdn.com/kf/A2bd12966ffdb4101bff9e525623c6144j.jpg,320,320,1.0,1.0,1.0,0.592,,,EDGE_CROP_OR_FULL_CANVAS,C:\Users\spq\Desktop\贝强\02_Alibaba运营\01_店铺与全店诊断\全量商品审查_2026-09-04\全六图视觉二次审计_2026-09-04\cache\53dbda45cd7d727fce0e1aaba9da5dbfac00df09.jpg
149,10000043201799,AAG4jmk4AOWGexecDTURg9Lk,BQ-004,Wholesale Slip-On Knit Walking Shoes A502 Lightweight Flexible Breathable Casual Loafers OEM ODM,approved,Y,4,https://sc04.alicdn.com/kf/Ae78cbf57fd0c48b5b5459aa7e03cd529N.jpg,320,320,1.0,0.7875,0.7875,0.5754,,,HEURISTIC_PASS,C:\Users\spq\Desktop\贝强\02_Alibaba运营\01_店铺与全店诊断\全量商品审查_2026-09-04\全六图视觉二次审计_2026-09-04\cache\f37e2e515599928f6fa842293f53cf1afaf7e63c.jpg
149,10000043201799,AAG4jmk4AOWGexecDTURg9Lk,BQ-004,Wholesale Slip-On Knit Walking Shoes A502 Lightweight Flexible Breathable Casual Loafers OEM ODM,approved,Y,5,https://sc04.alicdn.com/kf/Ac42415f033274884b6cdf8afa50e159ec.jpg,320,320,1.0,0.775,0.775,0.6175,,,HEURISTIC_PASS,C:\Users\spq\Desktop\贝强\02_Alibaba运营\01_店铺与全店诊断\全量商品审查_2026-09-04\全六图视觉二次审计_2026-09-04\cache\60c9b4ab83e82f0429300eb0e9346141c0801716.jpg
149,10000043201799,AAG4jmk4AOWGexecDTURg9Lk,BQ-004,Wholesale Slip-On Knit Walking Shoes A502 Lightweight Flexible Breathable Casual Loafers OEM ODM,approved,Y,6,https://sc04.alicdn.com/kf/A80b8d93c32ef44d985f74be244daeb40R.jpg,320,320,0.91,0.795,0.7235,0.4646,,,HEURISTIC_PASS,C:\Users\spq\Desktop\贝强\02_Alibaba运营\01_店铺与全店诊断\全量商品审查_2026-09-04\全六图视觉二次审计_2026-09-04\cache\3cf11997c2b56df16f466eb0bf1cc3fff3748dd6.jpg
150,10000042896165,AAH4jmk4AOWGexecDTURhyzG,BQ-002,Wholesale Extra Wide Toe Box Walking Shoes Stretch Knit Breathable Lightweight Comfort Sneakers OEM ODM,approved,Y,1,https://sc04.alicdn.com/kf/S633c8969bb324d0ab1c2c3e6512cd851u.jpg,320,320,0.9475,0.7375,0.6988,0.3416,,,HEURISTIC_PASS,C:\Users\spq\Desktop\贝强\02_Alibaba运营\01_店铺与全店诊断\全量商品审查_2026-09-04\全六图视觉二次审计_2026-09-04\cache\8aaa115ab8db0543308bc97754b9185daa73c135.jpg
150,10000042896165,AAH4jmk4AOWGexecDTURhyzG,BQ-002,Wholesale Extra Wide Toe Box Walking Shoes Stretch Knit Breathable Lightweight Comfort Sneakers OEM ODM,approved,Y,2,https://sc04.alicdn.com/kf/S53eb582a15424e278a3694968c42cb3aE.jpg,320,320,0.8025,0.7175,0.5758,0.06,,,HEURISTIC_PASS,C:\Users\spq\Desktop\贝强\02_Alibaba运营\01_店铺与全店诊断\全量商品审查_2026-09-04\全六图视觉二次审计_2026-09-04\cache\c58901b71e24708aafd29fe1f177e1614d852a4b.jpg
150,10000042896165,AAH4jmk4AOWGexecDTURhyzG,BQ-002,Wholesale Extra Wide Toe Box Walking Shoes Stretch Knit Breathable Lightweight Comfort Sneakers OEM ODM,approved,Y,3,https://sc04.alicdn.com/kf/Saeaeb80979304dcd8641c6f97cbd85c0D.jpg,320,320,1.0,0.7975,0.7975,0.1966,,,HEURISTIC_PASS,C:\Users\spq\Desktop\贝强\02_Alibaba运营\01_店铺与全店诊断\全量商品审查_2026-09-04\全六图视觉二次审计_2026-09-04\cache\ea1cc20ef8023b6c1c064dbe5641855010bf729e.jpg
150,10000042896165,AAH4jmk4AOWGexecDTURhyzG,BQ-002,Wholesale Extra Wide Toe Box Walking Shoes Stretch Knit Breathable Lightweight Comfort Sneakers OEM ODM,approved,Y,4,https://sc04.alicdn.com/kf/See5dd35eb8f64205afe9624283eb95ba5.jpg,320,320,0.805,0.6575,0.5293,0.2021,,,HEURISTIC_PASS,C:\Users\spq\Desktop\贝强\02_Alibaba运营\01_店铺与全店诊断\全量商品审查_2026-09-04\全六图视觉二次审计_2026-09-04\cache\38b242441696e73cce6cf2f8e26a0a84cfa71720.jpg
150,10000042896165,AAH4jmk4AOWGexecDTURhyzG,BQ-002,Wholesale Extra Wide Toe Box Walking Shoes Stretch Knit Breathable Lightweight Comfort Sneakers OEM ODM,approved,Y,5,https://sc04.alicdn.com/kf/S0f70cd23937041a89a8edc2597bbe2e49.jpg,320,320,0.83,0.7875,0.6536,0.1725,,,HEURISTIC_PASS,C:\Users\spq\Desktop\贝强\02_Alibaba运营\01_店铺与全店诊断\全量商品审查_2026-09-04\全六图视觉二次审计_2026-09-04\cache\e6a17becad2bcd351f7d581c9a5807589328e8f4.jpg
150,10000042896165,AAH4jmk4AOWGexecDTURhyzG,BQ-002,Wholesale Extra Wide Toe Box Walking Shoes Stretch Knit Breathable Lightweight Comfort Sneakers OEM ODM,approved,Y,6,https://sc04.alicdn.com/kf/S5dd60020582843b6b81b2c57fdb47553R.jpg,320,320,0.8325,0.76,0.6327,0.1796,,,HEURISTIC_PASS,C:\Users\spq\Desktop\贝强\02_Alibaba运营\01_店铺与全店诊断\全量商品审查_2026-09-04\全六图视觉二次审计_2026-09-04\cache\312ef8808b935bb5b943a6505dedb8890e272266.jpg
151,10000042821848,AAFPjmk4AOWGexecDTURhg87,BQ-001,Wholesale Men Wide Toe Box Slip-On Walking Shoes Breathable Stretch Knit Lightweight Casual Sneakers OEM ODM,approved,Y,1,https://sc04.alicdn.com/kf/Se40cef18ac3a4c6c9c4c27ca4da380f7c.jpg,320,320,0.95,0.75,0.7125,0.3665,,,HEURISTIC_PASS,C:\Users\spq\Desktop\贝强\02_Alibaba运营\01_店铺与全店诊断\全量商品审查_2026-09-04\全六图视觉二次审计_2026-09-04\cache\6be04f823bbe1758f1ebf6743e55707f499b93d3.jpg
151,10000042821848,AAFPjmk4AOWGexecDTURhg87,BQ-001,Wholesale Men Wide Toe Box Slip-On Walking Shoes Breathable Stretch Knit Lightweight Casual Sneakers OEM ODM,approved,Y,2,https://sc04.alicdn.com/kf/S885fd6aafbd9403590a8cff0f0781665p.jpg,320,320,0.8025,0.7175,0.5758,0.0567,,,HEURISTIC_PASS,C:\Users\spq\Desktop\贝强\02_Alibaba运营\01_店铺与全店诊断\全量商品审查_2026-09-04\全六图视觉二次审计_2026-09-04\cache\8d3daa025a581b91ba00d6c81176a1c8c8158609.jpg
151,10000042821848,AAFPjmk4AOWGexecDTURhg87,BQ-001,Wholesale Men Wide Toe Box Slip-On Walking Shoes Breathable Stretch Knit Lightweight Casual Sneakers OEM ODM,approved,Y,3,https://sc04.alicdn.com/kf/S2415b4085fcd4e9e8d9b645d517ae421C.jpg,320,320,1.0,0.7975,0.7975,0.2221,,,HEURISTIC_PASS,C:\Users\spq\Desktop\贝强\02_Alibaba运营\01_店铺与全店诊断\全量商品审查_2026-09-04\全六图视觉二次审计_2026-09-04\cache\6ddbacbced2d55190c44ea2b5caf9d71fe21efec.jpg
151,10000042821848,AAFPjmk4AOWGexecDTURhg87,BQ-001,Wholesale Men Wide Toe Box Slip-On Walking Shoes Breathable Stretch Knit Lightweight Casual Sneakers OEM ODM,approved,Y,4,https://sc04.alicdn.com/kf/S5a6adc66fd9140cc8f481b988a240646K.jpg,320,320,0.805,0.655,0.5273,0.2008,,,HEURISTIC_PASS,C:\Users\spq\Desktop\贝强\02_Alibaba运营\01_店铺与全店诊断\全量商品审查_2026-09-04\全六图视觉二次审计_2026-09-04\cache\26020ec11b0870a9e7ba08ddf6718efc5fc060fc.jpg
151,10000042821848,AAFPjmk4AOWGexecDTURhg87,BQ-001,Wholesale Men Wide Toe Box Slip-On Walking Shoes Breathable Stretch Knit Lightweight Casual Sneakers OEM ODM,approved,Y,5,https://sc04.alicdn.com/kf/Sb80a8804df8e4c0b87cc639694660d3aM.jpg,320,320,0.83,0.7875,0.6536,0.1803,,,HEURISTIC_PASS,C:\Users\spq\Desktop\贝强\02_Alibaba运营\01_店铺与全店诊断\全量商品审查_2026-09-04\全六图视觉二次审计_2026-09-04\cache\deb601fe39c404aa9f889b7126a8b465bba0d51c.jpg
151,10000042821848,AAFPjmk4AOWGexecDTURhg87,BQ-001,Wholesale Men Wide Toe Box Slip-On Walking Shoes Breathable Stretch Knit Lightweight Casual Sneakers OEM ODM,approved,Y,6,https://sc04.alicdn.com/kf/S222157211c6b400d9ce829fa9f24e447S.jpg,320,320,0.8325,0.76,0.6327,0.1774,,,HEURISTIC_PASS,C:\Users\spq\Desktop\贝强\02_Alibaba运营\01_店铺与全店诊断\全量商品审查_2026-09-04\全六图视觉二次审计_2026-09-04\cache\e2bd0b38fd9262d452713c9288a191d6829fc744.jpg
