记录类型,本店型号,国际站商品ID,国际站直达链接,供应商,供应商店铺链接,供应商原货号,供应鞋款直达链接,来源页标价,币种,价格单位,价格条件,来源核价日期,本次整理日期,正式来源证据,来源关系状态,最近回读审核,最近回读展示,平台观察时间UTC,缺项与冲突
来源待补,BQ-001,10000042821848,https://www.alibaba.com/product-detail/Wholesale-Men-Wide-Toe-Box-Slip_10000042821848.html,,,,,,,,,,2026-10-09,,SOURCE_EVIDENCE_MISSING,approved,Y,2026-10-07T04:25:00.978045+00:00,已核平台ID/型号/链接；没有逐款来源证明，供应商/原货号/拿货价留空。平台展示不证明自产/实际供给。
来源待补,BQ-002,10000042896165,https://www.alibaba.com/product-detail/Wholesale-Extra-Wide-Toe-Box-Walking_10000042896165.html,,,,,,,,,,2026-10-09,,SOURCE_EVIDENCE_MISSING,approved,Y,2026-10-07T04:25:00.978045+00:00,已核平台ID/型号/链接；没有逐款来源证明，供应商/原货号/拿货价留空。平台展示不证明自产/实际供给。
来源待补,BQ-004,10000043201799,https://www.alibaba.com/product-detail/Wholesale-Slip-On-Knit-Walking-Shoes_10000043201799.html,,,,,,,,,,2026-10-09,,SOURCE_EVIDENCE_MISSING,approved,Y,2026-10-07T04:25:00.978045+00:00,已核平台ID/型号/链接；没有逐款来源证明，供应商/原货号/拿货价留空。平台展示不证明自产/实际供给。
来源待补,BQ-007,1601825070472,https://www.alibaba.com/product-detail/Wholesale-Slip-On-Knit-Walking-Shoes_1601825070472.html,,,,,,,,,,2026-10-09,,SOURCE_EVIDENCE_MISSING,approved,Y,2026-10-07T04:25:00.978045+00:00,已核平台ID/型号/链接；没有逐款来源证明，供应商/原货号/拿货价留空。平台展示不证明自产/实际供给。
来源待补,BQ-008,1601825021825,https://www.alibaba.com/product-detail/Wholesale-Solid-Spring-Summer-Breathable-Mesh_1601825021825.html,,,,,,,,,,2026-10-09,,SOURCE_EVIDENCE_MISSING,approved,Y,2026-10-07T04:25:00.978045+00:00,已核平台ID/型号/链接；没有逐款来源证明，供应商/原货号/拿货价留空。平台展示不证明自产/实际供给。
来源待补,BQ-009,1601825074604,https://www.alibaba.com/product-detail/Wholesale-Breathable-Mesh-Athletic-Walking-Shoes_1601825074604.html,,,,,,,,,,2026-10-09,,SOURCE_EVIDENCE_MISSING,approved,Y,2026-10-07T04:25:00.978045+00:00,已核平台ID/型号/链接；没有逐款来源证明，供应商/原货号/拿货价留空。平台展示不证明自产/实际供给。
来源待补,BQ-010,1601825160204,https://www.alibaba.com/product-detail/Wholesale-Stretch-Fabric-Breathable-Mesh-Lining_1601825160204.html,,,,,,,,,,2026-10-09,,SOURCE_EVIDENCE_MISSING,approved,Y,2026-10-07T04:25:00.978045+00:00,已核平台ID/型号/链接；没有逐款来源证明，供应商/原货号/拿货价留空。平台展示不证明自产/实际供给。
来源待补,BQ-011,10000043725883,https://www.alibaba.com/product-detail/Wholesale-Men-Knit-Slip-On-Walking_10000043725883.html,,,,,,,,,,2026-10-09,,SOURCE_EVIDENCE_MISSING,approved,Y,2026-10-07T04:25:00.978045+00:00,已核平台ID/型号/链接；没有逐款来源证明，供应商/原货号/拿货价留空。平台展示不证明自产/实际供给。
来源待补,BQ-012,10000043744505,https://www.alibaba.com/product-detail/Wholesale-Breathable-Knit-Chunky-Walking-Shoes_10000043744505.html,,,,,,,,,,2026-10-09,,SOURCE_EVIDENCE_MISSING,approved,Y,2026-10-07T04:25:00.978045+00:00,已核平台ID/型号/链接；没有逐款来源证明，供应商/原货号/拿货价留空。平台展示不证明自产/实际供给。
来源待补,BQ-013,10000043763325,https://www.alibaba.com/product-detail/2026-New-Soft-Knit-Slip-On_10000043763325.html,,,,,,,,,,2026-10-09,,SOURCE_EVIDENCE_MISSING,approved,Y,2026-10-07T04:25:00.978045+00:00,已核平台ID/型号/链接；没有逐款来源证明，供应商/原货号/拿货价留空。平台展示不证明自产/实际供给。
来源待补,BQ-014,10000043732626,https://www.alibaba.com/product-detail/2026-New-Slip-On-Knit-Walking_10000043732626.html,,,,,,,,,,2026-10-09,,SOURCE_EVIDENCE_MISSING,approved,Y,2026-10-07T04:25:00.978045+00:00,已核平台ID/型号/链接；没有逐款来源证明，供应商/原货号/拿货价留空。平台展示不证明自产/实际供给。
来源待补,BQ-016,10000044021584,https://www.alibaba.com/product-detail/2026-New-Kids-Slip-On-Walking_10000044021584.html,,,,,,,,,,2026-10-09,,SOURCE_EVIDENCE_MISSING,approved,Y,2026-10-07T04:25:00.978045+00:00,已核平台ID/型号/链接；没有逐款来源证明，供应商/原货号/拿货价留空。平台展示不证明自产/实际供给。
来源待补,BQ-017,10000044034049,https://www.alibaba.com/product-detail/2026-New-Quilted-Knit-Lace-Up_10000044034049.html,,,,,,,,,,2026-10-09,,SOURCE_EVIDENCE_MISSING,approved,Y,2026-10-07T04:25:00.978045+00:00,已核平台ID/型号/链接；没有逐款来源证明，供应商/原货号/拿货价留空。平台展示不证明自产/实际供给。
来源待补,BQ-018,10000044007878,https://www.alibaba.com/product-detail/2026-New-Breathable-Mesh-Knit-Walking_10000044007878.html,,,,,,,,,,2026-10-09,,SOURCE_EVIDENCE_MISSING,approved,Y,2026-10-07T04:25:00.978045+00:00,已核平台ID/型号/链接；没有逐款来源证明，供应商/原货号/拿货价留空。平台展示不证明自产/实际供给。
来源待补,BQ-019,10000044041008,https://www.alibaba.com/product-detail/Wholesale-Summer-Light-Weight-Anti-Slip_10000044041008.html,,,,,,,,,,2026-10-09,,SOURCE_EVIDENCE_MISSING,approved,Y,2026-10-07T04:25:00.978045+00:00,已核平台ID/型号/链接；没有逐款来源证明，供应商/原货号/拿货价留空。平台展示不证明自产/实际供给。
来源待补,BQ-021,1601838963947,https://www.alibaba.com/product-detail/2026-New-All-Black-Slip-On_1601838963947.html,,,,,,,,,,2026-10-09,,SOURCE_EVIDENCE_MISSING,approved,Y,2026-10-07T04:25:00.978045+00:00,已核平台ID/型号/链接；没有逐款来源证明，供应商/原货号/拿货价留空。平台展示不证明自产/实际供给。
来源待补,BQ-022,10000043991998,https://www.alibaba.com/product-detail/Wholesale-Summer-Light-Weight-Anti-Slip_10000043991998.html,,,,,,,,,,2026-10-09,,SOURCE_EVIDENCE_MISSING,approved,Y,2026-10-07T04:25:00.978045+00:00,已核平台ID/型号/链接；没有逐款来源证明，供应商/原货号/拿货价留空。平台展示不证明自产/实际供给。
来源待补,BQ-035 / A001,10000046705043,https://www.alibaba.com/product-detail/Wholesale-Men-s-Knit-Backless-Slip_10000046705043.html,,,,,,,,,,2026-10-09,,SOURCE_EVIDENCE_MISSING,approved,Y,2026-10-07T04:25:00.978045+00:00,已核平台ID/型号/链接；没有逐款来源证明，供应商/原货号/拿货价留空。平台展示不证明自产/实际供给。
已有发布证据,BQ-ABH219,1601969936536,https://www.alibaba.com/product-detail/Women-s-Lace-Up-Ankle-Boots_1601969936536.html,,https://ls2017.sooxie.com,H219,https://ls2017.sooxie.com/detail/1565538,60,CNY,双,采购数量、版本、包装、运税与当天可供条件逐单确认。,2026-10-02,2026-10-09,02_Alibaba运营/05_扩品工程/执行记录/H219_API完整新建_2026-10-02_task2/facts_and_copy.json,ADOPTED_SOURCE_EVIDENCE,approved,Y,2026-10-07T04:25:00.978045+00:00,按保存事实及已有正式ID对应整理；本次未重新核价。不代表今日库存或完整商品验收。供应商中文名称待核，店铺域名已记录。
已有发布证据,BQ-C2627,1601969885846,https://www.alibaba.com/product-detail/EVA-Platform-Clogs-with-Heel-Strap_1601969885846.html,火火网络鞋业,https://huohuo.sooxie.com,2627BSK,https://huohuo.sooxie.com/detail/2557137,23,CNY,双,采购数量、版本、包装、运税与当天可供条件逐单确认。,2026-10-02,2026-10-09,02_Alibaba运营/05_扩品工程/执行记录/2627BSK_API新建_2026-10-02/facts_and_copy.json,ADOPTED_SOURCE_EVIDENCE,approved,Y,2026-10-07T04:25:00.978045+00:00,按保存事实及已有正式ID对应整理；本次未重新核价。不代表今日库存或完整商品验收。
已有发布证据,BQ-CA67,1601969861694,https://www.alibaba.com/product-detail/EVA-Vented-Closed-Heel-Casual-Shoes_1601969861694.html,宝多鞋业,https://baoduo.sooxie.com,A67,https://baoduo.sooxie.com/detail/2439758,15,CNY,双,采购数量、版本、包装、运税与当天可供条件逐单确认。,2026-10-02,2026-10-09,02_Alibaba运营/05_扩品工程/执行记录/A67_API新建_2026-10-02/facts_and_copy.json,ADOPTED_SOURCE_EVIDENCE,approved,Y,2026-10-07T04:25:00.978045+00:00,按保存事实及已有正式ID对应整理；本次未重新核价。不代表今日库存或完整商品验收。
已有发布证据,BQ-CS063C,1601970622736,https://www.alibaba.com/product-detail/Basketball-Inspired-Mesh-Lace-Up-Casual_1601970622736.html,,https://tuyuan.sooxie.com,725,https://tuyuan.sooxie.com/detail/2541696,,,双,采购数量、版本、包装、运税与当天可供条件逐单确认。,,2026-10-09,08_工具链/01_业务脚本/国际站扩品/schema_capabilities.json,ADOPTED_SOURCE_EVIDENCE,approved,Y,2026-10-07T04:25:00.978045+00:00,已登记正式采用来源；原拿货价/核价日期/供方名称缺证留空，不从售价反推成本。
已有发布证据,BQ-CS929,1601970118386,https://www.alibaba.com/product-detail/Men-s-Chunky-Mesh-Sneakers-with_1601970118386.html,,https://siji.sooxie.com,929,https://siji.sooxie.com/detail/2428686,95.00,CNY,双,采购数量、版本、包装、运税与当天可供条件逐单确认。,2026-10-02,2026-10-09,02_Alibaba运营/02_单品优化记录/929来源事实快照_2026-10-03.json,ADOPTED_SOURCE_EVIDENCE,approved,Y,2026-10-07T04:25:00.978045+00:00,按保存事实及已有正式ID对应整理；本次未重新核价。不代表今日库存或完整商品验收。供应商中文名称待核，店铺域名已记录。
已有发布证据,BQ-D805,1601969877983,https://www.alibaba.com/product-detail/Men-s-Tassel-Driving-Moccasins-with_1601969877983.html,,https://yut.sooxie.com,805,https://yut.sooxie.com/detail/559264,75,CNY,双,采购数量、版本、包装、运税与当天可供条件逐单确认。,2026-10-02,2026-10-09,02_Alibaba运营/05_扩品工程/执行记录/805_API完整新建_2026-10-02/facts_and_copy.json,ADOPTED_SOURCE_EVIDENCE,approved,Y,2026-10-07T04:25:00.978045+00:00,按保存事实及已有正式ID对应整理；本次未重新核价。不代表今日库存或完整商品验收。供应商中文名称待核，店铺域名已记录。
已有发布证据,BQ-L3522,1601969920294,https://www.alibaba.com/product-detail/Men-s-Suede-Slip-On-Loafers_1601969920294.html,,https://gediao.sooxie.com,3522,https://gediao.sooxie.com/detail/2541782,85,CNY,双,采购数量、版本、包装、运税与当天可供条件逐单确认。,2026-10-02,2026-10-09,02_Alibaba运营/05_扩品工程/执行记录/3522_API完整新建_2026-10-02/facts_and_copy.json,ADOPTED_SOURCE_EVIDENCE,approved,Y,2026-10-07T04:25:00.978045+00:00,按保存事实及已有正式ID对应整理；本次未重新核价。不代表今日库存或完整商品验收。供应商中文名称待核，店铺域名已记录。
国际站正式商品,BQ-LQ021,1601974859471,https://www.alibaba.com/product-detail/Wide-Toe-Box-Mesh-Walking-Shoes_1601974859471.html,路崎鞋业工厂店,https://luqi.sooxie.com,021,https://luqi.sooxie.com/detail/2363744,75.00,CNY,双,采购数量、版本、包装、运税与当天可供条件逐单确认。,2026-10-08T12:05:23.750458+00:00,2026-10-09,02_Alibaba运营/05_扩品工程/执行记录/路崎宽头户外_2026-10-08/021准备/当前来源文本.txt;02_Alibaba运营/05_扩品工程/执行记录/路崎宽头户外_2026-10-08/021准备/经营任务包.md;02_Alibaba运营/05_扩品工程/执行记录/路崎宽头户外_2026-10-08/021准备/05_AI候选/整组验收.json;02_Alibaba运营/05_扩品工程/执行记录/路崎宽头户外_2026-10-08/021准备/来源款式近似候选.json;02_Alibaba运营/05_扩品工程/执行记录/路崎宽头户外_2026-10-08/021准备/发布前逐款核验.json;02_Alibaba运营/05_扩品工程/执行记录/路崎宽头户外_2026-10-08/021准备/正式创建回执.json;02_Alibaba运营/05_扩品工程/执行记录/路崎宽头户外_2026-10-08/021准备/发布后字段核验.json,ADOPTED_SOURCE_EVIDENCE,approved,Y,2026-10-09T13:46:57.474042+00:00,本款30个EU规格，当前approved/Y，实际评分5.00。卖点已正式保存；旧关键词字段空，不冒充关键词字段成功。真实来源内部留证。
国际站正式商品,BQ-LQ02507,1601973978339,https://www.alibaba.com/product-detail/Mens-Outdoor-Casual-Walking-Shoes-Side_1601973978339.html,路崎,https://luqi.sooxie.com,02507,https://luqi.sooxie.com/detail/2492436,80.00,CNY,双,采购数量、版本、包装、运税与当天可供条件逐单确认。,2026-10-08,2026-10-09,02_Alibaba运营/05_扩品工程/执行记录/路崎宽头户外_2026-10-08/02507准备/经营任务包.md;02_Alibaba运营/05_扩品工程/执行记录/路崎宽头户外_2026-10-08/质量复核_2026-10-09/全分类处理队列.json;02_Alibaba运营/05_扩品工程/执行记录/路崎宽头户外_2026-10-08/02507准备/发布后字段核验.json;02_Alibaba运营/05_扩品工程/执行记录/路崎宽头户外_2026-10-08/02507准备/品牌与中底属性修正/修正正式核验.json,ADOPTED_SOURCE_EVIDENCE,approved,Y,2026-10-09T12:10:45.005026+00:00,本批20个EU组合；品牌PASS；当前approved/Y；当前评分5.00；内部来源保留。
国际站正式商品,BQ-LQ02508,1601973995230,https://www.alibaba.com/product-detail/Mens-Outdoor-Casual-Walking-Shoes-Lace_1601973995230.html,路崎,https://luqi.sooxie.com,02508,https://luqi.sooxie.com/detail/2492450,78.00,CNY,双,采购数量、版本、包装、运税与当天可供条件逐单确认。,2026-10-08,2026-10-09,02_Alibaba运营/05_扩品工程/执行记录/路崎宽头户外_2026-10-08/02508准备/经营任务包.md;02_Alibaba运营/05_扩品工程/执行记录/路崎宽头户外_2026-10-08/质量复核_2026-10-09/全分类处理队列.json;02_Alibaba运营/05_扩品工程/执行记录/路崎宽头户外_2026-10-08/02508准备/发布后字段核验.json;02_Alibaba运营/05_扩品工程/执行记录/路崎宽头户外_2026-10-08/02508准备/品牌与中底属性修正/修正正式核验.json,ADOPTED_SOURCE_EVIDENCE,approved,Y,2026-10-09T12:10:44.999273+00:00,本批20个EU组合；品牌PASS；当前approved/Y；当前评分5.00；内部来源保留。
国际站正式商品,BQ-LQ02601,1601973814505,https://www.alibaba.com/product-detail/Wholesale-Mens-Outdoor-Casual-Slip-On_1601973814505.html,路崎,https://luqi.sooxie.com,02601,https://luqi.sooxie.com/detail/2493085,36.00,CNY,双,采购数量、版本、包装、运税与当天可供条件逐单确认。,2026-10-08,2026-10-09,02_Alibaba运营/05_扩品工程/执行记录/路崎宽头户外_2026-10-08/02601准备/经营任务包.md;02_Alibaba运营/05_扩品工程/执行记录/路崎宽头户外_2026-10-08/质量复核_2026-10-09/全分类处理队列.json;02_Alibaba运营/05_扩品工程/执行记录/路崎宽头户外_2026-10-08/02601准备/质量修正_2026-10-09/质量修正核验.json;02_Alibaba运营/05_扩品工程/执行记录/路崎宽头户外_2026-10-08/02601准备/整组图片修正_2026-10-09/图片修正核验.json;02_Alibaba运营/05_扩品工程/执行记录/路崎宽头户外_2026-10-08/02601准备/品牌与中底属性修正/修正正式核验.json,ADOPTED_SOURCE_EVIDENCE,approved,Y,2026-10-09T12:10:44.997115+00:00,本批30个EU组合；品牌PASS；当前approved/Y；当前评分5.00；内部来源保留。
国际站正式商品,BQ-LQ02602,1601973869140,https://www.alibaba.com/product-detail/Wholesale-Mens-Outdoor-Casual-Walking-Shoes_1601973869140.html,路崎,https://luqi.sooxie.com,02602,https://luqi.sooxie.com/detail/2494853,85.00,CNY,双,采购数量、版本、包装、运税与当天可供条件逐单确认。,2026-10-08,2026-10-09,02_Alibaba运营/05_扩品工程/执行记录/路崎宽头户外_2026-10-08/02602准备/经营任务包.md;02_Alibaba运营/05_扩品工程/执行记录/路崎宽头户外_2026-10-08/质量复核_2026-10-09/全分类处理队列.json;02_Alibaba运营/05_扩品工程/执行记录/路崎宽头户外_2026-10-08/02602准备/整组图片修正_2026-10-09/图片修正核验.json;02_Alibaba运营/05_扩品工程/执行记录/路崎宽头户外_2026-10-08/02602准备/品牌与中底属性修正/修正正式核验.json,ADOPTED_SOURCE_EVIDENCE,approved,Y,2026-10-09T12:10:44.991975+00:00,本批20个EU组合；品牌PASS；当前approved/Y；当前评分5.00；内部来源保留。
国际站正式商品,BQ-LQ02603,1601973784646,https://www.alibaba.com/product-detail/Wholesale-Mens-Outdoor-Casual-Walking-Sneakers_1601973784646.html,路崎,https://luqi.sooxie.com,02603,https://luqi.sooxie.com/detail/2494858,90.00,CNY,双,采购数量、版本、包装、运税与当天可供条件逐单确认。,2026-10-08,2026-10-09,02_Alibaba运营/05_扩品工程/执行记录/路崎宽头户外_2026-10-08/02603准备/经营任务包.md;02_Alibaba运营/05_扩品工程/执行记录/路崎宽头户外_2026-10-08/质量复核_2026-10-09/全分类处理队列.json;02_Alibaba运营/05_扩品工程/执行记录/路崎宽头户外_2026-10-08/02603准备/整组图片修正_2026-10-09/图片修正核验.json;02_Alibaba运营/05_扩品工程/执行记录/路崎宽头户外_2026-10-08/02603准备/品牌与中底属性修正/修正正式核验.json,ADOPTED_SOURCE_EVIDENCE,approved,Y,2026-10-09T12:11:09.205677+00:00,本批30个EU组合；品牌PASS；当前approved/Y；当前评分5.00；内部来源保留。
国际站正式商品,BQ-LQ028,1601974617075,https://www.alibaba.com/product-detail/Unisex-Wide-Toe-Box-Sneakers-Lace_1601974617075.html,路崎鞋业工厂店,https://luqi.sooxie.com,028,https://luqi.sooxie.com/detail/2368554,59.00,CNY,双,采购数量、版本、包装、运税与当天可供条件逐单确认。,2026-10-08T12:05:23.713887+00:00,2026-10-09,02_Alibaba运营/05_扩品工程/执行记录/路崎宽头户外_2026-10-08/028准备/当前来源文本.txt;02_Alibaba运营/05_扩品工程/执行记录/路崎宽头户外_2026-10-08/028准备/经营任务包.md;02_Alibaba运营/05_扩品工程/执行记录/路崎宽头户外_2026-10-08/028准备/05_AI候选/整组验收.json;02_Alibaba运营/05_扩品工程/执行记录/路崎宽头户外_2026-10-08/028准备/发布前逐款核验.json;02_Alibaba运营/05_扩品工程/执行记录/路崎宽头户外_2026-10-08/028准备/发布后字段核验.json,ADOPTED_SOURCE_EVIDENCE,approved,Y,2026-10-09T10:30:57.775688+00:00,本批39个EU组合；品牌PASS_EFFECTIVE_BRAND_AND_KNOWN_MD_LABEL；当前approved/Y；当前评分5.00；内部来源保留。
国际站正式商品,BQ-LQ032,1601973736928,https://www.alibaba.com/product-detail/Wholesale-Unisex-Wide-Toe-Box-Mesh_1601973736928.html,路崎,https://luqi.sooxie.com,032,https://luqi.sooxie.com/detail/2416116,59.00,CNY,双,采购数量、版本、包装、运税与当天可供条件逐单确认。,2026-10-08,2026-10-09,02_Alibaba运营/05_扩品工程/执行记录/路崎宽头户外_2026-10-08/032准备/经营任务包.md;02_Alibaba运营/05_扩品工程/执行记录/路崎宽头户外_2026-10-08/质量复核_2026-10-09/全分类处理队列.json;02_Alibaba运营/05_扩品工程/执行记录/路崎宽头户外_2026-10-08/032准备/整组图片修正_2026-10-09/图片修正核验.json;02_Alibaba运营/05_扩品工程/执行记录/路崎宽头户外_2026-10-08/032准备/品牌与中底属性修正/修正正式核验.json,ADOPTED_SOURCE_EVIDENCE,approved,Y,2026-10-09T12:11:09.372270+00:00,本批52个EU组合；品牌PASS；当前approved/Y；当前评分5.00；内部来源保留。
国际站正式商品,BQ-LQ033,1601973792546,https://www.alibaba.com/product-detail/Wholesale-Unisex-Wide-Toe-Box-Casual_1601973792546.html,路崎,https://luqi.sooxie.com,033,https://luqi.sooxie.com/detail/2416933,59.00,CNY,双,采购数量、版本、包装、运税与当天可供条件逐单确认。,2026-10-08,2026-10-09,02_Alibaba运营/05_扩品工程/执行记录/路崎宽头户外_2026-10-08/033准备/经营任务包.md;02_Alibaba运营/05_扩品工程/执行记录/路崎宽头户外_2026-10-08/质量复核_2026-10-09/全分类处理队列.json;02_Alibaba运营/05_扩品工程/执行记录/路崎宽头户外_2026-10-08/033准备/整组图片修正_2026-10-09/图片修正核验.json;02_Alibaba运营/05_扩品工程/执行记录/路崎宽头户外_2026-10-08/033准备/品牌与中底属性修正/修正正式核验.json,ADOPTED_SOURCE_EVIDENCE,approved,Y,2026-10-09T12:11:09.631955+00:00,本批39个EU组合；品牌PASS；当前approved/Y；当前评分5.00；内部来源保留。
国际站正式商品,BQ-LQ050,1601973794508,https://www.alibaba.com/product-detail/Wholesale-Unisex-Wide-Toe-Box-Mesh_1601973794508.html,路崎,https://luqi.sooxie.com,050,https://luqi.sooxie.com/detail/2435080,68.00,CNY,双,采购数量、版本、包装、运税与当天可供条件逐单确认。,2026-10-08,2026-10-09,02_Alibaba运营/05_扩品工程/执行记录/路崎宽头户外_2026-10-08/050准备/经营任务包.md;02_Alibaba运营/05_扩品工程/执行记录/路崎宽头户外_2026-10-08/质量复核_2026-10-09/全分类处理队列.json;02_Alibaba运营/05_扩品工程/执行记录/路崎宽头户外_2026-10-08/050准备/整组图片修正_2026-10-09/图片修正核验.json;02_Alibaba运营/05_扩品工程/执行记录/路崎宽头户外_2026-10-08/050准备/品牌与中底属性修正/修正正式核验.json,ADOPTED_SOURCE_EVIDENCE,approved,Y,2026-10-09T12:11:09.857015+00:00,本批52个EU组合；品牌PASS；当前approved/Y；当前评分5.00；内部来源保留。
国际站正式商品,BQ-LQ053,1601973846232,https://www.alibaba.com/product-detail/Wholesale-Unisex-Wide-Toe-Box-Mesh_1601973846232.html,路崎,https://luqi.sooxie.com,053,https://luqi.sooxie.com/detail/2451884,59.00,CNY,双,采购数量、版本、包装、运税与当天可供条件逐单确认。,2026-10-08,2026-10-09,02_Alibaba运营/05_扩品工程/执行记录/路崎宽头户外_2026-10-08/053准备/经营任务包.md;02_Alibaba运营/05_扩品工程/执行记录/路崎宽头户外_2026-10-08/质量复核_2026-10-09/全分类处理队列.json;02_Alibaba运营/05_扩品工程/执行记录/路崎宽头户外_2026-10-08/053准备/整组图片修正_2026-10-09/图片修正核验.json;02_Alibaba运营/05_扩品工程/执行记录/路崎宽头户外_2026-10-08/053准备/品牌与中底属性修正/修正正式核验.json,ADOPTED_SOURCE_EVIDENCE,approved,Y,2026-10-09T12:11:33.529577+00:00,本批39个EU组合；品牌PASS；当前approved/Y；当前评分5.00；内部来源保留。
国际站正式商品,BQ-LQ055,1601973841032,https://www.alibaba.com/product-detail/Wholesale-Unisex-Wide-Toe-Box-Summer_1601973841032.html,路崎,https://luqi.sooxie.com,055,https://luqi.sooxie.com/detail/2469963,68.00,CNY,双,采购数量、版本、包装、运税与当天可供条件逐单确认。,2026-10-08,2026-10-09,02_Alibaba运营/05_扩品工程/执行记录/路崎宽头户外_2026-10-08/055准备/经营任务包.md;02_Alibaba运营/05_扩品工程/执行记录/路崎宽头户外_2026-10-08/质量复核_2026-10-09/全分类处理队列.json;02_Alibaba运营/05_扩品工程/执行记录/路崎宽头户外_2026-10-08/055准备/整组图片修正_2026-10-09/图片修正核验.json;02_Alibaba运营/05_扩品工程/执行记录/路崎宽头户外_2026-10-08/055准备/品牌与中底属性修正/修正正式核验.json,ADOPTED_SOURCE_EVIDENCE,approved,Y,2026-10-09T12:11:33.722045+00:00,本批39个EU组合；品牌PASS；当前approved/Y；当前评分5.00；内部来源保留。
已有发布证据,BQ-LQ056,1601973675393,https://www.alibaba.com/product-detail/Wholesale-Lace-Up-Casual-Walking-Shoes_1601973675393.html,路崎,https://luqi.sooxie.com,056,https://luqi.sooxie.com/detail/2555178,68,CNY,双,采购数量、版本、包装、运税与当天可供条件逐单确认。,2026-10-08,2026-10-09,02_Alibaba运营/05_扩品工程/执行记录/路崎全店新品_2026-10-08/056准备/经营任务包.md,ADOPTED_SOURCE_EVIDENCE,approved,Y,2026-10-08T09:55:43.436276+00:00,39个EU组合；当前approved/Y；真实评分5.0。API字段回读及各阶段证据见本批验收总览；公开/关键词终验待完成，非自产或库存证明。
国际站正式商品,BQ-LQ058,1601973821133,https://www.alibaba.com/product-detail/Wholesale-Unisex-Wide-Toe-Box-Mesh_1601973821133.html,路崎,https://luqi.sooxie.com,058,https://luqi.sooxie.com/detail/2476173,68.00,CNY,双,采购数量、版本、包装、运税与当天可供条件逐单确认。,2026-10-08,2026-10-09,02_Alibaba运营/05_扩品工程/执行记录/路崎宽头户外_2026-10-08/058准备/经营任务包.md;02_Alibaba运营/05_扩品工程/执行记录/路崎宽头户外_2026-10-08/质量复核_2026-10-09/全分类处理队列.json;02_Alibaba运营/05_扩品工程/执行记录/路崎宽头户外_2026-10-08/058准备/整组图片修正_2026-10-09/图片修正核验.json;02_Alibaba运营/05_扩品工程/执行记录/路崎宽头户外_2026-10-08/058准备/品牌与中底属性修正/修正正式核验.json,ADOPTED_SOURCE_EVIDENCE,approved,Y,2026-10-09T12:11:33.916790+00:00,本批26个EU组合；品牌PASS；当前approved/Y；当前评分5.00；内部来源保留。
已有国际站商品,BQ-LQ059,1601972951733,https://www.alibaba.com/product-detail/Unisex-Low-Top-Lace-Up-Casual_1601972951733.html,路崎鞋业工厂店,https://luqi.sooxie.com,059,https://luqi.sooxie.com/detail/2559453,68,CNY,双,采购数量、版本、包装、运税与当天可供条件逐单确认。,2026-10-07,2026-10-09,,ADOPTED_SOURCE_EVIDENCE,approved,Y,2026-10-08T10:01:07.900064+00:00,39个EU组合；当前approved/Y；真实评分5.00。API字段回读及各阶段证据见本批验收总览；公开/关键词终验待完成，非自产或库存证明。
已有国际站商品,BQ-LQ060,1601972944790,https://www.alibaba.com/product-detail/Unisex-Low-Top-Lace-Up-Casual_1601972944790.html,路崎鞋业工厂店,https://luqi.sooxie.com,060,https://luqi.sooxie.com/detail/2560210,65,CNY,双,采购数量、版本、包装、运税与当天可供条件逐单确认。,2026-10-07,2026-10-09,,ADOPTED_SOURCE_EVIDENCE,approved,Y,2026-10-08T10:01:07.896852+00:00,39个EU组合；当前approved/Y；真实评分5.00。API字段回读及各阶段证据见本批验收总览；公开/关键词终验待完成，非自产或库存证明。
已有国际站商品,BQ-LQ061,1601972965417,https://www.alibaba.com/product-detail/Unisex-Low-Top-Lace-Up-Casual_1601972965417.html,路崎鞋业工厂店,https://luqi.sooxie.com,061,https://luqi.sooxie.com/detail/2561975,59,CNY,双,采购数量、版本、包装、运税与当天可供条件逐单确认。,2026-10-07,2026-10-09,,ADOPTED_SOURCE_EVIDENCE,approved,Y,2026-10-08T10:01:07.853851+00:00,39个EU组合；当前approved/Y；真实评分5.00。API字段回读及各阶段证据见本批验收总览；公开/关键词终验待完成，非自产或库存证明。
国际站正式商品,BQ-LQ1212,1601973808453,https://www.alibaba.com/product-detail/Wholesale-Unisex-Wide-Toe-Box-Slip_1601973808453.html,路崎,https://luqi.sooxie.com,1212,https://luqi.sooxie.com/detail/2426308,52.00,CNY,双,采购数量、版本、包装、运税与当天可供条件逐单确认。,2026-10-08,2026-10-09,02_Alibaba运营/05_扩品工程/执行记录/路崎宽头户外_2026-10-08/1212准备/经营任务包.md;02_Alibaba运营/05_扩品工程/执行记录/路崎宽头户外_2026-10-08/质量复核_2026-10-09/全分类处理队列.json;02_Alibaba运营/05_扩品工程/执行记录/路崎宽头户外_2026-10-08/1212准备/整组图片修正_2026-10-09/图片修正核验.json;02_Alibaba运营/05_扩品工程/执行记录/路崎宽头户外_2026-10-08/1212准备/品牌与中底属性修正/修正正式核验.json,ADOPTED_SOURCE_EVIDENCE,approved,Y,2026-10-09T12:11:36.298458+00:00,本批78个EU组合；品牌PASS；当前approved/Y；当前评分5.00；内部来源保留。
国际站正式商品,BQ-LQ213,1601973876011,https://www.alibaba.com/product-detail/Wholesale-Unisex-Wide-Toe-Box-Mesh_1601973876011.html,路崎,https://luqi.sooxie.com,213,https://luqi.sooxie.com/detail/2463673,52.00,CNY,双,采购数量、版本、包装、运税与当天可供条件逐单确认。,2026-10-08,2026-10-09,02_Alibaba运营/05_扩品工程/执行记录/路崎宽头户外_2026-10-08/213准备/经营任务包.md;02_Alibaba运营/05_扩品工程/执行记录/路崎宽头户外_2026-10-08/质量复核_2026-10-09/全分类处理队列.json;02_Alibaba运营/05_扩品工程/执行记录/路崎宽头户外_2026-10-08/213准备/整组图片修正_2026-10-09/图片修正核验.json;02_Alibaba运营/05_扩品工程/执行记录/路崎宽头户外_2026-10-08/213准备/品牌与中底属性修正/修正正式核验.json,ADOPTED_SOURCE_EVIDENCE,approved,Y,2026-10-09T12:11:58.237763+00:00,本批39个EU组合；品牌PASS；当前approved/Y；当前评分5.00；内部来源保留。
国际站正式商品,BQ-LQ25012,1601973838360,https://www.alibaba.com/product-detail/Wholesale-Mens-Outdoor-Casual-Slip-On_1601973838360.html,路崎,https://luqi.sooxie.com,25012,https://luqi.sooxie.com/detail/2498213,58.00,CNY,双,采购数量、版本、包装、运税与当天可供条件逐单确认。,2026-10-08,2026-10-09,02_Alibaba运营/05_扩品工程/执行记录/路崎宽头户外_2026-10-08/25012准备/经营任务包.md;02_Alibaba运营/05_扩品工程/执行记录/路崎宽头户外_2026-10-08/质量复核_2026-10-09/全分类处理队列.json;02_Alibaba运营/05_扩品工程/执行记录/路崎宽头户外_2026-10-08/25012准备/整组图片修正_2026-10-09/图片修正核验.json;02_Alibaba运营/05_扩品工程/执行记录/路崎宽头户外_2026-10-08/25012准备/品牌与中底属性修正/修正正式核验.json,ADOPTED_SOURCE_EVIDENCE,approved,Y,2026-10-09T12:11:58.238836+00:00,本批20个EU组合；品牌PASS；当前approved/Y；当前评分5.00；内部来源保留。
国际站正式商品,BQ-LQ25016,1601973730776,https://www.alibaba.com/product-detail/Wholesale-Mens-Winter-Outdoor-Boots-Plush_1601973730776.html,路崎,https://luqi.sooxie.com,25016,https://luqi.sooxie.com/detail/2498219,88.00,CNY,双,采购数量、版本、包装、运税与当天可供条件逐单确认。,2026-10-08,2026-10-09,02_Alibaba运营/05_扩品工程/执行记录/路崎宽头户外_2026-10-08/25016准备/经营任务包.md;02_Alibaba运营/05_扩品工程/执行记录/路崎宽头户外_2026-10-08/质量复核_2026-10-09/全分类处理队列.json;02_Alibaba运营/05_扩品工程/执行记录/路崎宽头户外_2026-10-08/25016准备/整组图片修正_2026-10-09/图片修正核验.json;02_Alibaba运营/05_扩品工程/执行记录/路崎宽头户外_2026-10-08/25016准备/品牌与中底属性修正/修正正式核验.json,ADOPTED_SOURCE_EVIDENCE,approved,Y,2026-10-09T12:11:58.237233+00:00,本批30个EU组合；品牌PASS；当前approved/Y；当前评分5.00；内部来源保留。
国际站正式商品,BQ-LQ25017,1601973850058,https://www.alibaba.com/product-detail/Wholesale-Mens-Winter-Outdoor-Ankle-Boots_1601973850058.html,路崎,https://luqi.sooxie.com,25017,https://luqi.sooxie.com/detail/2498231,88.00,CNY,双,采购数量、版本、包装、运税与当天可供条件逐单确认。,2026-10-08,2026-10-09,02_Alibaba运营/05_扩品工程/执行记录/路崎宽头户外_2026-10-08/25017准备/经营任务包.md;02_Alibaba运营/05_扩品工程/执行记录/路崎宽头户外_2026-10-08/质量复核_2026-10-09/全分类处理队列.json;02_Alibaba运营/05_扩品工程/执行记录/路崎宽头户外_2026-10-08/25017准备/整组图片修正_2026-10-09/图片修正核验.json;02_Alibaba运营/05_扩品工程/执行记录/路崎宽头户外_2026-10-08/25017准备/品牌与中底属性修正/修正正式核验.json,ADOPTED_SOURCE_EVIDENCE,approved,Y,2026-10-09T12:12:00.541348+00:00,本批18个EU组合；品牌PASS；当前approved/Y；当前评分5.00；内部来源保留。
国际站正式商品,BQ-LQ25021,1601973854304,https://www.alibaba.com/product-detail/Wholesale-Mens-Outdoor-Casual-Walking-Sneakers_1601973854304.html,路崎,https://luqi.sooxie.com,25021,https://luqi.sooxie.com/detail/2493080,65.00,CNY,双,采购数量、版本、包装、运税与当天可供条件逐单确认。,2026-10-08,2026-10-09,02_Alibaba运营/05_扩品工程/执行记录/路崎宽头户外_2026-10-08/25021准备/经营任务包.md;02_Alibaba运营/05_扩品工程/执行记录/路崎宽头户外_2026-10-08/质量复核_2026-10-09/全分类处理队列.json;02_Alibaba运营/05_扩品工程/执行记录/路崎宽头户外_2026-10-08/25021准备/质量修正_2026-10-09/质量修正核验.json;02_Alibaba运营/05_扩品工程/执行记录/路崎宽头户外_2026-10-08/25021准备/整组图片修正_2026-10-09/图片修正核验.json;02_Alibaba运营/05_扩品工程/执行记录/路崎宽头户外_2026-10-08/25021准备/品牌与中底属性修正/修正正式核验.json,ADOPTED_SOURCE_EVIDENCE,approved,Y,2026-10-09T12:12:26.821633+00:00,本批20个EU组合；品牌PASS；当前approved/Y；当前评分5.00；内部来源保留。
国际站正式商品,BQ-LQ2510,1601973747919,https://www.alibaba.com/product-detail/Wholesale-Mens-Outdoor-Casual-Walking-Shoes_1601973747919.html,路崎,https://luqi.sooxie.com,2510,https://luqi.sooxie.com/detail/2493069,69.00,CNY,双,采购数量、版本、包装、运税与当天可供条件逐单确认。,2026-10-08,2026-10-09,02_Alibaba运营/05_扩品工程/执行记录/路崎宽头户外_2026-10-08/2510准备/经营任务包.md;02_Alibaba运营/05_扩品工程/执行记录/路崎宽头户外_2026-10-08/质量复核_2026-10-09/全分类处理队列.json;02_Alibaba运营/05_扩品工程/执行记录/路崎宽头户外_2026-10-08/2510准备/质量修正_2026-10-09/质量修正核验.json;02_Alibaba运营/05_扩品工程/执行记录/路崎宽头户外_2026-10-08/2510准备/整组图片修正_2026-10-09/图片修正核验.json;02_Alibaba运营/05_扩品工程/执行记录/路崎宽头户外_2026-10-08/2510准备/品牌与中底属性修正/修正正式核验.json,ADOPTED_SOURCE_EVIDENCE,approved,Y,2026-10-09T12:12:26.861205+00:00,本批20个EU组合；品牌PASS；当前approved/Y；当前评分5.00；内部来源保留。
国际站正式商品,BQ-LQ2571,1601974689145,https://www.alibaba.com/product-detail/Mens-Wide-Toe-Box-Mesh-Sneakers_1601974689145.html,路崎鞋业工厂店,https://luqi.sooxie.com,2571,https://luqi.sooxie.com/detail/2362382,72.00,CNY,双,采购数量、版本、包装、运税与当天可供条件逐单确认。,2026-10-08T12:05:23.779190+00:00,2026-10-09,02_Alibaba运营/05_扩品工程/执行记录/路崎宽头户外_2026-10-08/2571准备/当前来源文本.txt;02_Alibaba运营/05_扩品工程/执行记录/路崎宽头户外_2026-10-08/2571准备/经营任务包.md;02_Alibaba运营/05_扩品工程/执行记录/路崎宽头户外_2026-10-08/2571准备/05_AI候选/整组验收.json;02_Alibaba运营/05_扩品工程/执行记录/路崎宽头户外_2026-10-08/2571准备/发布前逐款核验.json;02_Alibaba运营/05_扩品工程/执行记录/路崎宽头户外_2026-10-08/2571准备/发布后字段核验.json,ADOPTED_SOURCE_EVIDENCE,approved,Y,2026-10-09T10:30:57.777827+00:00,本批24个EU组合；品牌PASS_EFFECTIVE_BRAND_AND_KNOWN_MD_LABEL；当前approved/Y；当前评分5.00；内部来源保留。
国际站正式商品,BQ-LQ2572,1601974755167,https://www.alibaba.com/product-detail/Wide-Toe-Box-Mesh-Sneakers-Lace_1601974755167.html,路崎鞋业工厂店,https://luqi.sooxie.com,2572,https://luqi.sooxie.com/detail/2348587,58.00,CNY,双,采购数量、版本、包装、运税与当天可供条件逐单确认。,2026-10-08T12:05:23.861451+00:00,2026-10-09,02_Alibaba运营/05_扩品工程/执行记录/路崎宽头户外_2026-10-08/2572准备/当前来源文本.txt;02_Alibaba运营/05_扩品工程/执行记录/路崎宽头户外_2026-10-08/2572准备/经营任务包.md;02_Alibaba运营/05_扩品工程/执行记录/路崎宽头户外_2026-10-08/2572准备/05_AI候选/整组验收.json;02_Alibaba运营/05_扩品工程/执行记录/路崎宽头户外_2026-10-08/2572准备/发布前逐款核验.json;02_Alibaba运营/05_扩品工程/执行记录/路崎宽头户外_2026-10-08/2572准备/发布后字段核验.json,ADOPTED_SOURCE_EVIDENCE,approved,Y,2026-10-09T10:15:17.369883+00:00,本批16个EU组合；品牌PASS_EFFECTIVE_BRAND_AND_KNOWN_MD_LABEL；当前approved/Y；当前评分5.00；内部来源保留。
国际站正式商品,BQ-LQ2573,1601974740583,https://www.alibaba.com/product-detail/Mens-Wide-Toe-Box-Mesh-Slip_1601974740583.html,路崎鞋业工厂店,https://luqi.sooxie.com,2573,https://luqi.sooxie.com/detail/2349364,59.00,CNY,双,采购数量、版本、包装、运税与当天可供条件逐单确认。,2026-10-08T12:05:23.842792+00:00,2026-10-09,02_Alibaba运营/05_扩品工程/执行记录/路崎宽头户外_2026-10-08/2573准备/当前来源文本.txt;02_Alibaba运营/05_扩品工程/执行记录/路崎宽头户外_2026-10-08/2573准备/经营任务包.md;02_Alibaba运营/05_扩品工程/执行记录/路崎宽头户外_2026-10-08/2573准备/05_AI候选/整组验收.json;02_Alibaba运营/05_扩品工程/执行记录/路崎宽头户外_2026-10-08/2573准备/发布前逐款核验.json;02_Alibaba运营/05_扩品工程/执行记录/路崎宽头户外_2026-10-08/2573准备/发布后字段核验.json,ADOPTED_SOURCE_EVIDENCE,approved,Y,2026-10-09T11:06:23.865791+00:00,本批16个EU组合；品牌PASS_EFFECTIVE_BRAND_AND_KNOWN_MD_LABEL；当前approved/Y；当前评分5.00；内部来源保留。
国际站正式商品,BQ-LQ2578,1601974917344,https://www.alibaba.com/product-detail/Mens-Wide-Toe-Box-Jacquard-Mesh_1601974917344.html,路崎鞋业工厂店,https://luqi.sooxie.com,2578,https://luqi.sooxie.com/detail/2361658,72.00,CNY,双,采购数量、版本、包装、运税与当天可供条件逐单确认。,2026-10-08T12:05:23.784697+00:00,2026-10-09,02_Alibaba运营/05_扩品工程/执行记录/路崎宽头户外_2026-10-08/2578准备/当前来源文本.txt;02_Alibaba运营/05_扩品工程/执行记录/路崎宽头户外_2026-10-08/2578准备/经营任务包.md;02_Alibaba运营/05_扩品工程/执行记录/路崎宽头户外_2026-10-08/2578准备/05_AI候选/整组验收.json;02_Alibaba运营/05_扩品工程/执行记录/路崎宽头户外_2026-10-08/2578准备/来源款式近似候选.json;02_Alibaba运营/05_扩品工程/执行记录/路崎宽头户外_2026-10-08/2578准备/发布前逐款核验.json;02_Alibaba运营/05_扩品工程/执行记录/路崎宽头户外_2026-10-08/2578准备/正式创建回执.json;02_Alibaba运营/05_扩品工程/执行记录/路崎宽头户外_2026-10-08/2578准备/发布后字段核验.json,ADOPTED_SOURCE_EVIDENCE,approved,Y,2026-10-09T14:40:50.160777+00:00,2578三色24个EU规格；当前approved/Y，实际评分5.00。正式卖点已保存，旧关键词字段空；当前贾卡/MD/橡塑来源内部留证。
国际站正式商品,BQ-LQ2585,1601974857344,https://www.alibaba.com/product-detail/Wide-Toe-Box-Black-Lace-Up_1601974857344.html,路崎鞋业工厂店,https://luqi.sooxie.com,2585,https://luqi.sooxie.com/detail/2364385,59.00,CNY,双,采购数量、版本、包装、运税与当天可供条件逐单确认。,2026-10-08T12:05:23.741422+00:00,2026-10-09,02_Alibaba运营/05_扩品工程/执行记录/路崎宽头户外_2026-10-08/2585准备/当前来源文本.txt;02_Alibaba运营/05_扩品工程/执行记录/路崎宽头户外_2026-10-08/2585准备/经营任务包.md;02_Alibaba运营/05_扩品工程/执行记录/路崎宽头户外_2026-10-08/2585准备/05_AI候选/整组验收.json;02_Alibaba运营/05_扩品工程/执行记录/路崎宽头户外_2026-10-08/2585准备/2585-1_封面对照来源.json;02_Alibaba运营/05_扩品工程/执行记录/路崎宽头户外_2026-10-08/2585准备/发布前逐款核验.json;02_Alibaba运营/05_扩品工程/执行记录/路崎宽头户外_2026-10-08/2585准备/正式创建回执.json;02_Alibaba运营/05_扩品工程/执行记录/路崎宽头户外_2026-10-08/2585准备/发布后字段核验.json,ADOPTED_SOURCE_EVIDENCE,approved,Y,2026-10-09T13:28:02.630824+00:00,本款20个EU规格，当前approved/Y，实际评分5.00。卖点已正式保存；旧关键词字段空，不冒充关键词字段成功。真实来源内部留证。
国际站正式商品,BQ-LQ2588-1,1601973772709,https://www.alibaba.com/product-detail/Wholesale-Mens-Wide-Toe-Box-Chunky_1601973772709.html,路崎,https://luqi.sooxie.com,2588-1,https://luqi.sooxie.com/detail/2412409,78.00,CNY,双,采购数量、版本、包装、运税与当天可供条件逐单确认。,2026-10-08,2026-10-09,02_Alibaba运营/05_扩品工程/执行记录/路崎宽头户外_2026-10-08/2588-1准备/经营任务包.md;02_Alibaba运营/05_扩品工程/执行记录/路崎宽头户外_2026-10-08/质量复核_2026-10-09/全分类处理队列.json;02_Alibaba运营/05_扩品工程/执行记录/路崎宽头户外_2026-10-08/2588-1准备/质量修正_2026-10-09/质量修正核验.json;02_Alibaba运营/05_扩品工程/执行记录/路崎宽头户外_2026-10-08/2588-1准备/整组图片修正_2026-10-09/图片修正核验.json;02_Alibaba运营/05_扩品工程/执行记录/路崎宽头户外_2026-10-08/2588-1准备/品牌与中底属性修正/修正正式核验.json,ADOPTED_SOURCE_EVIDENCE,approved,Y,2026-10-09T12:12:26.856682+00:00,本批27个EU组合；品牌PASS；当前approved/Y；当前评分5.00；内部来源保留。
已有发布证据,BQ-LQ2590,1601973702206,https://www.alibaba.com/product-detail/Wholesale-Mens-Lace-Up-Casual-Walking_1601973702206.html,路崎,https://luqi.sooxie.com,2590,https://luqi.sooxie.com/detail/2549343,78,CNY,双,采购数量、版本、包装、运税与当天可供条件逐单确认。,2026-10-08,2026-10-09,02_Alibaba运营/05_扩品工程/执行记录/路崎全店新品_2026-10-08/2590准备/经营任务包.md,ADOPTED_SOURCE_EVIDENCE,approved,Y,2026-10-08T09:56:11.904129+00:00,30个EU组合；当前approved/Y；真实评分5.0。API字段回读及各阶段证据见本批验收总览；公开/关键词终验待完成，非自产或库存证明。
国际站正式商品,BQ-LQ2596,1601973842356,https://www.alibaba.com/product-detail/Wholesale-Mens-Wide-Toe-Box-Color_1601973842356.html,路崎,https://luqi.sooxie.com,2596,https://luqi.sooxie.com/detail/2410017,78.00,CNY,双,采购数量、版本、包装、运税与当天可供条件逐单确认。,2026-10-08,2026-10-09,02_Alibaba运营/05_扩品工程/执行记录/路崎宽头户外_2026-10-08/2596准备/经营任务包.md;02_Alibaba运营/05_扩品工程/执行记录/路崎宽头户外_2026-10-08/质量复核_2026-10-09/全分类处理队列.json;02_Alibaba运营/05_扩品工程/执行记录/路崎宽头户外_2026-10-08/2596准备/质量修正_2026-10-09/质量修正核验.json;02_Alibaba运营/05_扩品工程/执行记录/路崎宽头户外_2026-10-08/2596准备/整组图片修正_2026-10-09/图片修正核验.json;02_Alibaba运营/05_扩品工程/执行记录/路崎宽头户外_2026-10-08/2596准备/品牌与中底属性修正/修正正式核验.json,ADOPTED_SOURCE_EVIDENCE,approved,Y,2026-10-09T12:12:27.048786+00:00,本批20个EU组合；品牌PASS；当前approved/Y；当前评分5.00；内部来源保留。
国际站正式商品,BQ-LQ2597,1601973797610,https://www.alibaba.com/product-detail/Wholesale-Mens-Wide-Toe-Box-Mesh_1601973797610.html,路崎,https://luqi.sooxie.com,2597,https://luqi.sooxie.com/detail/2410682,59.00,CNY,双,采购数量、版本、包装、运税与当天可供条件逐单确认。,2026-10-08,2026-10-09,02_Alibaba运营/05_扩品工程/执行记录/路崎宽头户外_2026-10-08/2597准备/经营任务包.md;02_Alibaba运营/05_扩品工程/执行记录/路崎宽头户外_2026-10-08/质量复核_2026-10-09/全分类处理队列.json;02_Alibaba运营/05_扩品工程/执行记录/路崎宽头户外_2026-10-08/2597准备/质量修正_2026-10-09/质量修正核验.json;02_Alibaba运营/05_扩品工程/执行记录/路崎宽头户外_2026-10-08/2597准备/整组图片修正_2026-10-09/图片修正核验.json;02_Alibaba运营/05_扩品工程/执行记录/路崎宽头户外_2026-10-08/2597准备/品牌与中底属性修正/修正正式核验.json,ADOPTED_SOURCE_EVIDENCE,approved,Y,2026-10-09T12:12:56.023227+00:00,本批30个EU组合；品牌PASS；当前approved/Y；当前评分5.00；内部来源保留。
国际站正式商品,BQ-LQ2598,1601973831465,https://www.alibaba.com/product-detail/Wholesale-Mens-Wide-Toe-Box-Mesh_1601973831465.html,路崎,https://luqi.sooxie.com,2598,https://luqi.sooxie.com/detail/2413165,59.00,CNY,双,采购数量、版本、包装、运税与当天可供条件逐单确认。,2026-10-08,2026-10-09,02_Alibaba运营/05_扩品工程/执行记录/路崎宽头户外_2026-10-08/2598准备/经营任务包.md;02_Alibaba运营/05_扩品工程/执行记录/路崎宽头户外_2026-10-08/质量复核_2026-10-09/全分类处理队列.json;02_Alibaba运营/05_扩品工程/执行记录/路崎宽头户外_2026-10-08/2598准备/质量修正_2026-10-09/质量修正核验.json;02_Alibaba运营/05_扩品工程/执行记录/路崎宽头户外_2026-10-08/2598准备/整组图片修正_2026-10-09/图片修正核验.json;02_Alibaba运营/05_扩品工程/执行记录/路崎宽头户外_2026-10-08/2598准备/品牌与中底属性修正/修正正式核验.json,ADOPTED_SOURCE_EVIDENCE,approved,Y,2026-10-09T12:12:56.251269+00:00,本批30个EU组合；品牌PASS；当前approved/Y；当前评分5.00；内部来源保留。
国际站正式商品,BQ-LQ2599-1,1601973741932,https://www.alibaba.com/product-detail/Wholesale-Mens-Wide-Toe-Box-Open_1601973741932.html,路崎,https://luqi.sooxie.com,2599-1,https://luqi.sooxie.com/detail/2413954,52.00,CNY,双,采购数量、版本、包装、运税与当天可供条件逐单确认。,2026-10-08,2026-10-09,02_Alibaba运营/05_扩品工程/执行记录/路崎宽头户外_2026-10-08/2599-1准备/经营任务包.md;02_Alibaba运营/05_扩品工程/执行记录/路崎宽头户外_2026-10-08/质量复核_2026-10-09/全分类处理队列.json;02_Alibaba运营/05_扩品工程/执行记录/路崎宽头户外_2026-10-08/2599-1准备/整组图片修正_2026-10-09/图片修正核验.json;02_Alibaba运营/05_扩品工程/执行记录/路崎宽头户外_2026-10-08/2599-1准备/品牌与中底属性修正/修正正式核验.json,ADOPTED_SOURCE_EVIDENCE,approved,Y,2026-10-09T12:12:56.220393+00:00,本批30个EU组合；品牌PASS；当前approved/Y；当前评分5.00；内部来源保留。
国际站正式商品,BQ-LQ2619,1601974271772,https://www.alibaba.com/product-detail/Unisex-Wide-Toe-Box-Retro-Sneakers_1601974271772.html,路崎鞋业工厂店,https://luqi.sooxie.com,2619,https://luqi.sooxie.com/detail/2417873,59.00,CNY,双,采购数量、版本、包装、运税与当天可供条件逐单确认。,2026-10-08T12:05:23.525382+00:00,2026-10-09,02_Alibaba运营/05_扩品工程/执行记录/路崎宽头户外_2026-10-08/2619准备/经营任务包.md;02_Alibaba运营/05_扩品工程/执行记录/路崎宽头户外_2026-10-08/2619准备/05_AI候选/整组验收.json;02_Alibaba运营/05_扩品工程/执行记录/路崎宽头户外_2026-10-08/2619准备/发布前逐款核验.json;02_Alibaba运营/05_扩品工程/执行记录/路崎宽头户外_2026-10-08/2619准备/发布后字段核验.json;02_Alibaba运营/05_扩品工程/执行记录/路崎宽头户外_2026-10-08/2619准备/浏览器验收/状态.json;02_Alibaba运营/05_扩品工程/执行记录/路崎宽头户外_2026-10-08/2619准备/品牌与中底属性修正/修正正式核验.json,ADOPTED_SOURCE_EVIDENCE,approved,Y,2026-10-09T12:12:56.291813+00:00,本批46个EU组合；品牌PASS；当前approved/Y；当前评分5.00；内部来源保留。
已有发布证据,BQ-LQ2620,1601973661443,https://www.alibaba.com/product-detail/Wholesale-Mens-Mesh-Walking-Shoes-Lace_1601973661443.html,路崎,https://luqi.sooxie.com,2620,https://luqi.sooxie.com/detail/2550096,72,CNY,双,采购数量、版本、包装、运税与当天可供条件逐单确认。,2026-10-08,2026-10-09,02_Alibaba运营/05_扩品工程/执行记录/路崎全店新品_2026-10-08/2620准备/经营任务包.md,ADOPTED_SOURCE_EVIDENCE,approved,Y,2026-10-08T09:55:43.123242+00:00,30个EU组合；当前approved/Y；真实评分5.0。API字段回读及各阶段证据见本批验收总览；公开/关键词终验待完成，非自产或库存证明。
国际站正式商品,BQ-LQ2623,1601973806430,https://www.alibaba.com/product-detail/Wholesale-Mens-Wide-Toe-Box-Walking_1601973806430.html,路崎,https://luqi.sooxie.com,2623,https://luqi.sooxie.com/detail/2464423,75.00,CNY,双,采购数量、版本、包装、运税与当天可供条件逐单确认。,2026-10-08,2026-10-09,02_Alibaba运营/05_扩品工程/执行记录/路崎宽头户外_2026-10-08/2623准备/经营任务包.md;02_Alibaba运营/05_扩品工程/执行记录/路崎宽头户外_2026-10-08/质量复核_2026-10-09/全分类处理队列.json;02_Alibaba运营/05_扩品工程/执行记录/路崎宽头户外_2026-10-08/2623准备/整组图片修正_2026-10-09/图片修正核验.json;02_Alibaba运营/05_扩品工程/执行记录/路崎宽头户外_2026-10-08/2623准备/品牌与中底属性修正/修正正式核验.json,ADOPTED_SOURCE_EVIDENCE,approved,Y,2026-10-09T12:13:20.087294+00:00,本批24个EU组合；品牌PASS；当前approved/Y；当前评分5.00；内部来源保留。
国际站正式商品,BQ-LQ2626,1601973769589,https://www.alibaba.com/product-detail/Wholesale-Unisex-Wide-Toe-Box-Casual_1601973769589.html,路崎,https://luqi.sooxie.com,2626,https://luqi.sooxie.com/detail/2452883,59.00,CNY,双,采购数量、版本、包装、运税与当天可供条件逐单确认。,2026-10-08,2026-10-09,02_Alibaba运营/05_扩品工程/执行记录/路崎宽头户外_2026-10-08/2626准备/经营任务包.md;02_Alibaba运营/05_扩品工程/执行记录/路崎宽头户外_2026-10-08/质量复核_2026-10-09/全分类处理队列.json;02_Alibaba运营/05_扩品工程/执行记录/路崎宽头户外_2026-10-08/2626准备/整组图片修正_2026-10-09/图片修正核验.json;02_Alibaba运营/05_扩品工程/执行记录/路崎宽头户外_2026-10-08/2626准备/品牌与中底属性修正/修正正式核验.json,ADOPTED_SOURCE_EVIDENCE,approved,Y,2026-10-09T12:13:20.563190+00:00,本批39个EU组合；品牌PASS；当前approved/Y；当前评分5.00；内部来源保留。
国际站正式商品,BQ-LQ2628,1601973823209,https://www.alibaba.com/product-detail/Wholesale-Unisex-Wide-Toe-Box-Casual_1601973823209.html,路崎,https://luqi.sooxie.com,2628,https://luqi.sooxie.com/detail/2467215,68.00,CNY,双,采购数量、版本、包装、运税与当天可供条件逐单确认。,2026-10-08,2026-10-09,02_Alibaba运营/05_扩品工程/执行记录/路崎宽头户外_2026-10-08/2628准备/经营任务包.md;02_Alibaba运营/05_扩品工程/执行记录/路崎宽头户外_2026-10-08/质量复核_2026-10-09/全分类处理队列.json;02_Alibaba运营/05_扩品工程/执行记录/路崎宽头户外_2026-10-08/2628准备/整组图片修正_2026-10-09/图片修正核验.json;02_Alibaba运营/05_扩品工程/执行记录/路崎宽头户外_2026-10-08/2628准备/品牌与中底属性修正/修正正式核验.json,ADOPTED_SOURCE_EVIDENCE,approved,Y,2026-10-09T12:13:20.555999+00:00,本批39个EU组合；品牌PASS；当前approved/Y；当前评分5.00；内部来源保留。
国际站正式商品,BQ-LQ2629,1601973749610,https://www.alibaba.com/product-detail/Wholesale-Unisex-Wide-Toe-Box-Mesh_1601973749610.html,路崎,https://luqi.sooxie.com,2629,https://luqi.sooxie.com/detail/2468029,68.00,CNY,双,采购数量、版本、包装、运税与当天可供条件逐单确认。,2026-10-08,2026-10-09,02_Alibaba运营/05_扩品工程/执行记录/路崎宽头户外_2026-10-08/2629准备/经营任务包.md;02_Alibaba运营/05_扩品工程/执行记录/路崎宽头户外_2026-10-08/质量复核_2026-10-09/全分类处理队列.json;02_Alibaba运营/05_扩品工程/执行记录/路崎宽头户外_2026-10-08/2629准备/整组图片修正_2026-10-09/图片修正核验.json;02_Alibaba运营/05_扩品工程/执行记录/路崎宽头户外_2026-10-08/2629准备/品牌与中底属性修正/修正正式核验.json,ADOPTED_SOURCE_EVIDENCE,approved,Y,2026-10-09T12:13:20.612356+00:00,本批39个EU组合；品牌PASS；当前approved/Y；当前评分5.00；内部来源保留。
国际站正式商品,BQ-LQ2633,1601973753470,https://www.alibaba.com/product-detail/Wholesale-Mens-Wide-Toe-Box-Outdoor_1601973753470.html,路崎,https://luqi.sooxie.com,2633,https://luqi.sooxie.com/detail/2482666,59.00,CNY,双,采购数量、版本、包装、运税与当天可供条件逐单确认。,2026-10-08,2026-10-09,02_Alibaba运营/05_扩品工程/执行记录/路崎宽头户外_2026-10-08/2633准备/经营任务包.md;02_Alibaba运营/05_扩品工程/执行记录/路崎宽头户外_2026-10-08/质量复核_2026-10-09/全分类处理队列.json;02_Alibaba运营/05_扩品工程/执行记录/路崎宽头户外_2026-10-08/2633准备/详情概览去重_2026-10-09/详情修正核验.json;02_Alibaba运营/05_扩品工程/执行记录/路崎宽头户外_2026-10-08/2633准备/品牌与中底属性修正/修正正式核验.json,ADOPTED_SOURCE_EVIDENCE,approved,Y,2026-10-09T12:13:44.169744+00:00,本批30个EU组合；品牌PASS；当前approved/Y；当前评分5.00；内部来源保留。
已有发布证据,BQ-LQ2639,1601973586995,https://www.alibaba.com/product-detail/Wholesale-Mens-Casual-Sneakers-Lace-Up_1601973586995.html,路崎,https://luqi.sooxie.com,2639,https://luqi.sooxie.com/detail/2555891,75,CNY,双,采购数量、版本、包装、运税与当天可供条件逐单确认。,2026-10-08,2026-10-09,02_Alibaba运营/05_扩品工程/执行记录/路崎全店新品_2026-10-08/2639准备/经营任务包.md,ADOPTED_SOURCE_EVIDENCE,approved,Y,2026-10-08T09:55:43.159185+00:00,20个EU组合；当前approved/Y；真实评分5.0。API字段回读及各阶段证据见本批验收总览；公开/关键词终验待完成，非自产或库存证明。
已有发布证据,BQ-LQ2651,1601973652504,https://www.alibaba.com/product-detail/Wholesale-Unisex-Retro-Casual-Sneakers-Low_1601973652504.html,路崎,https://luqi.sooxie.com,2651,https://luqi.sooxie.com/detail/2551541,65,CNY,双,采购数量、版本、包装、运税与当天可供条件逐单确认。,2026-10-08,2026-10-09,02_Alibaba运营/05_扩品工程/执行记录/路崎全店新品_2026-10-08/2651准备/经营任务包.md,ADOPTED_SOURCE_EVIDENCE,approved,Y,2026-10-08T09:56:12.056162+00:00,39个EU组合；当前approved/Y；真实评分5.0。API字段回读及各阶段证据见本批验收总览；公开/关键词终验待完成，非自产或库存证明。
已有发布证据,BQ-LQ2652,1601973617634,https://www.alibaba.com/product-detail/Wholesale-Unisex-Retro-Casual-Sneakers-Low_1601973617634.html,路崎,https://luqi.sooxie.com,2652,https://luqi.sooxie.com/detail/2552258,65,CNY,双,采购数量、版本、包装、运税与当天可供条件逐单确认。,2026-10-08,2026-10-09,02_Alibaba运营/05_扩品工程/执行记录/路崎全店新品_2026-10-08/2652准备/经营任务包.md,ADOPTED_SOURCE_EVIDENCE,approved,Y,2026-10-08T09:56:11.819311+00:00,26个EU组合；当前approved/Y；真实评分5.0。API字段回读及各阶段证据见本批验收总览；公开/关键词终验待完成，非自产或库存证明。
已有发布证据,BQ-LQ2658,1601973663435,https://www.alibaba.com/product-detail/Wholesale-Mens-Retro-Casual-Sneakers-Low_1601973663435.html,路崎,https://luqi.sooxie.com,2658,https://luqi.sooxie.com/detail/2553121,59,CNY,双,采购数量、版本、包装、运税与当天可供条件逐单确认。,2026-10-08,2026-10-09,02_Alibaba运营/05_扩品工程/执行记录/路崎全店新品_2026-10-08/2658准备/经营任务包.md,ADOPTED_SOURCE_EVIDENCE,approved,Y,2026-10-08T09:56:11.813364+00:00,20个EU组合；当前approved/Y；真实评分5.0。API字段回读及各阶段证据见本批验收总览；公开/关键词终验待完成，非自产或库存证明。
已有发布证据,BQ-LQ2659,1601973622603,https://www.alibaba.com/product-detail/Wholesale-Mens-Casual-Sneakers-Lace-Up_1601973622603.html,路崎,https://luqi.sooxie.com,2659,https://luqi.sooxie.com/detail/2553829,59,CNY,双,采购数量、版本、包装、运税与当天可供条件逐单确认。,2026-10-08,2026-10-09,02_Alibaba运营/05_扩品工程/执行记录/路崎全店新品_2026-10-08/2659准备/经营任务包.md,ADOPTED_SOURCE_EVIDENCE,approved,Y,2026-10-08T09:55:43.343514+00:00,30个EU组合；当前approved/Y；真实评分5.0。API字段回读及各阶段证据见本批验收总览；公开/关键词终验待完成，非自产或库存证明。
已有国际站商品,BQ-LQ2667,1601973009551,https://www.alibaba.com/product-detail/Mens-Low-Top-Lace-Up-Casual_1601973009551.html,路崎鞋业工厂店,https://luqi.sooxie.com,2667,https://luqi.sooxie.com/detail/2561050,78,CNY,双,采购数量、版本、包装、运税与当天可供条件逐单确认。,2026-10-07,2026-10-09,,ADOPTED_SOURCE_EVIDENCE,approved,Y,2026-10-08T10:01:07.766818+00:00,10个EU组合；当前approved/Y；真实评分5.00。API字段回读及各阶段证据见本批验收总览；公开/关键词终验待完成，非自产或库存证明。
已有发布证据,BQ-M001,1601970169467,https://www.alibaba.com/product-detail/Closed-Toe-EVA-Mules-with-Ribbed_1601970169467.html,百优潮鞋,https://baiyou877.sooxie.com,M001,https://baiyou877.sooxie.com/detail/2482094,45,CNY,双,采购数量、版本、包装、运税与当天可供条件逐单确认。,2026-10-02,2026-10-09,02_Alibaba运营/05_扩品工程/数据/来源证据/e1b9347f19d5.json,ADOPTED_SOURCE_EVIDENCE,approved,Y,2026-10-07T04:25:00.978045+00:00,按保存事实及已有正式ID对应整理；本次未重新核价。不代表今日库存或完整商品验收。
已有发布证据,BQ-M858,1601969853888,https://www.alibaba.com/product-detail/Microfiber-Closed-Toe-Mules-with-Buckle_1601969853888.html,华泰鞋业,https://huat.sooxie.com,K858,https://huat.sooxie.com/detail/2484343,75,CNY,双,采购数量、版本、包装、运税与当天可供条件逐单确认。,2026-10-02,2026-10-09,02_Alibaba运营/05_扩品工程/数据/来源证据/88562c165071.txt,ADOPTED_SOURCE_EVIDENCE,approved,Y,2026-10-07T04:25:00.978045+00:00,来源采用和新ID见既有K858实际替换阶段回执；旧反绒标题不证明天然皮。 原来源观察日2026-10-02；本次未重新确认库存/报价/完整公开QA。
来源待补,BQ-M858,1601969860254,https://www.alibaba.com/product-detail/Microfiber-Closed-Toe-Mules-with-Buckle_1601969860254.html,,,,,,,,,,2026-10-09,,SOURCE_EVIDENCE_MISSING,approved,N,2026-10-07T04:25:00.978045+00:00,已核平台ID/型号/链接；没有逐款来源证明，供应商/原货号/拿货价留空。平台展示不证明自产/实际供给。
已有发布证据,BQ-MJ9968,1601969788941,https://www.alibaba.com/product-detail/Women-s-Colorblock-Mary-Jane-Flats_1601969788941.html,,https://qdnx.sooxie.com,9968,https://qdnx.sooxie.com/detail/2532759,60,CNY,双,采购数量、版本、包装、运税与当天可供条件逐单确认。,2026-10-02,2026-10-09,02_Alibaba运营/05_扩品工程/执行记录/9968_API完整新建_2026-10-02/facts_and_copy.json,ADOPTED_SOURCE_EVIDENCE,approved,Y,2026-10-07T04:25:00.978045+00:00,按保存事实及已有正式ID对应整理；本次未重新核价。不代表今日库存或完整商品验收。供应商中文名称待核，店铺域名已记录。
已有发布证据,BQ-NS001,1601970628659,https://www.alibaba.com/product-detail/Basketball-Style-Lace-Up-Casual-Sneakers_1601970628659.html,维拓鞋业,https://weituo.sooxie.com,989,https://weituo.sooxie.com/detail/2559336,85,CNY,双,采购数量、版本、包装、运税与当天可供条件逐单确认。,2026-10-04,2026-10-09,02_Alibaba运营/05_扩品工程/执行记录/989与725正式新建_2026-10-04_task5/989/facts_and_color_bindings.json,ADOPTED_SOURCE_EVIDENCE,approved,Y,2026-10-07T04:25:00.978045+00:00,按保存事实及已有正式ID对应整理；本次未重新核价。不代表今日库存或完整商品验收。
已有发布证据,BQ-NS002,1601970691438,https://www.alibaba.com/product-detail/Panelled-Lace-Up-Casual-Sneakers-with_1601970691438.html,维拓鞋业,https://weituo.sooxie.com,8815,https://weituo.sooxie.com/detail/2559340,75,CNY,双,采购数量、版本、包装、运税与当天可供条件逐单确认。,2026-10-04,2026-10-09,02_Alibaba运营/05_扩品工程/执行记录/8815正式新建_2026-10-04_task5/facts_and_color_bindings.json,ADOPTED_SOURCE_EVIDENCE,approved,Y,2026-10-07T04:25:00.978045+00:00,按保存事实及已有正式ID对应整理；本次未重新核价。不代表今日库存或完整商品验收。
已有发布证据,BQ-NS003,1601970690721,https://www.alibaba.com/product-detail/Knitted-Slip-On-Casual-Sneakers-with_1601970690721.html,维拓鞋业,https://weituo.sooxie.com,229,https://weituo.sooxie.com/detail/2261793,28,CNY,双,采购数量、版本、包装、运税与当天可供条件逐单确认。,2026-10-04,2026-10-09,02_Alibaba运营/05_扩品工程/执行记录/229正式新建_2026-10-04_task5/facts_and_color_bindings.json,ADOPTED_SOURCE_EVIDENCE,approved,Y,2026-10-07T04:25:00.978045+00:00,按保存事实及已有正式ID对应整理；本次未重新核价。不代表今日库存或完整商品验收。 保存的目录并集未返回该ID；本次实时目录不完整，未做单款get，不推断已删除。
来源待补,BQ-W262,1601969810495,https://www.alibaba.com/product-detail/Men-s-High-Top-Dial-Closure_1601969810495.html,,,,,,,,,,2026-10-09,,SOURCE_EVIDENCE_MISSING,approved,N,2026-10-07T04:25:00.978045+00:00,已核平台ID/型号/链接；没有逐款来源证明，供应商/原货号/拿货价留空。平台展示不证明自产/实际供给。
已有发布证据,BQ-W262,1601969913308,https://www.alibaba.com/product-detail/Men-s-High-Top-Dial-Closure_1601969913308.html,高密市广和劳保用品有限公司,https://detail.1688.com,262,https://detail.1688.com/offer/965493972088.html,,,双,采购数量、版本、包装、运税与当天可供条件逐单确认。,,2026-10-09,02_Alibaba运营/05_扩品工程/数据/来源证据/d64875e08d98.json,ADOPTED_SOURCE_EVIDENCE,approved,Y,2026-10-07T04:25:00.978045+00:00,原事实per_model_262_cost=null；整页45–79元、起订1不是262逐款成本。 原来源观察日2026-10-01；本次未重新确认库存/报价/完整公开QA。
来源待补,BQ-W266,1601969526580,https://www.alibaba.com/product-detail/Men-s-Low-Top-Steel-Toe_1601969526580.html,,,,,,,,,,2026-10-09,,SOURCE_EVIDENCE_MISSING,approved,N,2026-10-07T04:25:00.978045+00:00,已核平台ID/型号/链接；没有逐款来源证明，供应商/原货号/拿货价留空。平台展示不证明自产/实际供给。
来源待补,BQ-W266,1601969707634,https://www.alibaba.com/product-detail/Men-s-Low-Top-Steel-Toe_1601969707634.html,,,,,,,,,,2026-10-09,,SOURCE_EVIDENCE_MISSING,approved,N,2026-10-07T04:25:00.978045+00:00,已核平台ID/型号/链接；没有逐款来源证明，供应商/原货号/拿货价留空。平台展示不证明自产/实际供给。
已有发布证据,BQ-W266,1601969951162,https://www.alibaba.com/product-detail/Men-s-Low-Top-Steel-Toe_1601969951162.html,高密市广和劳保用品有限公司,https://detail.1688.com,266,https://detail.1688.com/offer/965493972088.html,,,双,采购数量、版本、包装、运税与当天可供条件逐单确认。,,2026-10-09,02_Alibaba运营/05_扩品工程/数据/来源证据/d25c25f4ce45.json,ADOPTED_SOURCE_EVIDENCE,approved,Y,2026-10-07T04:25:00.978045+00:00,同一1688多款链接，266逐款采购价未证；不把整页45–79元范围当266单价。 原来源观察日2026-10-01；本次未重新确认库存/报价/完整公开QA。
已有发布证据,BQ-W5998,1601969869242,https://www.alibaba.com/product-detail/Cow-Leather-Closed-Toe-Mules-with_1601969869242.html,彪行鞋业,https://bxxy.sooxie.com,5998,https://bxxy.sooxie.com/detail/2025580,78,CNY,双,采购数量、版本、包装、运税与当天可供条件逐单确认。,2026-10-02,2026-10-09,02_Alibaba运营/05_扩品工程/执行记录/5998_API新建_2026-10-02/facts_and_copy.json,ADOPTED_SOURCE_EVIDENCE,approved,Y,2026-10-07T04:25:00.978045+00:00,按保存事实及已有正式ID对应整理；本次未重新核价。不代表今日库存或完整商品验收。
已有发布证据,BQ-WBF2888,1601970034464,https://www.alibaba.com/product-detail/Women-s-Quilted-Winter-Boots-with_1601970034464.html,尚潮鞋业,https://shangchao.sooxie.com,F2888,https://shangchao.sooxie.com/detail/2357652,53,CNY,双,采购数量、版本、包装、运税与当天可供条件逐单确认。,2026-10-02,2026-10-09,02_Alibaba运营/05_扩品工程/执行记录/F2888_API完整新建_2026-10-02_task2/facts_and_copy.json,ADOPTED_SOURCE_EVIDENCE,approved,Y,2026-10-07T04:25:00.978045+00:00,按保存事实及已有正式ID对应整理；本次未重新核价。不代表今日库存或完整商品验收。
来源待补,BQ001-O1 / BQ001,1601939572948,https://www.alibaba.com/product-detail/Custom-Logo-Breathable-Light-Weight-Wide_1601939572948.html,,,,,,,,,,2026-10-09,,SOURCE_EVIDENCE_MISSING,approved,Y,2026-10-07T04:25:00.978045+00:00,已核平台ID/型号/链接；没有逐款来源证明，供应商/原货号/拿货价留空。平台展示不证明自产/实际供给。
来源待补,BQ001-R1 / BQ001,1601939727104,https://www.alibaba.com/product-detail/Breathable-Knit-Wide-Toe-Box-Slip_1601939727104.html,,,,,,,,,,2026-10-09,,SOURCE_EVIDENCE_MISSING,approved,Y,2026-10-07T04:25:00.978045+00:00,已核平台ID/型号/链接；没有逐款来源证明，供应商/原货号/拿货价留空。平台展示不证明自产/实际供给。
来源待补,BQ001-S1 / BQ001,1601956115029,https://www.alibaba.com/product-detail/Men-s-Breathable-Light-Weight-Wide_1601956115029.html,,,,,,,,,,2026-10-09,,SOURCE_EVIDENCE_MISSING,approved,Y,2026-10-07T04:25:00.978045+00:00,已核平台ID/型号/链接；没有逐款来源证明，供应商/原货号/拿货价留空。平台展示不证明自产/实际供给。
来源待补,BQ001-S2 / BQ001,1601957061462,https://www.alibaba.com/product-detail/Men-s-Wide-Toe-Box-Slip_1601957061462.html,,,,,,,,,,2026-10-09,,SOURCE_EVIDENCE_MISSING,approved,Y,2026-10-07T04:25:00.978045+00:00,已核平台ID/型号/链接；没有逐款来源证明，供应商/原货号/拿货价留空。平台展示不证明自产/实际供给。
来源待补,BQ001-S3 / BQ001,1601957079462,https://www.alibaba.com/product-detail/Wholesale-Men-s-Wide-Toe-Box_1601957079462.html,,,,,,,,,,2026-10-09,,SOURCE_EVIDENCE_MISSING,approved,Y,2026-10-07T04:25:00.978045+00:00,已核平台ID/型号/链接；没有逐款来源证明，供应商/原货号/拿货价留空。平台展示不证明自产/实际供给。
来源待补,BQ001-W1 / BQ001,1601939707196,https://www.alibaba.com/product-detail/Wholesale-Men-s-Wide-Toe-Box_1601939707196.html,,,,,,,,,,2026-10-09,,SOURCE_EVIDENCE_MISSING,approved,Y,2026-10-07T04:25:00.978045+00:00,已核平台ID/型号/链接；没有逐款来源证明，供应商/原货号/拿货价留空。平台展示不证明自产/实际供给。
来源待补,BQ002-O1 / BQ002,1601939635505,https://www.alibaba.com/product-detail/Custom-Logo-Wide-Toe-Box-Walking_1601939635505.html,,,,,,,,,,2026-10-09,,SOURCE_EVIDENCE_MISSING,approved,Y,2026-10-07T04:25:00.978045+00:00,已核平台ID/型号/链接；没有逐款来源证明，供应商/原货号/拿货价留空。平台展示不证明自产/实际供给。
来源待补,BQ002-R1 / BQ002,1601939614689,https://www.alibaba.com/product-detail/Lightweight-Slip-On-Walking-Shoes-Wide_1601939614689.html,,,,,,,,,,2026-10-09,,SOURCE_EVIDENCE_MISSING,approved,Y,2026-10-07T04:25:00.978045+00:00,已核平台ID/型号/链接；没有逐款来源证明，供应商/原货号/拿货价留空。平台展示不证明自产/实际供给。
来源待补,BQ002-S1 / BQ002,1601956046603,https://www.alibaba.com/product-detail/Men-s-Breathable-Light-Weight-Wide_1601956046603.html,,,,,,,,,,2026-10-09,,SOURCE_EVIDENCE_MISSING,approved,Y,2026-10-07T04:25:00.978045+00:00,已核平台ID/型号/链接；没有逐款来源证明，供应商/原货号/拿货价留空。平台展示不证明自产/实际供给。
来源待补,BQ002-S2 / BQ002,1601957092413,https://www.alibaba.com/product-detail/Men-s-Wide-Toe-Box-Slip_1601957092413.html,,,,,,,,,,2026-10-09,,SOURCE_EVIDENCE_MISSING,approved,Y,2026-10-07T04:25:00.978045+00:00,已核平台ID/型号/链接；没有逐款来源证明，供应商/原货号/拿货价留空。平台展示不证明自产/实际供给。
来源待补,BQ002-S3 / BQ002,1601957075451,https://www.alibaba.com/product-detail/Men-s-Breathable-Light-Weight-Wide_1601957075451.html,,,,,,,,,,2026-10-09,,SOURCE_EVIDENCE_MISSING,approved,Y,2026-10-07T04:25:00.978045+00:00,已核平台ID/型号/链接；没有逐款来源证明，供应商/原货号/拿货价留空。平台展示不证明自产/实际供给。
来源待补,BQ002-W1 / BQ002,1601939654418,https://www.alibaba.com/product-detail/Wholesale-Walking-Style-Shoes-Lightweight-Knit_1601939654418.html,,,,,,,,,,2026-10-09,,SOURCE_EVIDENCE_MISSING,approved,Y,2026-10-07T04:25:00.978045+00:00,已核平台ID/型号/链接；没有逐款来源证明，供应商/原货号/拿货价留空。平台展示不证明自产/实际供给。
来源待补,BQ003 / R1218,10000043200726,https://www.alibaba.com/product-detail/Wholesale-Breathable-Knit-Lace-Up-Walking_10000043200726.html,,,,,,,,,,2026-10-09,,SOURCE_EVIDENCE_MISSING,approved,Y,2026-10-07T04:25:00.978045+00:00,已核平台ID/型号/链接；没有逐款来源证明，供应商/原货号/拿货价留空。平台展示不证明自产/实际供给。
来源待补,BQ003-O1 / R1218,1601939665367,https://www.alibaba.com/product-detail/OEM-ODM-Men-s-Summer-Casual_1601939665367.html,,,,,,,,,,2026-10-09,,SOURCE_EVIDENCE_MISSING,approved,Y,2026-10-07T04:25:00.978045+00:00,已核平台ID/型号/链接；没有逐款来源证明，供应商/原货号/拿货价留空。平台展示不证明自产/实际供给。
来源待补,BQ003-R1 / R1218,1601939663432,https://www.alibaba.com/product-detail/Men-s-Casual-Walking-Shoes-Breathable_1601939663432.html,,,,,,,,,,2026-10-09,,SOURCE_EVIDENCE_MISSING,approved,Y,2026-10-07T04:25:00.978045+00:00,已核平台ID/型号/链接；没有逐款来源证明，供应商/原货号/拿货价留空。平台展示不证明自产/实际供给。
来源待补,BQ003-S1 / R1218,1601957361351,https://www.alibaba.com/product-detail/Wholesale-White-Solid-Breathable-Knit-Lace_1601957361351.html,,,,,,,,,,2026-10-09,,SOURCE_EVIDENCE_MISSING,approved,Y,2026-10-07T04:25:00.978045+00:00,已核平台ID/型号/链接；没有逐款来源证明，供应商/原货号/拿货价留空。平台展示不证明自产/实际供给。
来源待补,BQ003-S2 / R1218,1601957476136,https://www.alibaba.com/product-detail/Factory-Direct-Grey-Breathable-Knit-Lace_1601957476136.html,,,,,,,,,,2026-10-09,,SOURCE_EVIDENCE_MISSING,approved,Y,2026-10-07T04:25:00.978045+00:00,已核平台ID/型号/链接；没有逐款来源证明，供应商/原货号/拿货价留空。平台展示不证明自产/实际供给。
来源待补,BQ003-S3 / R1218,1601957404574,https://www.alibaba.com/product-detail/Wholesale-Pink-Breathable-Knit-Lace-Up_1601957404574.html,,,,,,,,,,2026-10-09,,SOURCE_EVIDENCE_MISSING,approved,Y,2026-10-07T04:25:00.978045+00:00,已核平台ID/型号/链接；没有逐款来源证明，供应商/原货号/拿货价留空。平台展示不证明自产/实际供给。
来源待补,BQ003-S4 / R1218,1601957388768,https://www.alibaba.com/product-detail/Men-s-Black-White-Breathable-Knit_1601957388768.html,,,,,,,,,,2026-10-09,,SOURCE_EVIDENCE_MISSING,approved,Y,2026-10-07T04:25:00.978045+00:00,已核平台ID/型号/链接；没有逐款来源证明，供应商/原货号/拿货价留空。平台展示不证明自产/实际供给。
来源待补,BQ003-S5 / R1218,1601957514145,https://www.alibaba.com/product-detail/Wholesale-All-Black-Breathable-Knit-Lace_1601957514145.html,,,,,,,,,,2026-10-09,,SOURCE_EVIDENCE_MISSING,approved,Y,2026-10-07T04:25:00.978045+00:00,已核平台ID/型号/链接；没有逐款来源证明，供应商/原货号/拿货价留空。平台展示不证明自产/实际供给。
来源待补,BQ003-W1 / R1218,1601939585904,https://www.alibaba.com/product-detail/Wholesale-All-Seasons-Walking-Shoes-Breathable_1601939585904.html,,,,,,,,,,2026-10-09,,SOURCE_EVIDENCE_MISSING,approved,Y,2026-10-07T04:25:00.978045+00:00,已核平台ID/型号/链接；没有逐款来源证明，供应商/原货号/拿货价留空。平台展示不证明自产/实际供给。
来源待补,BQ004-O1 / A502,1601939700200,https://www.alibaba.com/product-detail/All-Black-Knit-Lace-Up-Walking_1601939700200.html,,,,,,,,,,2026-10-09,,SOURCE_EVIDENCE_MISSING,approved,Y,2026-10-07T04:25:00.978045+00:00,已核平台ID/型号/链接；没有逐款来源证明，供应商/原货号/拿货价留空。平台展示不证明自产/实际供给。
来源待补,BQ004-R1 / A502,1601939738037,https://www.alibaba.com/product-detail/Light-Blue-Knit-Lace-Up-Walking_1601939738037.html,,,,,,,,,,2026-10-09,,SOURCE_EVIDENCE_MISSING,approved,Y,2026-10-07T04:25:00.978045+00:00,已核平台ID/型号/链接；没有逐款来源证明，供应商/原货号/拿货价留空。平台展示不证明自产/实际供给。
来源待补,BQ004-S1 / A502,1601957577249,https://www.alibaba.com/product-detail/Wholesale-Men-s-Lightweight-Knit-Lace_1601957577249.html,,,,,,,,,,2026-10-09,,SOURCE_EVIDENCE_MISSING,approved,Y,2026-10-07T04:25:00.978045+00:00,已核平台ID/型号/链接；没有逐款来源证明，供应商/原货号/拿货价留空。平台展示不证明自产/实际供给。
来源待补,BQ004-S2 / A502,1601957529565,https://www.alibaba.com/product-detail/Light-Blue-Breathable-Mesh-Solid-Color_1601957529565.html,,,,,,,,,,2026-10-09,,SOURCE_EVIDENCE_MISSING,approved,Y,2026-10-07T04:25:00.978045+00:00,已核平台ID/型号/链接；没有逐款来源证明，供应商/原货号/拿货价留空。平台展示不证明自产/实际供给。
来源待补,BQ004-S3 / A502,1601957502919,https://www.alibaba.com/product-detail/Factory-Direct-Black-White-Knit-Lace_1601957502919.html,,,,,,,,,,2026-10-09,,SOURCE_EVIDENCE_MISSING,approved,Y,2026-10-07T04:25:00.978045+00:00,已核平台ID/型号/链接；没有逐款来源证明，供应商/原货号/拿货价留空。平台展示不证明自产/实际供给。
来源待补,BQ004-S4 / A502,1601957633351,https://www.alibaba.com/product-detail/Wholesale-Solid-Grey-Black-Lightweight-Knit_1601957633351.html,,,,,,,,,,2026-10-09,,SOURCE_EVIDENCE_MISSING,approved,Y,2026-10-07T04:25:00.978045+00:00,已核平台ID/型号/链接；没有逐款来源证明，供应商/原货号/拿货价留空。平台展示不证明自产/实际供给。
来源待补,BQ004-W1 / A502,1601939626612,https://www.alibaba.com/product-detail/Wholesale-Men-s-Lightweight-Walking-Shoes_1601939626612.html,,,,,,,,,,2026-10-09,,SOURCE_EVIDENCE_MISSING,approved,Y,2026-10-07T04:25:00.978045+00:00,已核平台ID/型号/链接；没有逐款来源证明，供应商/原货号/拿货价留空。平台展示不证明自产/实际供给。
来源待补,BQ005 / A503,1601815020244,https://www.alibaba.com/product-detail/Wholesale-Spring-Autumn-Hollow-Knit-Lace_1601815020244.html,,,,,,,,,,2026-10-09,,SOURCE_EVIDENCE_MISSING,approved,Y,2026-10-07T04:25:00.978045+00:00,已核平台ID/型号/链接；没有逐款来源证明，供应商/原货号/拿货价留空。平台展示不证明自产/实际供给。
来源待补,BQ005-O1 / A503,1601939631570,https://www.alibaba.com/product-detail/Custom-Logo-All-Black-Breathable-Knit_1601939631570.html,,,,,,,,,,2026-10-09,,SOURCE_EVIDENCE_MISSING,approved,Y,2026-10-07T04:25:00.978045+00:00,已核平台ID/型号/链接；没有逐款来源证明，供应商/原货号/拿货价留空。平台展示不证明自产/实际供给。
来源待补,BQ005-R1 / A503,1601939712176,https://www.alibaba.com/product-detail/Pink-Breathable-Knit-Walking-Shoes-Lightweight_1601939712176.html,,,,,,,,,,2026-10-09,,SOURCE_EVIDENCE_MISSING,approved,Y,2026-10-07T04:25:00.978045+00:00,已核平台ID/型号/链接；没有逐款来源证明，供应商/原货号/拿货价留空。平台展示不证明自产/实际供给。
来源待补,BQ005-S1 / A503,1601957629892,https://www.alibaba.com/product-detail/Wholesale-All-Black-Solid-Breathable-Mesh_1601957629892.html,,,,,,,,,,2026-10-09,,SOURCE_EVIDENCE_MISSING,approved,Y,2026-10-07T04:25:00.978045+00:00,已核平台ID/型号/链接；没有逐款来源证明，供应商/原货号/拿货价留空。平台展示不证明自产/实际供给。
来源待补,BQ005-S2 / A503,1601957664983,https://www.alibaba.com/product-detail/Grey-Breathable-Mesh-Lining-Solid-Lightweight_1601957664983.html,,,,,,,,,,2026-10-09,,SOURCE_EVIDENCE_MISSING,approved,Y,2026-10-07T04:25:00.978045+00:00,已核平台ID/型号/链接；没有逐款来源证明，供应商/原货号/拿货价留空。平台展示不证明自产/实际供给。
来源待补,BQ005-S3 / A503,1601957855049,https://www.alibaba.com/product-detail/Pink-Breathable-Knit-Lace-Up-Walking_1601957855049.html,,,,,,,,,,2026-10-09,,SOURCE_EVIDENCE_MISSING,approved,Y,2026-10-07T04:25:00.978045+00:00,已核平台ID/型号/链接；没有逐款来源证明，供应商/原货号/拿货价留空。平台展示不证明自产/实际供给。
来源待补,BQ005-S4 / A503,1601957778956,https://www.alibaba.com/product-detail/Wholesale-White-Breathable-Knit-Lace-Up_1601957778956.html,,,,,,,,,,2026-10-09,,SOURCE_EVIDENCE_MISSING,approved,Y,2026-10-07T04:25:00.978045+00:00,已核平台ID/型号/链接；没有逐款来源证明，供应商/原货号/拿货价留空。平台展示不证明自产/实际供给。
来源待补,BQ005-W1 / A503,1601939599850,https://www.alibaba.com/product-detail/Wholesale-Multi-Color-Breathable-Knit-Walking_1601939599850.html,,,,,,,,,,2026-10-09,,SOURCE_EVIDENCE_MISSING,approved,Y,2026-10-07T04:25:00.978045+00:00,已核平台ID/型号/链接；没有逐款来源证明，供应商/原货号/拿货价留空。平台展示不证明自产/实际供给。
来源待补,BQ006 / M8811,1601814931739,https://www.alibaba.com/product-detail/Wholesale-Summer-Autumn-Breathable-Anti-Slip_1601814931739.html,,,,,,,,,,2026-10-09,,SOURCE_EVIDENCE_MISSING,approved,Y,2026-10-07T04:25:00.978045+00:00,已核平台ID/型号/链接；没有逐款来源证明，供应商/原货号/拿货价留空。平台展示不证明自产/实际供给。
来源待补,BQ006-O1 / M8811,1601939735063,https://www.alibaba.com/product-detail/All-Black-Breathable-Walking-Shoes-Knit_1601939735063.html,,,,,,,,,,2026-10-09,,SOURCE_EVIDENCE_MISSING,approved,Y,2026-10-07T04:25:00.978045+00:00,已核平台ID/型号/链接；没有逐款来源证明，供应商/原货号/拿货价留空。平台展示不证明自产/实际供给。
来源待补,BQ006-R1 / M8811,1601939655430,https://www.alibaba.com/product-detail/White-Pink-All-Seasons-Casual-Walking_1601939655430.html,,,,,,,,,,2026-10-09,,SOURCE_EVIDENCE_MISSING,approved,Y,2026-10-07T04:25:00.978045+00:00,已核平台ID/型号/链接；没有逐款来源证明，供应商/原货号/拿货价留空。平台展示不证明自产/实际供给。
来源待补,BQ006-S1 / M8811,1601957955917,https://www.alibaba.com/product-detail/Wholesale-All-White-Breathable-Knit-Lace_1601957955917.html,,,,,,,,,,2026-10-09,,SOURCE_EVIDENCE_MISSING,approved,Y,2026-10-07T04:25:00.978045+00:00,已核平台ID/型号/链接；没有逐款来源证明，供应商/原货号/拿货价留空。平台展示不证明自产/实际供给。
来源待补,BQ006-S2 / M8811,1601958022991,https://www.alibaba.com/product-detail/White-Grey-Breathable-Knit-Lace-Up_1601958022991.html,,,,,,,,,,2026-10-09,,SOURCE_EVIDENCE_MISSING,approved,Y,2026-10-07T04:25:00.978045+00:00,已核平台ID/型号/链接；没有逐款来源证明，供应商/原货号/拿货价留空。平台展示不证明自产/实际供给。
来源待补,BQ006-S3 / M8811,1601958195527,https://www.alibaba.com/product-detail/Wholesale-Breathable-Mesh-Solid-Black-White_1601958195527.html,,,,,,,,,,2026-10-09,,SOURCE_EVIDENCE_MISSING,approved,Y,2026-10-07T04:25:00.978045+00:00,已核平台ID/型号/链接；没有逐款来源证明，供应商/原货号/拿货价留空。平台展示不证明自产/实际供给。
来源待补,BQ006-S4 / M8811,1601958260477,https://www.alibaba.com/product-detail/All-Black-Breathable-Knit-Lace-Up_1601958260477.html,,,,,,,,,,2026-10-09,,SOURCE_EVIDENCE_MISSING,approved,Y,2026-10-07T04:25:00.978045+00:00,已核平台ID/型号/链接；没有逐款来源证明，供应商/原货号/拿货价留空。平台展示不证明自产/实际供给。
来源待补,BQ006-S5 / M8811,1601958239898,https://www.alibaba.com/product-detail/Wholesale-White-Green-Breathable-Mesh-Solid_1601958239898.html,,,,,,,,,,2026-10-09,,SOURCE_EVIDENCE_MISSING,approved,Y,2026-10-07T04:25:00.978045+00:00,已核平台ID/型号/链接；没有逐款来源证明，供应商/原货号/拿货价留空。平台展示不证明自产/实际供给。
来源待补,BQ006-S6 / M8811,1601958363305,https://www.alibaba.com/product-detail/White-Pink-Breathable-Mesh-Lining-Solid_1601958363305.html,,,,,,,,,,2026-10-09,,SOURCE_EVIDENCE_MISSING,approved,Y,2026-10-07T04:25:00.978045+00:00,已核平台ID/型号/链接；没有逐款来源证明，供应商/原货号/拿货价留空。平台展示不证明自产/实际供给。
来源待补,BQ006-S7 / M8811,1601958770867,https://www.alibaba.com/product-detail/White-Purple-Breathable-Knit-Lace-Up_1601958770867.html,,,,,,,,,,2026-10-09,,SOURCE_EVIDENCE_MISSING,approved,Y,2026-10-07T04:25:00.978045+00:00,已核平台ID/型号/链接；没有逐款来源证明，供应商/原货号/拿货价留空。平台展示不证明自产/实际供给。
来源待补,BQ006-W1 / M8811,1601939660427,https://www.alibaba.com/product-detail/Wholesale-White-Green-Walking-Style-Shoes_1601939660427.html,,,,,,,,,,2026-10-09,,SOURCE_EVIDENCE_MISSING,approved,Y,2026-10-07T04:25:00.978045+00:00,已核平台ID/型号/链接；没有逐款来源证明，供应商/原货号/拿货价留空。平台展示不证明自产/实际供给。
来源待补,BQ007-O1 / L0017,1601939701201,https://www.alibaba.com/product-detail/All-Black-Elastic-Lace-Slip-On_1601939701201.html,,,,,,,,,,2026-10-09,,SOURCE_EVIDENCE_MISSING,approved,Y,2026-10-07T04:25:00.978045+00:00,已核平台ID/型号/链接；没有逐款来源证明，供应商/原货号/拿货价留空。平台展示不证明自产/实际供给。
来源待补,BQ007-R1 / L0017,1601939711161,https://www.alibaba.com/product-detail/White-Khaki-Slip-On-Toe-Regular_1601939711161.html,,,,,,,,,,2026-10-09,,SOURCE_EVIDENCE_MISSING,approved,Y,2026-10-07T04:25:00.978045+00:00,已核平台ID/型号/链接；没有逐款来源证明，供应商/原货号/拿货价留空。平台展示不证明自产/实际供给。
来源待补,BQ007-S1 / L0017,1601958865699,https://www.alibaba.com/product-detail/Wholesale-White-Knit-Elastic-Lace-Slip_1601958865699.html,,,,,,,,,,2026-10-09,,SOURCE_EVIDENCE_MISSING,approved,Y,2026-10-07T04:25:00.978045+00:00,已核平台ID/型号/链接；没有逐款来源证明，供应商/原货号/拿货价留空。平台展示不证明自产/实际供给。
来源待补,BQ007-S2 / L0017,1601958993646,https://www.alibaba.com/product-detail/All-Black-Men-s-Knit-Elastic_1601958993646.html,,,,,,,,,,2026-10-09,,SOURCE_EVIDENCE_MISSING,approved,Y,2026-10-07T04:25:00.978045+00:00,已核平台ID/型号/链接；没有逐款来源证明，供应商/原货号/拿货价留空。平台展示不证明自产/实际供给。
来源待补,BQ007-S3 / L0017,1601959231056,https://www.alibaba.com/product-detail/Wholesale-Black-White-Knit-Slip-On_1601959231056.html,,,,,,,,,,2026-10-09,,SOURCE_EVIDENCE_MISSING,approved,Y,2026-10-07T04:25:00.978045+00:00,已核平台ID/型号/链接；没有逐款来源证明，供应商/原货号/拿货价留空。平台展示不证明自产/实际供给。
来源待补,BQ007-S4 / L0017,1601959746415,https://www.alibaba.com/product-detail/White-Khaki-Knit-Elastic-Lace-Slip_1601959746415.html,,,,,,,,,,2026-10-09,,SOURCE_EVIDENCE_MISSING,approved,Y,2026-10-07T04:25:00.978045+00:00,已核平台ID/型号/链接；没有逐款来源证明，供应商/原货号/拿货价留空。平台展示不证明自产/实际供给。
来源待补,BQ007-S5 / L0017,1601959878246,https://www.alibaba.com/product-detail/Orange-Men-s-Casual-Slip-On_1601959878246.html,,,,,,,,,,2026-10-09,,SOURCE_EVIDENCE_MISSING,approved,Y,2026-10-07T04:25:00.978045+00:00,已核平台ID/型号/链接；没有逐款来源证明，供应商/原货号/拿货价留空。平台展示不证明自产/实际供给。
来源待补,BQ007-W1 / L0017,1601939585913,https://www.alibaba.com/product-detail/Wholesale-Men-s-Casual-Walking-Shoes_1601939585913.html,,,,,,,,,,2026-10-09,,SOURCE_EVIDENCE_MISSING,approved,Y,2026-10-07T04:25:00.978045+00:00,已核平台ID/型号/链接；没有逐款来源证明，供应商/原货号/拿货价留空。平台展示不证明自产/实际供给。
来源待补,BQ008-O1 / L1009,1601939659415,https://www.alibaba.com/product-detail/Custom-Logo-All-Black-Breathable-Mesh_1601939659415.html,,,,,,,,,,2026-10-09,,SOURCE_EVIDENCE_MISSING,approved,Y,2026-10-07T04:25:00.978045+00:00,已核平台ID/型号/链接；没有逐款来源证明，供应商/原货号/拿货价留空。平台展示不证明自产/实际供给。
来源待补,BQ008-R1 / L1009,1601939628529,https://www.alibaba.com/product-detail/Men-s-Black-White-Breathable-Mesh_1601939628529.html,,,,,,,,,,2026-10-09,,SOURCE_EVIDENCE_MISSING,approved,Y,2026-10-07T04:25:00.978045+00:00,已核平台ID/型号/链接；没有逐款来源证明，供应商/原货号/拿货价留空。平台展示不证明自产/实际供给。
来源待补,BQ008-W1 / L1009,1601939625569,https://www.alibaba.com/product-detail/Wholesale-Men-s-Grey-Green-Breathable_1601939625569.html,,,,,,,,,,2026-10-09,,SOURCE_EVIDENCE_MISSING,approved,Y,2026-10-07T04:25:00.978045+00:00,已核平台ID/型号/链接；没有逐款来源证明，供应商/原货号/拿货价留空。平台展示不证明自产/实际供给。
来源待补,BQ009-O1 / L1026,1601939721165,https://www.alibaba.com/product-detail/Custom-Logo-Men-s-Casual-Sneakers_1601939721165.html,,,,,,,,,,2026-10-09,,SOURCE_EVIDENCE_MISSING,approved,Y,2026-10-07T04:25:00.978045+00:00,已核平台ID/型号/链接；没有逐款来源证明，供应商/原货号/拿货价留空。平台展示不证明自产/实际供给。
来源待补,BQ009-R1 / L1026,1601939661419,https://www.alibaba.com/product-detail/Men-s-Light-Weight-Casual-Sneakers_1601939661419.html,,,,,,,,,,2026-10-09,,SOURCE_EVIDENCE_MISSING,approved,Y,2026-10-07T04:25:00.978045+00:00,已核平台ID/型号/链接；没有逐款来源证明，供应商/原货号/拿货价留空。平台展示不证明自产/实际供给。
来源待补,BQ009-W1 / L1026,1601939675350,https://www.alibaba.com/product-detail/Wholesale-Men-s-Light-Weight-Casual_1601939675350.html,,,,,,,,,,2026-10-09,,SOURCE_EVIDENCE_MISSING,approved,Y,2026-10-07T04:25:00.978045+00:00,已核平台ID/型号/链接；没有逐款来源证明，供应商/原货号/拿货价留空。平台展示不证明自产/实际供给。
来源待补,BQ010-O1 / R1601,1601939573998,https://www.alibaba.com/product-detail/All-Black-Men-s-Breathable-Light_1601939573998.html,,,,,,,,,,2026-10-09,,SOURCE_EVIDENCE_MISSING,approved,Y,2026-10-07T04:25:00.978045+00:00,已核平台ID/型号/链接；没有逐款来源证明，供应商/原货号/拿货价留空。平台展示不证明自产/实际供给。
来源待补,BQ010-R1 / R1601,1601939734070,https://www.alibaba.com/product-detail/Men-s-Daily-Walking-Shoes-Lace_1601939734070.html,,,,,,,,,,2026-10-09,,SOURCE_EVIDENCE_MISSING,approved,Y,2026-10-07T04:25:00.978045+00:00,已核平台ID/型号/链接；没有逐款来源证明，供应商/原货号/拿货价留空。平台展示不证明自产/实际供给。
来源待补,BQ010-W1 / R1601,1601939589876,https://www.alibaba.com/product-detail/Wholesale-Men-s-Breathable-Light-Weight_1601939589876.html,,,,,,,,,,2026-10-09,,SOURCE_EVIDENCE_MISSING,approved,Y,2026-10-07T04:25:00.978045+00:00,已核平台ID/型号/链接；没有逐款来源证明，供应商/原货号/拿货价留空。平台展示不证明自产/实际供给。
来源待补,BQ011-O1 / A002,1601939606803,https://www.alibaba.com/product-detail/Wholesale-Men-s-Breathable-Textile-Slip_1601939606803.html,,,,,,,,,,2026-10-09,,SOURCE_EVIDENCE_MISSING,approved,Y,2026-10-07T04:25:00.978045+00:00,已核平台ID/型号/链接；没有逐款来源证明，供应商/原货号/拿货价留空。平台展示不证明自产/实际供给。
来源待补,BQ011-R1 / A002,1601939666421,https://www.alibaba.com/product-detail/Wholesale-Men-s-Breathable-Textile-Slip_1601939666421.html,,,,,,,,,,2026-10-09,,SOURCE_EVIDENCE_MISSING,approved,Y,2026-10-07T04:25:00.978045+00:00,已核平台ID/型号/链接；没有逐款来源证明，供应商/原货号/拿货价留空。平台展示不证明自产/实际供给。
来源待补,BQ011-W1 / A002,1601939634522,https://www.alibaba.com/product-detail/Wholesale-Men-s-Casual-Slip-On_1601939634522.html,,,,,,,,,,2026-10-09,,SOURCE_EVIDENCE_MISSING,approved,Y,2026-10-07T04:25:00.978045+00:00,已核平台ID/型号/链接；没有逐款来源证明，供应商/原货号/拿货价留空。平台展示不证明自产/实际供给。
来源待补,BQ012-O1 / M8506,1601939606805,https://www.alibaba.com/product-detail/Custom-Logo-Black-Sole-Knit-Textile_1601939606805.html,,,,,,,,,,2026-10-09,,SOURCE_EVIDENCE_MISSING,approved,Y,2026-10-07T04:25:00.978045+00:00,已核平台ID/型号/链接；没有逐款来源证明，供应商/原货号/拿货价留空。平台展示不证明自产/实际供给。
来源待补,BQ012-R1 / M8506,1601939681367,https://www.alibaba.com/product-detail/Red-White-Knit-Textile-Breathable-Light_1601939681367.html,,,,,,,,,,2026-10-09,,SOURCE_EVIDENCE_MISSING,approved,Y,2026-10-07T04:25:00.978045+00:00,已核平台ID/型号/链接；没有逐款来源证明，供应商/原货号/拿货价留空。平台展示不证明自产/实际供给。
来源待补,BQ012-W1 / M8506,1601939650458,https://www.alibaba.com/product-detail/Wholesale-Black-White-Knit-Textile-Slip_1601939650458.html,,,,,,,,,,2026-10-09,,SOURCE_EVIDENCE_MISSING,approved,Y,2026-10-07T04:25:00.978045+00:00,已核平台ID/型号/链接；没有逐款来源证明，供应商/原货号/拿货价留空。平台展示不证明自产/实际供给。
来源待补,BQ013-O1 / T55836,1601939736061,https://www.alibaba.com/product-detail/Custom-Logo-Breathable-Light-Weight-Knit_1601939736061.html,,,,,,,,,,2026-10-09,,SOURCE_EVIDENCE_MISSING,approved,Y,2026-10-07T04:25:00.978045+00:00,已核平台ID/型号/链接；没有逐款来源证明，供应商/原货号/拿货价留空。平台展示不证明自产/实际供给。
来源待补,BQ013-R1 / T55836,1601939638522,https://www.alibaba.com/product-detail/Knit-Slip-On-Breathable-Light-Weight_1601939638522.html,,,,,,,,,,2026-10-09,,SOURCE_EVIDENCE_MISSING,approved,Y,2026-10-07T04:25:00.978045+00:00,已核平台ID/型号/链接；没有逐款来源证明，供应商/原货号/拿货价留空。平台展示不证明自产/实际供给。
来源待补,BQ013-W1 / T55836,1601939619687,https://www.alibaba.com/product-detail/Wholesale-Breathable-Light-Weight-Knit-Slip_1601939619687.html,,,,,,,,,,2026-10-09,,SOURCE_EVIDENCE_MISSING,approved,Y,2026-10-07T04:25:00.978045+00:00,已核平台ID/型号/链接；没有逐款来源证明，供应商/原货号/拿货价留空。平台展示不证明自产/实际供给。
来源待补,BQ014-O1 / A507,1601939608686,https://www.alibaba.com/product-detail/OEM-ODM-Men-s-Breathable-Knit_1601939608686.html,,,,,,,,,,2026-10-09,,SOURCE_EVIDENCE_MISSING,approved,Y,2026-10-07T04:25:00.978045+00:00,已核平台ID/型号/链接；没有逐款来源证明，供应商/原货号/拿货价留空。平台展示不证明自产/实际供给。
来源待补,BQ014-R1 / A507,1601939658415,https://www.alibaba.com/product-detail/Men-s-Casual-Walking-Shoes-Breathable_1601939658415.html,,,,,,,,,,2026-10-09,,SOURCE_EVIDENCE_MISSING,approved,Y,2026-10-07T04:25:00.978045+00:00,已核平台ID/型号/链接；没有逐款来源证明，供应商/原货号/拿货价留空。平台展示不证明自产/实际供给。
来源待补,BQ014-W1 / A507,1601939669411,https://www.alibaba.com/product-detail/Wholesale-Men-s-Casual-Slip-On_1601939669411.html,,,,,,,,,,2026-10-09,,SOURCE_EVIDENCE_MISSING,approved,Y,2026-10-07T04:25:00.978045+00:00,已核平台ID/型号/链接；没有逐款来源证明，供应商/原货号/拿货价留空。平台展示不证明自产/实际供给。
来源待补,BQ015-O1 / R1811,1601939683302,https://www.alibaba.com/product-detail/Custom-Logo-Breathable-Lightweight-Knit-Slip_1601939683302.html,,,,,,,,,,2026-10-09,,SOURCE_EVIDENCE_MISSING,approved,Y,2026-10-07T04:25:00.978045+00:00,已核平台ID/型号/链接；没有逐款来源证明，供应商/原货号/拿货价留空。平台展示不证明自产/实际供给。
来源待补,BQ015-R1 / R1811,1601939747001,https://www.alibaba.com/product-detail/Knit-Slip-On-Walking-Shoes-with_1601939747001.html,,,,,,,,,,2026-10-09,,SOURCE_EVIDENCE_MISSING,approved,Y,2026-10-07T04:25:00.978045+00:00,已核平台ID/型号/链接；没有逐款来源证明，供应商/原货号/拿货价留空。平台展示不证明自产/实际供给。
来源待补,BQ015-W1 / R1811,1601939743040,https://www.alibaba.com/product-detail/Wholesale-Breathable-Light-Weight-Knit-Slip_1601939743040.html,,,,,,,,,,2026-10-09,,SOURCE_EVIDENCE_MISSING,approved,Y,2026-10-07T04:25:00.978045+00:00,已核平台ID/型号/链接；没有逐款来源证明，供应商/原货号/拿货价留空。平台展示不证明自产/实际供给。
来源待补,BQ016-O1 / 201,1601939633580,https://www.alibaba.com/product-detail/Custom-Logo-Kids-Knit-Slip-On_1601939633580.html,,,,,,,,,,2026-10-09,,SOURCE_EVIDENCE_MISSING,approved,Y,2026-10-07T04:25:00.978045+00:00,已核平台ID/型号/链接；没有逐款来源证明，供应商/原货号/拿货价留空。平台展示不证明自产/实际供给。
来源待补,BQ016-R1 / 201,1601939691301,https://www.alibaba.com/product-detail/Girls-School-Shoes-Knit-Slip-On_1601939691301.html,,,,,,,,,,2026-10-09,,SOURCE_EVIDENCE_MISSING,approved,Y,2026-10-07T04:25:00.978045+00:00,已核平台ID/型号/链接；没有逐款来源证明，供应商/原货号/拿货价留空。平台展示不证明自产/实际供给。
来源待补,BQ016-W1 / 201,1601939608691,https://www.alibaba.com/product-detail/Wholesale-Kids-Knit-Slip-On-School_1601939608691.html,,,,,,,,,,2026-10-09,,SOURCE_EVIDENCE_MISSING,approved,Y,2026-10-07T04:25:00.978045+00:00,已核平台ID/型号/链接；没有逐款来源证明，供应商/原货号/拿货价留空。平台展示不证明自产/实际供给。
来源待补,BQ017-O1 / A008,1601939593839,https://www.alibaba.com/product-detail/Custom-Logo-Men-s-Casual-Shoes_1601939593839.html,,,,,,,,,,2026-10-09,,SOURCE_EVIDENCE_MISSING,approved,Y,2026-10-07T04:25:00.978045+00:00,已核平台ID/型号/链接；没有逐款来源证明，供应商/原货号/拿货价留空。平台展示不证明自产/实际供给。
来源待补,BQ017-R1 / A008,1601939697271,https://www.alibaba.com/product-detail/Unisex-Lightweight-Walking-Shoes-Quilted-Knit_1601939697271.html,,,,,,,,,,2026-10-09,,SOURCE_EVIDENCE_MISSING,approved,Y,2026-10-07T04:25:00.978045+00:00,已核平台ID/型号/链接；没有逐款来源证明，供应商/原货号/拿货价留空。平台展示不证明自产/实际供给。
来源待补,BQ017-W1 / A008,1601939636508,https://www.alibaba.com/product-detail/Wholesale-Men-s-Casual-Walking-Shoes_1601939636508.html,,,,,,,,,,2026-10-09,,SOURCE_EVIDENCE_MISSING,approved,Y,2026-10-07T04:25:00.978045+00:00,已核平台ID/型号/链接；没有逐款来源证明，供应商/原货号/拿货价留空。平台展示不证明自产/实际供给。
来源待补,BQ018-O1 / A116,1601939589890,https://www.alibaba.com/product-detail/All-Black-Walking-Shoes-Breathable-Knit_1601939589890.html,,,,,,,,,,2026-10-09,,SOURCE_EVIDENCE_MISSING,approved,Y,2026-10-07T04:25:00.978045+00:00,已核平台ID/型号/链接；没有逐款来源证明，供应商/原货号/拿货价留空。平台展示不证明自产/实际供给。
来源待补,BQ018-R1 / A116,1601939641542,https://www.alibaba.com/product-detail/For-Casual-Walking-Shoes-Breathable-Knit_1601939641542.html,,,,,,,,,,2026-10-09,,SOURCE_EVIDENCE_MISSING,approved,Y,2026-10-07T04:25:00.978045+00:00,已核平台ID/型号/链接；没有逐款来源证明，供应商/原货号/拿货价留空。平台展示不证明自产/实际供给。
来源待补,BQ018-W1 / A116,1601939726170,https://www.alibaba.com/product-detail/Wholesale-Black-White-Walking-Style-Shoes_1601939726170.html,,,,,,,,,,2026-10-09,,SOURCE_EVIDENCE_MISSING,approved,Y,2026-10-07T04:25:00.978045+00:00,已核平台ID/型号/链接；没有逐款来源证明，供应商/原货号/拿货价留空。平台展示不证明自产/实际供给。
来源待补,BQ019-O1 / A206,1601939695286,https://www.alibaba.com/product-detail/Custom-Logo-Casual-Sneakers-Knit-Textile_1601939695286.html,,,,,,,,,,2026-10-09,,SOURCE_EVIDENCE_MISSING,approved,Y,2026-10-07T04:25:00.978045+00:00,已核平台ID/型号/链接；没有逐款来源证明，供应商/原货号/拿货价留空。平台展示不证明自产/实际供给。
来源待补,BQ019-R1 / A206,1601939602873,https://www.alibaba.com/product-detail/Breathable-Knit-Lace-Up-Walking-Shoes_1601939602873.html,,,,,,,,,,2026-10-09,,SOURCE_EVIDENCE_MISSING,approved,Y,2026-10-07T04:25:00.978045+00:00,已核平台ID/型号/链接；没有逐款来源证明，供应商/原货号/拿货价留空。平台展示不证明自产/实际供给。
来源待补,BQ019-W1 / A206,1601939616747,https://www.alibaba.com/product-detail/Wholesale-Men-s-Breathable-Light-Weight_1601939616747.html,,,,,,,,,,2026-10-09,,SOURCE_EVIDENCE_MISSING,approved,Y,2026-10-07T04:25:00.978045+00:00,已核平台ID/型号/链接；没有逐款来源证明，供应商/原货号/拿货价留空。平台展示不证明自产/实际供给。
来源待补,BQ020 / A218,1601839073314,https://www.alibaba.com/product-detail/Wholesale-Spring-Summer-Breathable-Mesh-Solid_1601839073314.html,,,,,,,,,,2026-10-09,,SOURCE_EVIDENCE_MISSING,approved,Y,2026-10-07T04:25:00.978045+00:00,已核平台ID/型号/链接；没有逐款来源证明，供应商/原货号/拿货价留空。平台展示不证明自产/实际供给。
来源待补,BQ020-O1 / A218,1601939625613,https://www.alibaba.com/product-detail/Custom-Logo-Hollow-Knit-Lace-Up_1601939625613.html,,,,,,,,,,2026-10-09,,SOURCE_EVIDENCE_MISSING,approved,Y,2026-10-07T04:25:00.978045+00:00,已核平台ID/型号/链接；没有逐款来源证明，供应商/原货号/拿货价留空。平台展示不证明自产/实际供给。
来源待补,BQ020-R1 / A218,1601939590957,https://www.alibaba.com/product-detail/Breathable-Hollow-Knit-Lace-Up-Walking_1601939590957.html,,,,,,,,,,2026-10-09,,SOURCE_EVIDENCE_MISSING,approved,Y,2026-10-07T04:25:00.978045+00:00,已核平台ID/型号/链接；没有逐款来源证明，供应商/原货号/拿货价留空。平台展示不证明自产/实际供给。
来源待补,BQ020-W1 / A218,1601939712249,https://www.alibaba.com/product-detail/Wholesale-Hollow-Knit-Lace-Up-Walking_1601939712249.html,,,,,,,,,,2026-10-09,,SOURCE_EVIDENCE_MISSING,approved,Y,2026-10-07T04:25:00.978045+00:00,已核平台ID/型号/链接；没有逐款来源证明，供应商/原货号/拿货价留空。平台展示不证明自产/实际供给。
来源待补,BQ021-O1 / K6212,1601939739115,https://www.alibaba.com/product-detail/Custom-Logo-Breathable-Light-Weight-Knit_1601939739115.html,,,,,,,,,,2026-10-09,,SOURCE_EVIDENCE_MISSING,approved,Y,2026-10-07T04:25:00.978045+00:00,已核平台ID/型号/链接；没有逐款来源证明，供应商/原货号/拿货价留空。平台展示不证明自产/实际供给。
来源待补,BQ021-R1 / K6212,1601939709217,https://www.alibaba.com/product-detail/Lightweight-Knit-Slip-On-Walking-Shoes_1601939709217.html,,,,,,,,,,2026-10-09,,SOURCE_EVIDENCE_MISSING,approved,Y,2026-10-07T04:25:00.978045+00:00,已核平台ID/型号/链接；没有逐款来源证明，供应商/原货号/拿货价留空。平台展示不证明自产/实际供给。
来源待补,BQ021-W1 / K6212,1601939606858,https://www.alibaba.com/product-detail/Wholesale-Knit-Textile-Slip-On-Walking_1601939606858.html,,,,,,,,,,2026-10-09,,SOURCE_EVIDENCE_MISSING,approved,Y,2026-10-07T04:25:00.978045+00:00,已核平台ID/型号/链接；没有逐款来源证明，供应商/原货号/拿货价留空。平台展示不证明自产/实际供给。
来源待补,BQ022-O1 / A2208,1601939709218,https://www.alibaba.com/product-detail/Custom-Logo-Breathable-Light-Weight-Slip_1601939709218.html,,,,,,,,,,2026-10-09,,SOURCE_EVIDENCE_MISSING,approved,Y,2026-10-07T04:25:00.978045+00:00,已核平台ID/型号/链接；没有逐款来源证明，供应商/原货号/拿货价留空。平台展示不证明自产/实际供给。
来源待补,BQ022-R1 / A2208,1601939659468,https://www.alibaba.com/product-detail/Striped-Knit-Breathable-Lightweight-Slip-on_1601939659468.html,,,,,,,,,,2026-10-09,,SOURCE_EVIDENCE_MISSING,approved,Y,2026-10-07T04:25:00.978045+00:00,已核平台ID/型号/链接；没有逐款来源证明，供应商/原货号/拿货价留空。平台展示不证明自产/实际供给。
来源待补,BQ022-W1 / A2208,1601939641581,https://www.alibaba.com/product-detail/Wholesale-Men-s-Casual-Slip-On_1601939641581.html,,,,,,,,,,2026-10-09,,SOURCE_EVIDENCE_MISSING,approved,Y,2026-10-07T04:25:00.978045+00:00,已核平台ID/型号/链接；没有逐款来源证明，供应商/原货号/拿货价留空。平台展示不证明自产/实际供给。
来源待补,BQ023 / A505,10000044004948,https://www.alibaba.com/product-detail/Wholesale-Soft-Knit-Slip-On-Walking_10000044004948.html,,,,,,,,,,2026-10-09,,SOURCE_EVIDENCE_MISSING,approved,Y,2026-10-07T04:25:00.978045+00:00,已核平台ID/型号/链接；没有逐款来源证明，供应商/原货号/拿货价留空。平台展示不证明自产/实际供给。
来源待补,BQ023-O1 / A505,1601939752005,https://www.alibaba.com/product-detail/Custom-Logo-Brown-Knit-Slip-On_1601939752005.html,,,,,,,,,,2026-10-09,,SOURCE_EVIDENCE_MISSING,approved,Y,2026-10-07T04:25:00.978045+00:00,已核平台ID/型号/链接；没有逐款来源证明，供应商/原货号/拿货价留空。平台展示不证明自产/实际供给。
来源待补,BQ023-R1 / A505,1601939616754,https://www.alibaba.com/product-detail/Breathable-Grey-Knit-Slip-On-Walking_1601939616754.html,,,,,,,,,,2026-10-09,,SOURCE_EVIDENCE_MISSING,approved,Y,2026-10-07T04:25:00.978045+00:00,已核平台ID/型号/链接；没有逐款来源证明，供应商/原货号/拿货价留空。平台展示不证明自产/实际供给。
来源待补,BQ023-W1 / A505,1601939722180,https://www.alibaba.com/product-detail/Wholesale-Knit-Textile-Slip-on-Walking_1601939722180.html,,,,,,,,,,2026-10-09,,SOURCE_EVIDENCE_MISSING,approved,Y,2026-10-07T04:25:00.978045+00:00,已核平台ID/型号/链接；没有逐款来源证明，供应商/原货号/拿货价留空。平台展示不证明自产/实际供给。
来源待补,BQ024 / A830,10000044041031,https://www.alibaba.com/product-detail/Wholesale-Light-Weight-Anti-Slip-Knit_10000044041031.html,,,,,,,,,,2026-10-09,,SOURCE_EVIDENCE_MISSING,approved,Y,2026-10-07T04:25:00.978045+00:00,已核平台ID/型号/链接；没有逐款来源证明，供应商/原货号/拿货价留空。平台展示不证明自产/实际供给。
来源待补,BQ024-O1 / A830,1601939691340,https://www.alibaba.com/product-detail/Custom-Logo-Black-Yellow-Knit-Slip_1601939691340.html,,,,,,,,,,2026-10-09,,SOURCE_EVIDENCE_MISSING,approved,Y,2026-10-07T04:25:00.978045+00:00,已核平台ID/型号/链接；没有逐款来源证明，供应商/原货号/拿货价留空。平台展示不证明自产/实际供给。
来源待补,BQ024-R1 / A830,1601939684371,https://www.alibaba.com/product-detail/Beige-Grey-Knit-Slip-On-Walking_1601939684371.html,,,,,,,,,,2026-10-09,,SOURCE_EVIDENCE_MISSING,approved,Y,2026-10-07T04:25:00.978045+00:00,已核平台ID/型号/链接；没有逐款来源证明，供应商/原货号/拿货价留空。平台展示不证明自产/实际供给。
来源待补,BQ024-W1 / A830,1601939691342,https://www.alibaba.com/product-detail/Wholesale-Black-White-Knit-Slip-On_1601939691342.html,,,,,,,,,,2026-10-09,,SOURCE_EVIDENCE_MISSING,approved,Y,2026-10-07T04:25:00.978045+00:00,已核平台ID/型号/链接；没有逐款来源证明，供应商/原货号/拿货价留空。平台展示不证明自产/实际供给。
来源待补,BQ025 / A1689,10000044024484,https://www.alibaba.com/product-detail/Wholesale-Low-Cut-Knit-Textile-Slip_10000044024484.html,,,,,,,,,,2026-10-09,,SOURCE_EVIDENCE_MISSING,approved,Y,2026-10-07T04:25:00.978045+00:00,已核平台ID/型号/链接；没有逐款来源证明，供应商/原货号/拿货价留空。平台展示不证明自产/实际供给。
来源待补,BQ025-O1 / A1689,1601939733108,https://www.alibaba.com/product-detail/Custom-Logo-Black-White-Knit-Slip_1601939733108.html,,,,,,,,,,2026-10-09,,SOURCE_EVIDENCE_MISSING,approved,Y,2026-10-07T04:25:00.978045+00:00,已核平台ID/型号/链接；没有逐款来源证明，供应商/原货号/拿货价留空。平台展示不证明自产/实际供给。
来源待补,BQ025-R1 / A1689,1601939751016,https://www.alibaba.com/product-detail/All-Black-Breathable-Knit-Slip-on_1601939751016.html,,,,,,,,,,2026-10-09,,SOURCE_EVIDENCE_MISSING,approved,Y,2026-10-07T04:25:00.978045+00:00,已核平台ID/型号/链接；没有逐款来源证明，供应商/原货号/拿货价留空。平台展示不证明自产/实际供给。
来源待补,BQ025-W1 / A1689,1601939612707,https://www.alibaba.com/product-detail/Wholesale-Low-Cut-Knit-Slip-on_1601939612707.html,,,,,,,,,,2026-10-09,,SOURCE_EVIDENCE_MISSING,approved,Y,2026-10-07T04:25:00.978045+00:00,已核平台ID/型号/链接；没有逐款来源证明，供应商/原货号/拿货价留空。平台展示不证明自产/实际供给。
来源待补,BQ026 / T5828,10000044011929,https://www.alibaba.com/product-detail/Wholesale-Solid-Light-Weight-Anti-Slip_10000044011929.html,,,,,,,,,,2026-10-09,,SOURCE_EVIDENCE_MISSING,approved,Y,2026-10-07T04:25:00.978045+00:00,已核平台ID/型号/链接；没有逐款来源证明，供应商/原货号/拿货价留空。平台展示不证明自产/实际供给。
来源待补,BQ026-O1 / T5828,1601939714238,https://www.alibaba.com/product-detail/Custom-Logo-Mens-Casual-Shoes-Knit_1601939714238.html,,,,,,,,,,2026-10-09,,SOURCE_EVIDENCE_MISSING,approved,Y,2026-10-07T04:25:00.978045+00:00,已核平台ID/型号/链接；没有逐款来源证明，供应商/原货号/拿货价留空。平台展示不证明自产/实际供给。
来源待补,BQ026-R1 / T5828,1601939725201,https://www.alibaba.com/product-detail/Mens-Casual-Shoes-Breathable-Knit-Lace_1601939725201.html,,,,,,,,,,2026-10-09,,SOURCE_EVIDENCE_MISSING,approved,Y,2026-10-07T04:25:00.978045+00:00,已核平台ID/型号/链接；没有逐款来源证明，供应商/原货号/拿货价留空。平台展示不证明自产/实际供给。
来源待补,BQ026-W1 / T5828,1601939745065,https://www.alibaba.com/product-detail/Wholesale-Men-s-Breathable-Knit-Lace_1601939745065.html,,,,,,,,,,2026-10-09,,SOURCE_EVIDENCE_MISSING,approved,Y,2026-10-07T04:25:00.978045+00:00,已核平台ID/型号/链接；没有逐款来源证明，供应商/原货号/拿货价留空。平台展示不证明自产/实际供给。
来源待补,BQ027 / K6116,10000044028277,https://www.alibaba.com/product-detail/Wholesale-Knit-Textile-Lace-Detail-Casual_10000044028277.html,,,,,,,,,,2026-10-09,,SOURCE_EVIDENCE_MISSING,approved,Y,2026-10-07T04:25:00.978045+00:00,已核平台ID/型号/链接；没有逐款来源证明，供应商/原货号/拿货价留空。平台展示不证明自产/实际供给。
来源待补,BQ027-O1 / K6116,1601939703288,https://www.alibaba.com/product-detail/Custom-Logo-All-Black-Knit-Lace_1601939703288.html,,,,,,,,,,2026-10-09,,SOURCE_EVIDENCE_MISSING,approved,Y,2026-10-07T04:25:00.978045+00:00,已核平台ID/型号/链接；没有逐款来源证明，供应商/原货号/拿货价留空。平台展示不证明自产/实际供给。
来源待补,BQ027-R1 / K6116,1601939692338,https://www.alibaba.com/product-detail/Grey-Knit-Lace-Up-Casual-Walking_1601939692338.html,,,,,,,,,,2026-10-09,,SOURCE_EVIDENCE_MISSING,approved,Y,2026-10-07T04:25:00.978045+00:00,已核平台ID/型号/链接；没有逐款来源证明，供应商/原货号/拿货价留空。平台展示不证明自产/实际供给。
来源待补,BQ027-W1 / K6116,1601939616762,https://www.alibaba.com/product-detail/Wholesale-Men-Women-Black-White-Knit_1601939616762.html,,,,,,,,,,2026-10-09,,SOURCE_EVIDENCE_MISSING,approved,Y,2026-10-07T04:25:00.978045+00:00,已核平台ID/型号/链接；没有逐款来源证明，供应商/原货号/拿货价留空。平台展示不证明自产/实际供给。
来源待补,BQ028 / 7212,1601839105416,https://www.alibaba.com/product-detail/Wholesale-Light-Weight-Breathable-Knit-Textile_1601839105416.html,,,,,,,,,,2026-10-09,,SOURCE_EVIDENCE_MISSING,approved,Y,2026-10-07T04:25:00.978045+00:00,已核平台ID/型号/链接；没有逐款来源证明，供应商/原货号/拿货价留空。平台展示不证明自产/实际供给。
来源待补,BQ028-O1 / 7212,1601939705262,https://www.alibaba.com/product-detail/Grey-Knit-Slip-On-Casual-Walking_1601939705262.html,,,,,,,,,,2026-10-09,,SOURCE_EVIDENCE_MISSING,approved,Y,2026-10-07T04:25:00.978045+00:00,已核平台ID/型号/链接；没有逐款来源证明，供应商/原货号/拿货价留空。平台展示不证明自产/实际供给。
来源待补,BQ028-R1 / 7212,1601939625627,https://www.alibaba.com/product-detail/Apricot-Knit-Slip-On-Walking-Style_1601939625627.html,,,,,,,,,,2026-10-09,,SOURCE_EVIDENCE_MISSING,approved,Y,2026-10-07T04:25:00.978045+00:00,已核平台ID/型号/链接；没有逐款来源证明，供应商/原货号/拿货价留空。平台展示不证明自产/实际供给。
来源待补,BQ028-W1 / 7212,1601939720204,https://www.alibaba.com/product-detail/Wholesale-Men-s-Casual-Slip-On_1601939720204.html,,,,,,,,,,2026-10-09,,SOURCE_EVIDENCE_MISSING,approved,Y,2026-10-07T04:25:00.978045+00:00,已核平台ID/型号/链接；没有逐款来源证明，供应商/原货号/拿货价留空。平台展示不证明自产/实际供给。
来源待补,BQ029 / A025,1601839062659,https://www.alibaba.com/product-detail/Wholesale-High-Top-Knit-Textile-Slip_1601839062659.html,,,,,,,,,,2026-10-09,,SOURCE_EVIDENCE_MISSING,approved,Y,2026-10-07T04:25:00.978045+00:00,已核平台ID/型号/链接；没有逐款来源证明，供应商/原货号/拿货价留空。平台展示不证明自产/实际供给。
来源待补,BQ029-O1 / A025,1601939721228,https://www.alibaba.com/product-detail/All-Black-High-Top-Knit-Slip_1601939721228.html,,,,,,,,,,2026-10-09,,SOURCE_EVIDENCE_MISSING,approved,Y,2026-10-07T04:25:00.978045+00:00,已核平台ID/型号/链接；没有逐款来源证明，供应商/原货号/拿货价留空。平台展示不证明自产/实际供给。
来源待补,BQ029-R1 / A025,1601939607770,https://www.alibaba.com/product-detail/High-Top-Knit-Sock-Like-Slip_1601939607770.html,,,,,,,,,,2026-10-09,,SOURCE_EVIDENCE_MISSING,approved,Y,2026-10-07T04:25:00.978045+00:00,已核平台ID/型号/链接；没有逐款来源证明，供应商/原货号/拿货价留空。平台展示不证明自产/实际供给。
来源待补,BQ029-W1 / A025,1601939749045,https://www.alibaba.com/product-detail/Wholesale-High-Top-Knit-Slip-On_1601939749045.html,,,,,,,,,,2026-10-09,,SOURCE_EVIDENCE_MISSING,approved,Y,2026-10-07T04:25:00.978045+00:00,已核平台ID/型号/链接；没有逐款来源证明，供应商/原货号/拿货价留空。平台展示不证明自产/实际供给。
来源待补,BQ030 / A811,1601839050756,https://www.alibaba.com/product-detail/Wholesale-Kids-Knit-Textile-Lace-Up_1601839050756.html,,,,,,,,,,2026-10-09,,SOURCE_EVIDENCE_MISSING,approved,Y,2026-10-07T04:25:00.978045+00:00,已核平台ID/型号/链接；没有逐款来源证明，供应商/原货号/拿货价留空。平台展示不证明自产/实际供给。
来源待补,BQ030-O1 / A811,1601939615744,https://www.alibaba.com/product-detail/Kids-Shoes-Breathable-Light-Weight-Wholesale_1601939615744.html,,,,,,,,,,2026-10-09,,SOURCE_EVIDENCE_MISSING,approved,Y,2026-10-07T04:25:00.978045+00:00,已核平台ID/型号/链接；没有逐款来源证明，供应商/原货号/拿货价留空。平台展示不证明自产/实际供给。
来源待补,BQ030-R1 / A811,1601939679363,https://www.alibaba.com/product-detail/Kids-School-Shoes-Knit-Lace-Up_1601939679363.html,,,,,,,,,,2026-10-09,,SOURCE_EVIDENCE_MISSING,approved,Y,2026-10-07T04:25:00.978045+00:00,已核平台ID/型号/链接；没有逐款来源证明，供应商/原货号/拿货价留空。平台展示不证明自产/实际供给。
来源待补,BQ030-W1 / A811,1601939672381,https://www.alibaba.com/product-detail/Wholesale-Kids-Shoes-Knit-Lace-Up_1601939672381.html,,,,,,,,,,2026-10-09,,SOURCE_EVIDENCE_MISSING,approved,Y,2026-10-07T04:25:00.978045+00:00,已核平台ID/型号/链接；没有逐款来源证明，供应商/原货号/拿货价留空。平台展示不证明自产/实际供给。
来源待补,BQ031 / ZX2116,10000046439033,https://www.alibaba.com/product-detail/Wholesale-Breathable-Comfort-Spring-Autumn-Mesh_10000046439033.html,,,,,,,,,,2026-10-09,,SOURCE_EVIDENCE_MISSING,approved,Y,2026-10-07T04:25:00.978045+00:00,已核平台ID/型号/链接；没有逐款来源证明，供应商/原货号/拿货价留空。平台展示不证明自产/实际供给。
来源待补,BQ031-O1 / ZX2116,1601939754004,https://www.alibaba.com/product-detail/All-Black-Wide-Toe-Box-Walking_1601939754004.html,,,,,,,,,,2026-10-09,,SOURCE_EVIDENCE_MISSING,approved,Y,2026-10-07T04:25:00.978045+00:00,已核平台ID/型号/链接；没有逐款来源证明，供应商/原货号/拿货价留空。平台展示不证明自产/实际供给。
来源待补,BQ031-R1 / ZX2116,1601939667426,https://www.alibaba.com/product-detail/For-Wide-Toe-Box-Casual-Walking_1601939667426.html,,,,,,,,,,2026-10-09,,SOURCE_EVIDENCE_MISSING,approved,Y,2026-10-07T04:25:00.978045+00:00,已核平台ID/型号/链接；没有逐款来源证明，供应商/原货号/拿货价留空。平台展示不证明自产/实际供给。
来源待补,BQ031-W1 / ZX2116,1601939693331,https://www.alibaba.com/product-detail/Wholesale-Walking-Style-Shoes-Wide-Toe_1601939693331.html,,,,,,,,,,2026-10-09,,SOURCE_EVIDENCE_MISSING,approved,Y,2026-10-07T04:25:00.978045+00:00,已核平台ID/型号/链接；没有逐款来源证明，供应商/原货号/拿货价留空。平台展示不证明自产/实际供给。
来源待补,BQ032 / ZX2212,10000046653813,https://www.alibaba.com/product-detail/Wholesale-Light-Weight-Breathable-Regular-Fit_10000046653813.html,,,,,,,,,,2026-10-09,,SOURCE_EVIDENCE_MISSING,approved,Y,2026-10-07T04:25:00.978045+00:00,已核平台ID/型号/链接；没有逐款来源证明，供应商/原货号/拿货价留空。平台展示不证明自产/实际供给。
来源待补,BQ032-O1 / ZX2212,1601939722196,https://www.alibaba.com/product-detail/All-Black-Mens-Casual-Walking-Shoes_1601939722196.html,,,,,,,,,,2026-10-09,,SOURCE_EVIDENCE_MISSING,approved,Y,2026-10-07T04:25:00.978045+00:00,已核平台ID/型号/链接；没有逐款来源证明，供应商/原货号/拿货价留空。平台展示不证明自产/实际供给。
来源待补,BQ032-R1 / ZX2212,1601939751023,https://www.alibaba.com/product-detail/Mens-Breathable-Light-Weight-Large-Size_1601939751023.html,,,,,,,,,,2026-10-09,,SOURCE_EVIDENCE_MISSING,approved,Y,2026-10-07T04:25:00.978045+00:00,已核平台ID/型号/链接；没有逐款来源证明，供应商/原货号/拿货价留空。平台展示不证明自产/实际供给。
来源待补,BQ032-W1 / ZX2212,1601939651515,https://www.alibaba.com/product-detail/Wholesale-Mens-Lightweight-Breathable-Walking-Shoes_1601939651515.html,,,,,,,,,,2026-10-09,,SOURCE_EVIDENCE_MISSING,approved,Y,2026-10-07T04:25:00.978045+00:00,已核平台ID/型号/链接；没有逐款来源证明，供应商/原货号/拿货价留空。平台展示不证明自产/实际供给。
来源待补,BQ033 / T5503,1601924345456,https://www.alibaba.com/product-detail/Wholesale-Breathable-Knit-Lace-Up-Casual_1601924345456.html,,,,,,,,,,2026-10-09,,SOURCE_EVIDENCE_MISSING,approved,Y,2026-10-07T04:25:00.978045+00:00,已核平台ID/型号/链接；没有逐款来源证明，供应商/原货号/拿货价留空。平台展示不证明自产/实际供给。
来源待补,BQ034 / T5505,11000037600317,https://www.alibaba.com/product-detail/Wholesale-Knit-Slip-On-Walking-Shoes_11000037600317.html,,,,,,,,,,2026-10-09,,SOURCE_EVIDENCE_MISSING,approved,Y,2026-10-07T04:25:00.978045+00:00,已核平台ID/型号/链接；没有逐款来源证明，供应商/原货号/拿货价留空。平台展示不证明自产/实际供给。
来源待补,BQ036 / 8025,1601924292931,https://www.alibaba.com/product-detail/Wholesale-High-Top-Knit-Sock-Sneakers_1601924292931.html,,,,,,,,,,2026-10-09,,SOURCE_EVIDENCE_MISSING,approved,Y,2026-10-07T04:25:00.978045+00:00,已核平台ID/型号/链接；没有逐款来源证明，供应商/原货号/拿货价留空。平台展示不证明自产/实际供给。
来源待补,BQ037 / H7116,1601924347721,https://www.alibaba.com/product-detail/Wholesale-Knit-Lace-Up-Casual-Shoes_1601924347721.html,,,,,,,,,,2026-10-09,,SOURCE_EVIDENCE_MISSING,approved,Y,2026-10-07T04:25:00.978045+00:00,已核平台ID/型号/链接；没有逐款来源证明，供应商/原货号/拿货价留空。平台展示不证明自产/实际供给。
来源待补,BQ038 / M889,1601924732369,https://www.alibaba.com/product-detail/Wholesale-Knit-Lace-Up-Chunky-Sole_1601924732369.html,,,,,,,,,,2026-10-09,,SOURCE_EVIDENCE_MISSING,approved,Y,2026-10-07T04:25:00.978045+00:00,已核平台ID/型号/链接；没有逐款来源证明，供应商/原货号/拿货价留空。平台展示不证明自产/实际供给。
来源待补,BQ039 / 155,1601924755368,https://www.alibaba.com/product-detail/Wholesale-High-Top-Round-Toe-Knit_1601924755368.html,,,,,,,,,,2026-10-09,,SOURCE_EVIDENCE_MISSING,approved,Y,2026-10-07T04:25:00.978045+00:00,已核平台ID/型号/链接；没有逐款来源证明，供应商/原货号/拿货价留空。平台展示不证明自产/实际供给。
来源待补,BQ040 / 1689,1601924792152,https://www.alibaba.com/product-detail/Wholesale-Knit-Slip-On-Walking-Shoes_1601924792152.html,,,,,,,,,,2026-10-09,,SOURCE_EVIDENCE_MISSING,approved,Y,2026-10-07T04:25:00.978045+00:00,已核平台ID/型号/链接；没有逐款来源证明，供应商/原货号/拿货价留空。平台展示不证明自产/实际供给。
来源待补,BQ041 / 202,10000047127570,https://www.alibaba.com/product-detail/Wholesale-Model-BQ041-202-Kids-Knit_10000047127570.html,,,,,,,,,,2026-10-09,,SOURCE_EVIDENCE_MISSING,approved,Y,2026-10-07T04:25:00.978045+00:00,已核平台ID/型号/链接；没有逐款来源证明，供应商/原货号/拿货价留空。平台展示不证明自产/实际供给。
来源待补,BQ042 / 206,10000047166193,https://www.alibaba.com/product-detail/Wholesale-Model-206-Knit-Lace-Up_10000047166193.html,,,,,,,,,,2026-10-09,,SOURCE_EVIDENCE_MISSING,approved,Y,2026-10-07T04:25:00.978045+00:00,已核平台ID/型号/链接；没有逐款来源证明，供应商/原货号/拿货价留空。平台展示不证明自产/实际供给。
来源待补,BQ043 / 8008,10000047175212,https://www.alibaba.com/product-detail/Wholesale-Model-8008-Knit-Lace-Up_10000047175212.html,,,,,,,,,,2026-10-09,,SOURCE_EVIDENCE_MISSING,approved,Y,2026-10-07T04:25:00.978045+00:00,已核平台ID/型号/链接；没有逐款来源证明，供应商/原货号/拿货价留空。平台展示不证明自产/实际供给。
来源待补,BQ044 / 811,10000047221334,https://www.alibaba.com/product-detail/Wholesale-Model-811-Breathable-Light-Weight_10000047221334.html,,,,,,,,,,2026-10-09,,SOURCE_EVIDENCE_MISSING,approved,Y,2026-10-07T04:25:00.978045+00:00,已核平台ID/型号/链接；没有逐款来源证明，供应商/原货号/拿货价留空。平台展示不证明自产/实际供给。
来源待补,BQ046 / A155,10000047187673,https://www.alibaba.com/product-detail/Wholesale-Model-A155-High-Top-Knit_10000047187673.html,,,,,,,,,,2026-10-09,,SOURCE_EVIDENCE_MISSING,approved,Y,2026-10-07T04:25:00.978045+00:00,已核平台ID/型号/链接；没有逐款来源证明，供应商/原货号/拿货价留空。平台展示不证明自产/实际供给。
来源待补,BQ047 / A189,10000047208726,https://www.alibaba.com/product-detail/Wholesale-Model-A189-Men-s-High_10000047208726.html,,,,,,,,,,2026-10-09,,SOURCE_EVIDENCE_MISSING,approved,Y,2026-10-07T04:25:00.978045+00:00,已核平台ID/型号/链接；没有逐款来源证明，供应商/原货号/拿货价留空。平台展示不证明自产/实际供给。
来源待补,BQ048 / A212,10000047198577,https://www.alibaba.com/product-detail/Wholesale-Model-A212-Light-Weight-Breathable_10000047198577.html,,,,,,,,,,2026-10-09,,SOURCE_EVIDENCE_MISSING,approved,Y,2026-10-07T04:25:00.978045+00:00,已核平台ID/型号/链接；没有逐款来源证明，供应商/原货号/拿货价留空。平台展示不证明自产/实际供给。
来源待补,BQ049 / A230,10000047220568,https://www.alibaba.com/product-detail/Wholesale-Model-A230-Knit-Lace-Up_10000047220568.html,,,,,,,,,,2026-10-09,,SOURCE_EVIDENCE_MISSING,approved,Y,2026-10-07T04:25:00.978045+00:00,已核平台ID/型号/链接；没有逐款来源证明，供应商/原货号/拿货价留空。平台展示不证明自产/实际供给。
来源待补,BQ050 / A828,10000047196608,https://www.alibaba.com/product-detail/Wholesale-Model-A828-Breathable-Light-Weight_10000047196608.html,,,,,,,,,,2026-10-09,,SOURCE_EVIDENCE_MISSING,approved,Y,2026-10-07T04:25:00.978045+00:00,已核平台ID/型号/链接；没有逐款来源证明，供应商/原货号/拿货价留空。平台展示不证明自产/实际供给。
来源待补,BQ051 / K6689,10000047216427,https://www.alibaba.com/product-detail/Wholesale-Model-K6689-Breathable-Light-Weight_10000047216427.html,,,,,,,,,,2026-10-09,,SOURCE_EVIDENCE_MISSING,approved,Y,2026-10-07T04:25:00.978045+00:00,已核平台ID/型号/链接；没有逐款来源证明，供应商/原货号/拿货价留空。平台展示不证明自产/实际供给。
来源待补,BQ052 / 9212,10000047201716,https://www.alibaba.com/product-detail/Wholesale-Model-9212-Breathable-Light-Weight_10000047201716.html,,,,,,,,,,2026-10-09,,SOURCE_EVIDENCE_MISSING,approved,Y,2026-10-07T04:25:00.978045+00:00,已核平台ID/型号/链接；没有逐款来源证明，供应商/原货号/拿货价留空。平台展示不证明自产/实际供给。
来源待补,BQ053 / 1888,10000047307924,https://www.alibaba.com/product-detail/Wholesale-Model-1888-High-Top-Knit_10000047307924.html,,,,,,,,,,2026-10-09,,SOURCE_EVIDENCE_MISSING,approved,Y,2026-10-07T04:25:00.978045+00:00,已核平台ID/型号/链接；没有逐款来源证明，供应商/原货号/拿货价留空。平台展示不证明自产/实际供给。
来源待补,BQ059 / A1888,10000047392343,https://www.alibaba.com/product-detail/Wholesale-Model-A1888-Light-Weight-High_10000047392343.html,,,,,,,,,,2026-10-09,,SOURCE_EVIDENCE_MISSING,approved,Y,2026-10-07T04:25:00.978045+00:00,已核平台ID/型号/链接；没有逐款来源证明，供应商/原货号/拿货价留空。平台展示不证明自产/实际供给。
来源待补,BQ060 / A350,10000047396313,https://www.alibaba.com/product-detail/Wholesale-Model-A350-Knit-Lace-Up_10000047396313.html,,,,,,,,,,2026-10-09,,SOURCE_EVIDENCE_MISSING,approved,Y,2026-10-07T04:25:00.978045+00:00,已核平台ID/型号/链接；没有逐款来源证明，供应商/原货号/拿货价留空。平台展示不证明自产/实际供给。
来源待补,BQ061 / AA811,10000047356491,https://www.alibaba.com/product-detail/Wholesale-Model-AA811-Breathable-Knit-Lace_10000047356491.html,,,,,,,,,,2026-10-09,,SOURCE_EVIDENCE_MISSING,approved,Y,2026-10-07T04:25:00.978045+00:00,已核平台ID/型号/链接；没有逐款来源证明，供应商/原货号/拿货价留空。平台展示不证明自产/实际供给。
来源待补,DZ14546082-A,12000003229472,https://www.alibaba.com/product-detail/OEM-Breathable-Mesh-Chunky-Walking-Shoes_12000003229472.html,,,,,,,,,,2026-10-09,,SOURCE_EVIDENCE_MISSING,approved,Y,2026-10-07T04:25:00.978045+00:00,已核平台ID/型号/链接；没有逐款来源证明，供应商/原货号/拿货价留空。平台展示不证明自产/实际供给。
已采用旧证据待复核,HR001-A,1601943321794,https://www.alibaba.com/product-detail/Men-s-Leather-Slip-On-Loafers_1601943321794.html,hzmshoes/HZM（公司名称待核）,https://hzmshoes.en.made-in-china.com,26NC1328,https://hzmshoes.en.made-in-china.com/product/VURrgkUYsbWD/China-Custom-High-End-Genuine-Leather-Business-Office-Formal-Loafers-Shoes-for-Men-Walking-Style-Soft-Casual-Wedding-Shoe-Manufacturer.html,25,USD,双,采购数量、版本、包装、运税与当天可供条件逐单确认。,2026-09-28,2026-10-09,02_Alibaba运营/05_扩品工程/HR系列真实货源改造_2026-09-21/HR系列货源发货与图片总表.md,ADOPTED_SOURCE_HISTORICAL_RECHECK,approved,Y,2026-10-07T04:25:00.978045+00:00,来源映射来自带日期的已采用回执/补充，不是今日供货确认；较新换款回执冲突时暂停本映射；订单前重新核价和色码数量。
已采用旧证据待复核,HR001-B,1601943493004,https://www.alibaba.com/product-detail/Men-s-Slip-On-Leather-Loafers_1601943493004.html,hzmshoes/HZM（公司名称待核）,https://hzmshoes.en.made-in-china.com,26NC1328,https://hzmshoes.en.made-in-china.com/product/VURrgkUYsbWD/China-Custom-High-End-Genuine-Leather-Business-Office-Formal-Loafers-Shoes-for-Men-Walking-Style-Soft-Casual-Wedding-Shoe-Manufacturer.html,25,USD,双,采购数量、版本、包装、运税与当天可供条件逐单确认。,2026-09-28,2026-10-09,02_Alibaba运营/05_扩品工程/HR系列真实货源改造_2026-09-21/HR系列货源发货与图片总表.md,ADOPTED_SOURCE_HISTORICAL_RECHECK,approved,Y,2026-10-07T04:25:00.978045+00:00,来源映射来自带日期的已采用回执/补充，不是今日供货确认；较新换款回执冲突时暂停本映射；订单前重新核价和色码数量。
已采用旧证据待复核,HR001-C,1601943474137,https://www.alibaba.com/product-detail/Men-s-Leather-Loafers-with-Genuine_1601943474137.html,hzmshoes/HZM（公司名称待核）,https://hzmshoes.en.made-in-china.com,26NC1328,https://hzmshoes.en.made-in-china.com/product/VURrgkUYsbWD/China-Custom-High-End-Genuine-Leather-Business-Office-Formal-Loafers-Shoes-for-Men-Walking-Style-Soft-Casual-Wedding-Shoe-Manufacturer.html,25,USD,双,采购数量、版本、包装、运税与当天可供条件逐单确认。,2026-09-28,2026-10-09,02_Alibaba运营/05_扩品工程/HR系列真实货源改造_2026-09-21/HR系列货源发货与图片总表.md,ADOPTED_SOURCE_HISTORICAL_RECHECK,approved,Y,2026-10-07T04:25:00.978045+00:00,来源映射来自带日期的已采用回执/补充，不是今日供货确认；较新换款回执冲突时暂停本映射；订单前重新核价和色码数量。
已采用旧证据待复核,HR002-A,1601943305914,https://www.alibaba.com/product-detail/Men-s-Low-Top-Lace-Up_1601943305914.html,路崎鞋业工厂店,https://luqi.sooxie.com,2618,https://luqi.sooxie.com/detail/2434016,68,CNY,双,采购数量、版本、包装、运税与当天可供条件逐单确认。,2026-09-28,2026-10-09,02_Alibaba运营/05_扩品工程/HR系列真实货源改造_2026-09-21/HR系列货源发货与图片总表.md,ADOPTED_SOURCE_HISTORICAL_RECHECK,approved,Y,2026-10-07T04:25:00.978045+00:00,来源映射来自带日期的已采用回执/补充，不是今日供货确认；较新换款回执冲突时暂停本映射；订单前重新核价和色码数量。
历史映射待复核,HR002-B,1601943393550,,,,,,,,,,,2026-10-09,02_Alibaba运营/05_扩品工程/HR系列真实货源改造_2026-09-21/HR系列货源发货与图片总表.md,HISTORICAL_NOT_IN_CURRENT_LIST,本次完整目录未返回,,2026-10-07T04:25:00.978045+00:00,旧表已声明暂停；旧货号/候选/价不能作为已采用事实。原行：不新增 / 与A/C家族路由同款2618；历史提交仅作追溯 / 不生成新的报价或SKU / 当前无有效链接，排除本批操作 / 不以旧回执推定当前在售 / NO_CURRENT_RECORD / EXCLUDED_NO_NEW_LINK；不得继续沿用2026-09-24的审核中/库存0记录作为实时状态。 保存的目录并集未返回该ID；本次实时目录不完整，未做单款get，不推断已删除。
已采用旧证据待复核,HR002-C,1601943419438,https://www.alibaba.com/product-detail/Mens-Casual-Sneakers-with-Lace-Up_1601943419438.html,路崎鞋业工厂店,https://luqi.sooxie.com,2618,https://luqi.sooxie.com/detail/2434016,68,CNY,双,采购数量、版本、包装、运税与当天可供条件逐单确认。,2026-09-28,2026-10-09,02_Alibaba运营/05_扩品工程/HR系列真实货源改造_2026-09-21/HR系列货源发货与图片总表.md,ADOPTED_SOURCE_HISTORICAL_RECHECK,approved,Y,2026-10-07T04:25:00.978045+00:00,来源映射来自带日期的已采用回执/补充，不是今日供货确认；较新换款回执冲突时暂停本映射；订单前重新核价和色码数量。
历史映射待复核,HR003-A,1601943312845,https://www.alibaba.com/product-detail/Men-s-Perforated-Suede-Slip-On_1601943312845.html,,,,,,,,,,2026-10-09,02_Alibaba运营/05_扩品工程/HR系列真实货源改造_2026-09-21/HR系列货源发货与图片总表.md,HISTORICAL_UNRECONCILED,approved,Y,2026-10-07T04:25:00.978045+00:00,旧表已声明暂停；旧货号/候选/价不能作为已采用事实。原行：9922 / [搜鞋网·吕尚鞋业 9922](https://lvshang.sooxie.com/detail/2524224)；电话 13248130419；QQ 3660234699、105825897 / 2026-09-23 公开页 CNY31；30%底线 CNY40.30 / 约 USD5.97；计划最低 USD6.50，正式按当日汇率复算 / 首批仅白色、黑色；EU39–44；页面列米色但暂不建 SKU / 外部货源；下单前复核价格、可供色码与数量、包装和交期；不承诺无标/OEM/定制 / LOCAL_GALLERY_READY / MATERIAL_PREFLIGHT_PENDING；公开页有货号、色码、代发和联系入口，但无三层材质文字；当前类目 Schema 有大底/中底/里衬字段，先核必填性与同款证据，不能继承旧页材料。
历史映射待复核,HR003-B,1601943335928,https://www.alibaba.com/product-detail/Men-s-Suede-Moccasins-with-Genuine_1601943335928.html,,,,,,,,,,2026-10-09,02_Alibaba运营/05_扩品工程/HR系列真实货源改造_2026-09-21/HR系列货源发货与图片总表.md,HISTORICAL_UNRECONCILED,approved,Y,2026-10-07T04:25:00.978045+00:00,旧表已声明暂停；旧货号/候选/价不能作为已采用事实。原行：与 HR003-A 同款 9922 / 同上 / 与 A 共用 CNY31 货源、CNY40.30 底线及计划最低 USD6.50，提交前复算 / 与 A 同款：首批白色、黑色；EU39–44 / A/B/C 同一产品；B 只改变搜索入口、黑色首图和图序 / WAIT_HR003_A_PUBLIC_QA + RECHECK_BEFORE_ORDER
历史映射待复核,HR003-C,1601943467198,https://www.alibaba.com/product-detail/Men-s-Suede-Casual-Loafers-with_1601943467198.html,,,,,,,,,,2026-10-09,02_Alibaba运营/05_扩品工程/HR系列真实货源改造_2026-09-21/HR系列货源发货与图片总表.md,HISTORICAL_UNRECONCILED,approved,Y,2026-10-07T04:25:00.978045+00:00,旧表已声明暂停；旧货号/候选/价不能作为已采用事实。原行：与 HR003-A 同款 9922 / 同上 / 与 A 共用价格底线，提交前复算 / 与 A 同款：首批白色、黑色；EU39–44 / A/B/C 同一产品；C 使用黑白总览首图，不建立新产品 / WAIT_HR003_A_PUBLIC_QA + RECHECK_BEFORE_ORDER
历史映射待复核,HR004-A,1601943397351,https://www.alibaba.com/product-detail/Men-s-Leather-Lace-Up-Casual_1601943397351.html,,,,,,,,,,2026-10-09,02_Alibaba运营/05_扩品工程/HR系列真实货源改造_2026-09-21/HR系列货源发货与图片总表.md,HISTORICAL_UNRECONCILED,approved,Y,2026-10-07T04:25:00.978045+00:00,旧表已声明暂停；旧货号/候选/价不能作为已采用事实。原行：731 / [搜鞋网·新干线 731](https://xgx.sooxie.com/detail/1335851)；电话 15396527231；QQ 896200286、88378966 / 2026-09-22 页面价 CNY38；30%底线 CNY49.40 / 约 USD7.32；计划最低 USD7.90，按内部汇率折算加价约40.3% / 灰色、黑色；EU39–47；计划 18 SKU / 外部货源；接单前复核当天价格、可供色码数量、包装和交期；不承诺 OEM/定制；逐码即时库存非上架门槛 / LOCAL_GALLERY_READY / SKU_AXIS_PASS / MATERIAL_PREFLIGHT_PENDING / NOT_LIVE；A/B/C 图组与上传计划已完成，取消等待 HR003，独立核必填字段和单款事实
历史映射待复核,HR004-B,1601943405519,https://www.alibaba.com/product-detail/Men-s-Two-Eyelet-Lace-Up_1601943405519.html,,,,,,,,,,2026-10-09,02_Alibaba运营/05_扩品工程/HR系列真实货源改造_2026-09-21/HR系列货源发货与图片总表.md,HISTORICAL_UNRECONCILED,approved,Y,2026-10-07T04:25:00.978045+00:00,旧表已声明暂停；旧货号/候选/价不能作为已采用事实。原行：与 HR004-A 同款 731 / 同上 / 与 A 共用 CNY38 货源、CNY49.40 底线及计划最低 USD7.90，提交前复算 / 与 A 同款：灰色、黑色；EU39–47 / A/B/C 同一产品；B 只改变黑色首图、真实搜索入口和图序 / WAIT_HR004_A_PUBLIC_QA + RECHECK_BEFORE_ORDER
历史映射待复核,HR004-C,1601943421458,https://www.alibaba.com/product-detail/Men-s-Casual-Leather-Shoes-with_1601943421458.html,,,,,,,,,,2026-10-09,02_Alibaba运营/05_扩品工程/HR系列真实货源改造_2026-09-21/HR系列货源发货与图片总表.md,HISTORICAL_UNRECONCILED,approved,Y,2026-10-07T04:25:00.978045+00:00,旧表已声明暂停；旧货号/候选/价不能作为已采用事实。原行：与 HR004-A 同款 731 / 同上 / 与 A 共用价格底线，提交前复算 / 与 A 同款：灰色、黑色；EU39–47 / A/B/C 同一产品；C 使用灰黑总览首图，不建立新产品 / WAIT_HR004_A_PUBLIC_QA + RECHECK_BEFORE_ORDER
历史映射待复核,HR005-A,1601943335751,https://www.alibaba.com/product-detail/Men-s-Suede-Backless-Mules-with_1601943335751.html,,,,,,,,,,2026-10-09,02_Alibaba运营/05_扩品工程/HR系列真实货源改造_2026-09-21/HR系列货源发货与图片总表.md,HISTORICAL_UNRECONCILED,approved,Y,2026-10-07T04:25:00.978045+00:00,旧表已声明暂停；旧货号/候选/价不能作为已采用事实。原行：B7FXZA57 / [Made-in-China·COMSTEP B7FXZA57](https://comstep.en.made-in-china.com/product/jtNpzGxuvcWA/China-Summer-Lazy-Leisure-Breathable-Leather-Mules-Backless-Men-Slip-on-Half-Shoes.html) / 公开批量档 USD5.30（MOQ200）；商品最低展示价 USD8.90 / MOQ200（2026-09-28更新，接单前重核） / Blue、Khaki；EU39–44；12 SKU / 外部来源；Upper Suede Leather、Outsole PVC、Origin China；不承诺贝强自产、现货或交期 / ABC_SCHEMA_UPDATED / MODIFIED_REVIEW / STOCK_0 / OLD_ATTR_DETAIL_PENDING；A更新 request 21501b6717905411501064835，回读 213d4e4917905411577194479；详情/旧属性待审核后 UI 清理
历史映射待复核,HR005-B,1601943353831,https://www.alibaba.com/product-detail/Men-s-Slip-On-Mules-with_1601943353831.html,,,,,,,,,,2026-10-09,02_Alibaba运营/05_扩品工程/HR系列真实货源改造_2026-09-21/HR系列货源发货与图片总表.md,HISTORICAL_UNRECONCILED,approved,Y,2026-10-07T04:25:00.978045+00:00,旧表已声明暂停；旧货号/候选/价不能作为已采用事实。原行：与 HR005-A 同款 B7FXZA57 / 同上 / 同 A：USD5.30 来源 MOQ200；展示 USD8.90 / MOQ200，接单前复核 / Blue、Khaki；EU39–44；12 SKU / A/B/C 同一款；六主图已更新，详情仍回读旧图 / MODIFIED/N / STOCK_0 / OLD_ATTR_DETAIL_PENDING；更新 request 212c6fc617905415768678243，回读 212cbf3217905415843022648
历史映射待复核,HR005-C,1601943444273,https://www.alibaba.com/product-detail/Men-s-Suede-Open-Heel-Casual_1601943444273.html,,,,,,,,,,2026-10-09,02_Alibaba运营/05_扩品工程/HR系列真实货源改造_2026-09-21/HR系列货源发货与图片总表.md,HISTORICAL_UNRECONCILED,approved,Y,2026-10-07T04:25:00.978045+00:00,旧表已声明暂停；旧货号/候选/价不能作为已采用事实。原行：与 HR005-A 同款 B7FXZA57 / 同上 / 同 A：USD5.30 来源 MOQ200；展示 USD8.90 / MOQ200，接单前复核 / Blue、Khaki；EU39–44；12 SKU / A/B/C 同一款；六主图已更新，详情仍回读旧图 / MODIFIED/N / STOCK_0 / OLD_ATTR_DETAIL_PENDING；更新 request 213c932b17905415969135679，回读 21501b8d17905416043603086
历史映射待复核,HR006-A,1601943439124,https://www.alibaba.com/product-detail/Men-s-Suede-Slip-On-Loafers_1601943439124.html,,,,,,,,,,2026-10-09,02_Alibaba运营/05_扩品工程/HR系列真实货源改造_2026-09-21/HR系列货源发货与图片总表.md,HISTORICAL_UNRECONCILED,approved,Y,2026-10-07T04:25:00.978045+00:00,旧表已声明暂停；旧货号/候选/价不能作为已采用事实。原行：5838 / [主来源·飞云鞋业 5838](https://fyxy.sooxie.com/detail/2540640)，电话 13599160196、QQ 77413075；[备选·潮足工厂店 5838](https://chaoxzu.sooxie.com/detail/2153947)；[像素交叉核验·华福鞋业 5838](https://huafu.sooxie.com/detail/2153913) / 主来源 2026-09-22 页面价 CNY55；30%底线 CNY71.50 / 约 USD10.60；计划最低 USD10.90，折合加价约33.75%；切换 CNY68 备选前必须重新提价或核价 / 米色、冰蓝、黑色；EU39–44；计划18 SKU；系统 Blue/Black/Beige 与 EU39–44 已预检通过 / 外部货源；页面标注“是否库存：否”；三家像素核验均显示鞋身 PaulQiyu 和带标旋钮，未取得无标版本确认；禁止抹标；接单前复核价格、数量、颜色尺码、包装和交期 / SOURCE_SELECTED / MULTI_SUPPLIER_EVIDENCE / HOLD_IP / HOLD_ASSETS / SCHEMA_PREFLIGHT_PASS / WAIT_HR005_PUBLIC_QA
历史映射待复核,HR006-B,1601943450234,https://www.alibaba.com/product-detail/Men-s-Suede-Moccasins-with-Braided_1601943450234.html,,,,,,,,,,2026-10-09,02_Alibaba运营/05_扩品工程/HR系列真实货源改造_2026-09-21/HR系列货源发货与图片总表.md,HISTORICAL_UNRECONCILED,approved,Y,2026-10-07T04:25:00.978045+00:00,旧表已声明暂停；旧货号/候选/价不能作为已采用事实。原行：与 HR006-A 同款 5838 / 同上 / 与 A 共用主来源价格底线；切换备选前重新计算 / 与 A 同款：米色、冰蓝、黑色；EU39–44 / A/B/C 同一产品；B 只改变黑色首图、真实搜索入口和图序 / HOLD_IP / HOLD_ASSETS / WAIT_HR006_A_PUBLIC_QA + RECHECK_BEFORE_ORDER
历史映射待复核,HR006-C,1601943364813,https://www.alibaba.com/product-detail/Men-s-Casual-Suede-Loafers-with_1601943364813.html,,,,,,,,,,2026-10-09,02_Alibaba运营/05_扩品工程/HR系列真实货源改造_2026-09-21/HR系列货源发货与图片总表.md,HISTORICAL_UNRECONCILED,approved,Y,2026-10-07T04:25:00.978045+00:00,旧表已声明暂停；旧货号/候选/价不能作为已采用事实。原行：与 HR006-A 同款 5838 / 同上 / 与 A 共用价格底线，提交前复算 / 与 A 同款：米色、冰蓝、黑色；EU39–44 / C 使用三色总览首图，不扩成新产品 / HOLD_IP / HOLD_ASSETS / WAIT_HR006_A_PUBLIC_QA + RECHECK_BEFORE_ORDER
历史映射待复核,HR007-A,1601943463020,https://www.alibaba.com/product-detail/Men-s-Canvas-Casual-Sneakers-with_1601943463020.html,,,,,,,,,,2026-10-09,02_Alibaba运营/05_扩品工程/HR系列真实货源改造_2026-09-21/HR系列货源发货与图片总表.md,HISTORICAL_UNRECONCILED,approved,Y,2026-10-07T04:25:00.978045+00:00,旧表已声明暂停；旧货号/候选/价不能作为已采用事实。原行：候选 G225 / [主候选·涌哥网批 G225](https://ygwp.sooxie.com/detail/2511804)，电话 13599229144、QQ 1835525566、代发 QQ 3340260473；[安全备选·牧诚 Z212](https://mucheng.sooxie.com/detail/2374052) / G225 CNY39；30%底线 CNY50.70 / 约 USD7.51；候选最低 USD8.10，折合加价约40.2%；切换 CNY60 的 Z212 前按最低 USD11.56 重新定价 / G225：黑色、黄色、灰色；EU39–44；计划18 SKU；系统颜色与尺码码已预检通过 / 外部货源；G225 人气1184、退货率5.24%，但鞋舌/鞋侧有抽象矩形标识且素材不足；禁止抹标；页面标注“是否库存：否” / SOURCE_CANDIDATE_SELECTED / HOT_SIGNAL_PASS / HOLD_IP / HOLD_ASSETS / SCHEMA_PREFLIGHT_PASS / PREP_ONLY
历史映射待复核,HR007-B,1601943408495,https://www.alibaba.com/product-detail/Men-s-Low-Top-Canvas-Shoes_1601943408495.html,,,,,,,,,,2026-10-09,02_Alibaba运营/05_扩品工程/HR系列真实货源改造_2026-09-21/HR系列货源发货与图片总表.md,HISTORICAL_UNRECONCILED,approved,Y,2026-10-07T04:25:00.978045+00:00,旧表已声明暂停；旧货号/候选/价不能作为已采用事实。原行：与 HR007-A 同款候选 G225 / 同上 / 与 A 共用来源与价格底线，提交前复算 / 与 A 同款：黑/黄/灰；EU39–44 / B 只改变黑色首图、真实搜索入口和图序，不建立新产品 / HOLD_IP / HOLD_ASSETS / PREP_ONLY
历史映射待复核,HR007-C,1601943332965,https://www.alibaba.com/product-detail/Mens-Casual-Sneakers-with-Canvas-Upper_1601943332965.html,,,,,,,,,,2026-10-09,02_Alibaba运营/05_扩品工程/HR系列真实货源改造_2026-09-21/HR系列货源发货与图片总表.md,HISTORICAL_UNRECONCILED,approved,Y,2026-10-07T04:25:00.978045+00:00,旧表已声明暂停；旧货号/候选/价不能作为已采用事实。原行：与 HR007-A 同款候选 G225 / 同上 / 与 A 共用来源与价格底线，提交前复算 / 与 A 同款：黑/黄/灰；EU39–44 / C 使用三色总览首图，不扩成新产品 / HOLD_IP / HOLD_ASSETS / PREP_ONLY
历史映射待复核,HR008-A,1601943348656,https://www.alibaba.com/product-detail/Unisex-PU-Lace-Up-Casual-Sneakers_1601943348656.html,,,,,,,,,,2026-10-09,02_Alibaba运营/05_扩品工程/HR系列真实货源改造_2026-09-21/HR系列货源发货与图片总表.md,HISTORICAL_UNRECONCILED,approved,Y,2026-10-07T04:25:00.978045+00:00,旧表已声明暂停；旧货号/候选/价不能作为已采用事实。原行：鞋型优先候选 LT115 / [主候选·叁叁（33）鞋贸 LT115](https://33xm.sooxie.com/detail/2509542)，电话 17689363441、QQ 100088266 / 3346722564；[履约备选·有间鞋坊 25273](https://yjxf.sooxie.com/detail/2516361) / LT115 CNY36；30%底线 CNY46.80 / 约 USD6.93；候选最低 USD7.50，折合加价约40.6%；切换 CNY40 的 25273 前按最低 USD7.71 重新定价 / LT115：白色、黑色、棕色；EU36–45；计划30 SKU；系统颜色与尺码码已预检通过 / 外部货源；LT115 鞋型最接近旧页但退货率31.03%，必须找同款二供或先做样品/实物质量核验；素材未补齐，不承诺稳定供货 / SOURCE_CANDIDATE_SELECTED / SHAPE_MATCH_PASS / HOLD_SUPPLIER_QUALITY / HOLD_ASSETS / SCHEMA_PREFLIGHT_PASS / PREP_ONLY
历史映射待复核,HR008-B,1601943422371,https://www.alibaba.com/product-detail/Unisex-Low-Top-Lace-Up-Shoes_1601943422371.html,,,,,,,,,,2026-10-09,02_Alibaba运营/05_扩品工程/HR系列真实货源改造_2026-09-21/HR系列货源发货与图片总表.md,HISTORICAL_UNRECONCILED,approved,Y,2026-10-07T04:25:00.978045+00:00,旧表已声明暂停；旧货号/候选/价不能作为已采用事实。原行：与 HR008-A 同款候选 LT115 / 同上 / 与 A 共用来源与价格底线，提交前复算 / 与 A 同款：白/黑/棕；EU36–45 / B 只改变黑色首图、真实搜索入口和图序，不建立新产品 / HOLD_SUPPLIER_QUALITY / HOLD_ASSETS / PREP_ONLY
历史映射待复核,HR008-C,1601943451227,https://www.alibaba.com/product-detail/Unisex-Low-Top-Casual-Sneakers-with_1601943451227.html,,,,,,,,,,2026-10-09,02_Alibaba运营/05_扩品工程/HR系列真实货源改造_2026-09-21/HR系列货源发货与图片总表.md,HISTORICAL_UNRECONCILED,approved,Y,2026-10-07T04:25:00.978045+00:00,旧表已声明暂停；旧货号/候选/价不能作为已采用事实。原行：与 HR008-A 同款候选 LT115 / 同上 / 与 A 共用来源与价格底线，提交前复算 / 与 A 同款：白/黑/棕；EU36–45 / C 使用三色总览首图，不扩成新产品 / HOLD_SUPPLIER_QUALITY / HOLD_ASSETS / PREP_ONLY
历史映射待复核,HR009-A,1601943434630,https://www.alibaba.com/product-detail/Men-s-Low-Top-Casual-Sneakers_1601943434630.html,,,,,,,,,,2026-10-09,02_Alibaba运营/05_扩品工程/HR系列真实货源改造_2026-09-21/HR系列货源发货与图片总表.md,HISTORICAL_UNRECONCILED,approved,Y,2026-10-07T04:25:00.978045+00:00,旧表已声明暂停；旧货号/候选/价不能作为已采用事实。原行：候选 A2510W / [千品鞋业 A2510W](https://qianpin.sooxie.com/detail/2550108)，电话 15905057971、QQ 846436386；[同货号二供·领投鞋业](https://lingtou.sooxie.com/detail/2549489)，电话 18750455890、QQ 807819034 / 两家均 CNY41；30%底线 CNY53.30 / 约 USD7.90；候选最低 USD8.50，折合加价约39.9% / 黑色、白绿、白蓝；EU36–45；目标30 SKU；尺码系统码齐全，组合色待自定义映射预检 / 外部货源；两家同货号，千品有跨境/工厂直供信号，领投退货率4.11%；实拍存在 AIR、鞋舌和后跟文字/图形，禁止抹标；两家24小时发货率均偏弱 / SOURCE_CANDIDATE_SELECTED / CROSS_BORDER_SIGNAL / MULTI_SUPPLIER_EVIDENCE / HOLD_IP / HOLD_ASSETS / HOLD_CUSTOM_COLOR_MAPPING / SCHEMA_PARTIAL_PASS / PREP_ONLY
历史映射待复核,HR009-B,1601943411769,https://www.alibaba.com/product-detail/Men-s-Lace-Up-Casual-Shoes_1601943411769.html,,,,,,,,,,2026-10-09,02_Alibaba运营/05_扩品工程/HR系列真实货源改造_2026-09-21/HR系列货源发货与图片总表.md,HISTORICAL_UNRECONCILED,approved,Y,2026-10-07T04:25:00.978045+00:00,旧表已声明暂停；旧货号/候选/价不能作为已采用事实。原行：与 HR009-A 同款候选 A2510W / 同上 / 与 A 共用来源与价格底线，提交前复算 / 与 A 同款：黑/白绿/白蓝；EU36–45 / B 只改变黑色首图、真实搜索入口和图序，不建立新产品 / HOLD_IP / HOLD_ASSETS / HOLD_CUSTOM_COLOR_MAPPING / PREP_ONLY
历史映射待复核,HR009-C,1601943520149,https://www.alibaba.com/product-detail/Mens-Casual-Sneakers-with-Low-Top_1601943520149.html,,,,,,,,,,2026-10-09,02_Alibaba运营/05_扩品工程/HR系列真实货源改造_2026-09-21/HR系列货源发货与图片总表.md,HISTORICAL_UNRECONCILED,approved,Y,2026-10-07T04:25:00.978045+00:00,旧表已声明暂停；旧货号/候选/价不能作为已采用事实。原行：与 HR009-A 同款候选 A2510W / 同上 / 与 A 共用来源与价格底线，提交前复算 / 与 A 同款：黑/白绿/白蓝；EU36–45 / C 使用三色总览首图，不扩成新产品 / HOLD_IP / HOLD_ASSETS / HOLD_CUSTOM_COLOR_MAPPING / PREP_ONLY
历史映射待复核,HR010-A,1601943501309,https://www.alibaba.com/product-detail/Men-s-Slip-On-Penny-Loafers_1601943501309.html,,,,,,,,,,2026-10-09,02_Alibaba运营/05_扩品工程/HR系列真实货源改造_2026-09-21/HR系列货源发货与图片总表.md,HISTORICAL_UNRECONCILED,approved,Y,2026-10-07T04:25:00.978045+00:00,旧表已声明暂停；旧货号/候选/价不能作为已采用事实。原行：候选 086 / [快乐鞋行 086](https://kuaile.sooxie.com/detail/1970938)，电话 13375998875、QQ 2302848967 / 2026-09-22 页面价 CNY48；30%底线 CNY62.40 / 约 USD9.25；候选最低 USD9.50，折合加价约33.6% / 单一黑白组合色；EU36–45；目标10 SKU；尺码系统码齐全，组合色待自定义映射预检 / 外部货源；页面有跨境/一件代发信号但销量过低无履约统计；鞋舌/后跟小标识待高清审核；接单前复核价格、数量、色码、包装和交期 / SOURCE_CANDIDATE_SELECTED / CROSS_BORDER_SIGNAL / HOLD_IP / HOLD_ASSETS / HOLD_CUSTOM_COLOR_MAPPING / SCHEMA_PARTIAL_PASS / PREP_ONLY
历史映射待复核,HR010-B,1601943527175,https://www.alibaba.com/product-detail/Men-s-Low-Top-Penny-Loafers_1601943527175.html,,,,,,,,,,2026-10-09,02_Alibaba运营/05_扩品工程/HR系列真实货源改造_2026-09-21/HR系列货源发货与图片总表.md,HISTORICAL_UNRECONCILED,approved,Y,2026-10-07T04:25:00.978045+00:00,旧表已声明暂停；旧货号/候选/价不能作为已采用事实。原行：与 HR010-A 同款候选 086 / 同上 / 与 A 共用 CNY48 货源、CNY62.40 底线及候选最低 USD9.50，提交前复算 / 与 A 同款：单一黑白组合色；EU36–45 / B 只改真实搜索意图、首图构图与图序，不建立新产品 / HOLD_IP / HOLD_ASSETS / HOLD_CUSTOM_COLOR_MAPPING / PREP_ONLY
历史映射待复核,HR010-C,1601943479449,https://www.alibaba.com/product-detail/Men-s-Casual-Penny-Loafers-with_1601943479449.html,,,,,,,,,,2026-10-09,02_Alibaba运营/05_扩品工程/HR系列真实货源改造_2026-09-21/HR系列货源发货与图片总表.md,HISTORICAL_UNRECONCILED,approved,Y,2026-10-07T04:25:00.978045+00:00,旧表已声明暂停；旧货号/候选/价不能作为已采用事实。原行：与 HR010-A 同款候选 086 / 同上 / 与 A 共用来源与价格底线，提交前复算 / 与 A 同款：单一黑白组合色；EU36–45 / C 使用不同角度或结构首图，不换款、不扩色 / HOLD_IP / HOLD_ASSETS / HOLD_CUSTOM_COLOR_MAPPING / PREP_ONLY
历史映射待复核,HR011-A,1601943501378,https://www.alibaba.com/product-detail/Men-s-Chunky-Lace-Up-Sneakers_1601943501378.html,,,,,,,,,,2026-10-09,02_Alibaba运营/05_扩品工程/HR系列真实货源改造_2026-09-21/HR系列货源发货与图片总表.md,HISTORICAL_UNRECONCILED,approved,Y,2026-10-07T04:25:00.978045+00:00,旧表已声明暂停；旧货号/候选/价不能作为已采用事实。原行：候选 NK25 / [主候选·凌子鞋业 NK25](https://lingzi.sooxie.com/detail/1994564)，电话 18662810911、QQ 1263625388 / 40038748；[同货号历史证据·俊杰鞋业 NK25](https://junjie.sooxie.com/detail/2407189)（已下架，不作二供） / 2026-09-24 页面仍 ¥41；30%底线 ¥53.30 / 约 USD7.90；候选最低 USD8.50，折合加价约39.9% / 首批 Black、Grey；EU36–45；20 SKU；系统色码轴已预检，Black/White 与 Pink 暂缓 / 外部货源；27张原图及 A/B/C 本地图组已验收；来源无可信大底/中底/里衬分层材料，旧概念鞋的材料不可继承，先补同款材料卡或选择资料完整的相似实款；接单前再核价格、色码、包装和交期，不以逐码库存数字停工 / SOURCE_ROUTE_ACTIVE / LOCAL_GALLERY_READY / SKU_AXIS_PASS / MATERIAL_LAYER_EVIDENCE_PENDING / NOT_LIVE；[复核](./HR011_NK25_货源候选与改造门禁_2026-09-22.md)
历史映射待复核,HR011-B,1601943406882,https://www.alibaba.com/product-detail/Men-s-Casual-Sneakers-with-Mesh_1601943406882.html,,,,,,,,,,2026-10-09,02_Alibaba运营/05_扩品工程/HR系列真实货源改造_2026-09-21/HR系列货源发货与图片总表.md,HISTORICAL_UNRECONCILED,approved,Y,2026-10-07T04:25:00.978045+00:00,旧表已声明暂停；旧货号/候选/价不能作为已采用事实。原行：与 HR011-A 同款候选 NK25 / 同上 / 与 A 共用 CNY41 货源、CNY53.30 底线及候选最低 USD8.50，提交前复算 / 与 A 同款：Black、Grey；EU36–45 / B 使用黑色首图、黑色角度图和不同真实搜索词序；不建立新产品，不保留旧 Lace Up；材料门禁同 A / LOCAL_GALLERY_READY / MATERIAL_LAYER_EVIDENCE_PENDING / NOT_LIVE
历史映射待复核,HR011-C,1601943513336,https://www.alibaba.com/product-detail/Men-s-Low-Top-Casual-Sneakers_1601943513336.html,,,,,,,,,,2026-10-09,02_Alibaba运营/05_扩品工程/HR系列真实货源改造_2026-09-21/HR系列货源发货与图片总表.md,HISTORICAL_UNRECONCILED,approved,Y,2026-10-07T04:25:00.978045+00:00,旧表已声明暂停；旧货号/候选/价不能作为已采用事实。原行：与 HR011-A 同款候选 NK25 / 同上 / 与 A 共用来源与价格底线，提交前复算 / 与 A 同款：Black、Grey；EU36–45 / C 使用黑灰首图、灰色角度图和批发/转售采购语义；不换鞋、不扩色；材料门禁同 A / LOCAL_GALLERY_READY / MATERIAL_LAYER_EVIDENCE_PENDING / NOT_LIVE
历史映射待复核,HR012-A,1601943445780,https://www.alibaba.com/product-detail/Men-s-Lace-Up-Casual-Sneakers_1601943445780.html,,,,,,,,,,2026-10-09,02_Alibaba运营/05_扩品工程/HR系列真实货源改造_2026-09-21/HR系列货源发货与图片总表.md,HISTORICAL_UNRECONCILED,approved,Y,2026-10-07T04:25:00.978045+00:00,旧表已声明暂停；旧货号/候选/价不能作为已采用事实。原行：候选 DL20 / [搜鞋网·顺恒鞋业 DL20](https://shunheng.sooxie.com/detail/2315743)；电话 15000014849；QQ 934969942、414708879 / 2026-09-23 页面价 CNY49；30%底线 CNY63.70 / 约 USD9.44；计划最低 USD9.50，折合加价约30.84% / 米绿、米棕、白黑；EU39–44；Schema 支持自定义组合色，结构上可建18 SKU；材料、定制与库存未核实 / 外部货源；33 图审查确认鞋舌字母标、袜子/鞋盒文字及异常合成痕迹，禁止抹标；需无标实物证据或替代来源，接单前复核价格、数量、色码、包装和交期 / HOLD_IP / HOLD_ASSETS / SCHEMA_PREFLIGHT_PASS / PREP_ONLY
历史映射待复核,HR012-B,1601943531277,https://www.alibaba.com/product-detail/Men-s-Low-Top-Sneakers-with_1601943531277.html,,,,,,,,,,2026-10-09,02_Alibaba运营/05_扩品工程/HR系列真实货源改造_2026-09-21/HR系列货源发货与图片总表.md,HISTORICAL_UNRECONCILED,approved,Y,2026-10-07T04:25:00.978045+00:00,旧表已声明暂停；旧货号/候选/价不能作为已采用事实。原行：与 HR012-A 同款候选 DL20 / 同上 / 与 A 共用 CNY49 货源、CNY63.70 底线及计划最低 USD9.50 / A/B/C 必须统一 DL20 鞋型、三色与 EU39–44，不得分别换款 / 当前与 A 共用图片/IP阻断；不制作或上传 / HOLD_IP / HOLD_ASSETS / SCHEMA_PREFLIGHT_PASS / PREP_ONLY
历史映射待复核,HR012-C,1601943484576,https://www.alibaba.com/product-detail/Mens-Casual-Sneakers-with-Lace-Up_1601943484576.html,,,,,,,,,,2026-10-09,02_Alibaba运营/05_扩品工程/HR系列真实货源改造_2026-09-21/HR系列货源发货与图片总表.md,HISTORICAL_UNRECONCILED,approved,Y,2026-10-07T04:25:00.978045+00:00,旧表已声明暂停；旧货号/候选/价不能作为已采用事实。原行：与 HR012-A 同款候选 DL20 / 同上 / 与 A 共用价格底线，提交前复算 / 与 A 同款，不沿用旧 AI 页三色或 EU36–45 / 当前与 A 共用图片/IP阻断；不制作或上传 / HOLD_IP / HOLD_ASSETS / SCHEMA_PREFLIGHT_PASS / PREP_ONLY
历史映射待复核,HR013-A,1601943542214,https://www.alibaba.com/product-detail/Women-s-Suede-Slip-On-Loafers_1601943542214.html,,,,,,,,,,2026-10-09,02_Alibaba运营/05_扩品工程/HR系列真实货源改造_2026-09-21/HR系列货源发货与图片总表.md,HISTORICAL_UNRECONCILED,approved,Y,2026-10-07T04:25:00.978045+00:00,旧表已声明暂停；旧货号/候选/价不能作为已采用事实。原行：优先候选 777，尚未上线替换 / [搜鞋网·路崎鞋业工厂店 777](https://luqi.sooxie.com/detail/2185764)，公开页有一件代发/拿货入口，电话 13600750071，QQ 407118688；[19 图与材料实审](./HR013_777_全图与材料预检_2026-09-23.md)；[B2B 图稿与源图路径](./HR013_777_B2B图稿审查_2026-09-23.md)；[平台字段与替代来源](./HR013_777_类目Schema与替代货源复查_2026-09-23.md) / 2026-09-23 页面价 CNY25；30%底线 CNY32.50，正式价须复核 / 黑/浅灰 EU39–48；第 5 张第三色不可列，MD 大底/布内里有来源且 Schema 支持自定义准确填写，中底未知 / 不把“是否库存：否”当无货源结论；接单前核可供色码数量、价格、包装和交期。A/B/C 现仍旧 30 SKU 概念页，不按旧页发 777 / SOURCE_ROUTE_FOUND / IMAGE_LOCAL_CANDIDATE / MATERIAL_MIDSOLE_PENDING / PREP_ONLY，不提交
历史映射待复核,HR013-B,1601943514448,https://www.alibaba.com/product-detail/Women-s-Suede-Flat-Loafers-with_1601943514448.html,,,,,,,,,,2026-10-09,02_Alibaba运营/05_扩品工程/HR系列真实货源改造_2026-09-21/HR系列货源发货与图片总表.md,HISTORICAL_UNRECONCILED,approved,Y,2026-10-07T04:25:00.978045+00:00,旧表已声明暂停；旧货号/候选/价不能作为已采用事实。原行：与 A 共用候选 777 / 同上 / 与 A 共用，定款前不定国际站售价 / 必须与 A 同一真实鞋款；不得继续沿用旧 Navy/Black/Light Gray 三链接各选一款 / 等 A 完成货源、IP、素材及公开验收 / SOURCE_CANDIDATE / PREP_ONLY
历史映射待复核,HR013-C,1601943543192,https://www.alibaba.com/product-detail/Women-s-Suede-Flat-Loafers-with_1601943543192.html,,,,,,,,,,2026-10-09,02_Alibaba运营/05_扩品工程/HR系列真实货源改造_2026-09-21/HR系列货源发货与图片总表.md,HISTORICAL_UNRECONCILED,approved,Y,2026-10-07T04:25:00.978045+00:00,旧表已声明暂停；旧货号/候选/价不能作为已采用事实。原行：与 A 共用候选 777 / 同上 / 与 A 共用，定款前不定国际站售价 / 同一鞋型和来源，只做真实搜索入口及视觉角色差异 / 等 A/B 顺序闭环 / SOURCE_CANDIDATE / PREP_ONLY
历史映射待复核,HR014-A,1601943417982,https://www.alibaba.com/product-detail/Women-s-Suede-Penny-Loafers-with_1601943417982.html,,,,,,,,,,2026-10-09,02_Alibaba运营/05_扩品工程/HR系列真实货源改造_2026-09-21/HR系列货源发货与图片总表.md,HISTORICAL_UNRECONCILED,approved,Y,2026-10-07T04:25:00.978045+00:00,旧表已声明暂停；旧货号/候选/价不能作为已采用事实。原行：优先候选 5566-1，尚未定款 / [主候选·彩踏 5566-1 无标款](https://caita.sooxie.com/detail/2469366)，电话 15559000032；[第二公开入口·领鑫 5566-1 公版](https://lingxin.sooxie.com/detail/2405508)，电话 18065377213；[逐图与 Schema 复核](./HR014_网面厚底鞋初筛_2026-09-23.md) / 两页 2026-09-24 均标 CNY23；暂算 30% 底线 CNY29.90；未定美元售价，提交前按采购页价/汇率重算 / 彩踏黑白/黑色/灰/深蓝 EU36–46；领鑫公版黑白/黑色/黑蓝仅 EU39–44，另有带字标变体不得混入。双店同色同码预案限黑白/黑色×EU39–44＝12 SKU，非原误记 22 SKU / 两页均有采购入口，不以精确库存或“是否库存：否”停工；领鑫不能为彩踏 EU36–38、45–46 做二供。接单复核实际色码/数量/包装/交期；还须核公版实拍/IP及三项必填材质 / SOURCE_ROUTE_FOUND / HOLD_IP_ASSETS / MATERIAL_PREFLIGHT_PENDING / PREP_ONLY；源图带未经证实性能文案，未改线上
历史映射待复核,HR014-B,1601943481648,https://www.alibaba.com/product-detail/Women-s-Slip-On-Loafers-with_1601943481648.html,,,,,,,,,,2026-10-09,02_Alibaba运营/05_扩品工程/HR系列真实货源改造_2026-09-21/HR系列货源发货与图片总表.md,HISTORICAL_UNRECONCILED,approved,Y,2026-10-07T04:25:00.978045+00:00,旧表已声明暂停；旧货号/候选/价不能作为已采用事实。原行：与 A 共用候选 5566-1 / 同上，必须核对公版鞋样 / 与 A 共用暂算价格底线；正式价待定 / A/B/C 同一鞋型，不按链接分配不同产品或带标版本；双店可共同对应的尺码仅 EU39–44 / 可独立准备真实搜索入口与图库，不因 A 未完成而停做；正式提交仍须统一货号、材质/IP/图库通过 / SOURCE_ROUTE_FOUND / PREP_ONLY
历史映射待复核,HR014-C,1601943574061,https://www.alibaba.com/product-detail/Women-s-Suede-Penny-Loafers-with_1601943574061.html,,,,,,,,,,2026-10-09,02_Alibaba运营/05_扩品工程/HR系列真实货源改造_2026-09-21/HR系列货源发货与图片总表.md,HISTORICAL_UNRECONCILED,approved,Y,2026-10-07T04:25:00.978045+00:00,旧表已声明暂停；旧货号/候选/价不能作为已采用事实。原行：与 A 共用候选 5566-1 / 同上，必须核对公版鞋样 / 与 A/B 同款价格底线；正式价待定 / 与 A/B 同款，仅可改变真实关键词入口及主图信息角色 / 可并行准备，完成事实/IP/必填材质与图组门禁后按同货号提交 / SOURCE_ROUTE_FOUND / PREP_ONLY
历史映射待复核,HR015-A,1601943502604,https://www.alibaba.com/product-detail/Women-s-Cowhide-Leather-Slip-On_1601943502604.html,,,,,,,,,,2026-10-09,02_Alibaba运营/05_扩品工程/HR系列真实货源改造_2026-09-21/HR系列货源发货与图片总表.md,HISTORICAL_UNRECONCILED,approved,Y,2026-10-07T04:25:00.978045+00:00,旧表已声明暂停；旧货号/候选/价不能作为已采用事实。原行：未定款；无已确认货源 / [旧页与搜鞋网初筛](./HR015_冲孔休闲鞋初筛_2026-09-23.md)：XJ4040、W695、9669 均未通过实图对照 / 不沿用旧最低 USD9.13 作为新货报价；定款后按实采价 +≥30% 重算 / 旧页白/黑/棕×EU36–45 仅是页面现状 / 无法凭公开检索页承诺发货；继续找可供、无标识争议的同方向鞋或整家族同步换款 / HOLD_SOURCE / PREP_ONLY；[OpenAPI 只读快照](./HR015_OpenAPI只读回读.json)，未改线上
历史映射待复核,HR015-B,1601943542329,https://www.alibaba.com/product-detail/Women-s-Leather-Casual-Loafers-with_1601943542329.html,,,,,,,,,,2026-10-09,02_Alibaba运营/05_扩品工程/HR系列真实货源改造_2026-09-21/HR系列货源发货与图片总表.md,HISTORICAL_UNRECONCILED,approved,Y,2026-10-07T04:25:00.978045+00:00,旧表已声明暂停；旧货号/候选/价不能作为已采用事实。原行：与 A 同一待定鞋型，未定款 / 同上，不把不同搜鞋网鞋款按后缀拆配 / 旧最低 USD9.15 不作新货价格依据 / 旧页三色×EU36–45 仅待核验 / 等 A 定款与供货、素材门禁完成 / HOLD_SOURCE / PREP_ONLY，未改线上
历史映射待复核,HR015-C,1601943517454,https://www.alibaba.com/product-detail/Women-s-Leather-Slip-On-Loafers_1601943517454.html,,,,,,,,,,2026-10-09,02_Alibaba运营/05_扩品工程/HR系列真实货源改造_2026-09-21/HR系列货源发货与图片总表.md,HISTORICAL_UNRECONCILED,approved,Y,2026-10-07T04:25:00.978045+00:00,旧表已声明暂停；旧货号/候选/价不能作为已采用事实。原行：与 A/B 同一待定鞋型，未定款 / 同上 / 旧最低 USD9.12 不作新货价格依据 / 旧页三色×EU36–45 仅待核验 / 等 A/B 同步定款与验收 / HOLD_SOURCE / PREP_ONLY，未改线上
已采用旧证据待复核,HR016-A,1601943514625,https://www.alibaba.com/product-detail/Men-s-Mid-Top-Lace-Up_1601943514625.html,路崎鞋业工厂店,https://luqi.sooxie.com,031,https://luqi.sooxie.com/detail/2454935,98,CNY,双,采购数量、版本、包装、运税与当天可供条件逐单确认。,2026-09-24,2026-10-09,02_Alibaba运营/05_扩品工程/HR系列真实货源改造_2026-09-21/HR系列货源发货与图片总表.md,ADOPTED_SOURCE_HISTORICAL_RECHECK,approved,Y,2026-10-07T04:25:00.978045+00:00,来源映射来自带日期的已采用回执/补充，不是今日供货确认；较新换款回执冲突时暂停本映射；订单前重新核价和色码数量。
已采用旧证据待复核,HR016-B,1601943535517,https://www.alibaba.com/product-detail/Men-s-Lace-Up-Casual-Shoes_1601943535517.html,路崎鞋业工厂店,https://luqi.sooxie.com,031,https://luqi.sooxie.com/detail/2454935,98,CNY,双,采购数量、版本、包装、运税与当天可供条件逐单确认。,2026-09-24,2026-10-09,02_Alibaba运营/05_扩品工程/HR系列真实货源改造_2026-09-21/HR系列货源发货与图片总表.md,ADOPTED_SOURCE_HISTORICAL_RECHECK,approved,Y,2026-10-07T04:25:00.978045+00:00,来源映射来自带日期的已采用回执/补充，不是今日供货确认；较新换款回执冲突时暂停本映射；订单前重新核价和色码数量。
已采用旧证据待复核,HR016-C,1601943523535,https://www.alibaba.com/product-detail/Mid-Top-Lace-Up-Casual-Shoes_1601943523535.html,路崎鞋业工厂店,https://luqi.sooxie.com,031,https://luqi.sooxie.com/detail/2454935,98,CNY,双,采购数量、版本、包装、运税与当天可供条件逐单确认。,2026-09-24,2026-10-09,02_Alibaba运营/05_扩品工程/HR系列真实货源改造_2026-09-21/HR系列货源发货与图片总表.md,ADOPTED_SOURCE_HISTORICAL_RECHECK,approved,Y,2026-10-07T04:25:00.978045+00:00,来源映射来自带日期的已采用回执/补充，不是今日供货确认；较新换款回执冲突时暂停本映射；订单前重新核价和色码数量。
历史映射待复核,HR017-A,1601943484872,https://www.alibaba.com/product-detail/Men-s-Leather-Flip-Flops-with_1601943484872.html,,,,,,,,,,2026-10-09,02_Alibaba运营/05_扩品工程/HR系列真实货源改造_2026-09-21/HR系列货源发货与图片总表.md,HISTORICAL_UNRECONCILED,approved,Y,2026-10-07T04:25:00.978045+00:00,旧表已声明暂停；旧货号/候选/价不能作为已采用事实。原行：整组替换优先货号：启越 Y1125，非旧概念鞋 / [搜鞋网·启越 Y1125](https://qiyue.sooxie.com/detail/2533841)；电话 13559530928；[2026-09-24 重判记录](./HR017_复古网面鞋初筛_2026-09-23.md) / 当日公开价 CNY83/双；30% 最低销售等值 CNY107.90/双，美元价提交前重算 / 沙/灰 EU39–44；旧深蓝/奶油米/酒红 EU36–45 不沿用 / 有一件代发/上门拿货入口；原首图背景有其他字样，里料/中底和全图 IP 待核。接单核当天可供色码、数量、包装和交期，不求逐码库存数 / SOURCE_ROUTE_FOUND / MATERIAL_EVIDENCE_PENDING / HOLD_ASSETS_IP / NOT_LIVE
历史映射待复核,HR017-B,1601943583193,https://www.alibaba.com/product-detail/Men-s-Thong-Sandals-with-Cowhide_1601943583193.html,,,,,,,,,,2026-10-09,02_Alibaba运营/05_扩品工程/HR系列真实货源改造_2026-09-21/HR系列货源发货与图片总表.md,HISTORICAL_UNRECONCILED,approved,Y,2026-10-07T04:25:00.978045+00:00,旧表已声明暂停；旧货号/候选/价不能作为已采用事实。原行：与 A 共用 Y1125 / [同一 Y1125 采购入口](https://qiyue.sooxie.com/detail/2533841) / 与 A 共用当次 CNY107.90 底线；不沿用旧价 / 与 A 同款沙/灰 EU39–44；旧奶油米不沿用 / 等 A 的真实图文/材料/类目门禁通过后同货号重建，不按 B 后缀另选货源 / SOURCE_ROUTE_FOUND / PREP_ONLY / NOT_LIVE
历史映射待复核,HR017-C,1601943459958,https://www.alibaba.com/product-detail/Men-s-Casual-Leather-Sandals-with_1601943459958.html,,,,,,,,,,2026-10-09,02_Alibaba运营/05_扩品工程/HR系列真实货源改造_2026-09-21/HR系列货源发货与图片总表.md,HISTORICAL_UNRECONCILED,approved,Y,2026-10-07T04:25:00.978045+00:00,旧表已声明暂停；旧货号/候选/价不能作为已采用事实。原行：与 A/B 共用 Y1125 / [同一 Y1125 采购入口](https://qiyue.sooxie.com/detail/2533841) / 与 A 共用当次 CNY107.90 底线；不沿用旧价 / 与 A/B 同款沙/灰 EU39–44；旧酒红不沿用 / 等 A 的真实图文/材料/类目门禁通过后同货号重建，不按 C 后缀另选货源 / SOURCE_ROUTE_FOUND / PREP_ONLY / NOT_LIVE
已采用旧证据待复核,HR018-A,1601943561380,https://www.alibaba.com/product-detail/Mens-Casual-Sneakers-with-Mesh-Upper_1601943561380.html,路崎鞋业工厂店,https://luqi.sooxie.com,036,https://luqi.sooxie.com/detail/2439422,72,CNY,双,采购数量、版本、包装、运税与当天可供条件逐单确认。,2026-09-24,2026-10-09,02_Alibaba运营/05_扩品工程/HR系列真实货源改造_2026-09-21/HR系列货源发货与图片总表.md,ADOPTED_SOURCE_HISTORICAL_RECHECK,approved,Y,2026-10-07T04:25:00.978045+00:00,来源映射来自带日期的已采用回执/补充，不是今日供货确认；较新换款回执冲突时暂停本映射；订单前重新核价和色码数量。
已采用旧证据待复核,HR018-B,1601943555428,https://www.alibaba.com/product-detail/Men-s-Walking-Shoes-with-Lace_1601943555428.html,路崎鞋业工厂店,https://luqi.sooxie.com,036,https://luqi.sooxie.com/detail/2439422,72,CNY,双,采购数量、版本、包装、运税与当天可供条件逐单确认。,2026-09-24,2026-10-09,02_Alibaba运营/05_扩品工程/HR系列真实货源改造_2026-09-21/HR系列货源发货与图片总表.md,ADOPTED_SOURCE_HISTORICAL_RECHECK,approved,Y,2026-10-07T04:25:00.978045+00:00,来源映射来自带日期的已采用回执/补充，不是今日供货确认；较新换款回执冲突时暂停本映射；订单前重新核价和色码数量。
已采用旧证据待复核,HR018-C,1601943607120,https://www.alibaba.com/product-detail/Men-s-Low-Top-Lace-Up_1601943607120.html,路崎鞋业工厂店,https://luqi.sooxie.com,036,https://luqi.sooxie.com/detail/2439422,72,CNY,双,采购数量、版本、包装、运税与当天可供条件逐单确认。,2026-09-24,2026-10-09,02_Alibaba运营/05_扩品工程/HR系列真实货源改造_2026-09-21/HR系列货源发货与图片总表.md,ADOPTED_SOURCE_HISTORICAL_RECHECK,approved,Y,2026-10-07T04:25:00.978045+00:00,来源映射来自带日期的已采用回执/补充，不是今日供货确认；较新换款回执冲突时暂停本映射；订单前重新核价和色码数量。
历史映射待复核,HR019-A,1601943493822,https://www.alibaba.com/product-detail/Women-s-Casual-Knit-Sneakers-with_1601943493822.html,,,,,,,,,,2026-10-09,02_Alibaba运营/05_扩品工程/HR系列真实货源改造_2026-09-21/HR系列货源发货与图片总表.md,HISTORICAL_UNRECONCILED,approved,Y,2026-10-07T04:25:00.978045+00:00,旧表已声明暂停；旧货号/候选/价不能作为已采用事实。原行：未定款；旧针织套脚楔底概念鞋不是已确认实物 / [公开初筛与去重](./HR019_女式针织套脚鞋货源初筛_2026-09-23.md)：8008 已有 BQ043 / 8008 独立商品，排除重复；F011/8037 待核 / 不沿用旧价；定款后以当次实采价 ×1.30 重算 / 旧黑/米/灰 EU36–45 不作新款事实；最终色码待核 / 逐图核 F011/8037 的闭合、鞋面、外底、IP 与实供；任一选款均须三链接统一真实鞋型 / HOLD_SOURCE / PREP_ONLY / DEDUP_8008_REJECTED；未改线上
历史映射待复核,HR019-B,1601943546524,https://www.alibaba.com/product-detail/Women-s-Slip-On-Walking-Shoes_1601943546524.html,,,,,,,,,,2026-10-09,02_Alibaba运营/05_扩品工程/HR系列真实货源改造_2026-09-21/HR系列货源发货与图片总表.md,HISTORICAL_UNRECONCILED,approved,Y,2026-10-07T04:25:00.978045+00:00,旧表已声明暂停；旧货号/候选/价不能作为已采用事实。原行：与 A 同一待定鞋款 / 同上，不按后缀另选货号，排除已在 BQ043 上架的 8008 / 与 A 共用最终实采价及 30% 底线 / 旧米色入口只是概念页现状 / A 定款后使用同一真实鞋款重建图文、SKU 与差异化采购入口 / HOLD_SOURCE / PREP_ONLY / DEDUP_8008_REJECTED；未改线上
历史映射待复核,HR019-C,1601943635041,https://www.alibaba.com/product-detail/Women-s-Low-Top-Knit-Sneakers_1601943635041.html,,,,,,,,,,2026-10-09,02_Alibaba运营/05_扩品工程/HR系列真实货源改造_2026-09-21/HR系列货源发货与图片总表.md,HISTORICAL_UNRECONCILED,approved,Y,2026-10-07T04:25:00.978045+00:00,旧表已声明暂停；旧货号/候选/价不能作为已采用事实。原行：与 A/B 同一待定鞋款 / 同上 / 与 A 共用最终实采价及 30% 底线 / 旧灰色入口只是概念页现状 / A/B 同款映射后再做图文与公开验收，不混用概念图 / HOLD_SOURCE / PREP_ONLY / DEDUP_8008_REJECTED；未改线上
历史映射待复核,HR020-A,1601943497861,https://www.alibaba.com/product-detail/Wholesale-Shoes-Model-HR020-A_1601943497861.html,,,,,,,,,,2026-10-09,02_Alibaba运营/05_扩品工程/HR系列真实货源改造_2026-09-21/HR系列货源发货与图片总表.md,HISTORICAL_UNRECONCILED,approved,Y,2026-10-07T04:25:00.978045+00:00,旧表已声明暂停；旧货号/候选/价不能作为已采用事实。原行：WZ16外采男式系带Derby鞋，六原图全幅通过 / [当前WZ16计划](./HR020_WZ16_真实货源与买家计划_2026-09-29.md)：真实Pair三档及采购入口已核 / 初拟9.70@2、9.20@30、8.60@300美元/双，按真实源档×1.30以上；订单确认 / Black/Brown EU39–44，12SKU/链接；旧色码不沿用 / 原鞋图制作，不造底面；ABC同源MERGE_REVIEW；包装尺寸冲突暂不承诺 / SOURCE_REVIEW_PASS / PREPARING；线上未改
历史映射待复核,HR020-B,1601943530673,https://www.alibaba.com/product-detail/Wholesale-Shoes-Model-HR020-B_1601943530673.html,,,,,,,,,,2026-10-09,02_Alibaba运营/05_扩品工程/HR系列真实货源改造_2026-09-21/HR系列货源发货与图片总表.md,HISTORICAL_UNRECONCILED,approved,Y,2026-10-07T04:25:00.978045+00:00,旧表已声明暂停；旧货号/候选/价不能作为已采用事实。原行：WZ16外采男式系带Derby鞋，六原图全幅通过 / [当前WZ16计划](./HR020_WZ16_真实货源与买家计划_2026-09-29.md)：真实Pair三档及采购入口已核 / 初拟9.70@2、9.20@30、8.60@300美元/双，按真实源档×1.30以上；订单确认 / Black/Brown EU39–44，12SKU/链接；旧色码不沿用 / 原鞋图制作，不造底面；ABC同源MERGE_REVIEW；包装尺寸冲突暂不承诺 / SOURCE_REVIEW_PASS / PREPARING；线上未改
历史映射待复核,HR020-C,1601943558469,https://www.alibaba.com/product-detail/Wholesale-Men-s-Tan-Perforated-Slip_1601943558469.html,,,,,,,,,,2026-10-09,02_Alibaba运营/05_扩品工程/HR系列真实货源改造_2026-09-21/HR系列货源发货与图片总表.md,HISTORICAL_UNRECONCILED,approved,Y,2026-10-07T04:25:00.978045+00:00,旧表已声明暂停；旧货号/候选/价不能作为已采用事实。原行：WZ16外采男式系带Derby鞋，六原图全幅通过 / [当前WZ16计划](./HR020_WZ16_真实货源与买家计划_2026-09-29.md)：真实Pair三档及采购入口已核 / 初拟9.70@2、9.20@30、8.60@300美元/双，按真实源档×1.30以上；订单确认 / Black/Brown EU39–44，12SKU/链接；旧色码不沿用 / 原鞋图制作，不造底面；ABC同源MERGE_REVIEW；包装尺寸冲突暂不承诺 / SOURCE_REVIEW_PASS / PREPARING；线上未改
已采用旧证据待复核,HR021-A,1601943593293,https://www.alibaba.com/product-detail/Women-s-Mary-Jane-Flats-with_1601943593293.html,"Guangzhou Weirui Shoes Co., Ltd. / HZM",https://hzmshoes.en.made-in-china.com,26CZYA22-113,https://hzmshoes.en.made-in-china.com/product/JYcRrUIDuBVm/China-OEM-ODM-High-Quality-Brown-Suede-Mary-Jane-Sneakers-for-Women-Walking-Style-Double-Buckle-Casual-Shoes-Manufacturer-in-Guangzhou.html,,,双,采购数量、版本、包装、运税与当天可供条件逐单确认。,2026-09-29,2026-10-09,02_Alibaba运营/05_扩品工程/HR系列真实货源改造_2026-09-21/HR系列货源发货与图片总表.md,ADOPTED_SOURCE_HISTORICAL_RECHECK,approved,Y,2026-10-07T04:25:00.978045+00:00,来源映射来自带日期的已采用回执/补充，不是今日供货确认；较新换款回执冲突时暂停本映射；订单前重新核价和色码数量。
已采用旧证据待复核,HR021-B,1601943584343,https://www.alibaba.com/product-detail/Women-s-Buckle-Strap-Casual-Flats_1601943584343.html,"Guangzhou Weirui Shoes Co., Ltd. / HZM",https://hzmshoes.en.made-in-china.com,26CZYA22-113,https://hzmshoes.en.made-in-china.com/product/JYcRrUIDuBVm/China-OEM-ODM-High-Quality-Brown-Suede-Mary-Jane-Sneakers-for-Women-Walking-Style-Double-Buckle-Casual-Shoes-Manufacturer-in-Guangzhou.html,,,双,采购数量、版本、包装、运税与当天可供条件逐单确认。,2026-09-29,2026-10-09,02_Alibaba运营/05_扩品工程/HR系列真实货源改造_2026-09-21/HR系列货源发货与图片总表.md,ADOPTED_SOURCE_HISTORICAL_RECHECK,approved,Y,2026-10-07T04:25:00.978045+00:00,来源映射来自带日期的已采用回执/补充，不是今日供货确认；较新换款回执冲突时暂停本映射；订单前重新核价和色码数量。
已采用旧证据待复核,HR021-C,1601943577329,https://www.alibaba.com/product-detail/Women-s-Low-Top-Mary-Jane_1601943577329.html,"Guangzhou Weirui Shoes Co., Ltd. / HZM",https://hzmshoes.en.made-in-china.com,26CZYA22-113,https://hzmshoes.en.made-in-china.com/product/JYcRrUIDuBVm/China-OEM-ODM-High-Quality-Brown-Suede-Mary-Jane-Sneakers-for-Women-Walking-Style-Double-Buckle-Casual-Shoes-Manufacturer-in-Guangzhou.html,,,双,采购数量、版本、包装、运税与当天可供条件逐单确认。,2026-09-29,2026-10-09,02_Alibaba运营/05_扩品工程/HR系列真实货源改造_2026-09-21/HR系列货源发货与图片总表.md,ADOPTED_SOURCE_HISTORICAL_RECHECK,approved,Y,2026-10-07T04:25:00.978045+00:00,来源映射来自带日期的已采用回执/补充，不是今日供货确认；较新换款回执冲突时暂停本映射；订单前重新核价和色码数量。
历史映射待复核,HR022-A,1601943496879,,,,,,,,,,,2026-10-09,02_Alibaba运营/05_扩品工程/HR系列真实货源改造_2026-09-21/HR系列货源发货与图片总表.md,HISTORICAL_NOT_IN_CURRENT_LIST,本次完整目录未返回,,2026-10-07T04:25:00.978045+00:00,旧表已声明暂停；旧货号/候选/价不能作为已采用事实。原行：未定款；旧抽绳扣网面鞋仅概念资产 / [首轮公开初筛](./HR022_男式免手穿网面鞋货源初筛_2026-09-23.md)：81888、3783、QAS03 与旧鞋型不同，仍可作为整家族相似实款候选；须逐款核采购入口、品牌标识与资料完整性，不能按旧图采购 / 不沿用旧页价；定款后按真实进货价 ×1.30 重算 / 旧深蓝/黑/灰 EU36–45 不作可供色码 / A/B/C 原各 30 SKU × 999 已校正为 30 × 0 并[独立回读](./HR022_男式免手穿网面鞋货源初筛_2026-09-23.md)；历史归零不是新鞋的库存要求。选定同一真实货号、完成图文色码替换后，各有效 SKU 统一设 999 可询货标记；接单再核数量、包装和交期 / HOLD_SOURCE / PREP_ONLY / OLD_STOCK_0；旧图文未改，先定真实货号 保存的目录并集未返回该ID；本次实时目录不完整，未做单款get，不推断已删除。
历史映射待复核,HR022-B,1601943496880,,,,,,,,,,,2026-10-09,02_Alibaba运营/05_扩品工程/HR系列真实货源改造_2026-09-21/HR系列货源发货与图片总表.md,HISTORICAL_NOT_IN_CURRENT_LIST,本次完整目录未返回,,2026-10-07T04:25:00.978045+00:00,旧表已声明暂停；旧货号/候选/价不能作为已采用事实。原行：未定款；旧抽绳扣网面鞋仅概念资产 / [首轮公开初筛](./HR022_男式免手穿网面鞋货源初筛_2026-09-23.md)：81888、3783、QAS03 与旧鞋型不同，仍可作为整家族相似实款候选；须逐款核采购入口、品牌标识与资料完整性，不能按旧图采购 / 不沿用旧页价；定款后按真实进货价 ×1.30 重算 / 旧深蓝/黑/灰 EU36–45 不作可供色码 / A/B/C 原各 30 SKU × 999 已校正为 30 × 0 并[独立回读](./HR022_男式免手穿网面鞋货源初筛_2026-09-23.md)；历史归零不是新鞋的库存要求。选定同一真实货号、完成图文色码替换后，各有效 SKU 统一设 999 可询货标记；接单再核数量、包装和交期 / HOLD_SOURCE / PREP_ONLY / OLD_STOCK_0；旧图文未改，先定真实货号 保存的目录并集未返回该ID；本次实时目录不完整，未做单款get，不推断已删除。
历史映射待复核,HR022-C,1601943578396,,,,,,,,,,,2026-10-09,02_Alibaba运营/05_扩品工程/HR系列真实货源改造_2026-09-21/HR系列货源发货与图片总表.md,HISTORICAL_NOT_IN_CURRENT_LIST,本次完整目录未返回,,2026-10-07T04:25:00.978045+00:00,旧表已声明暂停；旧货号/候选/价不能作为已采用事实。原行：未定款；旧抽绳扣网面鞋仅概念资产 / [首轮公开初筛](./HR022_男式免手穿网面鞋货源初筛_2026-09-23.md)：81888、3783、QAS03 与旧鞋型不同，仍可作为整家族相似实款候选；须逐款核采购入口、品牌标识与资料完整性，不能按旧图采购 / 不沿用旧页价；定款后按真实进货价 ×1.30 重算 / 旧深蓝/黑/灰 EU36–45 不作可供色码 / A/B/C 原各 30 SKU × 999 已校正为 30 × 0 并[独立回读](./HR022_男式免手穿网面鞋货源初筛_2026-09-23.md)；历史归零不是新鞋的库存要求。选定同一真实货号、完成图文色码替换后，各有效 SKU 统一设 999 可询货标记；接单再核数量、包装和交期 / HOLD_SOURCE / PREP_ONLY / OLD_STOCK_0；旧图文未改，先定真实货号 保存的目录并集未返回该ID；本次实时目录不完整，未做单款get，不推断已删除。
历史映射待复核,HR023-A,1601943614240,,,,,,,,,,,2026-10-09,02_Alibaba运营/05_扩品工程/HR系列真实货源改造_2026-09-21/HR系列货源发货与图片总表.md,HISTORICAL_NOT_IN_CURRENT_LIST,本次完整目录未返回,,2026-10-07T04:25:00.978045+00:00,旧表已声明暂停；旧货号/候选/价不能作为已采用事实。原行：未定款；旧女式复古拼接板鞋仅概念资产 / [YF8812、MN-K6、MN-B5、GT6703 公开初筛](./HR023_女式复古拼接板鞋货源初筛_2026-09-23.md)：与旧鞋型或色码不同本身不淘汰；逐款核实真实采购入口、IP、图片及新款事实，不可按旧图采购 / 不沿用旧 USD9.10–9.53 价格；定真实货号后按进货价 ×1.30 及当次汇率重算 / 旧 White Gray / Cream Beige / Black Gum × EU36–45 不是可供证据 / A/B/C 原各 30 SKU × 999 已校正为 30 × 0，各自[独立回读](./HR023_女式复古拼接板鞋货源初筛_2026-09-23.md)；历史归零不是新鞋的库存要求。统一真实货号并重建 SKU/图文/报价后，各有效 SKU 设 999 可询货标记，接单再核当天供应 / HOLD_SOURCE / PREP_ONLY / OLD_STOCK_0；旧图文未改，先定真实货号 保存的目录并集未返回该ID；本次实时目录不完整，未做单款get，不推断已删除。
历史映射待复核,HR023-B,1601943629102,,,,,,,,,,,2026-10-09,02_Alibaba运营/05_扩品工程/HR系列真实货源改造_2026-09-21/HR系列货源发货与图片总表.md,HISTORICAL_NOT_IN_CURRENT_LIST,本次完整目录未返回,,2026-10-07T04:25:00.978045+00:00,旧表已声明暂停；旧货号/候选/价不能作为已采用事实。原行：未定款；旧女式复古拼接板鞋仅概念资产 / [YF8812、MN-K6、MN-B5、GT6703 公开初筛](./HR023_女式复古拼接板鞋货源初筛_2026-09-23.md)：与旧鞋型或色码不同本身不淘汰；逐款核实真实采购入口、IP、图片及新款事实，不可按旧图采购 / 不沿用旧 USD9.10–9.53 价格；定真实货号后按进货价 ×1.30 及当次汇率重算 / 旧 White Gray / Cream Beige / Black Gum × EU36–45 不是可供证据 / A/B/C 原各 30 SKU × 999 已校正为 30 × 0，各自[独立回读](./HR023_女式复古拼接板鞋货源初筛_2026-09-23.md)；历史归零不是新鞋的库存要求。统一真实货号并重建 SKU/图文/报价后，各有效 SKU 设 999 可询货标记，接单再核当天供应 / HOLD_SOURCE / PREP_ONLY / OLD_STOCK_0；旧图文未改，先定真实货号 保存的目录并集未返回该ID；本次实时目录不完整，未做单款get，不推断已删除。
历史映射待复核,HR023-C,1601943547591,,,,,,,,,,,2026-10-09,02_Alibaba运营/05_扩品工程/HR系列真实货源改造_2026-09-21/HR系列货源发货与图片总表.md,HISTORICAL_NOT_IN_CURRENT_LIST,本次完整目录未返回,,2026-10-07T04:25:00.978045+00:00,旧表已声明暂停；旧货号/候选/价不能作为已采用事实。原行：未定款；旧女式复古拼接板鞋仅概念资产 / [YF8812、MN-K6、MN-B5、GT6703 公开初筛](./HR023_女式复古拼接板鞋货源初筛_2026-09-23.md)：与旧鞋型或色码不同本身不淘汰；逐款核实真实采购入口、IP、图片及新款事实，不可按旧图采购 / 不沿用旧 USD9.10–9.53 价格；定真实货号后按进货价 ×1.30 及当次汇率重算 / 旧 White Gray / Cream Beige / Black Gum × EU36–45 不是可供证据 / A/B/C 原各 30 SKU × 999 已校正为 30 × 0，各自[独立回读](./HR023_女式复古拼接板鞋货源初筛_2026-09-23.md)；历史归零不是新鞋的库存要求。统一真实货号并重建 SKU/图文/报价后，各有效 SKU 设 999 可询货标记，接单再核当天供应 / HOLD_SOURCE / PREP_ONLY / OLD_STOCK_0；旧图文未改，先定真实货号 保存的目录并集未返回该ID；本次实时目录不完整，未做单款get，不推断已删除。
历史映射待复核,HR024-A,1601943553670,,,,,,,,,,,2026-10-09,02_Alibaba运营/05_扩品工程/HR系列真实货源改造_2026-09-21/HR系列货源发货与图片总表.md,HISTORICAL_NOT_IN_CURRENT_LIST,本次完整目录未返回,,2026-10-07T04:25:00.978045+00:00,旧表已声明暂停；旧货号/候选/价不能作为已采用事实。原行：优先整组替换货号 3316；旧中帮鞋仅概念资产 / [一鸿鞋业 3316](https://yihongxy.sooxie.com/detail/2458437)；电话 17359310712；QQ 2489516120 / 3116152861；[逐图与去重记录](./HR024_网面鞋替换货源_2026-09-23.md) / 2026-09-23 页面价 CNY55；30% 底线 CNY71.50；旧 USD9.11–9.54 价格不沿用，按实采价/汇率/费用重算 / 3316 是低帮网面松紧系带、沙/黑 EU39–44；须替换旧 Mid Top、深蓝/炭黑/暖灰棕 EU36–45、30 SKU 与全部旧鞋图 / 页面逐码显示“充足”且可一件代发，但每单仍核价/色码/无标/包装/交期；A 旧 30 SKU 曾归零并[回读](./HR024-A_库存校正_正式_回执.json)，B/C 原 999 未改；定款重建后再按负责人确认的 999 供货标记惯例处理 / SOURCE_ROUTE_FOUND / REPLACEMENT_PREP / NOT_LIVE；A/B/C 仍旧图文，不得按旧页发 3316 保存的目录并集未返回该ID；本次实时目录不完整，未做单款get，不推断已删除。
历史映射待复核,HR024-B,1601943527861,https://www.alibaba.com/product-detail/Wholesale-Shoes-Model-HR024-B_1601943527861.html,,,,,,,,,,2026-10-09,02_Alibaba运营/05_扩品工程/HR系列真实货源改造_2026-09-21/HR系列货源发货与图片总表.md,HISTORICAL_UNRECONCILED,approved,Y,2026-10-07T04:25:00.978045+00:00,旧表已声明暂停；旧货号/候选/价不能作为已采用事实。原行：优先整组替换货号 3316；旧中帮鞋仅概念资产 / [一鸿鞋业 3316](https://yihongxy.sooxie.com/detail/2458437)；电话 17359310712；QQ 2489516120 / 3116152861；[逐图与去重记录](./HR024_网面鞋替换货源_2026-09-23.md) / 2026-09-23 页面价 CNY55；30% 底线 CNY71.50；旧 USD9.11–9.54 价格不沿用，按实采价/汇率/费用重算 / 3316 是低帮网面松紧系带、沙/黑 EU39–44；须替换旧 Mid Top、深蓝/炭黑/暖灰棕 EU36–45、30 SKU 与全部旧鞋图 / 页面逐码显示“充足”且可一件代发，但每单仍核价/色码/无标/包装/交期；A 旧 30 SKU 曾归零并[回读](./HR024-A_库存校正_正式_回执.json)，B/C 原 999 未改；定款重建后再按负责人确认的 999 供货标记惯例处理 / SOURCE_ROUTE_FOUND / REPLACEMENT_PREP / NOT_LIVE；A/B/C 仍旧图文，不得按旧页发 3316
历史映射待复核,HR024-C,1601943622296,https://www.alibaba.com/product-detail/Wholesale-Men-s-Breathable-Lace-Up_1601943622296.html,,,,,,,,,,2026-10-09,02_Alibaba运营/05_扩品工程/HR系列真实货源改造_2026-09-21/HR系列货源发货与图片总表.md,HISTORICAL_UNRECONCILED,approved,Y,2026-10-07T04:25:00.978045+00:00,旧表已声明暂停；旧货号/候选/价不能作为已采用事实。原行：优先整组替换货号 3316；旧中帮鞋仅概念资产 / [一鸿鞋业 3316](https://yihongxy.sooxie.com/detail/2458437)；电话 17359310712；QQ 2489516120 / 3116152861；[逐图与去重记录](./HR024_网面鞋替换货源_2026-09-23.md) / 2026-09-23 页面价 CNY55；30% 底线 CNY71.50；旧 USD9.11–9.54 价格不沿用，按实采价/汇率/费用重算 / 3316 是低帮网面松紧系带、沙/黑 EU39–44；须替换旧 Mid Top、深蓝/炭黑/暖灰棕 EU36–45、30 SKU 与全部旧鞋图 / 页面逐码显示“充足”且可一件代发，但每单仍核价/色码/无标/包装/交期；A 旧 30 SKU 曾归零并[回读](./HR024-A_库存校正_正式_回执.json)，B/C 原 999 未改；定款重建后再按负责人确认的 999 供货标记惯例处理 / SOURCE_ROUTE_FOUND / REPLACEMENT_PREP / NOT_LIVE；A/B/C 仍旧图文，不得按旧页发 3316
来源待补,HR025-A,1601943541766,https://www.alibaba.com/product-detail/Women-s-Leather-Loafers-with-Buckle_1601943541766.html,,,,,,,,,,2026-10-09,,SOURCE_EVIDENCE_MISSING,approved,Y,2026-10-07T04:25:00.978045+00:00,已核平台ID/型号/链接；没有逐款来源证明，供应商/原货号/拿货价留空。平台展示不证明自产/实际供给。
来源待补,HR025-B,1601943535810,https://www.alibaba.com/product-detail/Women-s-Slip-On-Loafers-with_1601943535810.html,,,,,,,,,,2026-10-09,,SOURCE_EVIDENCE_MISSING,approved,Y,2026-10-07T04:25:00.978045+00:00,已核平台ID/型号/链接；没有逐款来源证明，供应商/原货号/拿货价留空。平台展示不证明自产/实际供给。
来源待补,HR025-C,1601943597447,https://www.alibaba.com/product-detail/Women-s-Low-Top-Buckle-Loafers_1601943597447.html,,,,,,,,,,2026-10-09,,SOURCE_EVIDENCE_MISSING,approved,Y,2026-10-07T04:25:00.978045+00:00,已核平台ID/型号/链接；没有逐款来源证明，供应商/原货号/拿货价留空。平台展示不证明自产/实际供给。
来源待补,HR026-A,1601943529870,https://www.alibaba.com/product-detail/Men-s-Leather-Lace-Up-Casual_1601943529870.html,,,,,,,,,,2026-10-09,,SOURCE_EVIDENCE_MISSING,approved,Y,2026-10-07T04:25:00.978045+00:00,已核平台ID/型号/链接；没有逐款来源证明，供应商/原货号/拿货价留空。平台展示不证明自产/实际供给。
来源待补,HR026-B,1601943582498,https://www.alibaba.com/product-detail/Men-s-Lace-Up-Walking-Style_1601943582498.html,,,,,,,,,,2026-10-09,,SOURCE_EVIDENCE_MISSING,approved,Y,2026-10-07T04:25:00.978045+00:00,已核平台ID/型号/链接；没有逐款来源证明，供应商/原货号/拿货价留空。平台展示不证明自产/实际供给。
来源待补,HR026-C,1601943546735,https://www.alibaba.com/product-detail/Men-s-Low-Top-Leather-Lace_1601943546735.html,,,,,,,,,,2026-10-09,,SOURCE_EVIDENCE_MISSING,approved,Y,2026-10-07T04:25:00.978045+00:00,已核平台ID/型号/链接；没有逐款来源证明，供应商/原货号/拿货价留空。平台展示不证明自产/实际供给。
来源待补,HR027-A,1601943614355,https://www.alibaba.com/product-detail/Women-s-Suede-Ballet-Flats-with_1601943614355.html,,,,,,,,,,2026-10-09,,SOURCE_EVIDENCE_MISSING,approved,Y,2026-10-07T04:25:00.978045+00:00,已核平台ID/型号/链接；没有逐款来源证明，供应商/原货号/拿货价留空。平台展示不证明自产/实际供给。
来源待补,HR027-B,1601943654096,https://www.alibaba.com/product-detail/Women-s-Lace-Up-Casual-Flats_1601943654096.html,,,,,,,,,,2026-10-09,,SOURCE_EVIDENCE_MISSING,approved,Y,2026-10-07T04:25:00.978045+00:00,已核平台ID/型号/链接；没有逐款来源证明，供应商/原货号/拿货价留空。平台展示不证明自产/实际供给。
补齐历史身份（非当前在线）,HR027-C,1601943503989,,,,,,,,,,,2026-10-09,02_Alibaba运营/05_扩品工程/热榜持续扩品_2026-09-05/HR001-HR067_201条最终全链路回读.json,HISTORICAL_NOT_IN_CURRENT_REGISTER,当前未核,,2026-09-05历史回执；非本次平台观察,原供应商428行表未收录；从201条正式历史回执补齐身份，不推断删除原因或当前可操作。
来源待补,HR028-A,1601943558633,https://www.alibaba.com/product-detail/Women-s-Suede-Lace-Up-Casual_1601943558633.html,,,,,,,,,,2026-10-09,,SOURCE_EVIDENCE_MISSING,approved,Y,2026-10-07T04:25:00.978045+00:00,已核平台ID/型号/链接；没有逐款来源证明，供应商/原货号/拿货价留空。平台展示不证明自产/实际供给。
来源待补,HR028-B,1601943592466,https://www.alibaba.com/product-detail/Women-s-Low-Top-Lace-Up_1601943592466.html,,,,,,,,,,2026-10-09,,SOURCE_EVIDENCE_MISSING,approved,Y,2026-10-07T04:25:00.978045+00:00,已核平台ID/型号/链接；没有逐款来源证明，供应商/原货号/拿货价留空。平台展示不证明自产/实际供给。
补齐历史身份（非当前在线）,HR028-C,1601943580536,,,,,,,,,,,2026-10-09,02_Alibaba运营/05_扩品工程/热榜持续扩品_2026-09-05/HR001-HR067_201条最终全链路回读.json,HISTORICAL_NOT_IN_CURRENT_REGISTER,当前未核,,2026-09-05历史回执；非本次平台观察,原供应商428行表未收录；从201条正式历史回执补齐身份，不推断删除原因或当前可操作。
来源待补,HR029-A,1601943544741,https://www.alibaba.com/product-detail/Men-s-Stone-Grey-Mesh-Breathable_1601943544741.html,,,,,,,,,,2026-10-09,,SOURCE_EVIDENCE_MISSING,approved,Y,2026-10-07T04:25:00.978045+00:00,已核平台ID/型号/链接；没有逐款来源证明，供应商/原货号/拿货价留空。平台展示不证明自产/实际供给。
来源待补,HR029-B,1601943558646,https://www.alibaba.com/product-detail/Men-s-Navy-Mesh-Lace-Up_1601943558646.html,,,,,,,,,,2026-10-09,,SOURCE_EVIDENCE_MISSING,approved,Y,2026-10-07T04:25:00.978045+00:00,已核平台ID/型号/链接；没有逐款来源证明，供应商/原货号/拿货价留空。平台展示不证明自产/实际供给。
补齐历史身份（非当前在线）,HR029-C,1601943670041,,,,,,,,,,,2026-10-09,02_Alibaba运营/05_扩品工程/热榜持续扩品_2026-09-05/HR001-HR067_201条最终全链路回读.json,HISTORICAL_NOT_IN_CURRENT_REGISTER,当前未核,,2026-09-05历史回执；非本次平台观察,原供应商428行表未收录；从201条正式历史回执补齐身份，不推断删除原因或当前可操作。
来源待补,HR030-A,1601943574507,https://www.alibaba.com/product-detail/Men-s-Black-Canvas-Lace-Up_1601943574507.html,,,,,,,,,,2026-10-09,,SOURCE_EVIDENCE_MISSING,approved,Y,2026-10-07T04:25:00.978045+00:00,已核平台ID/型号/链接；没有逐款来源证明，供应商/原货号/拿货价留空。平台展示不证明自产/实际供给。
来源待补,HR030-B,1601943545775,https://www.alibaba.com/product-detail/Men-s-Cream-Canvas-Casual-Sneakers_1601943545775.html,,,,,,,,,,2026-10-09,,SOURCE_EVIDENCE_MISSING,approved,Y,2026-10-07T04:25:00.978045+00:00,已核平台ID/型号/链接；没有逐款来源证明，供应商/原货号/拿货价留空。平台展示不证明自产/实际供给。
补齐历史身份（非当前在线）,HR030-C,1601943529885,,,,,,,,,,,2026-10-09,02_Alibaba运营/05_扩品工程/热榜持续扩品_2026-09-05/HR001-HR067_201条最终全链路回读.json,HISTORICAL_NOT_IN_CURRENT_REGISTER,当前未核,,2026-09-05历史回执；非本次平台观察,原供应商428行表未收录；从201条正式历史回执补齐身份，不推断删除原因或当前可操作。
来源待补,HR031-A,1601943665060,https://www.alibaba.com/product-detail/Men-s-Brown-Breathable-Mesh-Lining_1601943665060.html,,,,,,,,,,2026-10-09,,SOURCE_EVIDENCE_MISSING,approved,Y,2026-10-07T04:25:00.978045+00:00,已核平台ID/型号/链接；没有逐款来源证明，供应商/原货号/拿货价留空。平台展示不证明自产/实际供给。
来源待补,HR031-B,1601943651120,https://www.alibaba.com/product-detail/Men-s-Black-Office-Walking-Sneakers_1601943651120.html,,,,,,,,,,2026-10-09,,SOURCE_EVIDENCE_MISSING,approved,Y,2026-10-07T04:25:00.978045+00:00,已核平台ID/型号/链接；没有逐款来源证明，供应商/原货号/拿货价留空。平台展示不证明自产/实际供给。
补齐历史身份（非当前在线）,HR031-C,1601943550710,,,,,,,,,,,2026-10-09,02_Alibaba运营/05_扩品工程/热榜持续扩品_2026-09-05/HR001-HR067_201条最终全链路回读.json,HISTORICAL_NOT_IN_CURRENT_REGISTER,当前未核,,2026-09-05历史回执；非本次平台观察,原供应商428行表未收录；从201条正式历史回执补齐身份，不推断删除原因或当前可操作。
来源待补,HR032-A,1601943665138,https://www.alibaba.com/product-detail/Men-s-Cream-Green-Retro-Campus_1601943665138.html,,,,,,,,,,2026-10-09,,SOURCE_EVIDENCE_MISSING,approved,Y,2026-10-07T04:25:00.978045+00:00,已核平台ID/型号/链接；没有逐款来源证明，供应商/原货号/拿货价留空。平台展示不证明自产/实际供给。
来源待补,HR032-B,1601943539818,https://www.alibaba.com/product-detail/Men-s-Navy-Retro-Walking-Sneakers_1601943539818.html,,,,,,,,,,2026-10-09,,SOURCE_EVIDENCE_MISSING,approved,Y,2026-10-07T04:25:00.978045+00:00,已核平台ID/型号/链接；没有逐款来源证明，供应商/原货号/拿货价留空。平台展示不证明自产/实际供给。
补齐历史身份（非当前在线）,HR032-C,1601943670111,,,,,,,,,,,2026-10-09,02_Alibaba运营/05_扩品工程/热榜持续扩品_2026-09-05/HR001-HR067_201条最终全链路回读.json,HISTORICAL_NOT_IN_CURRENT_REGISTER,当前未核,,2026-09-05历史回执；非本次平台观察,原供应商428行表未收录；从201条正式历史回执补齐身份，不推断删除原因或当前可操作。
来源待补,HR033-A,1601943593578,https://www.alibaba.com/product-detail/Women-s-Classic-Leather-Ballet-Flats_1601943593578.html,,,,,,,,,,2026-10-09,,SOURCE_EVIDENCE_MISSING,approved,Y,2026-10-07T04:25:00.978045+00:00,已核平台ID/型号/链接；没有逐款来源证明，供应商/原货号/拿货价留空。平台展示不证明自产/实际供给。
来源待补,HR033-B,1601943649254,https://www.alibaba.com/product-detail/Women-s-Round-Toe-Ballet-Flats_1601943649254.html,,,,,,,,,,2026-10-09,,SOURCE_EVIDENCE_MISSING,approved,Y,2026-10-07T04:25:00.978045+00:00,已核平台ID/型号/链接；没有逐款来源证明，供应商/原货号/拿货价留空。平台展示不证明自产/实际供给。
补齐历史身份（非当前在线）,HR033-C,1601943573649,,,,,,,,,,,2026-10-09,02_Alibaba运营/05_扩品工程/热榜持续扩品_2026-09-05/HR001-HR067_201条最终全链路回读.json,HISTORICAL_NOT_IN_CURRENT_REGISTER,当前未核,,2026-09-05历史回执；非本次平台观察,原供应商428行表未收录；从201条正式历史回执补齐身份，不推断删除原因或当前可操作。
来源待补,HR034-A,1601943690007,https://www.alibaba.com/product-detail/Women-s-Lace-Up-Casual-Flats_1601943690007.html,,,,,,,,,,2026-10-09,,SOURCE_EVIDENCE_MISSING,approved,Y,2026-10-07T04:25:00.978045+00:00,已核平台ID/型号/链接；没有逐款来源证明，供应商/原货号/拿货价留空。平台展示不证明自产/实际供给。
来源待补,HR034-B,1601943543826,https://www.alibaba.com/product-detail/Women-s-Low-Top-Lace-Up_1601943543826.html,,,,,,,,,,2026-10-09,,SOURCE_EVIDENCE_MISSING,approved,Y,2026-10-07T04:25:00.978045+00:00,已核平台ID/型号/链接；没有逐款来源证明，供应商/原货号/拿货价留空。平台展示不证明自产/实际供给。
补齐历史身份（非当前在线）,HR034-C,1601943564735,,,,,,,,,,,2026-10-09,02_Alibaba运营/05_扩品工程/热榜持续扩品_2026-09-05/HR001-HR067_201条最终全链路回读.json,HISTORICAL_NOT_IN_CURRENT_REGISTER,当前未核,,2026-09-05历史回执；非本次平台观察,原供应商428行表未收录；从201条正式历史回执补齐身份，不推断删除原因或当前可操作。
来源待补,HR035-A,1601943568763,https://www.alibaba.com/product-detail/Women-s-Ivory-Slip-On-Walking_1601943568763.html,,,,,,,,,,2026-10-09,,SOURCE_EVIDENCE_MISSING,approved,Y,2026-10-07T04:25:00.978045+00:00,已核平台ID/型号/链接；没有逐款来源证明，供应商/原货号/拿货价留空。平台展示不证明自产/实际供给。
来源待补,HR035-B,1601943680112,https://www.alibaba.com/product-detail/Women-s-Sage-Mesh-Walking-Sneakers_1601943680112.html,,,,,,,,,,2026-10-09,,SOURCE_EVIDENCE_MISSING,approved,Y,2026-10-07T04:25:00.978045+00:00,已核平台ID/型号/链接；没有逐款来源证明，供应商/原货号/拿货价留空。平台展示不证明自产/实际供给。
补齐历史身份（非当前在线）,HR035-C,1601943674127,,,,,,,,,,,2026-10-09,02_Alibaba运营/05_扩品工程/热榜持续扩品_2026-09-05/HR001-HR067_201条最终全链路回读.json,HISTORICAL_NOT_IN_CURRENT_REGISTER,当前未核,,2026-09-05历史回执；非本次平台观察,原供应商428行表未收录；从201条正式历史回执补齐身份，不推断删除原因或当前可操作。
来源待补,HR036-A,1601943627431,https://www.alibaba.com/product-detail/Men-s-Taupe-Knit-Moc-Toe_1601943627431.html,,,,,,,,,,2026-10-09,,SOURCE_EVIDENCE_MISSING,approved,Y,2026-10-07T04:25:00.978045+00:00,已核平台ID/型号/链接；没有逐款来源证明，供应商/原货号/拿货价留空。平台展示不证明自产/实际供给。
来源待补,HR036-B,1601943561786,https://www.alibaba.com/product-detail/Men-s-Navy-Knit-Slip-on_1601943561786.html,,,,,,,,,,2026-10-09,,SOURCE_EVIDENCE_MISSING,approved,Y,2026-10-07T04:25:00.978045+00:00,已核平台ID/型号/链接；没有逐款来源证明，供应商/原货号/拿货价留空。平台展示不证明自产/实际供给。
补齐历史身份（非当前在线）,HR036-C,1601943541967,,,,,,,,,,,2026-10-09,02_Alibaba运营/05_扩品工程/热榜持续扩品_2026-09-05/HR001-HR067_201条最终全链路回读.json,HISTORICAL_NOT_IN_CURRENT_REGISTER,当前未核,,2026-09-05历史回执；非本次平台观察,原供应商428行表未收录；从201条正式历史回执补齐身份，不推断删除原因或当前可操作。
来源待补,HR037-A,1601943654301,https://www.alibaba.com/product-detail/Women-s-Retro-Court-Lace-up_1601943654301.html,,,,,,,,,,2026-10-09,,SOURCE_EVIDENCE_MISSING,approved,Y,2026-10-07T04:25:00.978045+00:00,已核平台ID/型号/链接；没有逐款来源证明，供应商/原货号/拿货价留空。平台展示不证明自产/实际供给。
来源待补,HR037-B,1601943674209,https://www.alibaba.com/product-detail/Women-s-White-Green-Retro-Lace_1601943674209.html,,,,,,,,,,2026-10-09,,SOURCE_EVIDENCE_MISSING,approved,Y,2026-10-07T04:25:00.978045+00:00,已核平台ID/型号/链接；没有逐款来源证明，供应商/原货号/拿货价留空。平台展示不证明自产/实际供给。
补齐历史身份（非当前在线）,HR037-C,1601943544956,,,,,,,,,,,2026-10-09,02_Alibaba运营/05_扩品工程/热榜持续扩品_2026-09-05/HR001-HR067_201条最终全链路回读.json,HISTORICAL_NOT_IN_CURRENT_REGISTER,当前未核,,2026-09-05历史回执；非本次平台观察,原供应商428行表未收录；从201条正式历史回执补齐身份，不推断删除原因或当前可操作。
来源待补,HR038-A,1601943620588,https://www.alibaba.com/product-detail/Men-s-Sand-Olive-Trail-Walking_1601943620588.html,,,,,,,,,,2026-10-09,,SOURCE_EVIDENCE_MISSING,approved,Y,2026-10-07T04:25:00.978045+00:00,已核平台ID/型号/链接；没有逐款来源证明，供应商/原货号/拿货价留空。平台展示不证明自产/实际供给。
来源待补,HR038-B,1601943677234,https://www.alibaba.com/product-detail/Men-s-Charcoal-Lace-up-Mesh_1601943677234.html,,,,,,,,,,2026-10-09,,SOURCE_EVIDENCE_MISSING,approved,Y,2026-10-07T04:25:00.978045+00:00,已核平台ID/型号/链接；没有逐款来源证明，供应商/原货号/拿货价留空。平台展示不证明自产/实际供给。
补齐历史身份（非当前在线）,HR038-C,1601943682202,,,,,,,,,,,2026-10-09,02_Alibaba运营/05_扩品工程/热榜持续扩品_2026-09-05/HR001-HR067_201条最终全链路回读.json,HISTORICAL_NOT_IN_CURRENT_REGISTER,当前未核,,2026-09-05历史回执；非本次平台观察,原供应商428行表未收录；从201条正式历史回执补齐身份，不推断删除原因或当前可操作。
已采用旧证据待复核,HR039-A,1601943650395,https://www.alibaba.com/product-detail/High-Top-Knit-Sock-Sneakers-with_1601943650395.html,搜鞋网·贝强工厂店（不据店名认定自产）,https://bqgcd.sooxie.com,8025,https://bqgcd.sooxie.com/detail/2049703,58,CNY,双,采购数量、版本、包装、运税与当天可供条件逐单确认。,2026-09-21,2026-10-09,02_Alibaba运营/05_扩品工程/HR系列真实货源改造_2026-09-21/HR系列货源发货与图片总表.md,ADOPTED_SOURCE_HISTORICAL_RECHECK,approved,Y,2026-10-07T04:25:00.978045+00:00,来源映射来自带日期的已采用回执/补充，不是今日供货确认；较新换款回执冲突时暂停本映射；订单前重新核价和色码数量。
已采用旧证据待复核,HR039-B,1601943670292,https://www.alibaba.com/product-detail/Knit-Slip-On-Casual-Shoes-with_1601943670292.html,搜鞋网·贝强工厂店（不据店名认定自产）,https://bqgcd.sooxie.com,8025,https://bqgcd.sooxie.com/detail/2049703,58,CNY,双,采购数量、版本、包装、运税与当天可供条件逐单确认。,2026-09-21,2026-10-09,02_Alibaba运营/05_扩品工程/HR系列真实货源改造_2026-09-21/HR系列货源发货与图片总表.md,ADOPTED_SOURCE_HISTORICAL_RECHECK,approved,Y,2026-10-07T04:25:00.978045+00:00,来源映射来自带日期的已采用回执/补充，不是今日供货确认；较新换款回执冲突时暂停本映射；订单前重新核价和色码数量。
已采用旧证据待复核,HR039-C,1601943583746,https://www.alibaba.com/product-detail/High-Top-Casual-Sneakers-with-Ribbed_1601943583746.html,搜鞋网·贝强工厂店（不据店名认定自产）,https://bqgcd.sooxie.com,8025,https://bqgcd.sooxie.com/detail/2049703,58,CNY,双,采购数量、版本、包装、运税与当天可供条件逐单确认。,2026-09-21,2026-10-09,02_Alibaba运营/05_扩品工程/HR系列真实货源改造_2026-09-21/HR系列货源发货与图片总表.md,ADOPTED_SOURCE_HISTORICAL_RECHECK,approved,Y,2026-10-07T04:25:00.978045+00:00,来源映射来自带日期的已采用回执/补充，不是今日供货确认；较新换款回执冲突时暂停本映射；订单前重新核价和色码数量。
来源待补,HR040-A,1601943686274,https://www.alibaba.com/product-detail/Women-s-Ivory-Knit-Adjustable-Strap_1601943686274.html,,,,,,,,,,2026-10-09,,SOURCE_EVIDENCE_MISSING,approved,Y,2026-10-07T04:25:00.978045+00:00,已核平台ID/型号/链接；没有逐款来源证明，供应商/原货号/拿货价留空。平台展示不证明自产/实际供给。
来源待补,HR040-B,1601943620678,https://www.alibaba.com/product-detail/Women-s-Black-Knit-Adjustable-Strap_1601943620678.html,,,,,,,,,,2026-10-09,,SOURCE_EVIDENCE_MISSING,approved,Y,2026-10-07T04:25:00.978045+00:00,已核平台ID/型号/链接；没有逐款来源证明，供应商/原货号/拿货价留空。平台展示不证明自产/实际供给。
补齐历史身份（非当前在线）,HR040-C,1601943611671,,,,,,,,,,,2026-10-09,02_Alibaba运营/05_扩品工程/热榜持续扩品_2026-09-05/HR001-HR067_201条最终全链路回读.json,HISTORICAL_NOT_IN_CURRENT_REGISTER,当前未核,,2026-09-05历史回执；非本次平台观察,原供应商428行表未收录；从201条正式历史回执补齐身份，不推断删除原因或当前可操作。
来源待补,HR041-A,1601943614836,https://www.alibaba.com/product-detail/Wholesale-Shoes-Model-HR041-A_1601943614836.html,,,,,,,,,,2026-10-09,,SOURCE_EVIDENCE_MISSING,approved,Y,2026-10-07T04:25:00.978045+00:00,已核平台ID/型号/链接；没有逐款来源证明，供应商/原货号/拿货价留空。平台展示不证明自产/实际供给。
来源待补,HR041-B,1601943641737,https://www.alibaba.com/product-detail/Wholesale-Shoes-Model-HR041-B_1601943641737.html,,,,,,,,,,2026-10-09,,SOURCE_EVIDENCE_MISSING,approved,Y,2026-10-07T04:25:00.978045+00:00,已核平台ID/型号/链接；没有逐款来源证明，供应商/原货号/拿货价留空。平台展示不证明自产/实际供给。
来源待补,HR041-C,1601943608942,https://www.alibaba.com/product-detail/Wholesale-Men-s-Breathable-Taupe-Side_1601943608942.html,,,,,,,,,,2026-10-09,,SOURCE_EVIDENCE_MISSING,approved,Y,2026-10-07T04:25:00.978045+00:00,已核平台ID/型号/链接；没有逐款来源证明，供应商/原货号/拿货价留空。平台展示不证明自产/实际供给。
来源待补,HR042-A,1601943703336,https://www.alibaba.com/product-detail/Men-s-Shoes-Model-HR042-A_1601943703336.html,,,,,,,,,,2026-10-09,,SOURCE_EVIDENCE_MISSING,approved,Y,2026-10-07T04:25:00.978045+00:00,已核平台ID/型号/链接；没有逐款来源证明，供应商/原货号/拿货价留空。平台展示不证明自产/实际供给。
来源待补,HR042-B,1601943747024,https://www.alibaba.com/product-detail/Men-s-Shoes-Model-HR042-B_1601943747024.html,,,,,,,,,,2026-10-09,,SOURCE_EVIDENCE_MISSING,approved,Y,2026-10-07T04:25:00.978045+00:00,已核平台ID/型号/链接；没有逐款来源证明，供应商/原货号/拿货价留空。平台展示不证明自产/实际供给。
来源待补,HR042-C,1601943639708,https://www.alibaba.com/product-detail/Men-s-Shoes-Model-HR042-C_1601943639708.html,,,,,,,,,,2026-10-09,,SOURCE_EVIDENCE_MISSING,approved,Y,2026-10-07T04:25:00.978045+00:00,已核平台ID/型号/链接；没有逐款来源证明，供应商/原货号/拿货价留空。平台展示不证明自产/实际供给。
来源待补,HR043-A,1601943607904,https://www.alibaba.com/product-detail/Wholesale-Light-Weight-Breathable-Walking-Shoes_1601943607904.html,,,,,,,,,,2026-10-09,,SOURCE_EVIDENCE_MISSING,approved,Y,2026-10-07T04:25:00.978045+00:00,已核平台ID/型号/链接；没有逐款来源证明，供应商/原货号/拿货价留空。平台展示不证明自产/实际供给。
来源待补,HR043-B,1601943621884,https://www.alibaba.com/product-detail/Wholesale-Shoes-Model-HR043-B_1601943621884.html,,,,,,,,,,2026-10-09,,SOURCE_EVIDENCE_MISSING,approved,N,2026-10-07T04:25:00.978045+00:00,已核平台ID/型号/链接；没有逐款来源证明，供应商/原货号/拿货价留空。平台展示不证明自产/实际供给。
来源待补,HR043-C,1601943695412,https://www.alibaba.com/product-detail/Wholesale-Men-s-Breathable-Mesh-Light_1601943695412.html,,,,,,,,,,2026-10-09,,SOURCE_EVIDENCE_MISSING,approved,Y,2026-10-07T04:25:00.978045+00:00,已核平台ID/型号/链接；没有逐款来源证明，供应商/原货号/拿货价留空。平台展示不证明自产/实际供给。
来源待补,HR044-A,1601943650718,https://www.alibaba.com/product-detail/Men-s-Penny-Loafers-with-Slip_1601943650718.html,,,,,,,,,,2026-10-09,,SOURCE_EVIDENCE_MISSING,approved,Y,2026-10-07T04:25:00.978045+00:00,已核平台ID/型号/链接；没有逐款来源证明，供应商/原货号/拿货价留空。平台展示不证明自产/实际供给。
来源待补,HR044-B,1601943753087,https://www.alibaba.com/product-detail/Men-s-Casual-Loafers-with-Apron_1601943753087.html,,,,,,,,,,2026-10-09,,SOURCE_EVIDENCE_MISSING,approved,Y,2026-10-07T04:25:00.978045+00:00,已核平台ID/型号/链接；没有逐款来源证明，供应商/原货号/拿货价留空。平台展示不证明自产/实际供给。
来源待补,HR044-C,1601943607919,https://www.alibaba.com/product-detail/Men-s-Slip-On-Casual-Shoes_1601943607919.html,,,,,,,,,,2026-10-09,,SOURCE_EVIDENCE_MISSING,approved,Y,2026-10-07T04:25:00.978045+00:00,已核平台ID/型号/链接；没有逐款来源证明，供应商/原货号/拿货价留空。平台展示不证明自产/实际供给。
来源待补,HR045-A,1601943687504,https://www.alibaba.com/product-detail/Women-s-Walking-Shoes-Model-HR045_1601943687504.html,,,,,,,,,,2026-10-09,,SOURCE_EVIDENCE_MISSING,approved,Y,2026-10-07T04:25:00.978045+00:00,已核平台ID/型号/链接；没有逐款来源证明，供应商/原货号/拿货价留空。平台展示不证明自产/实际供给。
来源待补,HR045-B,1601943660642,https://www.alibaba.com/product-detail/Women-s-Breathable-Light-Weight-Walking_1601943660642.html,,,,,,,,,,2026-10-09,,SOURCE_EVIDENCE_MISSING,approved,Y,2026-10-07T04:25:00.978045+00:00,已核平台ID/型号/链接；没有逐款来源证明，供应商/原货号/拿货价留空。平台展示不证明自产/实际供给。
来源待补,HR045-C,1601943723312,https://www.alibaba.com/product-detail/Women-s-Shoes-Model-HR045-C_1601943723312.html,,,,,,,,,,2026-10-09,,SOURCE_EVIDENCE_MISSING,approved,Y,2026-10-07T04:25:00.978045+00:00,已核平台ID/型号/链接；没有逐款来源证明，供应商/原货号/拿货价留空。平台展示不证明自产/实际供给。
来源待补,HR046-A,1601943660658,https://www.alibaba.com/product-detail/Women-s-Shoes-Model-HR046-A_1601943660658.html,,,,,,,,,,2026-10-09,,SOURCE_EVIDENCE_MISSING,approved,Y,2026-10-07T04:25:00.978045+00:00,已核平台ID/型号/链接；没有逐款来源证明，供应商/原货号/拿货价留空。平台展示不证明自产/实际供给。
来源待补,HR046-B,1601943773037,https://www.alibaba.com/product-detail/Women-s-Light-Weight-Breathable-Lace_1601943773037.html,,,,,,,,,,2026-10-09,,SOURCE_EVIDENCE_MISSING,approved,Y,2026-10-07T04:25:00.978045+00:00,已核平台ID/型号/链接；没有逐款来源证明，供应商/原货号/拿货价留空。平台展示不证明自产/实际供给。
来源待补,HR046-C,1601943694473,https://www.alibaba.com/product-detail/Women-s-Breathable-Lace-Up-Light_1601943694473.html,,,,,,,,,,2026-10-09,,SOURCE_EVIDENCE_MISSING,approved,Y,2026-10-07T04:25:00.978045+00:00,已核平台ID/型号/链接；没有逐款来源证明，供应商/原货号/拿货价留空。平台展示不证明自产/实际供给。
来源待补,HR047-A,1601943670678,https://www.alibaba.com/product-detail/Men-s-Shoes-Model-HR047-A_1601943670678.html,,,,,,,,,,2026-10-09,,SOURCE_EVIDENCE_MISSING,approved,N,2026-10-07T04:25:00.978045+00:00,已核平台ID/型号/链接；没有逐款来源证明，供应商/原货号/拿货价留空。平台展示不证明自产/实际供给。
来源待补,HR047-B,1601943677652,https://www.alibaba.com/product-detail/Men-s-Walking-Shoes-Light-Weight_1601943677652.html,,,,,,,,,,2026-10-09,,SOURCE_EVIDENCE_MISSING,approved,Y,2026-10-07T04:25:00.978045+00:00,已核平台ID/型号/链接；没有逐款来源证明，供应商/原货号/拿货价留空。平台展示不证明自产/实际供给。
来源待补,HR047-C,1601943767083,https://www.alibaba.com/product-detail/Men-s-Walking-Shoes-Light-Weight_1601943767083.html,,,,,,,,,,2026-10-09,,SOURCE_EVIDENCE_MISSING,approved,Y,2026-10-07T04:25:00.978045+00:00,已核平台ID/型号/链接；没有逐款来源证明，供应商/原货号/拿货价留空。平台展示不证明自产/实际供给。
来源待补,HR048-A,1601943649788,https://www.alibaba.com/product-detail/Women-s-Shoes-Model-HR048-A_1601943649788.html,,,,,,,,,,2026-10-09,,SOURCE_EVIDENCE_MISSING,approved,Y,2026-10-07T04:25:00.978045+00:00,已核平台ID/型号/链接；没有逐款来源证明，供应商/原货号/拿货价留空。平台展示不证明自产/实际供给。
来源待补,HR048-B,1601943767092,https://www.alibaba.com/product-detail/Women-s-Walking-Shoes-Breathable-Side_1601943767092.html,,,,,,,,,,2026-10-09,,SOURCE_EVIDENCE_MISSING,approved,Y,2026-10-07T04:25:00.978045+00:00,已核平台ID/型号/链接；没有逐款来源证明，供应商/原货号/拿货价留空。平台展示不证明自产/实际供给。
来源待补,HR048-C,1601943607995,https://www.alibaba.com/product-detail/Women-s-Shoes-Model-HR048-C_1601943607995.html,,,,,,,,,,2026-10-09,,SOURCE_EVIDENCE_MISSING,approved,Y,2026-10-07T04:25:00.978045+00:00,已核平台ID/型号/链接；没有逐款来源证明，供应商/原货号/拿货价留空。平台展示不证明自产/实际供给。
来源待补,HR049-A,1601943633918,https://www.alibaba.com/product-detail/Men-s-Shoes-Model-HR049-A_1601943633918.html,,,,,,,,,,2026-10-09,,SOURCE_EVIDENCE_MISSING,approved,Y,2026-10-07T04:25:00.978045+00:00,已核平台ID/型号/链接；没有逐款来源证明，供应商/原货号/拿货价留空。平台展示不证明自产/实际供给。
来源待补,HR049-B,1601943710448,https://www.alibaba.com/product-detail/Men-s-Walking-Shoes-Breathable-Lace_1601943710448.html,,,,,,,,,,2026-10-09,,SOURCE_EVIDENCE_MISSING,approved,Y,2026-10-07T04:25:00.978045+00:00,已核平台ID/型号/链接；没有逐款来源证明，供应商/原货号/拿货价留空。平台展示不证明自产/实际供给。
来源待补,HR049-C,1601943639863,https://www.alibaba.com/product-detail/Men-s-Shoes-Model-HR049-C_1601943639863.html,,,,,,,,,,2026-10-09,,SOURCE_EVIDENCE_MISSING,approved,Y,2026-10-07T04:25:00.978045+00:00,已核平台ID/型号/链接；没有逐款来源证明，供应商/原货号/拿货价留空。平台展示不证明自产/实际供给。
来源待补,HR050-A,1601943774082,https://www.alibaba.com/product-detail/Women-s-Shoes-Model-HR050-A_1601943774082.html,,,,,,,,,,2026-10-09,,SOURCE_EVIDENCE_MISSING,approved,N,2026-10-07T04:25:00.978045+00:00,已核平台ID/型号/链接；没有逐款来源证明，供应商/原货号/拿货价留空。平台展示不证明自产/实际供给。
来源待补,HR050-B,1601943766117,https://www.alibaba.com/product-detail/Women-s-Shoes-Model-HR050-B_1601943766117.html,,,,,,,,,,2026-10-09,,SOURCE_EVIDENCE_MISSING,approved,Y,2026-10-07T04:25:00.978045+00:00,已核平台ID/型号/链接；没有逐款来源证明，供应商/原货号/拿货价留空。平台展示不证明自产/实际供给。
来源待补,HR050-C,1601943660717,https://www.alibaba.com/product-detail/Women-s-Shoes-Model-HR050-C_1601943660717.html,,,,,,,,,,2026-10-09,,SOURCE_EVIDENCE_MISSING,approved,Y,2026-10-07T04:25:00.978045+00:00,已核平台ID/型号/链接；没有逐款来源证明，供应商/原货号/拿货价留空。平台展示不证明自产/实际供给。
来源待补,HR051-A,1601943653819,https://www.alibaba.com/product-detail/Men-s-Shoes-Model-HR051-A_1601943653819.html,,,,,,,,,,2026-10-09,,SOURCE_EVIDENCE_MISSING,approved,Y,2026-10-07T04:25:00.978045+00:00,已核平台ID/型号/链接；没有逐款来源证明，供应商/原货号/拿货价留空。平台展示不证明自产/实际供给。
来源待补,HR051-A,1601969872083,https://www.alibaba.com/product-detail/Textile-Lace-Up-Casual-Sneakers-with_1601969872083.html,,,,,,,,,,2026-10-09,,SOURCE_EVIDENCE_MISSING,approved,N,2026-10-07T04:25:00.978045+00:00,已核平台ID/型号/链接；没有逐款来源证明，供应商/原货号/拿货价留空。平台展示不证明自产/实际供给。
已有发布证据,HR051-A,1601969906452,https://www.alibaba.com/product-detail/Textile-Lace-Up-Casual-Sneakers-with_1601969906452.html,隆钦工厂记,https://longqin.sooxie.com,936,https://longqin.sooxie.com/detail/2429296,82,CNY,双,采购数量、版本、包装、运税与当天可供条件逐单确认。,2026-10-02,2026-10-09,02_Alibaba运营/05_扩品工程/数据/来源证据/6e1df35af433.md,ADOPTED_SOURCE_EVIDENCE,approved,Y,2026-10-07T04:25:00.978045+00:00,源页标价82、标题限价112；当次用户允许的售价和正式新ID另有回执，不把源标题限制自动升级成新条款。 原来源观察日2026-10-02；本次未重新确认库存/报价/完整公开QA。
来源待补,HR051-B,1601943750198,https://www.alibaba.com/product-detail/Men-s-Walking-Shoes-Model-HR051_1601943750198.html,,,,,,,,,,2026-10-09,,SOURCE_EVIDENCE_MISSING,approved,Y,2026-10-07T04:25:00.978045+00:00,已核平台ID/型号/链接；没有逐款来源证明，供应商/原货号/拿货价留空。平台展示不证明自产/实际供给。
来源待补,HR051-C,1601943651773,https://www.alibaba.com/product-detail/Men-s-Walking-Shoes-Breathable-Light_1601943651773.html,,,,,,,,,,2026-10-09,,SOURCE_EVIDENCE_MISSING,approved,Y,2026-10-07T04:25:00.978045+00:00,已核平台ID/型号/链接；没有逐款来源证明，供应商/原货号/拿货价留空。平台展示不证明自产/实际供给。
来源待补,HR052-A,1601943742273,https://www.alibaba.com/product-detail/Women-s-Shoes-Model-HR052-A_1601943742273.html,,,,,,,,,,2026-10-09,,SOURCE_EVIDENCE_MISSING,approved,N,2026-10-07T04:25:00.978045+00:00,已核平台ID/型号/链接；没有逐款来源证明，供应商/原货号/拿货价留空。平台展示不证明自产/实际供给。
来源待补,HR052-B,1601943664760,https://www.alibaba.com/product-detail/Women-s-Shoes-Model-HR052-B_1601943664760.html,,,,,,,,,,2026-10-09,,SOURCE_EVIDENCE_MISSING,approved,Y,2026-10-07T04:25:00.978045+00:00,已核平台ID/型号/链接；没有逐款来源证明，供应商/原货号/拿货价留空。平台展示不证明自产/实际供给。
补齐历史身份（非当前在线）,HR052-C,1601943770128,,,,,,,,,,,2026-10-09,02_Alibaba运营/05_扩品工程/热榜持续扩品_2026-09-05/HR001-HR067_201条最终全链路回读.json,HISTORICAL_NOT_IN_CURRENT_REGISTER,当前未核,,2026-09-05历史回执；非本次平台观察,原供应商428行表未收录；从201条正式历史回执补齐身份，不推断删除原因或当前可操作。
来源待补,HR053-A,1601943687648,https://www.alibaba.com/product-detail/Men-s-Shoes-Model-HR053-A_1601943687648.html,,,,,,,,,,2026-10-09,,SOURCE_EVIDENCE_MISSING,approved,Y,2026-10-07T04:25:00.978045+00:00,已核平台ID/型号/链接；没有逐款来源证明，供应商/原货号/拿货价留空。平台展示不证明自产/实际供给。
来源待补,HR053-B,1601943638954,https://www.alibaba.com/product-detail/Men-s-Shoes-Model-HR053-B_1601943638954.html,,,,,,,,,,2026-10-09,,SOURCE_EVIDENCE_MISSING,approved,Y,2026-10-07T04:25:00.978045+00:00,已核平台ID/型号/链接；没有逐款来源证明，供应商/原货号/拿货价留空。平台展示不证明自产/实际供给。
来源待补,HR053-C,1601943784084,https://www.alibaba.com/product-detail/Men-s-Shoes-Model-HR053-C_1601943784084.html,,,,,,,,,,2026-10-09,,SOURCE_EVIDENCE_MISSING,approved,Y,2026-10-07T04:25:00.978045+00:00,已核平台ID/型号/链接；没有逐款来源证明，供应商/原货号/拿货价留空。平台展示不证明自产/实际供给。
来源待补,HR054-A,1601943673716,https://www.alibaba.com/product-detail/Women-s-Shoes-Model-HR054-A_1601943673716.html,,,,,,,,,,2026-10-09,,SOURCE_EVIDENCE_MISSING,approved,Y,2026-10-07T04:25:00.978045+00:00,已核平台ID/型号/链接；没有逐款来源证明，供应商/原货号/拿货价留空。平台展示不证明自产/实际供给。
来源待补,HR054-B,1601943741370,https://www.alibaba.com/product-detail/Women-s-Shoes-Model-HR054-B_1601943741370.html,,,,,,,,,,2026-10-09,,SOURCE_EVIDENCE_MISSING,approved,Y,2026-10-07T04:25:00.978045+00:00,已核平台ID/型号/链接；没有逐款来源证明，供应商/原货号/拿货价留空。平台展示不证明自产/实际供给。
来源待补,HR054-C,1601943737356,https://www.alibaba.com/product-detail/Women-s-Shoes-Model-HR054-C_1601943737356.html,,,,,,,,,,2026-10-09,,SOURCE_EVIDENCE_MISSING,approved,Y,2026-10-07T04:25:00.978045+00:00,已核平台ID/型号/链接；没有逐款来源证明，供应商/原货号/拿货价留空。平台展示不证明自产/实际供给。
来源待补,HR055-A,1601943672753,https://www.alibaba.com/product-detail/Men-s-Shoes-Model-HR055-A_1601943672753.html,,,,,,,,,,2026-10-09,,SOURCE_EVIDENCE_MISSING,approved,Y,2026-10-07T04:25:00.978045+00:00,已核平台ID/型号/链接；没有逐款来源证明，供应商/原货号/拿货价留空。平台展示不证明自产/实际供给。
来源待补,HR055-B,1601943711519,https://www.alibaba.com/product-detail/Men-s-Breathable-Lace-Up-Mesh_1601943711519.html,,,,,,,,,,2026-10-09,,SOURCE_EVIDENCE_MISSING,approved,Y,2026-10-07T04:25:00.978045+00:00,已核平台ID/型号/链接；没有逐款来源证明，供应商/原货号/拿货价留空。平台展示不证明自产/实际供给。
来源待补,HR055-C,1601943784098,https://www.alibaba.com/product-detail/Men-s-Shoes-Model-HR055-C_1601943784098.html,,,,,,,,,,2026-10-09,,SOURCE_EVIDENCE_MISSING,approved,Y,2026-10-07T04:25:00.978045+00:00,已核平台ID/型号/链接；没有逐款来源证明，供应商/原货号/拿货价留空。平台展示不证明自产/实际供给。
来源待补,HR056-A,1601943775160,https://www.alibaba.com/product-detail/Women-s-Shoes-Model-HR056-A_1601943775160.html,,,,,,,,,,2026-10-09,,SOURCE_EVIDENCE_MISSING,approved,Y,2026-10-07T04:25:00.978045+00:00,已核平台ID/型号/链接；没有逐款来源证明，供应商/原货号/拿货价留空。平台展示不证明自产/实际供给。
来源待补,HR056-B,1601943751252,https://www.alibaba.com/product-detail/Women-s-Shoes-Model-HR056-B_1601943751252.html,,,,,,,,,,2026-10-09,,SOURCE_EVIDENCE_MISSING,approved,Y,2026-10-07T04:25:00.978045+00:00,已核平台ID/型号/链接；没有逐款来源证明，供应商/原货号/拿货价留空。平台展示不证明自产/实际供给。
来源待补,HR056-C,1601943778191,https://www.alibaba.com/product-detail/Women-s-Shoes-Model-HR056-C_1601943778191.html,,,,,,,,,,2026-10-09,,SOURCE_EVIDENCE_MISSING,approved,Y,2026-10-07T04:25:00.978045+00:00,已核平台ID/型号/链接；没有逐款来源证明，供应商/原货号/拿货价留空。平台展示不证明自产/实际供给。
来源待补,HR057-A,1601943768215,https://www.alibaba.com/product-detail/Men-s-Shoes-Model-HR057-A_1601943768215.html,,,,,,,,,,2026-10-09,,SOURCE_EVIDENCE_MISSING,approved,N,2026-10-07T04:25:00.978045+00:00,已核平台ID/型号/链接；没有逐款来源证明，供应商/原货号/拿货价留空。平台展示不证明自产/实际供给。
来源待补,HR057-B,1601943700590,https://www.alibaba.com/product-detail/Men-s-Shoes-Model-HR057-B_1601943700590.html,,,,,,,,,,2026-10-09,,SOURCE_EVIDENCE_MISSING,approved,Y,2026-10-07T04:25:00.978045+00:00,已核平台ID/型号/链接；没有逐款来源证明，供应商/原货号/拿货价留空。平台展示不证明自产/实际供给。
来源待补,HR057-C,1601943771190,https://www.alibaba.com/product-detail/Men-s-Shoes-Model-HR057-C_1601943771190.html,,,,,,,,,,2026-10-09,,SOURCE_EVIDENCE_MISSING,approved,Y,2026-10-07T04:25:00.978045+00:00,已核平台ID/型号/链接；没有逐款来源证明，供应商/原货号/拿货价留空。平台展示不证明自产/实际供给。
来源待补,HR058-A,1601943793113,https://www.alibaba.com/product-detail/Women-s-Walking-Shoes-Light-Weight_1601943793113.html,,,,,,,,,,2026-10-09,,SOURCE_EVIDENCE_MISSING,approved,Y,2026-10-07T04:25:00.978045+00:00,已核平台ID/型号/链接；没有逐款来源证明，供应商/原货号/拿货价留空。平台展示不证明自产/实际供给。
来源待补,HR058-B,1601943721497,https://www.alibaba.com/product-detail/Women-s-Shoes-Model-HR058-B_1601943721497.html,,,,,,,,,,2026-10-09,,SOURCE_EVIDENCE_MISSING,approved,Y,2026-10-07T04:25:00.978045+00:00,已核平台ID/型号/链接；没有逐款来源证明，供应商/原货号/拿货价留空。平台展示不证明自产/实际供给。
来源待补,HR058-C,1601943773221,https://www.alibaba.com/product-detail/Women-s-Shoes-Model-HR058-C_1601943773221.html,,,,,,,,,,2026-10-09,,SOURCE_EVIDENCE_MISSING,approved,Y,2026-10-07T04:25:00.978045+00:00,已核平台ID/型号/链接；没有逐款来源证明，供应商/原货号/拿货价留空。平台展示不证明自产/实际供给。
来源待补,HR059-A,1601943790138,https://www.alibaba.com/product-detail/Men-s-Shoes-Model-HR059-A_1601943790138.html,,,,,,,,,,2026-10-09,,SOURCE_EVIDENCE_MISSING,approved,Y,2026-10-07T04:25:00.978045+00:00,已核平台ID/型号/链接；没有逐款来源证明，供应商/原货号/拿货价留空。平台展示不证明自产/实际供给。
来源待补,HR059-B,1601943767266,https://www.alibaba.com/product-detail/Men-s-Breathable-Lace-Up-Light_1601943767266.html,,,,,,,,,,2026-10-09,,SOURCE_EVIDENCE_MISSING,approved,Y,2026-10-07T04:25:00.978045+00:00,已核平台ID/型号/链接；没有逐款来源证明，供应商/原货号/拿货价留空。平台展示不证明自产/实际供给。
来源待补,HR059-C,1601943779211,https://www.alibaba.com/product-detail/Men-s-Light-Weight-Walking-Shoes_1601943779211.html,,,,,,,,,,2026-10-09,,SOURCE_EVIDENCE_MISSING,approved,Y,2026-10-07T04:25:00.978045+00:00,已核平台ID/型号/链接；没有逐款来源证明，供应商/原货号/拿货价留空。平台展示不证明自产/实际供给。
来源待补,HR060-A,1601943755354,https://www.alibaba.com/product-detail/Women-s-Shoes-Model-HR060-A_1601943755354.html,,,,,,,,,,2026-10-09,,SOURCE_EVIDENCE_MISSING,approved,Y,2026-10-07T04:25:00.978045+00:00,已核平台ID/型号/链接；没有逐款来源证明，供应商/原货号/拿货价留空。平台展示不证明自产/实际供给。
来源待补,HR060-B,1601943705620,https://www.alibaba.com/product-detail/Women-s-Shoes-Model-HR060-B_1601943705620.html,,,,,,,,,,2026-10-09,,SOURCE_EVIDENCE_MISSING,approved,Y,2026-10-07T04:25:00.978045+00:00,已核平台ID/型号/链接；没有逐款来源证明，供应商/原货号/拿货价留空。平台展示不证明自产/实际供给。
补齐历史身份（非当前在线）,HR060-C,1601943663897,,,,,,,,,,,2026-10-09,02_Alibaba运营/05_扩品工程/热榜持续扩品_2026-09-05/HR001-HR067_201条最终全链路回读.json,HISTORICAL_NOT_IN_CURRENT_REGISTER,当前未核,,2026-09-05历史回执；非本次平台观察,原供应商428行表未收录；从201条正式历史回执补齐身份，不推断删除原因或当前可操作。
来源待补,HR061-A,1601943700660,https://www.alibaba.com/product-detail/Men-s-Shoes-Model-HR061-A_1601943700660.html,,,,,,,,,,2026-10-09,,SOURCE_EVIDENCE_MISSING,approved,Y,2026-10-07T04:25:00.978045+00:00,已核平台ID/型号/链接；没有逐款来源证明，供应商/原货号/拿货价留空。平台展示不证明自产/实际供给。
来源待补,HR061-B,1601943748344,https://www.alibaba.com/product-detail/Men-s-Walking-Shoes-Light-Weight_1601943748344.html,,,,,,,,,,2026-10-09,,SOURCE_EVIDENCE_MISSING,approved,Y,2026-10-07T04:25:00.978045+00:00,已核平台ID/型号/链接；没有逐款来源证明，供应商/原货号/拿货价留空。平台展示不证明自产/实际供给。
来源待补,HR061-C,1601943727538,https://www.alibaba.com/product-detail/Men-s-Shoes-Model-HR061-C_1601943727538.html,,,,,,,,,,2026-10-09,,SOURCE_EVIDENCE_MISSING,approved,Y,2026-10-07T04:25:00.978045+00:00,已核平台ID/型号/链接；没有逐款来源证明，供应商/原货号/拿货价留空。平台展示不证明自产/实际供给。
来源待补,HR062-A,1601943682804,https://www.alibaba.com/product-detail/Women-s-Shoes-Model-HR062-A_1601943682804.html,,,,,,,,,,2026-10-09,,SOURCE_EVIDENCE_MISSING,approved,Y,2026-10-07T04:25:00.978045+00:00,已核平台ID/型号/链接；没有逐款来源证明，供应商/原货号/拿货价留空。平台展示不证明自产/实际供给。
来源待补,HR062-B,1601943799127,https://www.alibaba.com/product-detail/Women-s-Lace-up-Walking-Shoes_1601943799127.html,,,,,,,,,,2026-10-09,,SOURCE_EVIDENCE_MISSING,approved,Y,2026-10-07T04:25:00.978045+00:00,已核平台ID/型号/链接；没有逐款来源证明，供应商/原货号/拿货价留空。平台展示不证明自产/实际供给。
来源待补,HR062-C,1601943761346,https://www.alibaba.com/product-detail/Women-s-Shoes-Model-HR062-C_1601943761346.html,,,,,,,,,,2026-10-09,,SOURCE_EVIDENCE_MISSING,approved,Y,2026-10-07T04:25:00.978045+00:00,已核平台ID/型号/链接；没有逐款来源证明，供应商/原货号/拿货价留空。平台展示不证明自产/实际供给。
来源待补,HR063-A,1601943653995,https://www.alibaba.com/product-detail/Men-s-Breathable-Light-Weight-Lace_1601943653995.html,,,,,,,,,,2026-10-09,,SOURCE_EVIDENCE_MISSING,approved,Y,2026-10-07T04:25:00.978045+00:00,已核平台ID/型号/链接；没有逐款来源证明，供应商/原货号/拿货价留空。平台展示不证明自产/实际供给。
来源待补,HR063-B,1601943651966,https://www.alibaba.com/product-detail/Men-s-Shoes-Model-HR063-B_1601943651966.html,,,,,,,,,,2026-10-09,,SOURCE_EVIDENCE_MISSING,approved,Y,2026-10-07T04:25:00.978045+00:00,已核平台ID/型号/链接；没有逐款来源证明，供应商/原货号/拿货价留空。平台展示不证明自产/实际供给。
来源待补,HR063-C,1601943764325,https://www.alibaba.com/product-detail/Men-s-Shoes-Model-HR063-C_1601943764325.html,,,,,,,,,,2026-10-09,,SOURCE_EVIDENCE_MISSING,approved,Y,2026-10-07T04:25:00.978045+00:00,已核平台ID/型号/链接；没有逐款来源证明，供应商/原货号/拿货价留空。平台展示不证明自产/实际供给。
补齐历史身份（非当前在线）,HR064-A,1601943684787,,,,,,,,,,,2026-10-09,02_Alibaba运营/05_扩品工程/热榜持续扩品_2026-09-05/HR001-HR067_201条最终全链路回读.json,HISTORICAL_NOT_IN_CURRENT_REGISTER,当前未核,,2026-09-05历史回执；非本次平台观察,原供应商428行表未收录；从201条正式历史回执补齐身份，不推断删除原因或当前可操作。
补齐历史身份（非当前在线）,HR064-B,1601943716620,,,,,,,,,,,2026-10-09,02_Alibaba运营/05_扩品工程/热榜持续扩品_2026-09-05/HR001-HR067_201条最终全链路回读.json,HISTORICAL_NOT_IN_CURRENT_REGISTER,当前未核,,2026-09-05历史回执；非本次平台观察,原供应商428行表未收录；从201条正式历史回执补齐身份，不推断删除原因或当前可操作。
补齐历史身份（非当前在线）,HR064-C,1601943726572,,,,,,,,,,,2026-10-09,02_Alibaba运营/05_扩品工程/热榜持续扩品_2026-09-05/HR001-HR067_201条最终全链路回读.json,HISTORICAL_NOT_IN_CURRENT_REGISTER,当前未核,,2026-09-05历史回执；非本次平台观察,原供应商428行表未收录；从201条正式历史回执补齐身份，不推断删除原因或当前可操作。
来源待补,HR065-A,1601943738486,https://www.alibaba.com/product-detail/Men-s-Shoes-Model-HR065-A_1601943738486.html,,,,,,,,,,2026-10-09,,SOURCE_EVIDENCE_MISSING,approved,Y,2026-10-07T04:25:00.978045+00:00,已核平台ID/型号/链接；没有逐款来源证明，供应商/原货号/拿货价留空。平台展示不证明自产/实际供给。
来源待补,HR065-B,1601943703750,https://www.alibaba.com/product-detail/Men-s-Shoes-Model-HR065-B_1601943703750.html,,,,,,,,,,2026-10-09,,SOURCE_EVIDENCE_MISSING,approved,Y,2026-10-07T04:25:00.978045+00:00,已核平台ID/型号/链接；没有逐款来源证明，供应商/原货号/拿货价留空。平台展示不证明自产/实际供给。
来源待补,HR065-C,1601943717639,https://www.alibaba.com/product-detail/Men-s-Shoes-Model-HR065-C_1601943717639.html,,,,,,,,,,2026-10-09,,SOURCE_EVIDENCE_MISSING,approved,Y,2026-10-07T04:25:00.978045+00:00,已核平台ID/型号/链接；没有逐款来源证明，供应商/原货号/拿货价留空。平台展示不证明自产/实际供给。
来源待补,HR066-A,1601943734532,https://www.alibaba.com/product-detail/Women-s-Shoes-Model-HR066-A_1601943734532.html,,,,,,,,,,2026-10-09,,SOURCE_EVIDENCE_MISSING,approved,Y,2026-10-07T04:25:00.978045+00:00,已核平台ID/型号/链接；没有逐款来源证明，供应商/原货号/拿货价留空。平台展示不证明自产/实际供给。
来源待补,HR066-B,1601943708668,https://www.alibaba.com/product-detail/Women-s-Shoes-Model-HR066-B_1601943708668.html,,,,,,,,,,2026-10-09,,SOURCE_EVIDENCE_MISSING,approved,Y,2026-10-07T04:25:00.978045+00:00,已核平台ID/型号/链接；没有逐款来源证明，供应商/原货号/拿货价留空。平台展示不证明自产/实际供给。
来源待补,HR066-C,1601943670945,https://www.alibaba.com/product-detail/Women-s-Breathable-Light-Weight-Mesh_1601943670945.html,,,,,,,,,,2026-10-09,,SOURCE_EVIDENCE_MISSING,approved,Y,2026-10-07T04:25:00.978045+00:00,已核平台ID/型号/链接；没有逐款来源证明，供应商/原货号/拿货价留空。平台展示不证明自产/实际供给。
来源待补,HR067-A,1601943662995,https://www.alibaba.com/product-detail/Men-s-Breathable-Light-Weight-Walking_1601943662995.html,,,,,,,,,,2026-10-09,,SOURCE_EVIDENCE_MISSING,approved,Y,2026-10-07T04:25:00.978045+00:00,已核平台ID/型号/链接；没有逐款来源证明，供应商/原货号/拿货价留空。平台展示不证明自产/实际供给。
来源待补,HR067-B,1601943783263,https://www.alibaba.com/product-detail/Men-s-Shoes-Model-HR067-B_1601943783263.html,,,,,,,,,,2026-10-09,,SOURCE_EVIDENCE_MISSING,approved,Y,2026-10-07T04:25:00.978045+00:00,已核平台ID/型号/链接；没有逐款来源证明，供应商/原货号/拿货价留空。平台展示不证明自产/实际供给。
来源待补,HR067-C,1601943658940,https://www.alibaba.com/product-detail/Men-s-Shoes-Model-HR067-C_1601943658940.html,,,,,,,,,,2026-10-09,,SOURCE_EVIDENCE_MISSING,approved,Y,2026-10-07T04:25:00.978045+00:00,已核平台ID/型号/链接；没有逐款来源证明，供应商/原货号/拿货价留空。平台展示不证明自产/实际供给。
