"source_status","artno","sooxie_id","title_cn","price_cny","colors","sizes","listed_date","detail_url","cover_url","detail_image_count","detail_image_urls","download_pid","exact_local_model_match","review_status","next_action"
"搜鞋网在线","116","1467085","一脚蹬休闲跑步鞋【贝强工厂店】","55.00","蓝色39-45;黑白;全黑;米白;源头工厂","35;36;37;38;39;40;41;42;43;44;45","2022年8月9日","https://bqgcd.sooxie.com/detail/1467085","https://images.xiecdn.com/bqgcd/y7hqrc8sdyyfo05b27ntksyl9p1y1k75.jpg!firstwebp","25","https://images.xiecdn.com/bqgcd/4mhgu3dqm10344x9bnptarkfqb71u9k9.jpg!/format/webp;https://images.xiecdn.com/bqgcd/v1li6710n0wzwqp5tismwduvugzh8zs8.jpg!/format/webp;https://images.xiecdn.com/bqgcd/3gsg3oxaqjuytkofafxnwo5ev9an9ylm.jpg!/format/webp;https://images.xiecdn.com/bqgcd/xofdp0t11ag5ehydn0etey8c8j24jd7d.jpg!/format/webp;https://images.xiecdn.com/bqgcd/43g0x0jc89q5uxlzt7ovbjacd909u4km.jpg!/format/webp;https://images.xiecdn.com/bqgcd/k5ancedfiar2kedsip1zowlpzzem30ns.jpg!/format/webp;https://images.xiecdn.com/bqgcd/c9cavamjbgp76ss86yb4f09kudl0wd69.jpg!/format/webp;https://images.xiecdn.com/bqgcd/itg1jx30ojxfozasua7ygpznrh8us76s.jpg!/format/webp;https://images.xiecdn.com/bqgcd/3mzaowrd7y8vqaa77wc7ocfzal1l9cqy.jpg!/format/webp;https://images.xiecdn.com/bqgcd/j3m0r5ly6lkvfxtz3m0kb0gfs2kjqxdm.jpg!/format/webp;https://images.xiecdn.com/bqgcd/bcd8z7ahc9lwdhxiao8humr65tl2lyam.jpg!/format/webp;https://images.xiecdn.com/bqgcd/btt3asaprzmwglfq5kcb3otdjt265f3v.jpg!/format/webp;https://images.xiecdn.com/bqgcd/m0955hfkc3sirwfcrfcmzlehdagfjvik.jpg!/format/webp;https://images.xiecdn.com/bqgcd/zm3dx2z3cs40fi1hkktpl9aakpnue3lq.jpg!/format/webp;https://images.xiecdn.com/bqgcd/rxhnwmygq1yyypaf4b09fnb3ipus895y.jpg!/format/webp;https://images.xiecdn.com/bqgcd/cngqdwr1s8bn08kxxozzsz9c8o837wls.jpg!/format/webp;https://images.xiecdn.com/bqgcd/qvsslx55wn3zv0v7ts9t9x70i74fiuqo.jpg!/format/webp;https://images.xiecdn.com/bqgcd/adbi13n9z0czb39r5bzcz4u4kj8ym9kx.jpg!/format/webp;https://images.xiecdn.com/bqgcd/8jycrcgbe6smqoeiitpcw3houbrolqyv.jpg!/format/webp;https://images.xiecdn.com/bqgcd/fdwih90oo0n0psmzja7lglasd51b3bye.jpg!/format/webp;https://images.xiecdn.com/bqgcd/4rwc2dhd1qfs6ki1vcw885ckjjvoiqcd.jpg!/format/webp;https://images.xiecdn.com/bqgcd/9k4q82u8c9fp41vm64shpkrdktqum6a2.jpg!/format/webp;https://images.xiecdn.com/bqgcd/oen7hge1s98z3zn37pzp71c90p9sttrl.jpg!/format/webp;https://images.xiecdn.com/bqgcd/2nwqw5dkvjpxf2ngpjtqkv2m87pclzn4.jpg!/format/webp;https://images.xiecdn.com/bqgcd/1ziw3ksqsg7i881mp1mj2rpbwma1jn0g.jpg!/format/webp","1521592","False","待结构与图片去重","核验是否为独立鞋型或仅为配色/加绒/别名变体"
"搜鞋网在线","155","243736","四季款无标男女袜子鞋跨境，外贸爆款【贝强工厂店】","58.00","黑色;红色;源头工厂","35;36;37;38;39;40;41;42;43;44;45","2017年10月14日","https://bqgcd.sooxie.com/detail/243736","https://data.xiecdn.com/index/131941127429835936296430.jpg!/format/webp","19","https://images.xiecdn.com/bqgcd/67w0kw0eb71fxekfbnqmst3353lifak3.jpg!/format/webp;https://images.xiecdn.com/bqgcd/e7ux1os708m4qgv6y5c16tg6462cs855.jpg!/format/webp;https://images.xiecdn.com/bqgcd/8p0iv5jeexix0a1puj43fjyfh04poqb8.jpg!/format/webp;https://images.xiecdn.com/bqgcd/xyul33422mhvz9za2h3b66b7gbpmiiaa.jpg!/format/webp;https://images.xiecdn.com/bqgcd/c2sqf8q8pq5gv3pe3yusythj4lgannwz.jpg!/format/webp;https://images.xiecdn.com/bqgcd/ar5qyfhcbk298thtfr4549mqguu73e8n.jpg!/format/webp;https://images.xiecdn.com/bqgcd/b7qffrqvhrpxhkft9z3vbas7gwtka569.jpg!/format/webp;https://images.xiecdn.com/bqgcd/cf0qhr2phleppafa7v6vvtcvg51dgg5a.jpg!/format/webp;https://images.xiecdn.com/bqgcd/jy9ofkh34l0h54fbste12f0wp3afniw9.jpg!/format/webp;https://images.xiecdn.com/bqgcd/1rj7uzkhesf02sdn2meito7w7owkpi17.jpg!/format/webp;https://images.xiecdn.com/bqgcd/8x597y22b2qh1auyfdn0z3ls6nxa0kck.jpg!/format/webp;https://images.xiecdn.com/bqgcd/4bn92cxb29ns7km8hn71wt5mcfyrh8zq.jpg!/format/webp;https://images.xiecdn.com/bqgcd/y02qb1mexun57d0w5xlac4erj2309y0t.jpg!/format/webp;https://images.xiecdn.com/bqgcd/wa8y5n97o32fp3jhctgk562cvkzg0q3s.jpg!/format/webp;https://images.xiecdn.com/bqgcd/dykiwg56qo28n1igmvjurhb9sockqxdz.jpg!/format/webp;https://images.xiecdn.com/bqgcd/udkmenvxiqmzt9tloj4lero5o4aiyvmm.jpg!/format/webp;https://images.xiecdn.com/bqgcd/uayqqzp5rk4icoxsf3f7xk1q0tazvisz.jpg!/format/webp;https://images.xiecdn.com/bqgcd/acu0wacmprypzxc6i798z52g0ki6av1i.jpg!/format/webp;https://images.xiecdn.com/bqgcd/ax56it72i0ne1x2phen0sb1usp0ivpad.jpg!/format/webp","614668","False","待结构与图片去重","核验是否为独立鞋型或仅为配色/加绒/别名变体"
"搜鞋网在线","1689","930498","一脚蹬套脚易穿脱休闲健身鞋跑步鞋【贝强工厂店】","50.00","黑白;灰色;全黑;源头工厂","39;40;41;42;43;44;45","2020年9月1日","https://bqgcd.sooxie.com/detail/930498","https://images.xiecdn.com/bqgcd/qy6piib5csh3qsocuxxz68t8c8wskvq8.jpg!firstwebp","25","https://images.xiecdn.com/bqgcd/1a9xrc3kypmol1ulyi61gmbpcwby0rjy.jpg!/format/webp;https://images.xiecdn.com/bqgcd/asyvcb5flan9nkxned2ew2ftvvhtdvv0.jpg!/format/webp;https://images.xiecdn.com/bqgcd/1p6udtqw1lwy6w9wxzixgvcuqpot0ulr.jpg!/format/webp;https://images.xiecdn.com/bqgcd/ftpes30xdg0k76xjlh6skiwj109oz7jd.jpg!/format/webp;https://images.xiecdn.com/bqgcd/pru1l5az2w4hng9catw9123ryd2kwqkw.jpg!/format/webp;https://images.xiecdn.com/bqgcd/yo22y5axu64gr6ddottxnxfprm8ytz3i.jpg!/format/webp;https://images.xiecdn.com/bqgcd/rhrcp5seizdgelf8e1rlu12mt4eh9c9y.jpg!/format/webp;https://images.xiecdn.com/bqgcd/00wtp47wl5sl6fj6xtdglueoa3vnhs6h.jpg!/format/webp;https://images.xiecdn.com/bqgcd/3lcf2fz4ip74hoh2orf5pg85p4ol764m.jpg!/format/webp;https://images.xiecdn.com/bqgcd/1fn2qmn3fkdarvbixzq47ksyvr4y6gun.jpg!/format/webp;https://images.xiecdn.com/bqgcd/f969mzmngqjze28bjel0vjsia6rx64lt.jpg!/format/webp;https://images.xiecdn.com/bqgcd/bx0epyyg0uicygsyn1y0vlgsyh940bzw.jpg!/format/webp;https://images.xiecdn.com/bqgcd/6yt3a5v31ccgayejads6m0h3ftvjguvo.jpg!/format/webp;https://images.xiecdn.com/bqgcd/78hrhnv3z7h3qzgx463ubnxhdcish5ia.jpg!/format/webp;https://images.xiecdn.com/bqgcd/xaegza32u7tx25e3ufjhdugkmm0m34mp.jpg!/format/webp;https://images.xiecdn.com/bqgcd/byju96tffhlc5x9zp748shwsoo8bxajz.jpg!/format/webp;https://images.xiecdn.com/bqgcd/tp7padecj2vyq05lpb6c9dqtt2h8f1a0.jpg!/format/webp;https://images.xiecdn.com/bqgcd/hx43s47lmbe7vfpmwtbw65bnnd6muou3.jpg!/format/webp;https://images.xiecdn.com/bqgcd/xvrnn0y43ebyfpop5v788253qfgi4xj2.jpg!/format/webp;https://images.xiecdn.com/bqgcd/ip8rfrpsqab3zm1uacuiec5j5kmp0fn4.jpg!/format/webp;https://images.xiecdn.com/bqgcd/wf80viwt7cb3e51jbjhm3cy05x4wfjdz.jpg!/format/webp;https://images.xiecdn.com/bqgcd/455vx8kqj5sjt7200v8635o5kc5mrjo9.jpg!/format/webp;https://images.xiecdn.com/bqgcd/g2r4yihqi6rpnxlmwn1jqb8e66u68pin.jpg!/format/webp;https://images.xiecdn.com/bqgcd/iuowu26b5l76fy46uhwsaa82f2710za0.jpg!/format/webp;https://images.xiecdn.com/bqgcd/kgpdp0ahs4zc6hpo2fyv2lavan00ciob.jpg!/format/webp","989065","False","待结构与图片去重","核验是否为独立鞋型或仅为配色/加绒/别名变体"
"搜鞋网在线","18","1495234","冬季高帮加绒袜子鞋男女百搭一脚蹬【贝强工厂店】","55.00","黑白;全黑;黑白加绒+2元;全黑加绒+2元;源头工厂","35;36;37;38;39;40;41;42;43;44;45","2022年9月6日","https://bqgcd.sooxie.com/detail/1495234","https://images.xiecdn.com/bqgcd/al9gtp9l1gl8rudl67hoyvonuc36d63q.JPG!firstwebp","19","https://images.xiecdn.com/bqgcd/caj3p8gof5qi8bjj1u2hcfm29jiughey.jpg!/format/webp;https://images.xiecdn.com/bqgcd/a9yjfbrhnfqptyj1csqa1socgc7hubgw.jpg!/format/webp;https://images.xiecdn.com/bqgcd/ao685p7mebze8gywif4pclyfgnu7c8on.JPG!/format/webp;https://images.xiecdn.com/bqgcd/tu93bc6cczbfpgv9s5g7zx9dc4qnu3ss.JPG!/format/webp;https://images.xiecdn.com/bqgcd/yli2ezmwx3erfvm2jtsux9zhmwfrksfe.JPG!/format/webp;https://images.xiecdn.com/bqgcd/jlbd0ntgtqdkzwdxewv2xrrjm9u98z5v.JPG!/format/webp;https://images.xiecdn.com/bqgcd/62bn2153u1a6hg70tk10ukjoakti80ko.JPG!/format/webp;https://images.xiecdn.com/bqgcd/zkeig0iswz3csb55h4yk5xvd4r1vh2w0.JPG!/format/webp;https://images.xiecdn.com/bqgcd/tmnbcgom1fxgqkc92cybopbdrzdljddy.JPG!/format/webp;https://images.xiecdn.com/bqgcd/cpymttfj7aszsbzjdiwqywbtt87lw31s.JPG!/format/webp;https://images.xiecdn.com/bqgcd/xsrnnkj8p59gcb13wksc1mqxofwfflg7.JPG!/format/webp;https://images.xiecdn.com/bqgcd/7navk5pvbd4ga9hnjok4so0ihrts37bc.JPG!/format/webp;https://images.xiecdn.com/bqgcd/7hcudanfzxoqfu05adru3ft759jb0703.JPG!/format/webp;https://images.xiecdn.com/bqgcd/0o0weguern8nt699j59jbw3dj8vbn52y.JPG!/format/webp;https://images.xiecdn.com/bqgcd/mm9oxqj2kfk9fwaqclz4t33rb9qwmmdm.JPG!/format/webp;https://images.xiecdn.com/bqgcd/0tvjcc7beht1og0tj69ttxysixgxha3j.JPG!/format/webp;https://images.xiecdn.com/bqgcd/sgc80qrb4wf0dqzavegjbkb3q21d717o.JPG!/format/webp;https://images.xiecdn.com/bqgcd/6uie2by25dlr8rbo4lxz02gesm2rhl12.JPG!/format/webp;https://images.xiecdn.com/bqgcd/9qarlfvn2uwwexqzkdxi0bpn0ny4mv1u.jpg!/format/webp","1549741","False","待结构与图片去重","核验是否为独立鞋型或仅为配色/加绒/别名变体"
"搜鞋网在线","188","189473","高帮袜子鞋橡筋面料PU大底【永不断货】","55.00","全黑;黑白;奥利奥","35;36;37;38;39;40;41;42;43;44;45","2017年7月6日","https://bqgcd.sooxie.com/detail/189473","https://data.xiecdn.com/index/131445252831093750103170.jpg!/format/webp","20","https://images.xiecdn.com/upload/20170706151610750047379236.jpg!/format/webp;https://images.xiecdn.com/upload/20170706151611687582323946.jpg!/format/webp;https://images.xiecdn.com/upload/20170706151612703144017848.jpg!/format/webp;https://images.xiecdn.com/upload/20170706151613562529788050.jpg!/format/webp;https://images.xiecdn.com/upload/20170706151614265694783925.jpg!/format/webp;https://images.xiecdn.com/upload/20170706151615484308816608.jpg!/format/webp;https://images.xiecdn.com/upload/20170706151616984346787891.jpg!/format/webp;https://images.xiecdn.com/upload/20170706151617984372102080.jpg!/format/webp;https://images.xiecdn.com/upload/20170706151619078105395803.jpg!/format/webp;https://images.xiecdn.com/upload/20170706151619640630847692.jpg!/format/webp;https://images.xiecdn.com/upload/20170706151620140643504786.jpg!/format/webp;https://images.xiecdn.com/upload/20170706151620890662490428.jpg!/format/webp;https://images.xiecdn.com/upload/20170706151621578168681276.jpg!/format/webp;https://images.xiecdn.com/upload/20170706151622218743307671.jpg!/format/webp;https://images.xiecdn.com/bqgcd/1dphwpde9e3olqeabuflpo11etqutmpn.jpg!/format/webp;https://images.xiecdn.com/bqgcd/n4ew5ifp63q5ga6kbq5m5zvmapn3zj7f.jpg!/format/webp;https://images.xiecdn.com/bqgcd/tzy1ws6lz1alocbzzr6963nczi4sjyjp.jpg!/format/webp;https://images.xiecdn.com/bqgcd/ruj06fppy9e7rzea4xu74ylqbexk97s7.jpg!/format/webp;https://images.xiecdn.com/bqgcd/3iw602uy7ytglmfuielb6mjwrrfd00qr.jpg!/format/webp;https://images.xiecdn.com/bqgcd/pqxyi1pjz0bn1cudc9mhxdjbo184vyyp.jpg!/format/webp","605742","False","待结构与图片去重","核验是否为独立鞋型或仅为配色/加绒/别名变体"
"搜鞋网在线","1888","434234","速卖通，外贸跨境爆款无标四季袜子鞋","55.00","无标黑白;无标全黑;无标白底绒;无标黑底绒;加绒+3元","35;36;37;38;39;40;41;42;43;44;45","2018年10月23日","https://bqgcd.sooxie.com/detail/434234","https://data.xiecdn.com/index/131941130215366878362028.jpg!/format/webp","43","https://images.xiecdn.com/bqgcd/f7likqph5p7euk5ire36iijke9p8i8zj.jpg!/format/webp;https://images.xiecdn.com/bqgcd/hoisx4q3snplii1rlomwxjaebmmajdv7.jpg!/format/webp;https://images.xiecdn.com/bqgcd/uynkhdock1709idzj73m8f41qksto9yx.jpg!/format/webp;https://images.xiecdn.com/bqgcd/1b12iw54889v6arragdxl9ogn7axovig.jpg!/format/webp;https://images.xiecdn.com/bqgcd/9bw1ha57ttnzgddib3wlh1d0bu3y5eqr.jpg!/format/webp;https://images.xiecdn.com/bqgcd/1wes7ycbehj8s43cyy0ip6s5cmffdbka.jpg!/format/webp;https://images.xiecdn.com/bqgcd/ol8swrcwipx86jcrm157zvremm512qne.jpg!/format/webp;https://images.xiecdn.com/bqgcd/q1uwmvmifx1amy91w4lhhazbx70bonn7.jpg!/format/webp;https://images.xiecdn.com/bqgcd/rvqy8ptr6idlq0ywx9wboiefjngr68bv.jpg!/format/webp;https://images.xiecdn.com/bqgcd/bzyk525x69hnprjhkxk4ywo97atjxpvc.jpg!/format/webp;https://images.xiecdn.com/bqgcd/5afbu61uf93cplz7lwc4su6y5q0htxev.jpg!/format/webp;https://images.xiecdn.com/bqgcd/3x5beh92rsonedq1spfje9a9fctf9kqc.jpg!/format/webp;https://images.xiecdn.com/bqgcd/5g8hp4trm032irucoqh1iliaz0pi4p92.jpg!/format/webp;https://images.xiecdn.com/bqgcd/lkmqdpodl0a842cqpwthh1ovoes6e208.jpg!/format/webp;https://images.xiecdn.com/bqgcd/vgz7b9nubl3xhgufxjpdvefiqqrepswc.jpg!/format/webp;https://images.xiecdn.com/bqgcd/684zvy9ddpydnn6xeoy3ousthsfpn5hg.jpg!/format/webp;https://images.xiecdn.com/bqgcd/9rvtmynj024w9zyugm5fvlmgi9cu8m53.jpg!/format/webp;https://images.xiecdn.com/bqgcd/z78lrj0n56fg66h92hkhiswxm3you9rl.jpg!/format/webp;https://images.xiecdn.com/bqgcd/xr0fkxfdz31wccgtyhpakpjglgom9gzi.jpg!/format/webp;https://images.xiecdn.com/bqgcd/iawl6hv7121fl8b6h55ytqu045gxj0xm.jpg!/format/webp;https://images.xiecdn.com/bqgcd/q8qcs0a6cktydyksnpi07cdejfe7mjmo.jpg!/format/webp;https://images.xiecdn.com/bqgcd/rp2zyktz6a6d7is25e7ncu9wj744egac.jpg!/format/webp;https://images.xiecdn.com/bqgcd/6i0oexgsjbjemi2k8303pybo5r54g6ot.jpg!/format/webp;https://images.xiecdn.com/bqgcd/256h8lww75pmvi9uqssiqaidn8tqalea.jpg!/format/webp;https://images.xiecdn.com/bqgcd/h97f1xdw0cw14dt4nskfsyoggydaa2lu.jpg!/format/webp;https://images.xiecdn.com/bqgcd/o8a3ruwjxdesx0lo4ukp5qzwo5m28o9j.jpg!/format/webp;https://images.xiecdn.com/bqgcd/8ljnng1oc9co2mj4imuk2ocr9774p8yk.jpg!/format/webp;https://images.xiecdn.com/bqgcd/5r0q3bolfayz1mii2obx0q2jk8nv87r9.jpg!/format/webp;https://images.xiecdn.com/bqgcd/l6aop8unuh6wh6b6h04v7vib6m500tco.jpg!/format/webp;https://images.xiecdn.com/bqgcd/3ddl6j2bu1716uetd8odp0624glt2iof.jpg!/format/webp;https://images.xiecdn.com/bqgcd/8o3lk2f131vgq16s38p64ttyryhosufc.jpg!/format/webp;https://images.xiecdn.com/bqgcd/0wg3z27lcpwi0aokp5tab4aj12bra70n.jpg!/format/webp;https://images.xiecdn.com/bqgcd/2nzgngep2poxavd2kmlpj1jw2rl7p7r3.jpg!/format/webp;https://images.xiecdn.com/bqgcd/ospxycvq9wbgjzet7xg4qupdpwvyfik1.jpg!/format/webp;https://images.xiecdn.com/bqgcd/7d1033qtt1ljcznapvz4r3uvgqayd02k.jpg!/format/webp;https://images.xiecdn.com/bqgcd/ue5lbtc8kuv5ba2eeva7ntr43h37vknx.jpg!/format/webp;https://images.xiecdn.com/bqgcd/dkl4lhn06gon9zqjdcrq9y2l3cnpjbuy.jpg!/format/webp;https://images.xiecdn.com/bqgcd/ctxcko00d0nub568o7xxnykeh0hjwzc0.jpg!/format/webp;https://images.xiecdn.com/bqgcd/myy44i3l4ntrewraq797lko0sy0kssqo.jpg!/format/webp;https://images.xiecdn.com/bqgcd/sij15mlyqt0je35tqr70btzjji3mko7n.jpg!/format/webp;https://images.xiecdn.com/bqgcd/ml6sep7lpcp7vx8t82os61klcypoox7m.jpg!/format/webp;https://images.xiecdn.com/bqgcd/qvl5hchelvmsblwq5c112bfjslzxcrpe.jpg!/format/webp;https://images.xiecdn.com/bqgcd/fwnay3bzly6jco5peyi3h0aeo9fmde7t.jpg!/format/webp","660657","False","待结构与图片去重","核验是否为独立鞋型或仅为配色/加绒/别名变体"
"搜鞋网在线","202","1675251","2023夏季新款一脚蹬男女童鞋套脚鞋","50.00","黑白金;宝蓝金;紫色金","31;32;33;34;35;36;37;38;39;40","2023年5月13日","https://bqgcd.sooxie.com/detail/1675251","https://images.xiecdn.com/bqgcd/ns7t36jte5yrywh41yfc6acik61fkgae.jpg!firstwebp","23","https://images.xiecdn.com/bqgcd/amtjr3tioxys450map655edpmtu76bbc.jpg!/format/webp;https://images.xiecdn.com/bqgcd/thdqzz1jvdff0128yb89yfingwej50a7.jpg!/format/webp;https://images.xiecdn.com/bqgcd/tsmko0sv51ut5tso4ggo0nyxmviyeoqe.jpg!/format/webp;https://images.xiecdn.com/bqgcd/2wcbnzvfwyqljz1jn4h4mrjucqg96ks2.jpg!/format/webp;https://images.xiecdn.com/bqgcd/pfhh0k43dawaur0pqcheaoseu95b4qe8.jpg!/format/webp;https://images.xiecdn.com/bqgcd/2kb5u01qdh80er4qld82phvxzcwdegf5.jpg!/format/webp;https://images.xiecdn.com/bqgcd/xfsff2g8abynd7cqxkrprkq1tbzk46x2.jpg!/format/webp;https://images.xiecdn.com/bqgcd/lsvcznt47vxxi8d1h2bygdegd04o5qtd.jpg!/format/webp;https://images.xiecdn.com/bqgcd/eebqlikfglbcwqp6phsaeromah27whi1.jpg!/format/webp;https://images.xiecdn.com/bqgcd/bth67aov86ejo3rqhmdwt8zizlr7v68o.jpg!/format/webp;https://images.xiecdn.com/bqgcd/46ahpoi4gi7eu8hig8vj4sfaw2101cem.jpg!/format/webp;https://images.xiecdn.com/bqgcd/mh8d1arvr2d1rr2i5eq02vfl9xkxhqsg.jpg!/format/webp;https://images.xiecdn.com/bqgcd/e7fxv28akf75f3suhwu3kfdem553t3qs.jpg!/format/webp;https://images.xiecdn.com/bqgcd/90p0wva4nzdkfb1mvlsfzpc2z8ylfvd2.jpg!/format/webp;https://images.xiecdn.com/bqgcd/vzwrn5r742ns401offnyasrexbj5w24w.jpg!/format/webp;https://images.xiecdn.com/bqgcd/xog1fhdll87wtv995rhlxb1ydxrncpcm.jpg!/format/webp;https://images.xiecdn.com/bqgcd/3lakghuvy0v8hugaorvbbel0g9bqxjc6.jpg!/format/webp;https://images.xiecdn.com/bqgcd/qpb5fybwkjzan5tppdvuv5it3hxh3rk0.jpg!/format/webp;https://images.xiecdn.com/bqgcd/tp0xpnq3bfmjcewesbpsxmrffctloj3r.jpg!/format/webp;https://images.xiecdn.com/bqgcd/z5f6eflob5tqemc4lj7oi6u4oyoa9xle.jpg!/format/webp;https://images.xiecdn.com/bqgcd/fu16e6zcf374bj8w4g6g0r607x6xnlg6.jpg!/format/webp;https://images.xiecdn.com/bqgcd/pcgcscfvqcg4c0zlubef4zx5ufejic8d.jpg!/format/webp;https://images.xiecdn.com/bqgcd/clqwru2djk3l5hhyx0syzqt0fe0dddd6.jpg!/format/webp","1740159","False","待结构与图片去重","核验是否为独立鞋型或仅为配色/加绒/别名变体"
"搜鞋网在线","206","1397685","一脚蹬男女健步休闲鞋【贝强工厂店】","55.00","黑白;米白;全黑;源头工厂","35;36;37;38;39;40;41;42;43;44;45","2022年5月9日","https://bqgcd.sooxie.com/detail/1397685","https://images.xiecdn.com/bqgcd/57h90ijdc2jd0zdg48jmznkaa8x22jf1.jpg!firstwebp","19","https://images.xiecdn.com/bqgcd/bj7iaijmaz72nct81vq23idkcmr4s66q.jpg!/format/webp;https://images.xiecdn.com/bqgcd/lkk7vnkm16qx9nucoofdigj7zw63scln.jpg!/format/webp;https://images.xiecdn.com/bqgcd/xk68nqgl20o3qkhcxg26s99mrhdqnflu.jpg!/format/webp;https://images.xiecdn.com/bqgcd/lv0bu98iy2u0hjq0aiqjlt4qlsdjtgl9.jpg!/format/webp;https://images.xiecdn.com/bqgcd/92c6a9z61e4kdfbxjo4kfzrahq031bkf.jpg!/format/webp;https://images.xiecdn.com/bqgcd/rjjpmu95ur3cismfafpv6vkznj3yo771.jpg!/format/webp;https://images.xiecdn.com/bqgcd/owsab0funcht9r1j5rb25xseve4bmuyb.jpg!/format/webp;https://images.xiecdn.com/bqgcd/amp8urdm6r8537333vx3yml3eu71amm5.jpg!/format/webp;https://images.xiecdn.com/bqgcd/mkkeeesbm5s3cgq7oeomchp07him63d3.jpg!/format/webp;https://images.xiecdn.com/bqgcd/zr47q7jbwovmt0ra96yhuzrwz2nm3nag.jpg!/format/webp;https://images.xiecdn.com/bqgcd/ff8aoasjalrjapzhzlin722gobhn8zbz.jpg!/format/webp;https://images.xiecdn.com/bqgcd/ipqvviyfgwnacu33tnzbayv4bjsafcc6.jpg!/format/webp;https://images.xiecdn.com/bqgcd/k0r36dhbk3fdthlmuldi89y31ug35tn6.jpg!/format/webp;https://images.xiecdn.com/bqgcd/a9d4vcov1rx8v3ee6r8txpkjnp8dgdkp.jpg!/format/webp;https://images.xiecdn.com/bqgcd/beihmjpdbwtu24sisqx6u9hbw7ko24xj.jpg!/format/webp;https://images.xiecdn.com/bqgcd/4nmo7p6l4bifprjsngqg9gid0rjnelz3.jpg!/format/webp;https://images.xiecdn.com/bqgcd/csl37o05mudei3t5555tya4gf9w7bgyl.jpg!/format/webp;https://images.xiecdn.com/bqgcd/bv64sedgciqdj74pc3gj46borl49q413.jpg!/format/webp;https://images.xiecdn.com/bqgcd/y5or08ytn5j85uifhfvbgvy4uo64fw24.jpg!/format/webp","1452190","False","待结构与图片去重","核验是否为独立鞋型或仅为配色/加绒/别名变体"
"搜鞋网在线","208","1639140","2023新款一脚蹬男女休闲跑步鞋情侣鞋","53.00","灰绿;黑白;全黑;斑马","35;36;37;38;39;40;41;42;43;44;45","2023年4月2日","https://bqgcd.sooxie.com/detail/1639140","https://images.xiecdn.com/bqgcd/7x6x2xdsjg1gtcbe87tslwwj5wz74b68.jpg!firstwebp","30","https://images.xiecdn.com/bqgcd/9lr82v7zahfdrdcs5ssbx977njamxkim.jpg!/format/webp;https://images.xiecdn.com/bqgcd/herycozf5qnpn3ov2nd50ukolis5gnjk.jpg!/format/webp;https://images.xiecdn.com/bqgcd/rqim1gqy6w681ofloeigrod50hxugvan.jpg!/format/webp;https://images.xiecdn.com/bqgcd/if03v4rm1yv00l2ctiauu7kg06t6dkoy.jpg!/format/webp;https://images.xiecdn.com/bqgcd/snzy7kmnm78b98yzpf3n4g28st1v615e.jpg!/format/webp;https://images.xiecdn.com/bqgcd/5hpu3nxaa3t2qvur5nt5d6fs256rqeoh.jpg!/format/webp;https://images.xiecdn.com/bqgcd/nhc8ih1piriih624fczdei7p07rd5p0y.jpg!/format/webp;https://images.xiecdn.com/bqgcd/xw8n7j3v75mdtiapf4lziwqajbtkqvyy.jpg!/format/webp;https://images.xiecdn.com/bqgcd/vey4252v64ybyjnctex7f4voc86iedj1.jpg!/format/webp;https://images.xiecdn.com/bqgcd/i5q927wvpn8feudk5dzyysuy2f3g1hg7.jpg!/format/webp;https://images.xiecdn.com/bqgcd/414l4ci2mtj2mo9luopy0x1h03cd9nn5.jpg!/format/webp;https://images.xiecdn.com/bqgcd/6zdb0u4tton8ayg9b1m8yz4k78tv0obd.jpg!/format/webp;https://images.xiecdn.com/bqgcd/xq64yjnul74ipaj1jytauqhhyz385guk.jpg!/format/webp;https://images.xiecdn.com/bqgcd/d4nxcl81c63tgk16bsvhj7dbaib02ewy.jpg!/format/webp;https://images.xiecdn.com/bqgcd/6ffnp9h7m8v567d8i7g0lasn6j194rzg.jpg!/format/webp;https://images.xiecdn.com/bqgcd/7r9c29prnsmca81tja1vwgb63n6u1kbx.jpg!/format/webp;https://images.xiecdn.com/bqgcd/jipa3tn02rd5ykpgld7ztsonscqnb5xm.jpg!/format/webp;https://images.xiecdn.com/bqgcd/tinlcp4rt2ot3klleyq0d5c62g8oaimd.jpg!/format/webp;https://images.xiecdn.com/bqgcd/gyx8vwti058xhbbktojwf99hh3wwxxgn.jpg!/format/webp;https://images.xiecdn.com/bqgcd/1q2t7gqjcfu1tb19s49kcvvdm8wsxva6.jpg!/format/webp;https://images.xiecdn.com/bqgcd/7sdc1dks6yf70qi24o9kf10mi2bhrrmy.jpg!/format/webp;https://images.xiecdn.com/bqgcd/hy6ouso0kn36ycawg67hru9u3qqobdrg.jpg!/format/webp;https://images.xiecdn.com/bqgcd/eu5os7lttkk2c1r1nndgu8peiybsnjd6.jpg!/format/webp;https://images.xiecdn.com/bqgcd/pijqdkah27cywfg3dfqzvt2h4s57a93x.jpg!/format/webp;https://images.xiecdn.com/bqgcd/uq4jvegnna70k9k4ga9k486tj44zpct8.jpg!/format/webp;https://images.xiecdn.com/bqgcd/bkhninhfkgf6ykpj3ck3zg4dlpetgklc.jpg!/format/webp;https://images.xiecdn.com/bqgcd/uqhi3mvsxxjuve03tz7hqsmbcx1kz1ap.jpg!/format/webp;https://images.xiecdn.com/bqgcd/b27tgrxo26qfepfjfcyschidr6o2fgia.jpg!/format/webp;https://images.xiecdn.com/bqgcd/c9p1cd4fdqj2wb9jby4v36gi0q0q9vdp.jpg!/format/webp;https://images.xiecdn.com/bqgcd/fc2tve87mjg85z41evslzi0eat8pnljm.jpg!/format/webp","1701695","False","待结构与图片去重","核验是否为独立鞋型或仅为配色/加绒/别名变体"
"搜鞋网在线","2206","1641880","2023新款男女情侣休闲健步跑鞋一脚蹬运动鞋","55.00","灰绿;黑白;全黑;米白","35;36;37;38;39;40;41;42;43;44;45","2023年4月6日","https://bqgcd.sooxie.com/detail/1641880","https://images.xiecdn.com/bqgcd/cmuvra8q8msicmucqfzss1xvuhbvdebb.jpg!firstwebp","30","https://images.xiecdn.com/bqgcd/9qph04ta8mzvscv6wqtv52m4m3n2mylx.jpg!/format/webp;https://images.xiecdn.com/bqgcd/tvzanol7gblsgi2q031a3jyw2bfwjjsg.jpg!/format/webp;https://images.xiecdn.com/bqgcd/90nlbirtirr40kjpx2yc0dpfx1m5shnd.jpg!/format/webp;https://images.xiecdn.com/bqgcd/2m314ts36my1079hrcvfht2xcy0l72mb.jpg!/format/webp;https://images.xiecdn.com/bqgcd/0w1dsznezlao1bwdlqcafgmjcqba5bof.jpg!/format/webp;https://images.xiecdn.com/bqgcd/zh9t41g22349stnnpvn04ygypuuoqlvh.jpg!/format/webp;https://images.xiecdn.com/bqgcd/ing9a7n333p25sq1w10p5tljkagatkoe.jpg!/format/webp;https://images.xiecdn.com/bqgcd/d7kmg6syabwzjudtw5oq3sp6wm4cli83.jpg!/format/webp;https://images.xiecdn.com/bqgcd/hkw6ky1wqpue0aukq880cop7ynmnih00.jpg!/format/webp;https://images.xiecdn.com/bqgcd/bcjlqomwdl97g6gxil1iuf0l4wgjil33.jpg!/format/webp;https://images.xiecdn.com/bqgcd/fcodryuylzjxpcox2fyt9herfa9ijyif.jpg!/format/webp;https://images.xiecdn.com/bqgcd/w5texuqxtqdad2uezqru26dox0llr1sy.jpg!/format/webp;https://images.xiecdn.com/bqgcd/ass2ap59ztpu5do4clwqazdod7lpazn1.jpg!/format/webp;https://images.xiecdn.com/bqgcd/m3q8ayo3qcmytigiyalyu3nvwl7mpzom.jpg!/format/webp;https://images.xiecdn.com/bqgcd/fa1q5xcqyqe9dc5qqco86xu2sglai99k.jpg!/format/webp;https://images.xiecdn.com/bqgcd/n9ghnqqm4hzlmach2ka3kqab5e0fhgad.jpg!/format/webp;https://images.xiecdn.com/bqgcd/tdbilvkbvecbc63ii1mp9v8j75q9xo9k.jpg!/format/webp;https://images.xiecdn.com/bqgcd/s2ezlc8edtjjicmo4ha2cgoncdl6tzwb.jpg!/format/webp;https://images.xiecdn.com/bqgcd/a1ve7todhkx1a6k1dx90vg0w5uhpalu2.jpg!/format/webp;https://images.xiecdn.com/bqgcd/aay6rhhsbvojfgbld4kiazp5ul9dlo79.jpg!/format/webp;https://images.xiecdn.com/bqgcd/q03yr0nzs1g8vva8h2w4718r7b3er4y8.jpg!/format/webp;https://images.xiecdn.com/bqgcd/sp91r8ov3al8scmnoatw7ctk7pnmd811.jpg!/format/webp;https://images.xiecdn.com/bqgcd/j8dnxiuu7ta41awjiqkofxddxgtflb9p.jpg!/format/webp;https://images.xiecdn.com/bqgcd/iww0gqluaz2o1piimr49jf65ghh5m3kt.jpg!/format/webp;https://images.xiecdn.com/bqgcd/12fl6mt3fygdjquml5g2mcghr5aea02v.jpg!/format/webp;https://images.xiecdn.com/bqgcd/amp71oqi5ypmu3am2v6f58jjmlbwrkjk.jpg!/format/webp;https://images.xiecdn.com/bqgcd/db6tqt6snszn7yritaxrdzoh9mszscqt.jpg!/format/webp;https://images.xiecdn.com/bqgcd/v0eo550aaq1p52dndjruk8womitvllb2.jpg!/format/webp;https://images.xiecdn.com/bqgcd/ns9wg163eqbym3uj7lbw6iqooia88urn.jpg!/format/webp;https://images.xiecdn.com/bqgcd/47ryf3iz9yn7u2bgpflucy13ak62kvtc.jpg!/format/webp","1704582","False","待结构与图片去重","核验是否为独立鞋型或仅为配色/加绒/别名变体"
"搜鞋网在线","558","189461","低帮袜子鞋橡筋面料百搭潮流【贝强工厂店】","53.00","黑白;全黑;红色;枪色;奥利奥;源头工厂","35;36;37;38;39;40;41;42;43;44;45","2017年7月6日","https://bqgcd.sooxie.com/detail/189461","https://data.xiecdn.com/index/131730117210816893364694.JPG!/format/webp","30","https://images.xiecdn.com/bqgcd/0qcpl4f78ttkgd7idcxjj6i22i58quzq.jpg!/format/webp;https://images.xiecdn.com/bqgcd/tza110u7xpld4z52dz18lz3p2he9pjw4.jpg!/format/webp;https://images.xiecdn.com/bqgcd/35vkrache9of2vb0wsm4ph4vodxofe2m.jpg!/format/webp;https://images.xiecdn.com/bqgcd/lrkok3qz3ldt2l2sf1trzm0b208xahcy.jpg!/format/webp;https://images.xiecdn.com/bqgcd/jtmbfcg6v3yjwmlhlg5dax3rphi9j334.jpg!/format/webp;https://images.xiecdn.com/bqgcd/vdns0sj3cow0mri1e81k9nz68heaptj7.jpg!/format/webp;https://images.xiecdn.com/bqgcd/t81i9fubp72sqc3j97nvg9hshttznl3f.jpg!/format/webp;https://images.xiecdn.com/bqgcd/2zmntne6qhzgdcx2678hdhx2vbxh9orv.jpg!/format/webp;https://images.xiecdn.com/bqgcd/jcmxskm4sy0va3k35wn4fa5mnvy019pj.jpg!/format/webp;https://images.xiecdn.com/bqgcd/4gb3iqt7ut1rydvrbipx7dsrvb66j8vb.jpg!/format/webp;https://images.xiecdn.com/bqgcd/qi6d1j04gd0d8tc2ocljblg0aok16i2w.jpg!/format/webp;https://images.xiecdn.com/bqgcd/by33oj24gazwdkjqwi19bjp5a0f1espo.jpg!/format/webp;https://images.xiecdn.com/bqgcd/z5qck9mplhezjhsalc7fwgug288lko8u.jpg!/format/webp;https://images.xiecdn.com/bqgcd/fa4ev2rezg1ffgb8h9x70wrr8tyitvta.jpg!/format/webp;https://images.xiecdn.com/bqgcd/inwzd2ff7kl79pgy0umgdh8bpl7rr0i0.jpg!/format/webp;https://images.xiecdn.com/bqgcd/5yaghrf7qlzawma46ry2c9hh2hqdope7.jpg!/format/webp;https://images.xiecdn.com/bqgcd/q1ka9abxxr0ckiwvhc11a7obbrfz105d.jpg!/format/webp;https://images.xiecdn.com/bqgcd/xxgupw7im1evsm4rp6s07g73vzjoh6ec.jpg!/format/webp;https://images.xiecdn.com/bqgcd/0sw8hpxiqqbra7xv8gn7no6xnjzrh8im.jpg!/format/webp;https://images.xiecdn.com/bqgcd/3g8s3uu1wdbkp3we4cvuvomxrjthn0s9.jpg!/format/webp;https://images.xiecdn.com/bqgcd/jxd7ae16hdcv2mfnk0bw3k3levkd0qnq.jpg!/format/webp;https://images.xiecdn.com/bqgcd/ujdazaclt68pn4goma9kdhvzoud1k7q1.jpg!/format/webp;https://images.xiecdn.com/bqgcd/snatqwye5zy61quv7vrh7rp4t1ewkv3t.jpg!/format/webp;https://images.xiecdn.com/bqgcd/8opquvar81iez6jfjg6etnmunw0tpcg3.jpg!/format/webp;https://images.xiecdn.com/bqgcd/8zx3d94pw7ywfxb464suojnly3vr9twe.jpg!/format/webp;https://images.xiecdn.com/bqgcd/yfw5pcu3hlxztr7m7h1zvfs89y9s261i.jpg!/format/webp;https://images.xiecdn.com/bqgcd/fcd2nljsysp340ex0kmo3qr89hyns1bu.jpg!/format/webp;https://images.xiecdn.com/bqgcd/jmp21l8o5gbfs8grcy4ydvj9qyhhhkj9.jpg!/format/webp;https://images.xiecdn.com/bqgcd/s9kaehy3maefwxz6gy64llz4hg7ba6v6.jpg!/format/webp;https://images.xiecdn.com/bqgcd/by8yz7oo1n3b6lvd41o80owbb6cc5jst.jpg!/format/webp","605740","False","待结构与图片去重","核验是否为独立鞋型或仅为配色/加绒/别名变体"
"搜鞋网在线","5836","1731925","2023秋季新款一脚蹬懒人鞋情侣款【贝强工厂店】","53.00","黑白;全黑;灰色;枣红","35;36;37;38;39;40;41;42;43;44;45","2023年8月16日","https://bqgcd.sooxie.com/detail/1731925","https://images.xiecdn.com/bqgcd/t2z3ypfipzaa36ehqntvyzpbmxu1ht8p.jpg!firstwebp","30","https://images.xiecdn.com/bqgcd/ypjmz02k5owgbmllfnyf4hg3er8rzfcj.jpg!/format/webp;https://images.xiecdn.com/bqgcd/ye0jxdkblbl4qn9tpcafpca1xaozjygw.jpg!/format/webp;https://images.xiecdn.com/bqgcd/x6nui2vw8sf1sjq36migcuyyw8fi2kks.jpg!/format/webp;https://images.xiecdn.com/bqgcd/o3taj8zwnxae88t0zk5mln28quxcm5u0.jpg!/format/webp;https://images.xiecdn.com/bqgcd/ae1y4hh7pabe3wkz9weo1rnpizrk6ot7.jpg!/format/webp;https://images.xiecdn.com/bqgcd/o66hdraftqyi2p2geun5q5zhus7fkqle.jpg!/format/webp;https://images.xiecdn.com/bqgcd/6wro3gbypt3rkf09n1f08rv33he8f8dq.jpg!/format/webp;https://images.xiecdn.com/bqgcd/k9nu2775tb9qkhhd2udrw7hj1vfz0qtt.jpg!/format/webp;https://images.xiecdn.com/bqgcd/r2jbbprgeb5dewfenj5934en3dctwld4.jpg!/format/webp;https://images.xiecdn.com/bqgcd/9bjussaxs08d89g2ljrb936cfd9roosc.jpg!/format/webp;https://images.xiecdn.com/bqgcd/vbmmsz7441z9dqutty9zjlt9a9q80kjk.jpg!/format/webp;https://images.xiecdn.com/bqgcd/ptzhp9twfbhbvn0wuhd6t81yuo0xy5k8.jpg!/format/webp;https://images.xiecdn.com/bqgcd/kvijdes6oew1dh6m9ispl75l5dysnp4l.jpg!/format/webp;https://images.xiecdn.com/bqgcd/ftgeja50uvn563vmian1jwzfryr1j21h.jpg!/format/webp;https://images.xiecdn.com/bqgcd/xa1ka5y7qcs1kuo82moqa1688hqqbge2.jpg!/format/webp;https://images.xiecdn.com/bqgcd/mwnxwho0ft1sldo6q0kap0iv0csvf21g.jpg!/format/webp;https://images.xiecdn.com/bqgcd/j8l0hubha6656ajmlabjme8f93b7cdrj.jpg!/format/webp;https://images.xiecdn.com/bqgcd/jwokhpx4pinib5y2l68et8rlzpggphvu.jpg!/format/webp;https://images.xiecdn.com/bqgcd/xiry2zd6chgpg5z00vbbnhiwcg0o8e9u.jpg!/format/webp;https://images.xiecdn.com/bqgcd/iloy1p553pbz1je1608admou63dm8f21.jpg!/format/webp;https://images.xiecdn.com/bqgcd/kqumckvikfizqddbcyxmebr1x3stt72m.jpg!/format/webp;https://images.xiecdn.com/bqgcd/0cwupj3wnphae1w7dkxzaok5sd377wfl.jpg!/format/webp;https://images.xiecdn.com/bqgcd/mk7w901i5dnugrwy2rfcx2qukrdde1z9.jpg!/format/webp;https://images.xiecdn.com/bqgcd/b3u4x2v3kqldrwpc2z78p8yaucjb0efw.jpg!/format/webp;https://images.xiecdn.com/bqgcd/dd9l6xlj35amp3vv245dd08cf1eqdx8p.jpg!/format/webp;https://images.xiecdn.com/bqgcd/vmk5bcc0sgyd2ynqgxsnerw2lm76kxcv.jpg!/format/webp;https://images.xiecdn.com/bqgcd/0ax131cj9ptpx02lodyut1i0sj6cw96i.jpg!/format/webp;https://images.xiecdn.com/bqgcd/rqc4ehgtkdyc8rlxp6tpcix1g35li8tu.jpg!/format/webp;https://images.xiecdn.com/bqgcd/kkyg1cpj11y4q06v4f3mn1hsv6dxb5ot.jpg!/format/webp;https://images.xiecdn.com/bqgcd/phc9ankzkedt1ncalw2i8wf6guwvrwva.jpg!/format/webp","1800536","False","待结构与图片去重","核验是否为独立鞋型或仅为配色/加绒/别名变体"
"搜鞋网在线","689","1636927","2023新款四季休闲懒人一脚蹬跑步情侣鞋老人鞋","53.00","灰色;黑白;全黑","35;36;37;38;39;40;41;42;43;44;45","2023年3月31日","https://bqgcd.sooxie.com/detail/1636927","https://images.xiecdn.com/bqgcd/4f16hm1o8cl5ckdr0t0ybjhbvy75tk54.jpg!firstwebp","24","https://images.xiecdn.com/bqgcd/jz4rsr1oe1ofmyc11y12zc7dovq9958l.jpg!/format/webp;https://images.xiecdn.com/bqgcd/w0hywhef3vhlnt555bsdibagv7im2gie.jpg!/format/webp;https://images.xiecdn.com/bqgcd/6kwdrvynck0381dod50r9o5av42xnl8x.jpg!/format/webp;https://images.xiecdn.com/bqgcd/hrez9pnldvnlwo3p4ewsvvhni8mnvsxo.jpg!/format/webp;https://images.xiecdn.com/bqgcd/8hsckbcm5ivn1y8myb6w2n8e5iwovw65.jpg!/format/webp;https://images.xiecdn.com/bqgcd/al4q2kvua2rf3mnkcsxf4ykcjuzv0iug.jpg!/format/webp;https://images.xiecdn.com/bqgcd/o0m9plgbhhvn2fvf8esle9gotkljrwzx.jpg!/format/webp;https://images.xiecdn.com/bqgcd/uw1o9vhtzjk1a7l0w3kdemjye3mdqdt4.jpg!/format/webp;https://images.xiecdn.com/bqgcd/5xl6f6vjog5ulnis1ridjtvv4093xyno.jpg!/format/webp;https://images.xiecdn.com/bqgcd/et21f3a6vni91urza33teue65zrbwj35.jpg!/format/webp;https://images.xiecdn.com/bqgcd/fn6coy5ltn249vgnvfgatiz6iogtct8v.jpg!/format/webp;https://images.xiecdn.com/bqgcd/wa1mxmb363vbxxphu9h30jufsljehlyi.jpg!/format/webp;https://images.xiecdn.com/bqgcd/loaj9jad5d2br0onj47zkq5ut557smg7.jpg!/format/webp;https://images.xiecdn.com/bqgcd/9ox7yt454zmptm23vla5750soqigz1c1.jpg!/format/webp;https://images.xiecdn.com/bqgcd/hrfho9dxckcukei9ka3ua6w3ansl542q.jpg!/format/webp;https://images.xiecdn.com/bqgcd/gcayge6xzjbtd3fipr4tgtacddi3ypa2.jpg!/format/webp;https://images.xiecdn.com/bqgcd/j1anbd8cn2l43tn6af098hpwzpxz1zrf.jpg!/format/webp;https://images.xiecdn.com/bqgcd/dk24yeli54f6e0juj27060qxdkaq5b1b.jpg!/format/webp;https://images.xiecdn.com/bqgcd/xw7y93gxfw4aucwhf67h6bnapqx2wfjc.jpg!/format/webp;https://images.xiecdn.com/bqgcd/fq9yznt38ff8e2p29tkri1uxtxw0zkdt.jpg!/format/webp;https://images.xiecdn.com/bqgcd/s8o2w95olbpeu4cucxfdk4p4nbu44rc0.jpg!/format/webp;https://images.xiecdn.com/bqgcd/ptdpni2rs95zju7axngv96av7mpsm35f.jpg!/format/webp;https://images.xiecdn.com/bqgcd/tacegchlaf6wbcxtpvfnqt4b1h16yx7t.jpg!/format/webp;https://images.xiecdn.com/bqgcd/4p9cjo8878fdwjnjych1hzri3janapk7.jpg!/format/webp","1699336","False","待结构与图片去重","核验是否为独立鞋型或仅为配色/加绒/别名变体"
"搜鞋网在线","7212","2046059","【工厂】2024秋冬新款一脚蹬套脚休闲饼干加绒包头男女棉鞋","55.00","黑白;杏色;灰色;白色;蓝色;黑白加绒","35;36;37;38;39;40;41;42;43;44;45","2024年9月25日","https://bqgcd.sooxie.com/detail/2046059","https://images.xiecdn.com/bqgcd/eko64k3m1fzno0dhq2b4djsf6em2me6m.jpg!firstwebp","30","https://images.xiecdn.com/bqgcd/hyjc82htbj3ncjp14o3bj80m5nfrsnsx.jpg!/format/webp;https://images.xiecdn.com/bqgcd/3uto7yru8uniau23t22csjwmhu1s3dy5.jpg!/format/webp;https://images.xiecdn.com/bqgcd/m23g6uu5so26idhkr2tt5chvysa69pic.jpg!/format/webp;https://images.xiecdn.com/bqgcd/4n37id1rv9cahalc01f4ltntcwxbv6sd.jpg!/format/webp;https://images.xiecdn.com/bqgcd/8z4zri6baacqyvg7vq3vyxdxixww5h1p.jpg!/format/webp;https://images.xiecdn.com/bqgcd/9uvbiuzu40p8uoq981yz2b73tr5nm22k.jpg!/format/webp;https://images.xiecdn.com/bqgcd/23zm1tiieqdwxosfvn2kcz6xsz4ajqx5.jpg!/format/webp;https://images.xiecdn.com/bqgcd/71auwclstj3sl9hquhf2zqsyoggv3lcb.jpg!/format/webp;https://images.xiecdn.com/bqgcd/k001nzwcqsb0p1bokit44vcsyb7gka50.jpg!/format/webp;https://images.xiecdn.com/bqgcd/cp1ysw3grxpcox66147b6a7vblrvv7l6.jpg!/format/webp;https://images.xiecdn.com/bqgcd/s3ar969fb2eovm2yr33walbi75bcahkr.jpg!/format/webp;https://images.xiecdn.com/bqgcd/52yfhf8ay8h3guzj5oo8ugfxsewmeo3g.jpg!/format/webp;https://images.xiecdn.com/bqgcd/gal5vuvifm4q3ybgo4hx1ehsw31co05j.jpg!/format/webp;https://images.xiecdn.com/bqgcd/g1n6t0a4xnajmzm3t7pl8i9cgc14bajr.jpg!/format/webp;https://images.xiecdn.com/bqgcd/16mrnr5515egrjs5cpazzb128katkqj4.jpg!/format/webp;https://images.xiecdn.com/bqgcd/ze7mrbwarrxvpg0i2a9uut44i3sza2qc.jpg!/format/webp;https://images.xiecdn.com/bqgcd/a7bj5pjiotl0zfrzhn1dkdt8fmg3hotl.jpg!/format/webp;https://images.xiecdn.com/bqgcd/p7inozk9gzsmamw188tptuoxhslfypdd.jpg!/format/webp;https://images.xiecdn.com/bqgcd/03osxvse5w4zxxx1sajfow7i2dstrwtw.jpg!/format/webp;https://images.xiecdn.com/bqgcd/yabjqvsju02j1kt1jhyu4pngf9r8ft53.jpg!/format/webp;https://images.xiecdn.com/bqgcd/xb0piqeu9uljlp2n7d8q5hdmd0z7i8g5.jpg!/format/webp;https://images.xiecdn.com/bqgcd/t7yivte2uxuwb325hzsoq8d2wkrv3jqg.jpg!/format/webp;https://images.xiecdn.com/bqgcd/m5cx6boefl2ppj8aeeaac2ragb12ut67.jpg!/format/webp;https://images.xiecdn.com/bqgcd/ujx2kd2sqjdsnvz6i9bxgi5xqd116uhc.jpg!/format/webp;https://images.xiecdn.com/bqgcd/172n1arg49t9rzw9prvk7jflpll3dfz0.jpg!/format/webp;https://images.xiecdn.com/bqgcd/v29qs6c4tm83jgtv9i0dsxjsg1wmfj7h.jpg!/format/webp;https://images.xiecdn.com/bqgcd/3cxsrr8kzuq6epa6xwdkfefjo3unqj12.jpg!/format/webp;https://images.xiecdn.com/bqgcd/ay1ogbepwsj1snjcr4bqk3tpc5c3x3ul.jpg!/format/webp;https://images.xiecdn.com/bqgcd/mn2syanpmjidx6erqndnv234tmo4dhib.jpg!/format/webp;https://images.xiecdn.com/bqgcd/dfia2g9y8qqz3peioi7fp4iqtrcmnms6.jpg!/format/webp","2212740","False","待结构与图片去重","核验是否为独立鞋型或仅为配色/加绒/别名变体"
"搜鞋网在线","8008","2043443","【工厂】2025春夏新款厚底一脚蹬套脚休闲男女鞋","55.00","灰色;黑白;白色;全黑","35;36;37;38;39;40;41;42;43;44;45","2024年9月23日","https://bqgcd.sooxie.com/detail/2043443","https://images.xiecdn.com/bqgcd/gagqr0yae6jh64tmf54ci7wxeiiurz8y.jpg!firstwebp","30","https://images.xiecdn.com/bqgcd/rb642ha3w3xbtr0h9jsbgwafsjv95lrm.jpg!/format/webp;https://images.xiecdn.com/bqgcd/lccswuhxpqxlqbqbajgt6vbb004gfjgh.jpg!/format/webp;https://images.xiecdn.com/bqgcd/vrljatc934nk4uyz07o9u9van6t6n9t1.jpg!/format/webp;https://images.xiecdn.com/bqgcd/olekmm31ghfljo9xgsvjky19x1mtavx2.jpg!/format/webp;https://images.xiecdn.com/bqgcd/vb59fl666qma376fzsj6e2uwh2c6pegp.jpg!/format/webp;https://images.xiecdn.com/bqgcd/d4whbuhqse59l5bka3j5jtptvcrblj3l.jpg!/format/webp;https://images.xiecdn.com/bqgcd/aheg1h0524g887lt7caibzjxnil2qzke.jpg!/format/webp;https://images.xiecdn.com/bqgcd/mme8ahf7xb6qcc7a302wlccvuzkldkmi.jpg!/format/webp;https://images.xiecdn.com/bqgcd/9b448nry9p7uicqe18ysfiib91bzza9z.jpg!/format/webp;https://images.xiecdn.com/bqgcd/powlqmu6r345acocoeuw6ujwemlz96ln.jpg!/format/webp;https://images.xiecdn.com/bqgcd/zptm4gkpj5vh0avsxya7euieijdco5dg.jpg!/format/webp;https://images.xiecdn.com/bqgcd/vuuuuv1s29bqyvpak6zl71d74oj348h6.jpg!/format/webp;https://images.xiecdn.com/bqgcd/rf15eg8sn6ckcs12crfiwauczes60dal.jpg!/format/webp;https://images.xiecdn.com/bqgcd/jt52dtn142bqjnelwjicpkdfh7olaecl.jpg!/format/webp;https://images.xiecdn.com/bqgcd/mzrhjnq36k232wmh45xdccmd98ezhkzm.jpg!/format/webp;https://images.xiecdn.com/bqgcd/87lh4i9x7dydf12qc6cvhx0l5hpwxecx.jpg!/format/webp;https://images.xiecdn.com/bqgcd/tyzeancxdg7l2bujzy647ne4s15o3wf3.jpg!/format/webp;https://images.xiecdn.com/bqgcd/hzfzalqssxmxkiw03poyl2b0lw9hi0a0.jpg!/format/webp;https://images.xiecdn.com/bqgcd/j9g956vtqh2sl0probxi1mhovuhdmmdr.jpg!/format/webp;https://images.xiecdn.com/bqgcd/aq3envyuyi0fw6hfzt949co960qdpmwg.jpg!/format/webp;https://images.xiecdn.com/bqgcd/06bcmhs72y9242anhq7m3oarhc5069vu.jpg!/format/webp;https://images.xiecdn.com/bqgcd/xh8ni3nxf5dm4e5zlk5874sqpc1dwsdb.jpg!/format/webp;https://images.xiecdn.com/bqgcd/2evgnzdh1czux0br4u2uqq1xfdaouhiy.jpg!/format/webp;https://images.xiecdn.com/bqgcd/v8vn5cekdfd8gchxn568wrz92exwogqp.jpg!/format/webp;https://images.xiecdn.com/bqgcd/vu0h9rxk1lg2zicbxlzx31sp7npwcnj6.jpg!/format/webp;https://images.xiecdn.com/bqgcd/naptr0q6yl3yto24kfubasf4m53knpew.jpg!/format/webp;https://images.xiecdn.com/bqgcd/7gc3udxyccuwyvrjuiszdfc0gqgrx0h4.jpg!/format/webp;https://images.xiecdn.com/bqgcd/gdiwvhrqtsb7ni7zbia4el0rrx6j2vo3.jpg!/format/webp;https://images.xiecdn.com/bqgcd/lbcbwiqx7lft2c8ba6kmvyvosyfhi09e.jpg!/format/webp;https://images.xiecdn.com/bqgcd/r589jmd6tvtpmqer2d9tuhzo5jckuoq8.jpg!/format/webp","2209991","False","待结构与图片去重","核验是否为独立鞋型或仅为配色/加绒/别名变体"
"搜鞋网在线","8025","2049703","【工厂】2024新款高帮一脚蹬套脚厚底休闲男女鞋","58.00","黑白;全黑","35;36;37;38;39;40;41;42;43;44;45","2024年9月28日","https://bqgcd.sooxie.com/detail/2049703","https://images.xiecdn.com/bqgcd/z9f468xo6e0rgn6ovrtojnfx9rrx6cn2.jpg!firstwebp","28","https://images.xiecdn.com/bqgcd/odzsp7lq9mbb2bdzd9cjlezsozts7e8m.jpg!/format/webp;https://images.xiecdn.com/bqgcd/7vx1qwwp3ujlyccnn0uhvfa1q9rzulom.jpg!/format/webp;https://images.xiecdn.com/bqgcd/fmtljiflqda8hi6g29nbmaldx4m8lk17.jpg!/format/webp;https://images.xiecdn.com/bqgcd/crdsz3l4e9illt2e7j1lwjdr5cphdp5a.jpg!/format/webp;https://images.xiecdn.com/bqgcd/ui8sobx8qgmzu89ld82fi05udnna49of.jpg!/format/webp;https://images.xiecdn.com/bqgcd/m0bgqsvqkutup6rae16edzepscudbwrw.jpg!/format/webp;https://images.xiecdn.com/bqgcd/3rk6ynu3xbyndzs3bcnjbksv4xgginc1.jpg!/format/webp;https://images.xiecdn.com/bqgcd/vn5xw1osgkdj883j4ppfetlpslugjze0.jpg!/format/webp;https://images.xiecdn.com/bqgcd/d3sxgkzi06buygzc84su0j44vbpvdoqm.jpg!/format/webp;https://images.xiecdn.com/bqgcd/065adsb9ybzsvybu2fjt8vj87qr5pu31.jpg!/format/webp;https://images.xiecdn.com/bqgcd/h2k3jy1jkmq4thpx2b2qk5e4xg0c1205.jpg!/format/webp;https://images.xiecdn.com/bqgcd/kkfg5005o70pgn4oe8w016nk4pb06w9j.jpg!/format/webp;https://images.xiecdn.com/bqgcd/j8wk8eh8nost0lh3fysrd81mi940awka.jpg!/format/webp;https://images.xiecdn.com/bqgcd/woe9vup5ff880fxs8lm3lx0wz0iqbpfi.jpg!/format/webp;https://images.xiecdn.com/bqgcd/sv8l4vjzh1z8m8jyjy20b82lpy36da7z.jpg!/format/webp;https://images.xiecdn.com/bqgcd/9s8zu9vndwgrvkgmrjy5wwg6gw0r7xzv.jpg!/format/webp;https://images.xiecdn.com/bqgcd/7s4sezadlyviroslii9ggrgm9b7m01bq.jpg!/format/webp;https://images.xiecdn.com/bqgcd/m0b6469n9rbz5nknjgrjjytwrav10v0r.jpg!/format/webp;https://images.xiecdn.com/bqgcd/6hv9uh19adduopif75tpute3jivzpdmm.jpg!/format/webp;https://images.xiecdn.com/bqgcd/wv28pjvmem1uw3elavjqaxiu6fjnnsfg.jpg!/format/webp;https://images.xiecdn.com/bqgcd/i15a09dypay8saluzuow9pndlvsm90t0.jpg!/format/webp;https://images.xiecdn.com/bqgcd/ij75iwdtee4rlvlk92n4bpz9q9f2rgj9.jpg!/format/webp;https://images.xiecdn.com/bqgcd/wow9vlx4ss7hnvcxpevbz7sid1thyapv.jpg!/format/webp;https://images.xiecdn.com/bqgcd/qnhgv0dld1utqfn820q05rtf3aj7sej1.jpg!/format/webp;https://images.xiecdn.com/bqgcd/q4j1dy2z04h43a1zvs05d8rhxio0yc10.jpg!/format/webp;https://images.xiecdn.com/bqgcd/dn23ymqy48oz856joo3myyoodrowjcqg.jpg!/format/webp;https://images.xiecdn.com/bqgcd/wtd5t45go71dikaahpcxasoalo0jp2hd.jpg!/format/webp;https://images.xiecdn.com/bqgcd/cb5suayubs94jn1j79cco2tdpr16jqi2.jpg!/format/webp","2216697","False","待结构与图片去重","核验是否为独立鞋型或仅为配色/加绒/别名变体"
"搜鞋网在线","811","1994639","【工厂】2024秋季新款一脚蹬套脚休闲男女鞋","55.00","黑白;全黑;白灰;白绿;白紫;白粉","35;36;37;38;39;40;41;42;43;44;45","2024年8月7日","https://bqgcd.sooxie.com/detail/1994639","https://images.xiecdn.com/bqgcd/b52vv40dz52eje280m8mrwwo21sgs4m2.jpg!firstwebp","30","https://images.xiecdn.com/bqgcd/b134nl11ux7irem3xz74qp6pyxq7anzl.jpg!/format/webp;https://images.xiecdn.com/bqgcd/t1unfcjtbh35ft3og6lb4tu4uchofu6g.jpg!/format/webp;https://images.xiecdn.com/bqgcd/rac3aii256ocu6xbsxrvhlouhuege0rj.jpg!/format/webp;https://images.xiecdn.com/bqgcd/zps9rmkh7xounpxksulsktfjt7yb07wd.jpg!/format/webp;https://images.xiecdn.com/bqgcd/s42vac1wjqidaixy7z7gu21deoerrz6f.jpg!/format/webp;https://images.xiecdn.com/bqgcd/6l5se74xao7wc6fwdcr9xyp1kdegnyzy.jpg!/format/webp;https://images.xiecdn.com/bqgcd/x7rxz8ic80ar9ue4sllsocbwgln9e2md.jpg!/format/webp;https://images.xiecdn.com/bqgcd/4law9mhxi7xsxwzyk4evfr24lc46bob4.jpg!/format/webp;https://images.xiecdn.com/bqgcd/xdxtfdzftcpmahfqdxnn7sml64vj3d9a.jpg!/format/webp;https://images.xiecdn.com/bqgcd/238ki9disga14x4ia3dxcfw1s2kdgikj.jpg!/format/webp;https://images.xiecdn.com/bqgcd/tgdscaf1mhszna182fuh6giblfnuo9x4.jpg!/format/webp;https://images.xiecdn.com/bqgcd/hb912vamu6u134kauvxcytlmlwc7jfjh.jpg!/format/webp;https://images.xiecdn.com/bqgcd/bowa4gzxlznm7qfkrfu45otsqvgd8whp.jpg!/format/webp;https://images.xiecdn.com/bqgcd/h4nof62kmvofaamx0j6n1ab6si64ldcf.jpg!/format/webp;https://images.xiecdn.com/bqgcd/dr04wjn2n4lqch5p5mfzbwr2ygvo6d9q.jpg!/format/webp;https://images.xiecdn.com/bqgcd/x1768951edv6jbhcc4kgh9ln7ulku8by.jpg!/format/webp;https://images.xiecdn.com/bqgcd/pg8kswc27ukexqckdqcrgrsecqumnxes.jpg!/format/webp;https://images.xiecdn.com/bqgcd/kasb88094o8k0y4othhdchbrjgwtfwyn.jpg!/format/webp;https://images.xiecdn.com/bqgcd/dpne23827ielvzjyq2omsgf3bl6tqlwm.jpg!/format/webp;https://images.xiecdn.com/bqgcd/681anm59liw2txgoonaakqvs8r167thc.jpg!/format/webp;https://images.xiecdn.com/bqgcd/61hhzcwxl5aa66x9ox2a0cwibd0jlnem.jpg!/format/webp;https://images.xiecdn.com/bqgcd/s0nfsrqy6b1ohi2isj8wodast6jix6y7.jpg!/format/webp;https://images.xiecdn.com/bqgcd/t7zcn2b6d9t9y24yd0biml2vvdag4rd5.jpg!/format/webp;https://images.xiecdn.com/bqgcd/561rmt9ejf73u3gcz2ah9zvrsqz5s7bt.jpg!/format/webp;https://images.xiecdn.com/bqgcd/bjhbmkbw87oks2pldkfhgx1db4gw2ujs.jpg!/format/webp;https://images.xiecdn.com/bqgcd/itm11nvcbpjkvn2zbsn4fdv3np5p0hgq.jpg!/format/webp;https://images.xiecdn.com/bqgcd/kuri31s55ehjgvt2gu6w3alqp7irquaf.jpg!/format/webp;https://images.xiecdn.com/bqgcd/hwkqigzxpfmx7mwlrabbza9ikbwqkcf2.jpg!/format/webp;https://images.xiecdn.com/bqgcd/s1gbqoaajckiukgp2ndmdihrci5un9rd.jpg!/format/webp;https://images.xiecdn.com/bqgcd/8l0ajrijinswzjhtt63yoddbvh77bld7.jpg!/format/webp","2158921","False","待结构与图片去重","核验是否为独立鞋型或仅为配色/加绒/别名变体"
"搜鞋网在线","8811","2041812","【工厂】2025春夏一脚蹬套脚休闲男女厚底健步鞋","58.00","灰色;黑白;白色;全黑;绿色;紫色【35-40】;粉色【35-40】;黑白加绒;全黑加绒","35;36;37;38;39;40;41;42;43;44;45","2024年9月21日","https://bqgcd.sooxie.com/detail/2041812","https://images.xiecdn.com/bqgcd/6fdr5qnb4kbziaxzngruhwlhxxdp5nnw.jpg!firstwebp","30","https://images.xiecdn.com/bqgcd/29l4zufl6dhkbct4sa9nz61rz8aergzq.jpg!/format/webp;https://images.xiecdn.com/bqgcd/rrz6iusllaygo2kac30ait7gon92lgbr.jpg!/format/webp;https://images.xiecdn.com/bqgcd/fl9h1ipc5vv800ifna5rlcuseyl5z4pt.jpg!/format/webp;https://images.xiecdn.com/bqgcd/dctq70imxru0rb20dzxh6pnywa6m7thr.jpg!/format/webp;https://images.xiecdn.com/bqgcd/mi0c8z43qumewshkte2nsjh14x3m7aik.jpg!/format/webp;https://images.xiecdn.com/bqgcd/ygqzx86kq00zhbure07tp7c8w3h4g5z7.jpg!/format/webp;https://images.xiecdn.com/bqgcd/p22502mfro9av8nkn6chtao5sujjwl8e.jpg!/format/webp;https://images.xiecdn.com/bqgcd/1zmeequr2xe7yhicu77og4ywbxgubtn6.jpg!/format/webp;https://images.xiecdn.com/bqgcd/5etxwdjis6dg1vvteia5xxpthvsxx81z.jpg!/format/webp;https://images.xiecdn.com/bqgcd/9stsz7npeowy7lfgwvvtqw7b3o10tur7.jpg!/format/webp;https://images.xiecdn.com/bqgcd/j7108cnbtahg9o3b4noemnpawsnomtoz.jpg!/format/webp;https://images.xiecdn.com/bqgcd/2i5l3asrp35fmls9kf9eua45knex6uxb.jpg!/format/webp;https://images.xiecdn.com/bqgcd/boqb90ad0kd2tlxu0i01ra92j9xx7g9e.jpg!/format/webp;https://images.xiecdn.com/bqgcd/2dd1uq6j7nnd03bhukign6l6zgchalp1.jpg!/format/webp;https://images.xiecdn.com/bqgcd/upozptza45eyufbzsflle1dvpken92vk.jpg!/format/webp;https://images.xiecdn.com/bqgcd/efjoyo10uz1t6zviwf1vy3nwizgbsal4.jpg!/format/webp;https://images.xiecdn.com/bqgcd/ljwmyavwahx3uji7v8vyxr2wtcr0syp7.jpg!/format/webp;https://images.xiecdn.com/bqgcd/drb3iimnt1ro7tnnaxw1d9mkhxpod61q.jpg!/format/webp;https://images.xiecdn.com/bqgcd/qs3jw5fsqwv6u0eyylx9ihtdd73hap3i.jpg!/format/webp;https://images.xiecdn.com/bqgcd/7kl6cnfnp4f92v21bvxxo2focaqpgy9l.jpg!/format/webp;https://images.xiecdn.com/bqgcd/hm9t75h873snh6ga5d4iwl9i59tq9d51.jpg!/format/webp;https://images.xiecdn.com/bqgcd/d4ymz0frj881i24q5lce06vvq4x4xd3m.jpg!/format/webp;https://images.xiecdn.com/bqgcd/ur01a1wy6rymh2cs4b6c84zn5vdjajce.jpg!/format/webp;https://images.xiecdn.com/bqgcd/d9lj2ooif83dr35npct6q901kjxjga8d.jpg!/format/webp;https://images.xiecdn.com/bqgcd/bu689dkrpp0ewi9lkd82qafh1kbhghbx.jpg!/format/webp;https://images.xiecdn.com/bqgcd/0qu3pdaz6n09gpe7citmr9okf8xkon8r.jpg!/format/webp;https://images.xiecdn.com/bqgcd/r0gnum4h8jn3oq09y7fgq7rxwi7bspje.jpg!/format/webp;https://images.xiecdn.com/bqgcd/rkhyz70zvlfgsaylajdr5v8y59m4pgs9.jpg!/format/webp;https://images.xiecdn.com/bqgcd/624fcm97wnbfl7rpfuoifvgcfgy9uuhx.jpg!/format/webp;https://images.xiecdn.com/bqgcd/ajyrhz3qyh08uvw6ni7sz1dzt3xjxv2o.jpg!/format/webp","2208316","False","待结构与图片去重","核验是否为独立鞋型或仅为配色/加绒/别名变体"
"搜鞋网在线","A001","1689348","2023夏季新款外贸男鞋一脚蹬套脚半拖【贝强工厂店】","46.00","灰色;深蓝","37;38;39;40;41;42;43;44;45","2023年6月3日","https://bqgcd.sooxie.com/detail/1689348","https://images.xiecdn.com/bqgcd/lire53rb1bdi18gsgnfjuztfqudreo5l.jpg!firstwebp","21","https://images.xiecdn.com/bqgcd/jiqgnj0kaetwq3g0u13i75uov7h9sfdi.jpg!/format/webp;https://images.xiecdn.com/bqgcd/dp2to905njiddq5ckf476vxrj0v2dqjy.jpg!/format/webp;https://images.xiecdn.com/bqgcd/j4331hbjmgf7tis8hvpdblkib79mqwc9.jpg!/format/webp;https://images.xiecdn.com/bqgcd/5rxstaqtbjqz0yq2myssfaykjcpyae6k.jpg!/format/webp;https://images.xiecdn.com/bqgcd/237353hwvfayivhst3od0rn1mo4bnaad.jpg!/format/webp;https://images.xiecdn.com/bqgcd/5z593iijfesuu5dy6i4kcmq4v7bbsoty.jpg!/format/webp;https://images.xiecdn.com/bqgcd/sex2o2bmn4gftwoin12v9oixobj8nlgj.jpg!/format/webp;https://images.xiecdn.com/bqgcd/4bbo4yfsri6ap3uxxe9w87lnqrb1oey8.jpg!/format/webp;https://images.xiecdn.com/bqgcd/xofo3j1b9yd621t9q7cw4trtqk18feai.jpg!/format/webp;https://images.xiecdn.com/bqgcd/rqwwfmpw4cwh5jqhyhawqqqvcy0ff8e0.jpg!/format/webp;https://images.xiecdn.com/bqgcd/ah9y4be4aa7gzrf2e5r471hgd1xw8cdn.jpg!/format/webp;https://images.xiecdn.com/bqgcd/l84u1d4izj0ftfxzkdj5k7lo5dcw9pz6.jpg!/format/webp;https://images.xiecdn.com/bqgcd/wy23kiw9cpyzsqb8j1zc16qwttsnsf7l.jpg!/format/webp;https://images.xiecdn.com/bqgcd/zlkpt6eys9ogvkxo8oy63h4t7c9b35wu.jpg!/format/webp;https://images.xiecdn.com/bqgcd/jixbmyzil5v8nmpvblv1afgi3groq317.jpg!/format/webp;https://images.xiecdn.com/bqgcd/j0t98ra7emv879wioncdaqampdbjxwip.jpg!/format/webp;https://images.xiecdn.com/bqgcd/4a7ac7bmefhtm6owkjmwv8bb23ntx9kz.jpg!/format/webp;https://images.xiecdn.com/bqgcd/hgf7lkszzk50xzm30lpcph0tj1nd0azj.jpg!/format/webp;https://images.xiecdn.com/bqgcd/2sjpqde7uwyw4pdy8f6yto3sqe21prob.jpg!/format/webp;https://images.xiecdn.com/bqgcd/a8bwdjj6in3v9abfewd9uof60q43mt4e.jpg!/format/webp;https://images.xiecdn.com/bqgcd/p3xf3t1yrngmbbzqzq2a45ceipi6fpb9.jpg!/format/webp","1755253","False","待结构与图片去重","核验是否为独立鞋型或仅为配色/加绒/别名变体"
"搜鞋网在线","A002","1650106","2023新款一脚蹬休闲百搭男鞋","58.00","灰绿;灰白;灰黑","39;40;41;42;43;44;45","2023年4月14日","https://bqgcd.sooxie.com/detail/1650106","https://images.xiecdn.com/bqgcd/lwfi0uabgxtib75tdyvzronsqlibe9k9.jpg!firstwebp","25","https://images.xiecdn.com/bqgcd/q3e6ol1cyj5qh001areh6j344lw998zn.jpg!/format/webp;https://images.xiecdn.com/bqgcd/n5irkei7bp7i10r8r81y7a160yb5mwwv.jpg!/format/webp;https://images.xiecdn.com/bqgcd/dri7m7nd51dtwtzl9ztc7thz51mffvs4.jpg!/format/webp;https://images.xiecdn.com/bqgcd/z3p6sarqffbcslorkv2fakx028za8mo4.jpg!/format/webp;https://images.xiecdn.com/bqgcd/0r5jwduord88ygakrlna4zipslcw56qd.jpg!/format/webp;https://images.xiecdn.com/bqgcd/8odkwa8nqw19idc7bja1sbyoinktitpd.jpg!/format/webp;https://images.xiecdn.com/bqgcd/jxd5n2ns9ncgix2kltqpg6buveuow2ii.jpg!/format/webp;https://images.xiecdn.com/bqgcd/6iu2oy79ryfpwx51pychqtzmozuj76fs.jpg!/format/webp;https://images.xiecdn.com/bqgcd/drihy8tfdlha1w3n6hwswg5heaxwdq46.jpg!/format/webp;https://images.xiecdn.com/bqgcd/sr4nc7r3jvmo4b3hkpm5giox9d60fkvx.jpg!/format/webp;https://images.xiecdn.com/bqgcd/4bis5cwy6xo604t12aigldh6hetunwpc.jpg!/format/webp;https://images.xiecdn.com/bqgcd/7bprifsj8mp7by5vmmdzjus5dpvx9av8.jpg!/format/webp;https://images.xiecdn.com/bqgcd/xszlvmyudkfys336i36ucmejegvo9yku.jpg!/format/webp;https://images.xiecdn.com/bqgcd/gvucxnuhmde9dycjzky6xsh2orvggcbw.jpg!/format/webp;https://images.xiecdn.com/bqgcd/r5mvkb5p4h2vw4k6a01r79gpjd9lh6fu.jpg!/format/webp;https://images.xiecdn.com/bqgcd/xnxmc5cvj4uf79i2r18o98h1e2h3kch4.jpg!/format/webp;https://images.xiecdn.com/bqgcd/13nxg6okv8mj0hug2mflpskvcs18pq26.jpg!/format/webp;https://images.xiecdn.com/bqgcd/irwfi4yxr7mjznhuqd3nwonfcwbfhk6e.jpg!/format/webp;https://images.xiecdn.com/bqgcd/zutt2jijtldaz91rardqjpdzdovvbqvb.jpg!/format/webp;https://images.xiecdn.com/bqgcd/5pef0tce5qgo704hg82x6oo637cqamg5.jpg!/format/webp;https://images.xiecdn.com/bqgcd/ws0enga84skzyibf4pg0dgrlomoig99o.jpg!/format/webp;https://images.xiecdn.com/bqgcd/rb6no6j9p3ik3bkknxl5cxmk59ag1lrt.jpg!/format/webp;https://images.xiecdn.com/bqgcd/u3xd1rxejavtixmn3uupogja8r7fjdec.jpg!/format/webp;https://images.xiecdn.com/bqgcd/pjancx9ypo3eut9qitpr1mbk2d1gpuyd.jpg!/format/webp;https://images.xiecdn.com/bqgcd/bdj41vh0uxr4rhdukelhwl3eq7dvq410.jpg!/format/webp","1713354","True","本地货号已存在","核验国际站状态"
"搜鞋网在线","A008","1857231","【工厂】男女跑步休闲百搭懒人鞋","55.00","灰色;黑白;白色;全黑","35;36;37;38;39;40;41;42;43;44;45","2024年2月27日","https://bqgcd.sooxie.com/detail/1857231","https://images.xiecdn.com/bqgcd/qkuli2cfqsx26cqukrjfzjknivhewhb7.JPG!firstwebp","23","https://images.xiecdn.com/bqgcd/0l4yi0qbjzsuaxn77ytmajarc5b75lv4.jpg!/format/webp;https://images.xiecdn.com/bqgcd/zdigochxg3g74qumb3pra87uzxvpf8iz.jpg!/format/webp;https://images.xiecdn.com/bqgcd/u6era2poef2me4t9ycypv2ujj28ujnpj.jpg!/format/webp;https://images.xiecdn.com/bqgcd/blmlukyesx51dsy8d625kl6tn089x34o.jpg!/format/webp;https://images.xiecdn.com/bqgcd/af66t4c9ui29wcvivrytaiksf8zu0fhm.jpg!/format/webp;https://images.xiecdn.com/bqgcd/tae5t0u821crkbtnigfqagomajutr01x.jpg!/format/webp;https://images.xiecdn.com/bqgcd/ab0m4qwujeq4r5o75qpf6jc2ef429iz8.jpg!/format/webp;https://images.xiecdn.com/bqgcd/vd4y7ru2wdbv7gcxjeypui5xerubht7a.jpg!/format/webp;https://images.xiecdn.com/bqgcd/0b9urspuy8otaefz9pdueardng4cw45e.jpg!/format/webp;https://images.xiecdn.com/bqgcd/ulvou9ljore1f76mbi1dmgw76f6acel4.jpg!/format/webp;https://images.xiecdn.com/bqgcd/r6cjxihpn65jvnwxki3wrqqcr90n1pjd.jpg!/format/webp;https://images.xiecdn.com/bqgcd/d7s0npk4xae7wb78k0neyyml0m9jyj0c.jpg!/format/webp;https://images.xiecdn.com/bqgcd/c1i6jvo72t94mkg7m82q3hdiez2clx3k.jpg!/format/webp;https://images.xiecdn.com/bqgcd/az18kq1sop2osiva1ixud95iiyruyel4.jpg!/format/webp;https://images.xiecdn.com/bqgcd/3n5jg70sna5d23xi12hpzgerf0wjop74.jpg!/format/webp;https://images.xiecdn.com/bqgcd/a4hiycmpwg4dcggoukauqpx1xqdf2tc0.jpg!/format/webp;https://images.xiecdn.com/bqgcd/0rl0vde0441i0vzt1dy7qykcosdqkqt0.jpg!/format/webp;https://images.xiecdn.com/bqgcd/3wcedamlajnekui9u2s04zdofigorzll.jpg!/format/webp;https://images.xiecdn.com/bqgcd/4n9t3zpb0bjk0eikcczqvi2xktwmc927.jpg!/format/webp;https://images.xiecdn.com/bqgcd/1zvwk161o1d6wb6tejlax884eabjx8dz.jpg!/format/webp;https://images.xiecdn.com/bqgcd/d45k73y6mq0o3alr2qxk273gb6fskwda.jpg!/format/webp;https://images.xiecdn.com/bqgcd/3wk5guz1h67gradz7mqykb16mpet0wq9.jpg!/format/webp;https://images.xiecdn.com/bqgcd/mxsckehdna633s7xnl1m1za0jg8825fc.jpg!/format/webp","2012798","True","本地货号已存在","核验国际站状态"
"搜鞋网在线","A012","1576849","2023新款高帮一脚蹬潮流男鞋【贝强工厂店】","58.00","黑白;全黑;黑金;源头工厂","39;40;41;42;43;44;45","2023年1月30日","https://bqgcd.sooxie.com/detail/1576849","https://images.xiecdn.com/bqgcd/0rr3dw9abcepe81kwkwxa52rqupewr94.jpg!firstwebp","12","https://images.xiecdn.com/bqgcd/vio83rxkuqrrrt499kxrt9kgsnfgyn6h.jpg!/format/webp;https://images.xiecdn.com/bqgcd/jrhmfxghgh8vwu6zvnp0asdloyqvdg4e.jpg!/format/webp;https://images.xiecdn.com/bqgcd/ako86y580b4rmsqg3mkjpzzac5urupac.jpg!/format/webp;https://images.xiecdn.com/bqgcd/l66n5453tl36qqbwygh0vgmgpoi2xpb2.jpg!/format/webp;https://images.xiecdn.com/bqgcd/dm9hxzep72fp8io7op16dbgfuj1gzx2f.jpg!/format/webp;https://images.xiecdn.com/bqgcd/myqe0qtvznsh5cy3s3isrei99vjllbhx.jpg!/format/webp;https://images.xiecdn.com/bqgcd/3d17g6kv9bcq8rgwucx7dttrlqaizogw.jpg!/format/webp;https://images.xiecdn.com/bqgcd/oxmrpqnlfdeebqtlp8787f1brg003sk6.jpg!/format/webp;https://images.xiecdn.com/bqgcd/2l9yv0pocl5svc9pzisjh1oyu13gzc2y.jpg!/format/webp;https://images.xiecdn.com/bqgcd/bfe9qclxq9u2j3olyhv2ektbatylujzr.jpg!/format/webp;https://images.xiecdn.com/bqgcd/8aa5vee8k0ny4b5a4r26ri8mi8ez3vql.jpg!/format/webp;https://images.xiecdn.com/bqgcd/v8f4y9pc1i0xoskalw12lhdtu9os41mf.jpg!/format/webp","1635544","False","待结构与图片去重","核验是否为独立鞋型或仅为配色/加绒/别名变体"
"搜鞋网在线","A018","1446243","网红爆款一脚蹬休闲透气袜子鞋男鞋【贝强工厂店】","55.00","黑黄;黑白;源头工厂","38;39;40;41;42;43;44;45","2022年7月11日","https://bqgcd.sooxie.com/detail/1446243","https://images.xiecdn.com/bqgcd/0g6ufvrwzr7txxxrf494ilh9ivyz4y84.jpg!firstwebp","11","https://images.xiecdn.com/bqgcd/3ksiu8s7c78e4m9wsroyf3byuszy7o7u.jpg!/format/webp;https://images.xiecdn.com/bqgcd/2igz041vzfnrw6mses5bip5e4mcoubrh.jpg!/format/webp;https://images.xiecdn.com/bqgcd/jn5se95ohwi0rqd2zdfjpf7ui565aba9.jpg!/format/webp;https://images.xiecdn.com/bqgcd/z6i30j9mr4tzxs252p9ptxk0g3mllesf.jpg!/format/webp;https://images.xiecdn.com/bqgcd/7jpxgysomqs88ofy2dit7h5r5onqghan.jpg!/format/webp;https://images.xiecdn.com/bqgcd/vhpzmdhvcv9h6neqa80zmgw57y6m5sg8.jpg!/format/webp;https://images.xiecdn.com/bqgcd/p40eyehrmb52wu9aez35zlwlhyd5eczd.jpg!/format/webp;https://images.xiecdn.com/bqgcd/d8kaewvg890lhogu8bkto4abnt1rswca.jpg!/format/webp;https://images.xiecdn.com/bqgcd/yz4r7dtpcb384j4chxvkcl0fya6sz9hx.jpg!/format/webp;https://images.xiecdn.com/bqgcd/drth0jsj0hbc87vwn89qx1w7v69hkzfx.jpg!/format/webp;https://images.xiecdn.com/bqgcd/u3c3569fhdmraqm55mlc2neqdvo76clx.jpg!/format/webp","1500750","False","待结构与图片去重","核验是否为独立鞋型或仅为配色/加绒/别名变体"
"搜鞋网在线","A025","1858383","【工厂】2024新款一脚蹬套脚高帮波浪纹男女鞋","58.00","黑白;全黑","35;36;37;38;39;40;41;42;43;44;45","2024年2月28日","https://bqgcd.sooxie.com/detail/1858383","https://images.xiecdn.com/bqgcd/avwp0n8nbird6bxzebrpuezvsa7pc8bz.JPG!firstwebp","29","https://images.xiecdn.com/bqgcd/i7erkaapot5z5mhgltotmngnxvdb2714.jpg!/format/webp;https://images.xiecdn.com/bqgcd/iu6so29okjov3lnaoydr33nzjwixoxur.jpg!/format/webp;https://images.xiecdn.com/bqgcd/4kptd1jhw33hi4bxp3a2tzz8b8oyau6i.jpg!/format/webp;https://images.xiecdn.com/bqgcd/94d7d82ihbayhsd5uq2lhto6zx38tm6c.jpg!/format/webp;https://images.xiecdn.com/bqgcd/nu0dn3hi4d082l676vhg8rg80xbwlcjr.jpg!/format/webp;https://images.xiecdn.com/bqgcd/jg0l5brix3xxqs5hm7dp3uuat3zkg5w1.jpg!/format/webp;https://images.xiecdn.com/bqgcd/vu7r9c5ddt8my1i5r777ghzw3vb41baf.jpg!/format/webp;https://images.xiecdn.com/bqgcd/cz3u7cvpg5ott2drcs3swptum7q8tgpj.jpg!/format/webp;https://images.xiecdn.com/bqgcd/czjgwx9b2php8xpo9wq4f79pbus43vn3.jpg!/format/webp;https://images.xiecdn.com/bqgcd/0qmfaue9sap2ec96knsq0oemwwu3hq62.jpg!/format/webp;https://images.xiecdn.com/bqgcd/tp9hd8az8slv8pvm6kv1hgijppdyp05n.jpg!/format/webp;https://images.xiecdn.com/bqgcd/hzwr1c42eijcxebgdtlx585kjazxv641.jpg!/format/webp;https://images.xiecdn.com/bqgcd/bykn4w1ibejk00xsmwbbcou2urtbadec.jpg!/format/webp;https://images.xiecdn.com/bqgcd/lh3chqwkx6eowsji8pc6wze7922dvdqf.jpg!/format/webp;https://images.xiecdn.com/bqgcd/p45wch2rrgtm0g1ecg20udvkoam4j8h9.jpg!/format/webp;https://images.xiecdn.com/bqgcd/b4uu5c3piyv6x0t2j59yn13hr72jervw.jpg!/format/webp;https://images.xiecdn.com/bqgcd/elsuikbeuccqxlsgn8wf4jhwjkshvt25.jpg!/format/webp;https://images.xiecdn.com/bqgcd/v8uinlah99lrpuslut7t28dkdl1vsj6v.jpg!/format/webp;https://images.xiecdn.com/bqgcd/kxiperutej1dnrvog7259sg2c4jplc5v.jpg!/format/webp;https://images.xiecdn.com/bqgcd/zt6djizycfjfgih2ai2xpu57gjhllc66.jpg!/format/webp;https://images.xiecdn.com/bqgcd/q8uux0vk63kzostqd7trre0uvq4shhnx.jpg!/format/webp;https://images.xiecdn.com/bqgcd/16lth0puivyv7ndhrd5u5udgc2kl5lzn.jpg!/format/webp;https://images.xiecdn.com/bqgcd/40tu9svod3nggslqvp9tmo083ol55psj.jpg!/format/webp;https://images.xiecdn.com/bqgcd/pdbslgbqna1f53m7exjodiu9dx0xx7en.jpg!/format/webp;https://images.xiecdn.com/bqgcd/muzrzn34e8zz0jl1qwxhi7ztujeegccy.jpg!/format/webp;https://images.xiecdn.com/bqgcd/a35sk1kykxky4wderuq5v12zgp3xnek7.jpg!/format/webp;https://images.xiecdn.com/bqgcd/7eak9b3adehzlzfks7pu1dqdeyyfpkbt.jpg!/format/webp;https://images.xiecdn.com/bqgcd/n395zlzrm7sgoefulf0lebacrrk7ypwm.jpg!/format/webp;https://images.xiecdn.com/bqgcd/iqocci40w20wd6ziylakrv4ro2h12jnj.jpg!/format/webp","2014015","True","本地货号已存在","核验国际站状态"
"搜鞋网在线","A051","1450557","一脚蹬套脚懒人鞋轻便跑步鞋【贝强工厂店】","55.00","灰白;灰黑;灰黄【37-45】;源头工厂","35;36;37;38;39;40;41;42;43;44;45","2022年7月17日","https://bqgcd.sooxie.com/detail/1450557","https://images.xiecdn.com/bqgcd/6fupji07kd44vp7zwttxo49e0ocad21f.jpg!firstwebp","26","https://images.xiecdn.com/bqgcd/orarlil1oe821zbcwskuy2jonahs8vdz.jpg!/format/webp;https://images.xiecdn.com/bqgcd/3a9h9ec13vtke9vo29xebv96c5siuaic.jpg!/format/webp;https://images.xiecdn.com/bqgcd/5ll89x39zabhbh57q230sl8dak62vvky.jpg!/format/webp;https://images.xiecdn.com/bqgcd/ykd1iewnh9d6iyo9ofxnrvfibqs24gj1.jpg!/format/webp;https://images.xiecdn.com/bqgcd/sr10v6fevb2t1b2esfjagkl0kh0kgs5s.jpg!/format/webp;https://images.xiecdn.com/bqgcd/ycqpefsacthcsfq0kpgaeurk2cf7qu4x.jpg!/format/webp;https://images.xiecdn.com/bqgcd/km9fkxzn7gei4hehll06kt0oqvm889ix.jpg!/format/webp;https://images.xiecdn.com/bqgcd/pdhylrfjkyci0vfdm4ju1w3qckk9kj3e.jpg!/format/webp;https://images.xiecdn.com/bqgcd/8u22c9oy4t6fdd4vcfbsqqrhrugpbk09.jpg!/format/webp;https://images.xiecdn.com/bqgcd/ht0otuxr8o8sj1k5vphkbwarv729xdku.jpg!/format/webp;https://images.xiecdn.com/bqgcd/lhky3pwtw6sdarpyzqcs9tii2wbflbb9.jpg!/format/webp;https://images.xiecdn.com/bqgcd/ssect4kmkyoq6mf33u6n2w72deq33zym.jpg!/format/webp;https://images.xiecdn.com/bqgcd/p7xeo28vt8udmrkcumd05i96b6g7l5v8.jpg!/format/webp;https://images.xiecdn.com/bqgcd/6i985q09pg6qgnkrd8flq03roa0aif6b.jpg!/format/webp;https://images.xiecdn.com/bqgcd/12rbj7qysds4osaog5blywa2t4znl1qb.jpg!/format/webp;https://images.xiecdn.com/bqgcd/iwx0n9pwjb4g11ntruuc2ir6bdd61hx9.jpg!/format/webp;https://images.xiecdn.com/bqgcd/nax3ex61gwopv8i6pnlzjfwyl1fsde6m.jpg!/format/webp;https://images.xiecdn.com/bqgcd/mkkd5f8bijrau163gfrvv72sol6sogaq.jpg!/format/webp;https://images.xiecdn.com/bqgcd/4ila59nv2dp4lzd7h1j9r8enng4rv20q.jpg!/format/webp;https://images.xiecdn.com/bqgcd/1hu7ewyroi0tap0b8f49opfkl170rxgz.jpg!/format/webp;https://images.xiecdn.com/bqgcd/sz3mmh5mql12tbajwo6ly8xfgxhgrkrw.jpg!/format/webp;https://images.xiecdn.com/bqgcd/w86c53btwdcwqez5p6kitb7cgt13clfp.jpg!/format/webp;https://images.xiecdn.com/bqgcd/fjtrk5b4t1cuyfgt0o398hewrcz8flid.jpg!/format/webp;https://images.xiecdn.com/bqgcd/zfqxp09t9hfc2iylvjrh2wbne1kp6xj4.jpg!/format/webp;https://images.xiecdn.com/bqgcd/39ffhbdhzy15t03m6h210cuo7bg9bplo.jpg!/format/webp;https://images.xiecdn.com/bqgcd/6du6jpnif6o74bstmfa2mf75zax75525.jpg!/format/webp","1505064","False","待结构与图片去重","核验是否为独立鞋型或仅为配色/加绒/别名变体"
"搜鞋网在线","A068","1859579","【工厂】一脚蹬套脚轻便休闲男女鞋","58.00","灰色;黑白;白色;全黑","35;36;37;38;39;40;41;42;43;44;45","2024年2月29日","https://bqgcd.sooxie.com/detail/1859579","https://images.xiecdn.com/bqgcd/z30sdaqhi9t7jyfz6fci867euk1rkvcr.JPG!firstwebp","23","https://images.xiecdn.com/bqgcd/1q7ke5uk7mn3m7iuyl58b46pav99uv2g.jpg!/format/webp;https://images.xiecdn.com/bqgcd/im6g5itt9ocs68s6ha5r00icuaczqrb1.jpg!/format/webp;https://images.xiecdn.com/bqgcd/gd58j2z8yfagq5taerb6r39k4guq8lro.jpg!/format/webp;https://images.xiecdn.com/bqgcd/a2p6ahazwzhf30rube9fgoubybg25xy9.jpg!/format/webp;https://images.xiecdn.com/bqgcd/cua7alih3kz49pw3me85idmbwwh821iz.jpg!/format/webp;https://images.xiecdn.com/bqgcd/ccl6xgzume3qmg5svvrr65ygkuuja68q.jpg!/format/webp;https://images.xiecdn.com/bqgcd/xeaoemk48lu04ikocox1b0cpjzkbvpqa.jpg!/format/webp;https://images.xiecdn.com/bqgcd/3km02lecmct4dxxvms1o1gw655ljo0w6.jpg!/format/webp;https://images.xiecdn.com/bqgcd/y4ulpm1f1zqiiank99m0eiziqzv4xbyr.jpg!/format/webp;https://images.xiecdn.com/bqgcd/t6bic0ddqvb9eua03u9rvf6501s4htjh.jpg!/format/webp;https://images.xiecdn.com/bqgcd/74nueg47lw144132uoc6cm8bphx2sd0j.jpg!/format/webp;https://images.xiecdn.com/bqgcd/1k0j2cqkn5d4hm3qnz8t9ldmt7lmnyqu.jpg!/format/webp;https://images.xiecdn.com/bqgcd/dmii5bzpnljesqo60ge5vlaga77qsvci.jpg!/format/webp;https://images.xiecdn.com/bqgcd/kcbx944e7e29b75fomyg050tz86yvnoq.jpg!/format/webp;https://images.xiecdn.com/bqgcd/ajebhctauv1l0amb2p5xqo0rc8yeox89.jpg!/format/webp;https://images.xiecdn.com/bqgcd/smkj866kcvfb7oelauywc3eaq9ttcpbi.jpg!/format/webp;https://images.xiecdn.com/bqgcd/uea72883vw1w3hd9hjlyt9yfacqcgjye.jpg!/format/webp;https://images.xiecdn.com/bqgcd/dlbz5yaadrtafl1060j8p9ywqhonpovk.jpg!/format/webp;https://images.xiecdn.com/bqgcd/03ek01lyxsdm352arq1dc86lo3tq1myl.jpg!/format/webp;https://images.xiecdn.com/bqgcd/txofhxridfhxcki0xyuyfrsrelq3lvqb.jpg!/format/webp;https://images.xiecdn.com/bqgcd/qynv2o5r416itz4g95kbqy0a8dvz2pdu.jpg!/format/webp;https://images.xiecdn.com/bqgcd/hic0mncyrcf56wsiixijpfxh6yuppri6.jpg!/format/webp;https://images.xiecdn.com/bqgcd/a52ti3ia9opwkvrer8sbbqvrhrdpx01w.jpg!/format/webp","2015273","False","待结构与图片去重","核验是否为独立鞋型或仅为配色/加绒/别名变体"
"搜鞋网在线","A116","1468089","新款女鞋一脚蹬男女鞋【贝强工厂店】","55.00","紫色35-40;米白;黑白;全黑;蓝色;源头工厂","35;36;37;38;39;40;41;42;43;44;45","2022年8月10日","https://bqgcd.sooxie.com/detail/1468089","https://images.xiecdn.com/bqgcd/i52rp5kaxa0ofwtyh2bfni3qqx08iw6s.jpg!firstwebp","26","https://images.xiecdn.com/bqgcd/4mi37x2bmobhpk5i1y7zab3m0cm7oe84.jpg!/format/webp;https://images.xiecdn.com/bqgcd/w589xpowfosrfe2j62vl3wu95v0t015m.jpg!/format/webp;https://images.xiecdn.com/bqgcd/0gcxc09whjx60ai4p5s360xwjuj4o2vp.jpg!/format/webp;https://images.xiecdn.com/bqgcd/tnnust8l388yta1a6eyeh4xgjh16bb8x.jpg!/format/webp;https://images.xiecdn.com/bqgcd/r59g9pc66lc7knoa19yq6qbyxqlat08z.jpg!/format/webp;https://images.xiecdn.com/bqgcd/ujt4fxgsfb0270f9q6tpim4n913naug5.jpg!/format/webp;https://images.xiecdn.com/bqgcd/q6980i4dl740kx3jqxvau2ji96vxgmp0.jpg!/format/webp;https://images.xiecdn.com/bqgcd/g2kzglg4rjx1shihjl55slw6sv4aaib0.jpg!/format/webp;https://images.xiecdn.com/bqgcd/p8c3ekvzjsr4utdw411ajovr7ncn8c36.jpg!/format/webp;https://images.xiecdn.com/bqgcd/ujc3xjmm4skvupmcb5f0jcu9crzk43xh.jpg!/format/webp;https://images.xiecdn.com/bqgcd/kak4cegldc7fjqbck5ffp6hb64ce0md6.jpg!/format/webp;https://images.xiecdn.com/bqgcd/nd0h3ogsnggb9af1sxwylvraq91bxzmf.jpg!/format/webp;https://images.xiecdn.com/bqgcd/elki1lmnklbuxxjfxkv0m759rvj71znp.jpg!/format/webp;https://images.xiecdn.com/bqgcd/9j85oocjopwp0ommv0ojnie7273s5v15.jpg!/format/webp;https://images.xiecdn.com/bqgcd/aartrdij16ytjax5xvse6ucwsfpi9cyz.jpg!/format/webp;https://images.xiecdn.com/bqgcd/ylyrox4qbn29li6fuzlcwdwjjpaek0jx.jpg!/format/webp;https://images.xiecdn.com/bqgcd/eq5d6gqxl2q3g3a00m0spnf8dx0adrgy.jpg!/format/webp;https://images.xiecdn.com/bqgcd/c01k87d2wzmezq7v6rrk6y0ob3yuh7tl.jpg!/format/webp;https://images.xiecdn.com/bqgcd/nkelm5b3cfkawnq0fd712crc3txnc2ny.jpg!/format/webp;https://images.xiecdn.com/bqgcd/mo3qigauxkrdqwuy4pp5ce09suhtsvfm.jpg!/format/webp;https://images.xiecdn.com/bqgcd/4pcp267l5ewinbe125b5d4b6bpzxyai8.jpg!/format/webp;https://images.xiecdn.com/bqgcd/lwmqf0odld2fks7xjv2ege1a9ujl2jp9.jpg!/format/webp;https://images.xiecdn.com/bqgcd/lcvt5ga1xpinx8e2z7mbzj3kyguhvocq.jpg!/format/webp;https://images.xiecdn.com/bqgcd/61aj93udcv4jig8eihb1wcm8n9rvgdvo.jpg!/format/webp;https://images.xiecdn.com/bqgcd/l5sga2twipbld3vrv1dmg3dsawhcfcn0.jpg!/format/webp;https://images.xiecdn.com/bqgcd/0qcxa87844aaxudbaccspudlacscu45p.jpg!/format/webp","1522596","True","本地货号已存在","核验国际站状态"
"搜鞋网在线","A116-1","1547777","爆款一脚蹬休闲棉鞋加绒套脚男女【贝强工厂店】","57.00","黑白加绒;全黑加绒","35;36;37;38;39;40;41;42;43;44;45","2022年10月30日","https://bqgcd.sooxie.com/detail/1547777","https://images.xiecdn.com/bqgcd/i2owvrd1ug8c6d8v3ovln4i6odyorpua.jpg!firstwebp","8","https://images.xiecdn.com/bqgcd/xdbxr2oyk5lxedrs4kopavmm8xa3nkyf.jpg!/format/webp;https://images.xiecdn.com/bqgcd/c2w3tj2m2dns6tkykll07cqxxzrupwv8.jpg!/format/webp;https://images.xiecdn.com/bqgcd/f8y1x9sucvx8wylscqy5kdm3ehmpir2v.jpg!/format/webp;https://images.xiecdn.com/bqgcd/ib36cu0yfhtve0da9njghv1drmgjqvp8.jpg!/format/webp;https://images.xiecdn.com/bqgcd/olo5vx094biuc9utkn05ys5u0p3ap8fd.jpg!/format/webp;https://images.xiecdn.com/bqgcd/k2h0u2veed79puitonglyeyn5nrqlmwh.jpg!/format/webp;https://images.xiecdn.com/bqgcd/lk1ybqhfteqvhsqjo2exhyoe02jm72b2.jpg!/format/webp;https://images.xiecdn.com/bqgcd/yl7v4agu4jvnfynxjezygpogoi8aezr1.jpg!/format/webp","1604424","False","待结构与图片去重","核验是否为独立鞋型或仅为配色/加绒/别名变体"
"搜鞋网在线","A155","1538205","秋冬季高帮新款外贸跨境一脚蹬男女袜子鞋【贝强工厂店】","58.00","黑白;全黑;红色","35;36;37;38;39;40;41;42;43;44;45","2022年10月18日","https://bqgcd.sooxie.com/detail/1538205","https://images.xiecdn.com/bqgcd/7f4popqqrxbkqbmthec7jrm6n07vry52.jpg!firstwebp","25","https://images.xiecdn.com/bqgcd/s12n4qb6magnjxqhlbbf2tcy7d0b4whq.jpg!/format/webp;https://images.xiecdn.com/bqgcd/ajc9e4nj0f8hoiqwuzulji2rkfg98uij.jpg!/format/webp;https://images.xiecdn.com/bqgcd/dm2wixd3nl9ggz7xnn64twmsl0p1tbah.jpg!/format/webp;https://images.xiecdn.com/bqgcd/e63o2vratu126klatwiassedeblqumgc.jpg!/format/webp;https://images.xiecdn.com/bqgcd/31jzmb8n60sgkazrbbibkmbqbc9j0z9w.jpg!/format/webp;https://images.xiecdn.com/bqgcd/na508pjh790lzdwri0ctol5jg1bpbvg8.jpg!/format/webp;https://images.xiecdn.com/bqgcd/f92k179ahqftrxcjhdxkjkoqug8gxxcw.jpg!/format/webp;https://images.xiecdn.com/bqgcd/e6ha9r9uie70i3h4qmjcrx0qjv4sydew.jpg!/format/webp;https://images.xiecdn.com/bqgcd/vxs94fjkjmthexqrljc5ia1ai6gcx8i8.jpg!/format/webp;https://images.xiecdn.com/bqgcd/2agv1gd43of3j215zs8v8b47x54pojpr.jpg!/format/webp;https://images.xiecdn.com/bqgcd/3j6sjooznjbhd7e3uh8ionbd67avcf48.jpg!/format/webp;https://images.xiecdn.com/bqgcd/1yh61oix0b1vfrbsdj59pm0qks1ndacd.jpg!/format/webp;https://images.xiecdn.com/bqgcd/0kb4ontb33o99w17uqxteo9crefw9bpc.jpg!/format/webp;https://images.xiecdn.com/bqgcd/d6hwi342jis7cvtv69usgioimkte2hyp.jpg!/format/webp;https://images.xiecdn.com/bqgcd/orode9alt8uajp017vysurnoea3ptunv.jpg!/format/webp;https://images.xiecdn.com/bqgcd/934c70jjaav6v5fsm393o5c9gpzyqbyo.jpg!/format/webp;https://images.xiecdn.com/bqgcd/948bbe772evq6tzheco7iurl2dvzvxku.jpg!/format/webp;https://images.xiecdn.com/bqgcd/6doxgaeat6ssckvycyezsxywl70cj32m.jpg!/format/webp;https://images.xiecdn.com/bqgcd/cpfkxcy3mkd5gfgywr1ankko0b2jlwwp.jpg!/format/webp;https://images.xiecdn.com/bqgcd/5n77xqbeltmghlaqnxc5xk9pxipvffmk.jpg!/format/webp;https://images.xiecdn.com/bqgcd/pdhd1e0cas9cv3a1izsl2q9uhzdo6xnw.jpg!/format/webp;https://images.xiecdn.com/bqgcd/qg6m2ozd0ybganvqwdjhm8349yto2tsu.jpg!/format/webp;https://images.xiecdn.com/bqgcd/y9lqx98sx8wfmr9hr97m26rdbpeb5zdh.jpg!/format/webp;https://images.xiecdn.com/bqgcd/tnlwuurh33dyegy54htiod3qdm5u79qx.jpg!/format/webp;https://images.xiecdn.com/bqgcd/0wup9hz67f9pomun2h0ibxxql4rhuabm.jpg!/format/webp","1594168","False","待结构与图片去重","核验是否为独立鞋型或仅为配色/加绒/别名变体"
"搜鞋网在线","A1689","1445589","一脚蹬套脚男女健身跑步休闲鞋【贝强工厂店】","53.00","黑白;全黑;黑黄37-45;源头工厂","35;36;37;38;39;40;41;42;43;44;45","2022年7月10日","https://bqgcd.sooxie.com/detail/1445589","https://images.xiecdn.com/bqgcd/e6lt1kmadiqz4izqfxprtbi5syhd800w.jpg!firstwebp","26","https://images.xiecdn.com/bqgcd/55w5ggybt13ak6ujgzagzjxaf1ox4fza.jpg!/format/webp;https://images.xiecdn.com/bqgcd/146mgicuogklduf5ux6kyvu9m45poa8q.jpg!/format/webp;https://images.xiecdn.com/bqgcd/yljracvyhnq6p37v1bn8u38ocddud9cg.jpg!/format/webp;https://images.xiecdn.com/bqgcd/qbggrbsnmuwabve4xl5jvn8cp40q465v.jpg!/format/webp;https://images.xiecdn.com/bqgcd/4k7o6ep6c9wc7t3k41fbcen1f81plbj8.jpg!/format/webp;https://images.xiecdn.com/bqgcd/wcnclc0zprwo02hub6yspftnn0oyebsz.jpg!/format/webp;https://images.xiecdn.com/bqgcd/63mz15dx9k3fgwyn7rkn1frivihzn9kr.jpg!/format/webp;https://images.xiecdn.com/bqgcd/j4zht2ohx82wjr8kmt0rk6nrae70z2z8.jpg!/format/webp;https://images.xiecdn.com/bqgcd/5r962ghnthk841xotafa6kgtdy4hj83q.jpg!/format/webp;https://images.xiecdn.com/bqgcd/f9d69gn5qkzlajdhs5x7gryd2i9khhxc.jpg!/format/webp;https://images.xiecdn.com/bqgcd/z0xm96l2zvc61vqrmsd357y9vg1dxxy7.jpg!/format/webp;https://images.xiecdn.com/bqgcd/k6gjqy3q6faw08yijlkr0mecrdz1noul.jpg!/format/webp;https://images.xiecdn.com/bqgcd/k7alinfys3ufaouuxt8tji4djwltlrw3.jpg!/format/webp;https://images.xiecdn.com/bqgcd/0eebn9zmvlyjaqlcllbe3vm5lnn66j0u.jpg!/format/webp;https://images.xiecdn.com/bqgcd/tvjrzut9288ju8auum1h51z7fwut8umv.jpg!/format/webp;https://images.xiecdn.com/bqgcd/um272bgb4e92oqbz9jmopczi2gkwx6p2.jpg!/format/webp;https://images.xiecdn.com/bqgcd/pb7rtb63d2nmemc641bjpy4cvfye22up.jpg!/format/webp;https://images.xiecdn.com/bqgcd/6ltouj9q1zra7nr5q1lc3z2aclzk99a8.jpg!/format/webp;https://images.xiecdn.com/bqgcd/0kmsikm58yaeeffmjwksv4pukkzfi9s7.jpg!/format/webp;https://images.xiecdn.com/bqgcd/xwhxkwqhw18r22awbyf7nesy24ws5p9x.jpg!/format/webp;https://images.xiecdn.com/bqgcd/c023mjrexkvnthoaadkzjsmw1m5d7wf2.jpg!/format/webp;https://images.xiecdn.com/bqgcd/lkwi1run5o8quqni6m8hty7uxy2s9vl6.jpg!/format/webp;https://images.xiecdn.com/bqgcd/faznz2tguderinll2qnyer3aw0ngji1r.jpg!/format/webp;https://images.xiecdn.com/bqgcd/rrrlj7zdehpdxdrk6n2anxj6d00bbdtk.jpg!/format/webp;https://images.xiecdn.com/bqgcd/0y51drujuw2t1f6ox4j43d9xebgdehvh.jpg!/format/webp;https://images.xiecdn.com/bqgcd/ppcv0026ov61ymbiliyklmam6r1rift3.jpg!/format/webp","1500096","True","本地货号已存在","核验国际站状态"
"搜鞋网在线","A1689-1","1545440","新款男女低帮加绒一脚蹬套脚棉鞋【贝强工厂店】","55.00","黑白加绒;全黑加绒","35;36;37;38;39;40;41;42;43;44;45","2022年10月26日","https://bqgcd.sooxie.com/detail/1545440","https://images.xiecdn.com/bqgcd/qb4zz7oyj4xjlwb6odti5f078hxaggf4.jpg!firstwebp","21","https://images.xiecdn.com/bqgcd/17ef0cn8ksvttb9asx2meh7o9y25s8nx.jpg!/format/webp;https://images.xiecdn.com/bqgcd/gk0waduazyg3xzp0jgd4lnx3qtqfefi5.jpg!/format/webp;https://images.xiecdn.com/bqgcd/vm5yw36dfo127q2esk8ghbn4et702aif.jpg!/format/webp;https://images.xiecdn.com/bqgcd/sx2fqatr0rk7hb1w4mxum37kifbq4oco.jpg!/format/webp;https://images.xiecdn.com/bqgcd/mz79aqotw3ja08t481n0xv50fcucsxvr.jpg!/format/webp;https://images.xiecdn.com/bqgcd/c108nqx33lpa3fw4mv1ml6t9e8tr56e4.jpg!/format/webp;https://images.xiecdn.com/bqgcd/ciqszo7ua9w6sw7g79wzg1k9dmxd4oq7.jpg!/format/webp;https://images.xiecdn.com/bqgcd/0b4j9dh9b5lt8u27c6w7avlkeif30kjp.jpg!/format/webp;https://images.xiecdn.com/bqgcd/1xtmzy6cq4vp49zqs6ao0ff7wzb3bm78.jpg!/format/webp;https://images.xiecdn.com/bqgcd/n9utnlkmta0alp9wyp5v40jlw6zm8blv.jpg!/format/webp;https://images.xiecdn.com/bqgcd/zepm1xj4wspkzjk54u2exnd9m8693tdh.jpg!/format/webp;https://images.xiecdn.com/bqgcd/tego1soxob9696txxdiyu61ymtl8f57p.jpg!/format/webp;https://images.xiecdn.com/bqgcd/5om09nlxcfa17fpp67tmgs0qyut7vjdi.jpg!/format/webp;https://images.xiecdn.com/bqgcd/qo9uvzk8xyvwh1cwjcwqx8q5kuo2tkbp.jpg!/format/webp;https://images.xiecdn.com/bqgcd/jgpq98i90i67os64fhwsekig096f7rg8.jpg!/format/webp;https://images.xiecdn.com/bqgcd/thbnmd5xfe3fyqbz66l8arvkcnik6d21.jpg!/format/webp;https://images.xiecdn.com/bqgcd/z6gtq517h6rxgtfpkr4mq69iexzg0uju.jpg!/format/webp;https://images.xiecdn.com/bqgcd/f9wy6htxi3v6dzapnc56p0049g7n8428.jpg!/format/webp;https://images.xiecdn.com/bqgcd/cpchq0zf7rdt9yb2e0eij3td6w76qdub.jpg!/format/webp;https://images.xiecdn.com/bqgcd/96lm4p0o7h297i85l8zg8cr34r36nj02.jpg!/format/webp;https://images.xiecdn.com/bqgcd/lvnrzcr0im7sf1nzjkf8xz90xdba54wi.jpg!/format/webp","1601921","False","待结构与图片去重","核验是否为独立鞋型或仅为配色/加绒/别名变体"
"搜鞋网在线","A1888","1454305","2022秋季高帮无标袜子鞋速卖通跨境长期拿货【贝强工厂店】","55.00","黑白;全黑;源头工厂","35;36;37;38;39;40;41;42;43;44;45","2022年7月23日","https://bqgcd.sooxie.com/detail/1454305","https://images.xiecdn.com/bqgcd/z796ulvq7uow59mnqx0andicdic2dq8z.jpg!firstwebp","11","https://images.xiecdn.com/bqgcd/m37kb8rzwtu32d5bwwi7jt4bgnirxwvo.jpg!/format/webp;https://images.xiecdn.com/bqgcd/idqf9812afvzkgk451z1jk7zxomsjb7x.jpg!/format/webp;https://images.xiecdn.com/bqgcd/03yblyhizzyzzwtrqked9fravfyjubkh.jpg!/format/webp;https://images.xiecdn.com/bqgcd/smwn6l4zp45t460jnmb3p48339kgc0uh.jpg!/format/webp;https://images.xiecdn.com/bqgcd/2raemtagi71ct8lp0164b6b87v1pznfq.jpg!/format/webp;https://images.xiecdn.com/bqgcd/bqe3g8ws04rqcp9lw8tluowevykoqfi2.jpg!/format/webp;https://images.xiecdn.com/bqgcd/jceffhoah524e7zgl05cxwt0355sus97.jpg!/format/webp;https://images.xiecdn.com/bqgcd/i3v573j8wbuhy9klaamdmud6r69945w0.jpg!/format/webp;https://images.xiecdn.com/bqgcd/q4k8ob9chndzpmwb3hao4n0zeah4wb9e.jpg!/format/webp;https://images.xiecdn.com/bqgcd/fyl8qcc59fdogw0sckb8mkq6r0shewfd.jpg!/format/webp;https://images.xiecdn.com/bqgcd/qc4c2q9qwdc6wlpyu8lmoiiqifrgzcmt.jpg!/format/webp","1508812","False","待结构与图片去重","核验是否为独立鞋型或仅为配色/加绒/别名变体"
"搜鞋网在线","A1888-1","1550939","秋冬加绒一脚蹬高帮加绒袜子鞋【贝强工厂店】","58.00","黑白加绒;全黑加绒","35;36;37;38;39;40;41;42;43;44;45","2022年11月4日","https://bqgcd.sooxie.com/detail/1550939","https://images.xiecdn.com/bqgcd/mjn6x2xs8awl4eh2gqg2083q499nuq4e.jpg!firstwebp","8","https://images.xiecdn.com/bqgcd/8qyzr4wwvkdgg0nf9xvuyhlzqlxkcjeg.jpg!/format/webp;https://images.xiecdn.com/bqgcd/be4epqtu0zlaby27mawh8a3khrvkp7xz.jpg!/format/webp;https://images.xiecdn.com/bqgcd/v89esl5et4i5vjaugxsanyxemcck12kg.jpg!/format/webp;https://images.xiecdn.com/bqgcd/lnokp8hu04qd6u6akkb4uedcmc8ppvt2.jpg!/format/webp;https://images.xiecdn.com/bqgcd/e7qon1zd4jdvfbg1mq9v9vq1q7khjlft.jpg!/format/webp;https://images.xiecdn.com/bqgcd/y9i6zi151yhwo20wano9vzcs8silcalh.jpg!/format/webp;https://images.xiecdn.com/bqgcd/zrt4t82nxbwnayc9rfsni0sjinat9d6q.jpg!/format/webp;https://images.xiecdn.com/bqgcd/gasznpqr3ih1czctbyyraqm9qco9o6m2.jpg!/format/webp","1607794","False","待结构与图片去重","核验是否为独立鞋型或仅为配色/加绒/别名变体"
"搜鞋网在线","A189","1522792","秋冬新款高帮一脚蹬男鞋【贝强工厂店】","58.00","黑白;全黑;源头工厂","39;40;41;42;43;44;45","2022年10月3日","https://bqgcd.sooxie.com/detail/1522792","https://images.xiecdn.com/bqgcd/iovwnyyir7c0pzzfpuwgmdmvb7ty4dtn.jpg!firstwebp","24","https://images.xiecdn.com/bqgcd/w517u9t3hrjbx5xo7w731it9nvh3415z.jpg!/format/webp;https://images.xiecdn.com/bqgcd/dm4vz30ijvlxgqz1f8lpksuq4n189e2n.jpg!/format/webp;https://images.xiecdn.com/bqgcd/cpt2a2wfbetypmk8z8osrf6cp7l64d1s.jpg!/format/webp;https://images.xiecdn.com/bqgcd/f9omku6ufr2xywf0y2rgp4ued3981m3a.jpg!/format/webp;https://images.xiecdn.com/bqgcd/4grmlhazjg64aemrcv9i5dx87ge7xr6m.jpg!/format/webp;https://images.xiecdn.com/bqgcd/k92r37vwx8w9qsd1nk63jrqva39cjbjy.jpg!/format/webp;https://images.xiecdn.com/bqgcd/ix34jlvx0cesm4pnw7vvzv77a71lpuo8.jpg!/format/webp;https://images.xiecdn.com/bqgcd/clxe7izopodwya0agl22tkk2dasdx1eb.jpg!/format/webp;https://images.xiecdn.com/bqgcd/didc1nndyun7t6bzntk6ot3pwg39z7s3.jpg!/format/webp;https://images.xiecdn.com/bqgcd/w4aeca1lbegoalfcklk1zlwoxcgbnsgm.jpg!/format/webp;https://images.xiecdn.com/bqgcd/3mea17sngioc4qfiihs5bpwdprup90jm.jpg!/format/webp;https://images.xiecdn.com/bqgcd/ti4edx9in1nknbjyrnrby7uysj735jkm.jpg!/format/webp;https://images.xiecdn.com/bqgcd/6amx9outhpyk2h5e6bwfzj1j1rx78rl9.jpg!/format/webp;https://images.xiecdn.com/bqgcd/ozy9axr60wnlckpup13qemk6wusjoswi.jpg!/format/webp;https://images.xiecdn.com/bqgcd/2ri2nl8c1s9j4tj57wt68ybv8kr0394y.jpg!/format/webp;https://images.xiecdn.com/bqgcd/wt8uehq43zldk26waf4orwf3kg7io843.jpg!/format/webp;https://images.xiecdn.com/bqgcd/spcxrjyj91z68e0kx5atavzgckttouk3.jpg!/format/webp;https://images.xiecdn.com/bqgcd/om8qv7s347wm594o4onspg9ef1z0nsr3.jpg!/format/webp;https://images.xiecdn.com/bqgcd/h62dgs6o8t94bi43ji5vbq689wdgyssf.jpg!/format/webp;https://images.xiecdn.com/bqgcd/c9q0i8yyeypo3ul28guyzgbyg9fhmefl.jpg!/format/webp;https://images.xiecdn.com/bqgcd/87rjvq0zvqklnfhuqvnxjquq9jles61t.jpg!/format/webp;https://images.xiecdn.com/bqgcd/zbcjs8s8wwqn2be4j8upkqcglzri4jyi.jpg!/format/webp;https://images.xiecdn.com/bqgcd/4ainchdegq8gb5wrmgbq6a2ffatl4r1l.jpg!/format/webp;https://images.xiecdn.com/bqgcd/1eq84brvzxi1bkbtnugofrt13d10xrwz.jpg!/format/webp","1578126","False","待结构与图片去重","核验是否为独立鞋型或仅为配色/加绒/别名变体"
"搜鞋网在线","A201","1533566","爆款一脚蹬套脚男女童鞋【贝强工厂店】","50.00","黑白金;粉色金;斑马金","31;32;33;34;35;36;37;38;39;40","2022年10月13日","https://bqgcd.sooxie.com/detail/1533566","https://images.xiecdn.com/bqgcd/jh210xacgw09hkpt360gooypstvadtbe.jpg!firstwebp","27","https://images.xiecdn.com/bqgcd/m76wj3nxjxdhlpr0be66n2suaqrr8tsn.jpg!/format/webp;https://images.xiecdn.com/bqgcd/81gatrujkxd92upxsrc85lmix42zvfle.jpg!/format/webp;https://images.xiecdn.com/bqgcd/s3khc4jgrklzhm5dj9y0mhaav5u9i9o9.jpg!/format/webp;https://images.xiecdn.com/bqgcd/wy5avbi33ghht3gudvssl4td1h5edyum.jpg!/format/webp;https://images.xiecdn.com/bqgcd/nbn1d7erktbdbj2h7sken5bi87kkyf8y.jpg!/format/webp;https://images.xiecdn.com/bqgcd/kb0wiv9rt0q346q1eqgf6t2s2faaeuy3.jpg!/format/webp;https://images.xiecdn.com/bqgcd/4f5rcejyywww9gps2yrouw6dekcjjy1c.jpg!/format/webp;https://images.xiecdn.com/bqgcd/we1iqdb2o54e4jtngbuzrm6wksnh6w2c.jpg!/format/webp;https://images.xiecdn.com/bqgcd/52vwlyxu9mb6yf79dkwalprkt6yb480b.jpg!/format/webp;https://images.xiecdn.com/bqgcd/86hq32fhoa1148lvsnw745qdfc6s7tzv.jpg!/format/webp;https://images.xiecdn.com/bqgcd/witx0caubdj2r99xwcropqdyp9wefwak.jpg!/format/webp;https://images.xiecdn.com/bqgcd/7o3tmbho5fh3k8la34tc5erlyv341izb.jpg!/format/webp;https://images.xiecdn.com/bqgcd/qkam8blagvtqdarhtf6yaf8utjhmb1g9.jpg!/format/webp;https://images.xiecdn.com/bqgcd/qtt143sphqktzc090sg8e7ovahinl3sf.jpg!/format/webp;https://images.xiecdn.com/bqgcd/ju1d66qscjih5flu8vk95a9x6y4ib1p7.jpg!/format/webp;https://images.xiecdn.com/bqgcd/67pf3of936bry3lun49sg84yj7ezciwx.jpg!/format/webp;https://images.xiecdn.com/bqgcd/6rx8078p70m28e1t6p4ttfqjfmgioldv.jpg!/format/webp;https://images.xiecdn.com/bqgcd/voh8ax3gxbnqrksvu2b6ajl626v4wc9x.jpg!/format/webp;https://images.xiecdn.com/bqgcd/sd1nxlldhlz7espo12bokf5rhvu2efwj.jpg!/format/webp;https://images.xiecdn.com/bqgcd/k5dq0ue1u80owrai8plgl4iq27bvi1uw.jpg!/format/webp;https://images.xiecdn.com/bqgcd/o720mohuaa3c3kmg7cqphgtazhgzagik.jpg!/format/webp;https://images.xiecdn.com/bqgcd/yd5v0c2z31rumzokuqhzv9xxymqoak01.jpg!/format/webp;https://images.xiecdn.com/bqgcd/g2roztnkm062hv736k3wqoxp5zfnv4c2.jpg!/format/webp;https://images.xiecdn.com/bqgcd/ceo8ksbbqr68nfzl7i9kvwcdrrjsk9pk.jpg!/format/webp;https://images.xiecdn.com/bqgcd/rd15gqy6kb57nmc4eli48g3zqovz98mp.jpg!/format/webp;https://images.xiecdn.com/bqgcd/7zjxn6nd5eqo8q8axcxtg2x2g3hhlbl8.jpg!/format/webp;https://images.xiecdn.com/bqgcd/9soc514t6nfohcfytsv9kq56op1ckpuk.jpg!/format/webp","1589250","False","待结构与图片去重","核验是否为独立鞋型或仅为配色/加绒/别名变体"
"搜鞋网在线","A206","1451842","一脚蹬休闲轻便健身跑步鞋【贝强工厂店】","55.00","黑白;全黑;米白;源头工厂","35;36;37;38;39;40;41;42;43;44;45","2022年7月19日","https://bqgcd.sooxie.com/detail/1451842","https://images.xiecdn.com/bqgcd/czbewhiw17tkg8fk118mc0lhtz2s3pwk.jpg!firstwebp","19","https://images.xiecdn.com/bqgcd/3vzq9jaatk9nciji71er7i9lxur7lwjt.JPG!/format/webp;https://images.xiecdn.com/bqgcd/mcagtxxvnejhcrg467y9nt90b6wesr5n.jpg!/format/webp;https://images.xiecdn.com/bqgcd/mjk4eb3g7j0cag4unsanijzvmra1y916.JPG!/format/webp;https://images.xiecdn.com/bqgcd/7mw4po5j7cuegczocwt3hwghgpz76k20.jpg!/format/webp;https://images.xiecdn.com/bqgcd/m5v37a8qhvys7mca0elmxcxftxmunqtb.jpg!/format/webp;https://images.xiecdn.com/bqgcd/tkuxf1753ezg8cixkduyk0mq4ygvf8s1.jpg!/format/webp;https://images.xiecdn.com/bqgcd/c97jonsfkab0n85rykdrvocglykcd4uq.jpg!/format/webp;https://images.xiecdn.com/bqgcd/n32357humwmvchg0xjhs2pymqgw86kwt.jpg!/format/webp;https://images.xiecdn.com/bqgcd/x727irx5vqpkct54itdl1bng0767grmm.jpg!/format/webp;https://images.xiecdn.com/bqgcd/3jhd2e45654877a4lnbqt11xi8vj0dz3.jpg!/format/webp;https://images.xiecdn.com/bqgcd/tm7sv5rttpbibml9bjvwf148iy832ppk.jpg!/format/webp;https://images.xiecdn.com/bqgcd/6d7etfbq87kvi3y1lhycy99qmq2dbl1e.jpg!/format/webp;https://images.xiecdn.com/bqgcd/wqahhp94fkmycwt96s233wur83fr7e21.jpg!/format/webp;https://images.xiecdn.com/bqgcd/bkraqrt2kjr3sr2s6tvtonqgeqbkvg1s.jpg!/format/webp;https://images.xiecdn.com/bqgcd/z8kbn9vaqbfypagnu90q5uk4k8s717ot.jpg!/format/webp;https://images.xiecdn.com/bqgcd/ehdtup5r8lzim9dz563ldckvym36gtn8.jpg!/format/webp;https://images.xiecdn.com/bqgcd/g6fxavo3ejyt2fa9qlvhd3mwce9x6pvr.jpg!/format/webp;https://images.xiecdn.com/bqgcd/3raalvp1fc9rt3k83mx5eahio7mx719p.jpg!/format/webp;https://images.xiecdn.com/bqgcd/r5my1ukivwawvpi937uti2nq1oveqc1c.jpg!/format/webp","1506349","True","本地货号已存在","核验国际站状态"
"搜鞋网在线","A212","1749632","【工厂】一脚蹬男女鞋套脚懒人鞋","53.00","黑白;全黑;灰色;白色;白蓝;黑蓝","35;36;37;38;39;40;41;42;43;44;45","2023年9月3日","https://bqgcd.sooxie.com/detail/1749632","https://images.xiecdn.com/bqgcd/7bgaile4rdfhr4xw3gphekjfse2jewi6.jpg!firstwebp","29","https://images.xiecdn.com/bqgcd/wahrsjuxl90i6no9bx6836a6ss4039e8.jpg!/format/webp;https://images.xiecdn.com/bqgcd/6ujc0qtx9ziwv672u6dbrkox93tkc25v.jpg!/format/webp;https://images.xiecdn.com/bqgcd/e8xetfgfi9jv1a9978qw2mbtv9m07wlr.jpg!/format/webp;https://images.xiecdn.com/bqgcd/52avkfgxozyi8is5hc2ygu1l11t1fiax.jpg!/format/webp;https://images.xiecdn.com/bqgcd/imdtatjq7yrjg70po1peb8jqto20zccc.jpg!/format/webp;https://images.xiecdn.com/bqgcd/ply8osbtrgcgarxx83vmk8drtytvyrrs.jpg!/format/webp;https://images.xiecdn.com/bqgcd/iy4ux08zfqarx7wp2qekue4u6281uczc.jpg!/format/webp;https://images.xiecdn.com/bqgcd/99gtsxbqtsmdb00a69b33jbi2t2rfjqx.jpg!/format/webp;https://images.xiecdn.com/bqgcd/273enn0xz5q20n4cnwrdg3wlm6b5uqr0.jpg!/format/webp;https://images.xiecdn.com/bqgcd/q090hi6pct5r9jdylsn6w5zyll5mrt1d.jpg!/format/webp;https://images.xiecdn.com/bqgcd/zp2auxgfm1uoem9zr98f7snbw0lqedcx.jpg!/format/webp;https://images.xiecdn.com/bqgcd/2cwqj9d5ltcpnzg5d0jvbx0wfflbyztw.jpg!/format/webp;https://images.xiecdn.com/bqgcd/59nfymntdy5ig041eqpw0dg6msv5fc9v.jpg!/format/webp;https://images.xiecdn.com/bqgcd/srle38veeb24km8gycjtcyeyro7x3g9t.jpg!/format/webp;https://images.xiecdn.com/bqgcd/w3oxgq21de9nnaxsrj2i8yaz7xdofi1w.jpg!/format/webp;https://images.xiecdn.com/bqgcd/f8wmwcb358gb83s0jdgtg38e0kumfndd.jpg!/format/webp;https://images.xiecdn.com/bqgcd/qgkswb7yfikueu1v5tirqppd7lja69uy.jpg!/format/webp;https://images.xiecdn.com/bqgcd/mpjentmspuwqwevn6ovesqehxrp9uv3r.jpg!/format/webp;https://images.xiecdn.com/bqgcd/hxnyu28bk7tz0ojh0hrp227ttunra0oa.jpg!/format/webp;https://images.xiecdn.com/bqgcd/7d6u9846jkkickx41saijwc9y3k7sisc.jpg!/format/webp;https://images.xiecdn.com/bqgcd/wizqmebjz8w2ilxlr5s2m8ajazydd1bk.jpg!/format/webp;https://images.xiecdn.com/bqgcd/8ovv8q8u3rpcnzji83k1731mydppaejq.jpg!/format/webp;https://images.xiecdn.com/bqgcd/yld0njfnbdb50nzpzl2k1cify6dhw09m.jpg!/format/webp;https://images.xiecdn.com/bqgcd/pkpa6ln5iajn5ddbhj9p6rkuvbiwhmas.jpg!/format/webp;https://images.xiecdn.com/bqgcd/wnxqz1h8swibzqgtt93ai0hvoa8xv4bp.jpg!/format/webp;https://images.xiecdn.com/bqgcd/wn11j6f8764jxoreawd03y64hqpvmu0n.jpg!/format/webp;https://images.xiecdn.com/bqgcd/r7azd1gbkx060f9yfd3qhbxv9axzfwya.jpg!/format/webp;https://images.xiecdn.com/bqgcd/o23i5lci3ofntirktpqhgtqyu9v80nja.jpg!/format/webp;https://images.xiecdn.com/bqgcd/rhhn3rmky2atgvurtrwfnie5oe1sy3ke.jpg!/format/webp","1819175","False","待结构与图片去重","核验是否为独立鞋型或仅为配色/加绒/别名变体"
"搜鞋网在线","A212-1","2076977","【工厂】2024新款一脚蹬套脚休闲加绒棉鞋","55.00","黑白加绒;全黑加绒","35;36;37;38;39;40;41;42;43;44;45","2024年10月24日","https://bqgcd.sooxie.com/detail/2076977","https://images.xiecdn.com/bqgcd/wfi7ld5b0313yozk7rc3rv9qt8lvad9f.jpg!firstwebp","8","https://images.xiecdn.com/bqgcd/tcwc5p4r7094rcs9or2ratqyktyr5ony.jpg!/format/webp;https://images.xiecdn.com/bqgcd/62l47t4rtevnaic2kjwqugu8fev758fq.jpg!/format/webp;https://images.xiecdn.com/bqgcd/bcqyi66rab92n0xk2ofvn7nael8ro357.jpg!/format/webp;https://images.xiecdn.com/bqgcd/cwjccos2cqx58iwv1j0rehw3vtgs8cw8.jpg!/format/webp;https://images.xiecdn.com/bqgcd/mebjwm02p9hu32rhy3f1irhpcbell4z4.jpg!/format/webp;https://images.xiecdn.com/bqgcd/6q4md6m5tu3slmxse9q08zaq12v5uv4w.jpg!/format/webp;https://images.xiecdn.com/bqgcd/6knqgm6139tjnd4iosj0jbokxaa3tm7g.jpg!/format/webp;https://images.xiecdn.com/bqgcd/a6ula2yv1tn2lalxxuoutzjqew6mafg6.jpg!/format/webp","2245721","False","待结构与图片去重","核验是否为独立鞋型或仅为配色/加绒/别名变体"
"搜鞋网在线","A218","1970608","【工厂】2025夏季新款镂空一脚蹬套脚休闲男女鞋","55.00","灰色;黑白;米白;全黑","35;36;37;38;39;40;41;42;43;44;45","2024年6月28日","https://bqgcd.sooxie.com/detail/1970608","https://images.xiecdn.com/bqgcd/7y548135u1byaveyao1simvwvbl549rj.JPG!firstwebp","20","https://images.xiecdn.com/bqgcd/v6rcqn4a6gktwosawnj9fthpts13bz5o.jpg!/format/webp;https://images.xiecdn.com/bqgcd/bgifyqgweawxtgw1amefesdk6hlbbjdq.jpg!/format/webp;https://images.xiecdn.com/bqgcd/rfqoa116l8o0nz0gip9efxjnvo87n8a2.jpg!/format/webp;https://images.xiecdn.com/bqgcd/5g4d868iuufd6pscp6bp1wh3am1ncwxw.jpg!/format/webp;https://images.xiecdn.com/bqgcd/0hhi87m2vqx47neuy42ilvpi1gueahgq.jpg!/format/webp;https://images.xiecdn.com/bqgcd/hj3011rkna0d3yzolha4tckbmo8hb3rd.jpg!/format/webp;https://images.xiecdn.com/bqgcd/f081xijwgk10kld6o4qk2k0z67i1bgjy.jpg!/format/webp;https://images.xiecdn.com/bqgcd/3ef7it4hibbsbbdzpw0ajv62hk7vi7k0.jpg!/format/webp;https://images.xiecdn.com/bqgcd/o24a4x1z06k033x9ggnv2tuldvbidkkb.jpg!/format/webp;https://images.xiecdn.com/bqgcd/21orteboxsy6fhnemstv18afvja5w4fj.jpg!/format/webp;https://images.xiecdn.com/bqgcd/4vrwbwh7upgw3ioh6zmwcpnjg15msvyu.jpg!/format/webp;https://images.xiecdn.com/bqgcd/wa74j1suw1gwkqemcm5a7jnky5jaoh1i.jpg!/format/webp;https://images.xiecdn.com/bqgcd/6ebc8ltbj4yjbo8nxu6jns2cf67ksu2i.jpg!/format/webp;https://images.xiecdn.com/bqgcd/fjddkgrdrkfghif505xrewtrq46ahc5r.jpg!/format/webp;https://images.xiecdn.com/bqgcd/68n2hygtvil6ccs0311o17ggcu2phogl.jpg!/format/webp;https://images.xiecdn.com/bqgcd/rlpska6zgkbfdf31pugy54k2cc1i9zw1.jpg!/format/webp;https://images.xiecdn.com/bqgcd/miiinqav9uiw4oystixkel5s5ffz3ieb.jpg!/format/webp;https://images.xiecdn.com/bqgcd/k9l2brtygr0aug4vtdsmjxu0l8ybjcy6.jpg!/format/webp;https://images.xiecdn.com/bqgcd/itdkjcjibh0gahtav9bki0p9vw1mamfl.jpg!/format/webp;https://images.xiecdn.com/bqgcd/hrzhnqu6vm3e4a25jj0b82c7sjykmlmo.jpg!/format/webp","2133265","True","本地货号已存在","核验国际站状态"
"搜鞋网在线","A2208","1469554","2024新款一脚蹬爆款男女鞋潮鞋【贝强工厂店】","53.00","黑白;全黑;斑马;灰绿;源头工厂","35;36;37;38;39;40;41;42;43;44;45","2022年8月11日","https://bqgcd.sooxie.com/detail/1469554","https://images.xiecdn.com/bqgcd/xslcyxuko5gaqaedwzptq509m9h0c0t3.JPG!firstwebp","26","https://images.xiecdn.com/bqgcd/rhset3ozh2e8fvkswdf2mbrz250va5xx.jpg!/format/webp;https://images.xiecdn.com/bqgcd/b4grilf2m65u6r02tuintp92qc1je2c0.jpg!/format/webp;https://images.xiecdn.com/bqgcd/coe8o0ju3agyon81q4bd5texekipzgw2.jpg!/format/webp;https://images.xiecdn.com/bqgcd/jkhhlf58ijo0h7eygahwtbbaqbp54zv4.jpg!/format/webp;https://images.xiecdn.com/bqgcd/f2dufqxhbtmyxj3gftq5dtga16nicysr.jpg!/format/webp;https://images.xiecdn.com/bqgcd/oerowodbrsp9upc0b3m9lyep5j8m7oeg.jpg!/format/webp;https://images.xiecdn.com/bqgcd/u11a3xti4xoy3e27vsf1g1z7kuma6roi.jpg!/format/webp;https://images.xiecdn.com/bqgcd/f9tidqjrxvcsu5p4v9p9qcpcf0i9butz.jpg!/format/webp;https://images.xiecdn.com/bqgcd/fkt08prwpivg7vj3f5gk2bpsw1us563f.jpg!/format/webp;https://images.xiecdn.com/bqgcd/tgygl8l8gq7toood6t0j01wm74bdi1bp.jpg!/format/webp;https://images.xiecdn.com/bqgcd/c8me2bmz2rb8uekvmk1epy2yzyscdk4r.jpg!/format/webp;https://images.xiecdn.com/bqgcd/448eqdp6ftjnj8a8qmau3nx4b1mpqwni.jpg!/format/webp;https://images.xiecdn.com/bqgcd/n9n1m31pi365l6krqflj8mbvb7xmb79h.jpg!/format/webp;https://images.xiecdn.com/bqgcd/uo5q05w9elam2hhwvsbssoqi8su5jsq5.jpg!/format/webp;https://images.xiecdn.com/bqgcd/7sf1yav756xy3uwragzf9ymf0cqakunh.jpg!/format/webp;https://images.xiecdn.com/bqgcd/mdtqswkszqm4915zxahwbdctzb8jfage.jpg!/format/webp;https://images.xiecdn.com/bqgcd/rh1vruiywxrp1p5st72eaqkxhsv09wom.jpg!/format/webp;https://images.xiecdn.com/bqgcd/mu1oyp8lje00earpgafuoi8ot5f07qtp.jpg!/format/webp;https://images.xiecdn.com/bqgcd/1x03gm603xrv3zbi3vmcacxcs3rt6uuj.jpg!/format/webp;https://images.xiecdn.com/bqgcd/d9jnq30jq0lg58rxzf85vtu9tzv3j6b8.jpg!/format/webp;https://images.xiecdn.com/bqgcd/l12t8bqdf709azhmoclq8oruroivrdq6.jpg!/format/webp;https://images.xiecdn.com/bqgcd/0d9geu3aocfqsivcz1ge75np536j2zbp.jpg!/format/webp;https://images.xiecdn.com/bqgcd/ik217m2vjhbcu9qmqb7vudn0cc9ubjta.jpg!/format/webp;https://images.xiecdn.com/bqgcd/jnijr10upz0arehmybswslafywk49var.jpg!/format/webp;https://images.xiecdn.com/bqgcd/p0qf16yhc2hfhxs9upmxm4erad0fe0pw.jpg!/format/webp;https://images.xiecdn.com/bqgcd/g8prj5nguxtj2cygd3iwieq69d3hnzmj.jpg!/format/webp","1524061","True","本地货号已存在","核验国际站状态"
"搜鞋网在线","A230","1860715","【工厂】抖音网红一脚蹬套脚休闲男女鞋","58.00","灰色;黑白;白色;全黑;粉色【35-40】","35;36;37;38;39;40;41;42;43;44;45","2024年3月1日","https://bqgcd.sooxie.com/detail/1860715","https://images.xiecdn.com/bqgcd/ap09o207pj0zd0q55iz0mbzv5b4s8otv.JPG!firstwebp","26","https://images.xiecdn.com/bqgcd/cspb5yfqwsncmsis0u80vkhyc74r3ilz.jpg!/format/webp;https://images.xiecdn.com/bqgcd/7g4mdjw65ms8tjw24kaa8z0bfeaqcw82.jpg!/format/webp;https://images.xiecdn.com/bqgcd/ojm01ih191ure4dbczralv3429c0ss03.jpg!/format/webp;https://images.xiecdn.com/bqgcd/uraxkk7iui7kfk806xfzsepl9fbdv7qf.jpg!/format/webp;https://images.xiecdn.com/bqgcd/tsl69j2dye6the3gcp76f475k3i0mekg.jpg!/format/webp;https://images.xiecdn.com/bqgcd/0xhpkmr7t7nfznd5s6p366yk3zk70t1d.jpg!/format/webp;https://images.xiecdn.com/bqgcd/3761ql05icmoxg3ea0lsiibyt1doub5e.jpg!/format/webp;https://images.xiecdn.com/bqgcd/28jzsx02ri6mkbiretolpqa1x9x9hcav.jpg!/format/webp;https://images.xiecdn.com/bqgcd/gcj5uf0zcmzvn8yy1shbdnhucq54hnvd.jpg!/format/webp;https://images.xiecdn.com/bqgcd/oxgdc7qlzdkamvqrm7qjif4yppeli6q5.jpg!/format/webp;https://images.xiecdn.com/bqgcd/hkdbgl8hypm157554dhqa6x7n3yckxgd.jpg!/format/webp;https://images.xiecdn.com/bqgcd/ou17he4l507zdmln4vxgsr3lt7bungou.jpg!/format/webp;https://images.xiecdn.com/bqgcd/8z19dce5f4k7g0d7qsuvu7obv0lynf9h.jpg!/format/webp;https://images.xiecdn.com/bqgcd/f8clbxip2xfostiyc0rxel954wagjquu.jpg!/format/webp;https://images.xiecdn.com/bqgcd/i0emzriy639qel0by943n9g35fjdjde6.jpg!/format/webp;https://images.xiecdn.com/bqgcd/u20pxt75szj2hw1c85b4t1koe84el8sh.jpg!/format/webp;https://images.xiecdn.com/bqgcd/z76inzxyl8r5kwp8vslr4g72it8jejas.jpg!/format/webp;https://images.xiecdn.com/bqgcd/fff38wtd8qbsypyzz74sypwifwnbrbp2.jpg!/format/webp;https://images.xiecdn.com/bqgcd/x3tagdbeau2cm3nfrisg0neke2sols5z.jpg!/format/webp;https://images.xiecdn.com/bqgcd/tzhbbshez7kjkj826aswtrapzq4dcch0.jpg!/format/webp;https://images.xiecdn.com/bqgcd/96j83puvzqdzob60kq3srm4w7vnph3jf.jpg!/format/webp;https://images.xiecdn.com/bqgcd/1yat70u9taefjg21aot869khcvqgvi7d.jpg!/format/webp;https://images.xiecdn.com/bqgcd/7k0aoz9v6f05n296zw1pw3c1vbl0i0bz.jpg!/format/webp;https://images.xiecdn.com/bqgcd/2c1iy2ilw0ebiyayf4ak58j5zvf0rkay.jpg!/format/webp;https://images.xiecdn.com/bqgcd/7wqdcc2lc1nqeu6pm8myvyxzjp13uzny.jpg!/format/webp;https://images.xiecdn.com/bqgcd/lqighghlwzetr9giuwfmmaja98p41hll.jpg!/format/webp","2016480","False","待结构与图片去重","核验是否为独立鞋型或仅为配色/加绒/别名变体"
"搜鞋网在线","A278","1447489","网红爆款高帮四季款一脚蹬休闲男鞋 长期有货【贝强工厂店】","58.00","黑黄;黑白;鸳鸯【左右脚随机】;源头工厂","38;39;40;41;42;43;44;45","2022年7月12日","https://bqgcd.sooxie.com/detail/1447489","https://images.xiecdn.com/bqgcd/yru79tczdg7yv4qkqv5ql6g15yb9rjv0.jpg!firstwebp","16","https://images.xiecdn.com/bqgcd/mq5b7e7ga654z5z73jmbkjpohdy2jn03.jpg!/format/webp;https://images.xiecdn.com/bqgcd/voyo8d4jpb80mdqkhnzdj53b97urb5hi.jpg!/format/webp;https://images.xiecdn.com/bqgcd/35tn50keja3wcpppnfjvbn59c92v5yy5.jpg!/format/webp;https://images.xiecdn.com/bqgcd/x5ljw3vvneuc17y0fvdkiz7ueazumnas.JPG!/format/webp;https://images.xiecdn.com/bqgcd/gsw7bo2uupmqay3kx6daabpnykn2og6y.JPG!/format/webp;https://images.xiecdn.com/bqgcd/apszc26nzf2opduh6iotavitpz3a4egs.jpg!/format/webp;https://images.xiecdn.com/bqgcd/1gp8yqc6qhfvczrjxwmovbcofmlbdwu5.jpg!/format/webp;https://images.xiecdn.com/bqgcd/cae9whdifosya8ra2y9x4gf6kg0wl6af.jpg!/format/webp;https://images.xiecdn.com/bqgcd/90913q8hk94p3zuxvi1eti9abxw6i2h9.jpg!/format/webp;https://images.xiecdn.com/bqgcd/ethld7921r4pp6tip8mzl1trgfer9lwd.jpg!/format/webp;https://images.xiecdn.com/bqgcd/njs6mcjmh2lse07kunc3ytk164pf5jth.jpg!/format/webp;https://images.xiecdn.com/bqgcd/lkhx2ujzvu9sfhnvs0mthwh9hsk5bbu6.jpg!/format/webp;https://images.xiecdn.com/bqgcd/iw03f8tf7al1pveabuut9gabaq5b24sj.jpg!/format/webp;https://images.xiecdn.com/bqgcd/i6rfefja2xeiaug195o31vn2w80mvas6.jpg!/format/webp;https://images.xiecdn.com/bqgcd/9st05pnulzy8dk6cllu77xby5355m2kf.jpg!/format/webp;https://images.xiecdn.com/bqgcd/oo0ne8j9ftb9hcqes37dmqfk9j8mjnl5.jpg!/format/webp","1501996","False","待结构与图片去重","核验是否为独立鞋型或仅为配色/加绒/别名变体"
"搜鞋网在线","A350","1635307","2023新款情侣款椰子鞋男女鞋","55.00","黑白;全黑;米白","35;36;37;38;39;40;41;42;43;44;45","2023年3月29日","https://bqgcd.sooxie.com/detail/1635307","https://images.xiecdn.com/bqgcd/xl1nsjjboy9sea896agklznxgosghivg.jpg!firstwebp","23","https://images.xiecdn.com/bqgcd/welglrxyl48y5fr2s43j06gkl38a1myw.jpg!/format/webp;https://images.xiecdn.com/bqgcd/tdpsrxirmunnz9v5bt05a2q0rsjsdpgp.jpg!/format/webp;https://images.xiecdn.com/bqgcd/nmo7yhkmrdg3zsxtghl5i5sp7objs0rx.jpg!/format/webp;https://images.xiecdn.com/bqgcd/hxnd6ap8tccx88mrs5ob2qrqt0yi97wp.jpg!/format/webp;https://images.xiecdn.com/bqgcd/e9pfrq36tvtwmdlzevc4mm961bma1cdw.jpg!/format/webp;https://images.xiecdn.com/bqgcd/q0031qpteaehzesenmsvfhceuxlercta.jpg!/format/webp;https://images.xiecdn.com/bqgcd/6770u33ulnf55bj6bxfh3c5scqp1g2qj.jpg!/format/webp;https://images.xiecdn.com/bqgcd/jfxl04gghxag08e77ep6gv4frb8q0ufx.jpg!/format/webp;https://images.xiecdn.com/bqgcd/6jp9jc2xkjp4jwo6yq46i6he76uh8w22.jpg!/format/webp;https://images.xiecdn.com/bqgcd/k8wuqazozk7klvzs07rsqct9xh3n5hmf.jpg!/format/webp;https://images.xiecdn.com/bqgcd/clwqaxe1r2dg5v4i386wy9d4cc3r0tf7.jpg!/format/webp;https://images.xiecdn.com/bqgcd/zuig30yl3zgvtl6ui51gon49l8wfkkmf.jpg!/format/webp;https://images.xiecdn.com/bqgcd/6b9zh3up56suew3hebq9wzpq3ir0eoc7.jpg!/format/webp;https://images.xiecdn.com/bqgcd/8uiuna1h4qffd78b6tjbej64u0vnqenm.jpg!/format/webp;https://images.xiecdn.com/bqgcd/i9po504oq4zxl5r7h40g57el1jrrb31m.jpg!/format/webp;https://images.xiecdn.com/bqgcd/g1ihfp65w4q8u3hxc52g6elyccjp3767.jpg!/format/webp;https://images.xiecdn.com/bqgcd/rgqr2izzahcyzk1tugwxzbh92m1bpgd0.jpg!/format/webp;https://images.xiecdn.com/bqgcd/gx3djs6kb8gvefly9wqtjdmquw0ygx7q.jpg!/format/webp;https://images.xiecdn.com/bqgcd/kwn3b3kiq2lgi2ms3cfkqnjxjdgka03x.jpg!/format/webp;https://images.xiecdn.com/bqgcd/dl2b2n1yrxusijsye8sebrvdu3bt9u74.jpg!/format/webp;https://images.xiecdn.com/bqgcd/6383xwcwm25kzoeuofziayu9vwsah9tx.jpg!/format/webp;https://images.xiecdn.com/bqgcd/dbobgogezelpva9pc0f2nalnsziw1fws.jpg!/format/webp;https://images.xiecdn.com/bqgcd/vncgbs9szpqp07jldwboid6tc5gpt5z1.jpg!/format/webp","1697630","False","待结构与图片去重","核验是否为独立鞋型或仅为配色/加绒/别名变体"
"搜鞋网在线","A502","2205187","【工厂】2025夏季透气百搭休闲男女健步运动鞋","55.00","米蓝;橘色;黑白灰;全黑灰","35;36;37;38;39;40;41;42;43;44;45","2025年4月16日","https://bqgcd.sooxie.com/detail/2205187","https://images.xiecdn.com/bqgcd/svyxuuujhj8efz5s9bgh5fqq9ko3s67u.jpg!firstwebp","25","https://images.xiecdn.com/bqgcd/yi2aevbbqi7dkc5u1uqr69cf07vnx9xd.jpg!/format/webp;https://images.xiecdn.com/bqgcd/zpd2gn3o6kyqxgf9c71a0oeh8b49q4tk.jpg!/format/webp;https://images.xiecdn.com/bqgcd/4xykiwvia2nbuswgfp23gc0758y4jx1s.jpg!/format/webp;https://images.xiecdn.com/bqgcd/f1dgy9rv8con70f13rnlgbfgl0cymsa0.jpg!/format/webp;https://images.xiecdn.com/bqgcd/ns8tczw5lxbb18umk8bg3k0tacmvchuw.jpg!/format/webp;https://images.xiecdn.com/bqgcd/f3kws256rqk8ma4thdcgvnglxg27r9k7.jpg!/format/webp;https://images.xiecdn.com/bqgcd/yne2add4e2ood4zqvd88d5azjrd3v9b5.jpg!/format/webp;https://images.xiecdn.com/bqgcd/c3gjne12ke0rm9xhzj08haug282iq9ta.jpg!/format/webp;https://images.xiecdn.com/bqgcd/c0k5y4bn8609kpndawyfxmio9oydhrck.jpg!/format/webp;https://images.xiecdn.com/bqgcd/3qx6gmkukfs2jrjir2n4r2w081v7r8tb.jpg!/format/webp;https://images.xiecdn.com/bqgcd/e53ozfq56klzwhlihd0gza0j5gsylcqh.jpg!/format/webp;https://images.xiecdn.com/bqgcd/k1py358c8534oliswo9slpnb283ig2ln.jpg!/format/webp;https://images.xiecdn.com/bqgcd/nyick00t5ony09r0eu9u6oso334k9eey.jpg!/format/webp;https://images.xiecdn.com/bqgcd/2k1czo1589ce8t9zg2rci8v213yk8397.jpg!/format/webp;https://images.xiecdn.com/bqgcd/s2ht2stlfraiww92qn1vav9mwc5ajl1z.jpg!/format/webp;https://images.xiecdn.com/bqgcd/ufz20fipkb3jiiu2gb0plnkl78ntolzs.jpg!/format/webp;https://images.xiecdn.com/bqgcd/e3tn2swkvfnj2jzryxq9ennnew7nh51h.jpg!/format/webp;https://images.xiecdn.com/bqgcd/kw3eficvlth02f22hmk3lgup0lo64nns.jpg!/format/webp;https://images.xiecdn.com/bqgcd/xgcctgoscp42lok0aqnj0ra91h8dzv57.jpg!/format/webp;https://images.xiecdn.com/bqgcd/mapbxmo9yli7zotmu221msknrgbtvd60.jpg!/format/webp;https://images.xiecdn.com/bqgcd/izd0svb11fdfny1urikvhpjou00s39an.jpg!/format/webp;https://images.xiecdn.com/bqgcd/q4cpzyn6jhz82xgdi9cg5yjv90fgbk8a.jpg!/format/webp;https://images.xiecdn.com/bqgcd/qeqe3148dtfhtatb0b7bdeixowx7jud5.jpg!/format/webp;https://images.xiecdn.com/bqgcd/7t2cnn4hxhvf4gy3b5px7f67r7joes0r.jpg!/format/webp;https://images.xiecdn.com/bqgcd/d9e2hj6clwouwcsdv6uncglxw39if4xf.jpg!/format/webp","2380159","True","本地货号已存在","核验国际站状态"
"搜鞋网在线","A503","2456908","夏季新款镂空透气轻便一脚蹬男女鞋","55.00","黑白;全黑;米白;灰色;浅粉","35;36;37;38;39;40;41;42;43;44;45","2026年4月24日","https://bqgcd.sooxie.com/detail/2456908","https://images.xiecdn.com/bqgcd/jn5zjxef6hwwef5h7r19a2ecmbt69w2y.jpg!firstwebp","13","https://images.xiecdn.com/bqgcd/xnoxkas6j5n6uc05ci3mj7bweze8cjyd.jpg!/format/webp;https://images.xiecdn.com/bqgcd/n3hkv9okpmuqazbrjs4evnvq6lhdnikn.jpg!/format/webp;https://images.xiecdn.com/bqgcd/a1qyf4ovyrtncttzosh1hmvdh62ngshx.jpg!/format/webp;https://images.xiecdn.com/bqgcd/9w312lc7g86a7bqtmaium70uz9twal1f.jpg!/format/webp;https://images.xiecdn.com/bqgcd/sc8q8n56y4liadsw370bkyp8uivuq7wn.jpg!/format/webp;https://images.xiecdn.com/bqgcd/s0c14tko96pwk80nrfki26r59wb6nnnu.jpg!/format/webp;https://images.xiecdn.com/bqgcd/ewngddnkzmhdtik8lbl27l34qn5xby4v.jpg!/format/webp;https://images.xiecdn.com/bqgcd/csmeed1aswg6dfo2pbe209nul67yybml.jpg!/format/webp;https://images.xiecdn.com/bqgcd/94v2f2yxlguo0gy34q0wnoagwfuzawxm.jpg!/format/webp;https://images.xiecdn.com/bqgcd/t6p98akhcnnjano3hmyhoa3ngwllkkc1.jpg!/format/webp;https://images.xiecdn.com/bqgcd/pxvbbubu2cllorsnk7lqlmrpj4fgjezg.jpg!/format/webp;https://images.xiecdn.com/bqgcd/j7bn4dkeyq38z8c93neegjviucyrzofc.jpg!/format/webp;https://images.xiecdn.com/bqgcd/bt94vuqebxn13o23519byfoocd0msk96.jpg!/format/webp","2645726","True","本地货号已存在","核验国际站状态"
"搜鞋网在线","A507","2318706","2026新款一脚蹬闪穿休闲运动鞋","55.00","黑白;全黑;米白","35;36;37;38;39;40;41;42;43;44;45","2025年9月19日","https://bqgcd.sooxie.com/detail/2318706","https://images.xiecdn.com/bqgcd/xzd42gsg3n0sfnhd48wfq5d82omd1nev.jpg!firstwebp","30","https://images.xiecdn.com/bqgcd/c0zjqkh5o6sqiy678dqx0s76aob8pc3r.jpg!/format/webp;https://images.xiecdn.com/bqgcd/qdef2itsi3v1mhj0v9eq8oia1umhduyu.jpg!/format/webp;https://images.xiecdn.com/bqgcd/8bozu42hopuvfemmlkdsi0mzatai0191.jpg!/format/webp;https://images.xiecdn.com/bqgcd/sh95k7mkjcpoecnuixt1g64q00tkfyxd.jpg!/format/webp;https://images.xiecdn.com/bqgcd/y8xmfkabzqocwfnuxce6c9e6unm6uwfk.jpg!/format/webp;https://images.xiecdn.com/bqgcd/av7gijxx0t5b2bxx631zvy1sk3iv942d.jpg!/format/webp;https://images.xiecdn.com/bqgcd/s3n1aax6kvfzx83qpsx50mbqct4jmruw.jpg!/format/webp;https://images.xiecdn.com/bqgcd/zouaodee0gi7uuskc8kuji2lh3yhxws9.jpg!/format/webp;https://images.xiecdn.com/bqgcd/gwi6b77c37ccw1l3v2kjaz60b13e57go.jpg!/format/webp;https://images.xiecdn.com/bqgcd/0h4kam6z36aamkhmdxq47bxn35radv3e.jpg!/format/webp;https://images.xiecdn.com/bqgcd/efbpebxn6duqmox1tbmx9qxhoj8w5pur.jpg!/format/webp;https://images.xiecdn.com/bqgcd/xwqo7clh2jjbb8c0kujpaa2ri0hyszzr.jpg!/format/webp;https://images.xiecdn.com/bqgcd/8da1a3afbgcoru2ha8jilbyaz2vh6ju3.jpg!/format/webp;https://images.xiecdn.com/bqgcd/1d1efqrhz9js7fg810rj5tdy7u0r4r72.jpg!/format/webp;https://images.xiecdn.com/bqgcd/y5xldds27dlks4i566t12hikkj9qpkw3.jpg!/format/webp;https://images.xiecdn.com/bqgcd/3de6ryn3ma86essrluyqp7hcruhxxyae.jpg!/format/webp;https://images.xiecdn.com/bqgcd/5tgi8ib3z65s9ei40f9n1tqarefl14xs.jpg!/format/webp;https://images.xiecdn.com/bqgcd/k3e4g254783oxtons3soq37bd4ajev99.jpg!/format/webp;https://images.xiecdn.com/bqgcd/c0g1ztbz66ci7v9kc8y5rk86akq5fux9.jpg!/format/webp;https://images.xiecdn.com/bqgcd/5o93tq72eyly29v0dz1j2pxy8w8dmwd1.jpg!/format/webp;https://images.xiecdn.com/bqgcd/tmz8ziog70bhhcyya84md28toncpscmv.jpg!/format/webp;https://images.xiecdn.com/bqgcd/ogonw6v9gsupjfxma0xdrj6u8yyhm3s3.jpg!/format/webp;https://images.xiecdn.com/bqgcd/e9si7rdbpp9tj730kb9pjexqzm34ivz2.jpg!/format/webp;https://images.xiecdn.com/bqgcd/zbvvcd1jwa3ltvjr8hyn3on92g0bolp9.jpg!/format/webp;https://images.xiecdn.com/bqgcd/g5mldbj9h30l66aww4cwlct9dtr6xa4c.jpg!/format/webp;https://images.xiecdn.com/bqgcd/khaic15aadmh4cflsgdon2dsn0bi6yfd.jpg!/format/webp;https://images.xiecdn.com/bqgcd/i24zv4byqqrhm8vn68qvrq72yyx9kws9.jpg!/format/webp;https://images.xiecdn.com/bqgcd/wde92qc43e1uflhvy0khus0ohlmtaetb.jpg!/format/webp;https://images.xiecdn.com/bqgcd/wffg2yggiw2e3j7xu0typ66z40ey06gj.jpg!/format/webp;https://images.xiecdn.com/bqgcd/9fkvkeka9qbzzox8iqmwgukbdlss9csb.jpg!/format/webp","2499611","True","本地货号已存在","核验国际站状态"
"搜鞋网在线","A558","1449355","一脚蹬套脚走路休闲百搭低帮袜子鞋男女健步鞋【贝强工厂店】","53.00","黑白;全黑;红色","35;36;37;38;39;40;41;42;43;44;45","2022年7月15日","https://bqgcd.sooxie.com/detail/1449355","https://images.xiecdn.com/bqgcd/1hhis55oxfyzx1ylja70dkfxdebxnw9j.jpg!firstwebp","14","https://images.xiecdn.com/bqgcd/mk1z9ehbv8y5y8pdlvlpzpx64rb6ge9g.jpg!/format/webp;https://images.xiecdn.com/bqgcd/8r2aw9bf5g313hzgl96pv1qxki5hq8im.jpg!/format/webp;https://images.xiecdn.com/bqgcd/rxigo5v1s3i2ghnfeiogltjld3vmjk05.jpg!/format/webp;https://images.xiecdn.com/bqgcd/j7fbug8v1k5z24gnbwzx7pv33k6dyti9.jpg!/format/webp;https://images.xiecdn.com/bqgcd/b3479hqxqtm1a6iefmyceawghtn2jfsa.jpg!/format/webp;https://images.xiecdn.com/bqgcd/mcsuyxsy3uu5gefmpbmrvy6x06w66918.jpg!/format/webp;https://images.xiecdn.com/bqgcd/oycsbuaqq7rpmjgc75z1w1yy53sh2dfe.jpg!/format/webp;https://images.xiecdn.com/bqgcd/yw03vhweh3rj4m8e2wdx07ggcpdzw8kv.jpg!/format/webp;https://images.xiecdn.com/bqgcd/uydt5zsf426m7gey0vcuko3xqix99ku6.jpg!/format/webp;https://images.xiecdn.com/bqgcd/aornr52n635wfkdeyoqrscqapmbn56jd.jpg!/format/webp;https://images.xiecdn.com/bqgcd/d64znlo7acii8b0jw28s73jv1rdwumwf.jpg!/format/webp;https://images.xiecdn.com/bqgcd/wek6tgoz3g84qwwl0l8s4gv5xpbyt1j7.jpg!/format/webp;https://images.xiecdn.com/bqgcd/xl91dctteavxa7yczry9xrapxlf0y4ur.jpg!/format/webp;https://images.xiecdn.com/bqgcd/wp2pw6b0oobzrdbwj8860bwnkkh0grh4.jpg!/format/webp","1503862","False","待结构与图片去重","核验是否为独立鞋型或仅为配色/加绒/别名变体"
"搜鞋网在线","A811","1997658","【工厂】2024秋季一脚蹬套脚休闲童鞋","55.00","白绿;白灰;白粉;白紫","31;32;33;34;35;36;37;38;39;40","2024年8月10日","https://bqgcd.sooxie.com/detail/1997658","https://images.xiecdn.com/bqgcd/qff4r7q6kbnobvivki3nioc1j7368vpu.jpg!firstwebp","24","https://images.xiecdn.com/bqgcd/cmaboy217kew6l20bd0zkccjhzd92rvc.jpg!/format/webp;https://images.xiecdn.com/bqgcd/buazuwqqfz5bzu5t9j1m9dz0vkuxq1cy.jpg!/format/webp;https://images.xiecdn.com/bqgcd/nf04k457t6is0ojwgsw5x7tdby5bb6yo.jpg!/format/webp;https://images.xiecdn.com/bqgcd/vhycnig6f8q3cgsqn6rdvhgw0v4xedzf.jpg!/format/webp;https://images.xiecdn.com/bqgcd/b7qyrpkbp8jwyups7zg0zge9es8q9ofb.jpg!/format/webp;https://images.xiecdn.com/bqgcd/d28fo6ut64wrfusirrzojrr5wodb6gpb.jpg!/format/webp;https://images.xiecdn.com/bqgcd/tedbe1jsxe87ririii32uku3bh8qlpsl.jpg!/format/webp;https://images.xiecdn.com/bqgcd/glxiqoqvjhr24wjsdsldkl9czoqbdkdz.jpg!/format/webp;https://images.xiecdn.com/bqgcd/egzlcdj0nbn75u6tejphnjjg9hf2yceh.jpg!/format/webp;https://images.xiecdn.com/bqgcd/e97rj4xq011o0zl1h13s9oittoiaotf0.jpg!/format/webp;https://images.xiecdn.com/bqgcd/biz8bgdgboodg9or01gceudird6sbx4u.jpg!/format/webp;https://images.xiecdn.com/bqgcd/n9f1ndvpsjyvrskyl30ljfh5lysow8y4.jpg!/format/webp;https://images.xiecdn.com/bqgcd/86bpkhc9pantb6o7k16ak809bip37rnh.jpg!/format/webp;https://images.xiecdn.com/bqgcd/nb38lul40rt0eqrnnsm1w7k6luuwhlkb.jpg!/format/webp;https://images.xiecdn.com/bqgcd/uvscg7jtoggm5d5l7fjisrrwkjdt1w0y.jpg!/format/webp;https://images.xiecdn.com/bqgcd/fqq5tjozxoat5rzrsfos8q6c1oi6dszl.jpg!/format/webp;https://images.xiecdn.com/bqgcd/q9hgovfwyuzqnzxqac729477yyupazlx.jpg!/format/webp;https://images.xiecdn.com/bqgcd/kx0ni3ct54jrzc6owq0r9o398p743bln.jpg!/format/webp;https://images.xiecdn.com/bqgcd/ad7ll4lwheddp95iosp1uq0j2uxhir8n.jpg!/format/webp;https://images.xiecdn.com/bqgcd/cyk04lqydkn59ks13b77apt9edjbsy6o.jpg!/format/webp;https://images.xiecdn.com/bqgcd/rsh4up7p9w4g3h13qr6q6uannrl2eytp.jpg!/format/webp;https://images.xiecdn.com/bqgcd/mlcx22obxe8rziv81rhjajwmyp0i9zcu.jpg!/format/webp;https://images.xiecdn.com/bqgcd/pf75c29p50cqa82uwegcwe0avob6niow.jpg!/format/webp;https://images.xiecdn.com/bqgcd/l7aa0lc0vphz55v29fk3c1hz2dkb4fao.jpg!/format/webp","2162024","True","本地货号已存在","核验国际站状态"
"搜鞋网在线","A828","1756603","【工厂】2024新款四季男女鞋一脚蹬懒人鞋","55.00","黑白;全黑;灰色;红色;米白;粉色【35-40】","35;36;37;38;39;40;41;42;43;44;45","2023年9月9日","https://bqgcd.sooxie.com/detail/1756603","https://images.xiecdn.com/bqgcd/rgwt0w2pp2cqsdua6nnzact95x5bjso8.jpg!firstwebp","28","https://images.xiecdn.com/bqgcd/c16gkinb2o5zwd4g32tcl1w37lx1yl8e.jpg!/format/webp;https://images.xiecdn.com/bqgcd/2lmbt7e62liopd1ww76dph402z8yh1va.jpg!/format/webp;https://images.xiecdn.com/bqgcd/mnam81k7d9gwjojsjuf34zvfh96zt9t3.jpg!/format/webp;https://images.xiecdn.com/bqgcd/q71ij58urbnx1zz4ah99fddtru4heq7e.jpg!/format/webp;https://images.xiecdn.com/bqgcd/y00qiyfzmsb9uxpnpvtwh8ruqqpfvqzb.jpg!/format/webp;https://images.xiecdn.com/bqgcd/5rd0nkcpuhtobczpbyfkmvhz50kp3cg0.jpg!/format/webp;https://images.xiecdn.com/bqgcd/j4wksy18rz09x1vdif3ht1hzkhg3n2g6.jpg!/format/webp;https://images.xiecdn.com/bqgcd/2wpjfb0e9myga981754gtqa7coikc8qi.jpg!/format/webp;https://images.xiecdn.com/bqgcd/4xl71q5uwihhdn1aqd23cxqileu4mvqv.jpg!/format/webp;https://images.xiecdn.com/bqgcd/1x0yp7wd678pq1la5ih4fzgw4xt6dprt.jpg!/format/webp;https://images.xiecdn.com/bqgcd/19ujsj37b12dle1f70he79hhcy8lq6hn.jpg!/format/webp;https://images.xiecdn.com/bqgcd/gxp13fnjgiqrfddf3il4wtxkbqzj1jjt.jpg!/format/webp;https://images.xiecdn.com/bqgcd/1x90uaoahk1vxww614echft0ew367q8h.jpg!/format/webp;https://images.xiecdn.com/bqgcd/4sv2z1wfdr8hgqq5tiyrka29gsbhkfsy.jpg!/format/webp;https://images.xiecdn.com/bqgcd/dowb5amjalhwg32m7ntwdj0a7sv4sq63.jpg!/format/webp;https://images.xiecdn.com/bqgcd/2luoxt51kmj36wzvjoy11fswi3qocq50.jpg!/format/webp;https://images.xiecdn.com/bqgcd/72y08q1424edh4pwqc19qw914oqhzawp.jpg!/format/webp;https://images.xiecdn.com/bqgcd/1pafni4vpa87sy3jbgbvbrxbzidp45yp.jpg!/format/webp;https://images.xiecdn.com/bqgcd/gp6vxd8ma2adpliuvblc05iq0mod949v.jpg!/format/webp;https://images.xiecdn.com/bqgcd/whrnqd7034b1w0kosxogb5ihupxglqnq.jpg!/format/webp;https://images.xiecdn.com/bqgcd/pfz3t4bf23zf2t023zvnxnkhv08qqnqt.jpg!/format/webp;https://images.xiecdn.com/bqgcd/srjcoyrltx01h14lbpbc4fai07cn2s7q.jpg!/format/webp;https://images.xiecdn.com/bqgcd/rms8inu42out32pxs0xswqde46gzrrkd.jpg!/format/webp;https://images.xiecdn.com/bqgcd/4gdnexc8jmjfe9ys9b6ysq3w0ibxxjqc.jpg!/format/webp;https://images.xiecdn.com/bqgcd/utpo4e65wx1e2t4eaas4zx1v44cc9027.jpg!/format/webp;https://images.xiecdn.com/bqgcd/6dv96un85nv7qnmfwdt7m3epk1agg5u1.jpg!/format/webp;https://images.xiecdn.com/bqgcd/5e81o2z5mabft6w50op4jhemf19s2yv6.jpg!/format/webp;https://images.xiecdn.com/bqgcd/x5jsoytsqoje5simyqyet1cj4ov1e4us.jpg!/format/webp","1826582","False","待结构与图片去重","核验是否为独立鞋型或仅为配色/加绒/别名变体"
"搜鞋网在线","A830","1448722","男女鞋一脚蹬健身跑步鞋【贝强工厂店】","55.00","黑白;全黑;黑黄;米灰;源头工厂","37;38;39;40;41;42;43;44;45","2022年7月14日","https://bqgcd.sooxie.com/detail/1448722","https://images.xiecdn.com/bqgcd/6bkctpp8p58q0ex6zd2zpg7rm1sw2igq.jpg!firstwebp","15","https://images.xiecdn.com/bqgcd/d0dwntjs8q1ncm5w2rv7476gf607u3rq.jpg!/format/webp;https://images.xiecdn.com/bqgcd/b91dexm2io3gvf5vnrx0xc1hf27m6w8f.jpg!/format/webp;https://images.xiecdn.com/bqgcd/xud5hyxalp8ygfyojoiycbf5mwesar5e.jpg!/format/webp;https://images.xiecdn.com/bqgcd/bgkakp3n3abvfs6z71cdg82cwg39m5bc.jpg!/format/webp;https://images.xiecdn.com/bqgcd/nhig2v1pns6427dp4brrh8ehvckf5ar1.jpg!/format/webp;https://images.xiecdn.com/bqgcd/j8u6aiyx7yezy75u4polt3eqp37cerpu.jpg!/format/webp;https://images.xiecdn.com/bqgcd/i11u53ngwiaingci7z5ddxijtybyh6ea.jpg!/format/webp;https://images.xiecdn.com/bqgcd/7e7dyzbuhb8xo6m64bdd3j5ybgodfm94.jpg!/format/webp;https://images.xiecdn.com/bqgcd/sxobk78j7z21stdtpz11ah2hpzmzlye5.jpg!/format/webp;https://images.xiecdn.com/bqgcd/lno1u0z4xw5hikpo9l04pa95kmvp3hjw.jpg!/format/webp;https://images.xiecdn.com/bqgcd/k8k5oufptwx4z2axhzclp2sqfnssjerd.jpg!/format/webp;https://images.xiecdn.com/bqgcd/9mllg1qg5xs2cls3q48ulrw7dxx6dx87.jpg!/format/webp;https://images.xiecdn.com/bqgcd/dggjkmmzo0uryn37w3qvze47ch9hdg56.jpg!/format/webp;https://images.xiecdn.com/bqgcd/xge5bqcumxt8i1z3x7pkc0xnbonwfzf8.jpg!/format/webp;https://images.xiecdn.com/bqgcd/gruedx0znl7fg2cgbe2zdwon06b98pxu.jpg!/format/webp","1503229","True","本地货号已存在","核验国际站状态"
"搜鞋网在线","A909","1863843","【工厂】2024新款一脚蹬套脚百搭休闲男女鞋","58.00","黑白金;白橘;灰绿;全黑金","35;36;37;38;39;40;41;42;43;44;45","2024年3月4日","https://bqgcd.sooxie.com/detail/1863843","https://images.xiecdn.com/bqgcd/8rbw0ehmlubuajonsg5kvwqfr2exzr5t.JPG!firstwebp","30","https://images.xiecdn.com/bqgcd/mo93xgrbtj6dfb5sae1oa9uld06651dc.jpg!/format/webp;https://images.xiecdn.com/bqgcd/yzom7ui698m8o16f1qlfw0jxfh3ai4cx.jpg!/format/webp;https://images.xiecdn.com/bqgcd/tjhw9ie7e0ikv2rpv6vs0scimiqcrgd9.jpg!/format/webp;https://images.xiecdn.com/bqgcd/nm95dyvoi8f2d7pqlzs22tm0te7bgc9p.jpg!/format/webp;https://images.xiecdn.com/bqgcd/7n8dy6gzzih6xxgc4u7xow64px87cvuz.jpg!/format/webp;https://images.xiecdn.com/bqgcd/em2aa9t8lnln8v8bf33hn13c5cqnmslm.jpg!/format/webp;https://images.xiecdn.com/bqgcd/n32rkwdqmk8t4ciubepikdncsz5devoa.jpg!/format/webp;https://images.xiecdn.com/bqgcd/rxxq1xhkg6eppbjo9qqngxrw1nh5m38e.jpg!/format/webp;https://images.xiecdn.com/bqgcd/q0kbmdo9d3dc7na14hwrjjv2b8ogdmx7.jpg!/format/webp;https://images.xiecdn.com/bqgcd/ew2ilbyedqr0d8cxuiym6924vssw8u5t.jpg!/format/webp;https://images.xiecdn.com/bqgcd/14baiagrrj9vbecd6ohwtaz85ibm9r28.jpg!/format/webp;https://images.xiecdn.com/bqgcd/h0j48h2fgt1undzp2qit7j8bov67kbth.jpg!/format/webp;https://images.xiecdn.com/bqgcd/ii2nh1mx6ahi3g98fttws44jjfue9v5c.jpg!/format/webp;https://images.xiecdn.com/bqgcd/9ci07nkqaa4xtdaza8c1wvvvsvc9ezk2.jpg!/format/webp;https://images.xiecdn.com/bqgcd/2mjdtf0703sfdazib2glxa8x4vk9oxr7.jpg!/format/webp;https://images.xiecdn.com/bqgcd/7n6sfhx8nnpit9e9dbdry3cyzsosni30.jpg!/format/webp;https://images.xiecdn.com/bqgcd/6p5y2ntzjohdqj5dzzppaezz85cmbod7.jpg!/format/webp;https://images.xiecdn.com/bqgcd/lnteuwimzqpew3g2m8dqqcyhdnwz7350.jpg!/format/webp;https://images.xiecdn.com/bqgcd/3mwqxtkrbr1a5phm3rv78hmu0lrv2z9n.jpg!/format/webp;https://images.xiecdn.com/bqgcd/54sd9bk5lxyyfhtc4tjhk1f6qto5nsqc.jpg!/format/webp;https://images.xiecdn.com/bqgcd/487puzzf3bsnbzezegw555tqg56gz4of.jpg!/format/webp;https://images.xiecdn.com/bqgcd/qmg4il3hjjgglopsv87p9b4l77aam237.jpg!/format/webp;https://images.xiecdn.com/bqgcd/ih5d0bfmshx3qj1cue0kquk93up87vmd.jpg!/format/webp;https://images.xiecdn.com/bqgcd/1yz59jpplipmgitdlm0x8yrjkc9y69dz.jpg!/format/webp;https://images.xiecdn.com/bqgcd/nedons4mptjy2yvvx8ku8pu528yxoiw5.jpg!/format/webp;https://images.xiecdn.com/bqgcd/hq9t91xc3nimwdc8mao6tual6wbyc7eo.jpg!/format/webp;https://images.xiecdn.com/bqgcd/ccic8dy1m0ygvpzk8v2bet8jzuvxz29d.jpg!/format/webp;https://images.xiecdn.com/bqgcd/ddhmt6ihpn4gioyxinwrbk5te2ed6vul.jpg!/format/webp;https://images.xiecdn.com/bqgcd/y5rxju5dwn7aaruik3mpfulyq49x2j7c.jpg!/format/webp;https://images.xiecdn.com/bqgcd/4t9r6blgg92u5d5aam8zl2sdvxt5maj7.jpg!/format/webp","2019857","False","待结构与图片去重","核验是否为独立鞋型或仅为配色/加绒/别名变体"
"搜鞋网在线","AA188","1457794","袜子男女鞋防滑耐磨一脚蹬鞋【贝强工厂店】","55.00","黑白;全黑;限价88元;源头工厂","35;36;37;38;39;40;41;42;43;44;45","2022年7月28日","https://bqgcd.sooxie.com/detail/1457794","https://images.xiecdn.com/bqgcd/ncn1l1vtj32t3ly0207x6kopjx384iok.jpg!firstwebp","21","https://images.xiecdn.com/bqgcd/d1qloeyxd4cwhq5331ssains96fjfinp.jpg!/format/webp;https://images.xiecdn.com/bqgcd/fdrg918lfpmo40l6nw5o7xim82inw1ij.jpg!/format/webp;https://images.xiecdn.com/bqgcd/og7uxopcycpytxgrt3om3r0xzu7mbnbv.jpg!/format/webp;https://images.xiecdn.com/bqgcd/0945dvyjvlkzoqx40nzbz3p98o6bsk4w.jpg!/format/webp;https://images.xiecdn.com/bqgcd/os9e8c816fxqan2bl6gn0355ria02i6b.jpg!/format/webp;https://images.xiecdn.com/bqgcd/labokzlxh0s3831uc9ay9mptp79c429z.jpg!/format/webp;https://images.xiecdn.com/bqgcd/x6rxvqxqqc4x6jr9g6q4yooo3kuxpw67.jpg!/format/webp;https://images.xiecdn.com/bqgcd/apn41hp4yrgdjnm7xvg6uwfdruo5ozit.jpg!/format/webp;https://images.xiecdn.com/bqgcd/kgnt5sdkx4cyqskpt7p99nfgb95jj35a.jpg!/format/webp;https://images.xiecdn.com/bqgcd/60fhj0n8eqb9e78vgn5fc18goobqims3.jpg!/format/webp;https://images.xiecdn.com/bqgcd/hd1vfbxtgk4jftdv3rkc46pgul8j7yjj.jpg!/format/webp;https://images.xiecdn.com/bqgcd/gz8o9qnt3imvticfmdtczqmuz5wik405.jpg!/format/webp;https://images.xiecdn.com/bqgcd/cfedzdxpqwcwvudl4i9gofuzue58fcif.jpg!/format/webp;https://images.xiecdn.com/bqgcd/yipn5m7poqzuqi1hjbodp2f6b1gi78jx.jpg!/format/webp;https://images.xiecdn.com/bqgcd/tv9aperar70g33ywat7avbhk5zj2994b.jpg!/format/webp;https://images.xiecdn.com/bqgcd/9gbwuzd3fo5fj23cni23h3ybd1gt2dzs.jpg!/format/webp;https://images.xiecdn.com/bqgcd/001pn7bxutvj5c2fxijjhxk57wrxiq9o.jpg!/format/webp;https://images.xiecdn.com/bqgcd/7eohxpkhp2htf8xugadibbqygqyfh44u.jpg!/format/webp;https://images.xiecdn.com/bqgcd/zyew9jzcz9xtycblj8rwdpy2g6d9airk.jpg!/format/webp;https://images.xiecdn.com/bqgcd/hc6iyumfopihnzav81wkgjcyll8ebdtp.jpg!/format/webp;https://images.xiecdn.com/bqgcd/z2tdwwie47ekirbc0sg392v3l205w6ho.jpg!/format/webp","1512301","False","待结构与图片去重","核验是否为独立鞋型或仅为配色/加绒/别名变体"
"搜鞋网在线","AA811","2513332","跨境爆款男女一脚蹬懒人鞋休闲透气百搭轻便跑步鞋【工厂直销】","55.00","浮光金;草木灰;春芽绿;酷白","35;36;37;38;39;40;41;42;43;44;45","2026年7月24日","https://bqgcd.sooxie.com/detail/2513332","https://images.xiecdn.com/bqgcd/qyhld11xpwiehdq87rtj51yoibleqxt2.jpg!firstwebp","26","https://images.xiecdn.com/bqgcd/25jjtyoz7hxqsjmuwtcftb6rtn9w55aw.jpg!/format/webp;https://images.xiecdn.com/bqgcd/0csiuj4iwcn43sx59o0q2v3yuorywrux.jpg!/format/webp;https://images.xiecdn.com/bqgcd/0s2t6dep1tft3ncsk530mo6y2xaeb5hh.jpg!/format/webp;https://images.xiecdn.com/bqgcd/y9720b03hezla6m49mz4pgm4mzgn27yx.jpg!/format/webp;https://images.xiecdn.com/bqgcd/h7ekm2dzdr3asdzjdrwboe3ssqcnp2jb.jpg!/format/webp;https://images.xiecdn.com/bqgcd/o9hemaips3rz6i03xeinp8ycbk0pyhwr.jpg!/format/webp;https://images.xiecdn.com/bqgcd/bd80dnmbx8en0e39op10h2je4zgp1kdf.jpg!/format/webp;https://images.xiecdn.com/bqgcd/8o6g1tepzoj9nyne98743qtm35gmas8r.jpg!/format/webp;https://images.xiecdn.com/bqgcd/8awo84ooss7udrfooontwp3y37967kq7.jpg!/format/webp;https://images.xiecdn.com/bqgcd/jcrar3avpfkdmx9biqorcn3d6ndv9fkg.jpg!/format/webp;https://images.xiecdn.com/bqgcd/o5nc96x95usrgxvjlfaa34ay59fqlb4n.jpg!/format/webp;https://images.xiecdn.com/bqgcd/jp9fhclbepl64hyd9zqfn1wi6igrrlvq.jpg!/format/webp;https://images.xiecdn.com/bqgcd/kupu4ig04jn1mj0grfcktvqz8cjxcm12.jpg!/format/webp;https://images.xiecdn.com/bqgcd/dcdtl2b0esuewblheqoh1mq6ux3e2k12.jpg!/format/webp;https://images.xiecdn.com/bqgcd/wkdux20jn9xetj2tortmg1z7ea0yh5oz.jpg!/format/webp;https://images.xiecdn.com/bqgcd/7wzmhlbc2d3h6h8td5g9ww170cfvigr4.jpg!/format/webp;https://images.xiecdn.com/bqgcd/m0c7b21ou4lpnrdhtjd2kss31glhjadw.jpg!/format/webp;https://images.xiecdn.com/bqgcd/zuwjhoz67pgw593majfa1nr8hjghw4uu.jpg!/format/webp;https://images.xiecdn.com/bqgcd/cn9osnzzcxsw32w5c86wjtpvjeht9op4.jpg!/format/webp;https://images.xiecdn.com/bqgcd/7houg4rtape062gnxe0l8fcpmrghpmct.jpg!/format/webp;https://images.xiecdn.com/bqgcd/we1rjpui3j78m5bhh4rs1vblabz4l2n9.jpg!/format/webp;https://images.xiecdn.com/bqgcd/sazyle9dscudk1chghufcbb6xdjd99ny.jpg!/format/webp;https://images.xiecdn.com/bqgcd/0p3bzegt9ri83woodugvd16vw8araf1h.jpg!/format/webp;https://images.xiecdn.com/bqgcd/i48goe4wdd54y7mju0a9lk7jh789z7jk.jpg!/format/webp;https://images.xiecdn.com/bqgcd/lzy8wd8lfjiopcrvqpph46bmrc4h0fjk.jpg!/format/webp;https://images.xiecdn.com/bqgcd/8ife6cxb5xdij0650uime4y0agwf2ca1.jpg!/format/webp","2705443","False","待结构与图片去重","核验是否为独立鞋型或仅为配色/加绒/别名变体"
"搜鞋网在线","H7116","2040194","【工厂】2024秋冬新款一脚蹬套脚休闲包头男女加绒板鞋饼干鞋","58.00","黑白;灰色;白色;蓝色;绿色;紫色【35-40】;黑白加绒","35;36;37;38;39;40;41;42;43;44;45","2024年9月20日","https://bqgcd.sooxie.com/detail/2040194","https://images.xiecdn.com/bqgcd/86i7apq8yv6sbetkmde64l6otau5j8yl.JPG!firstwebp","24","https://images.xiecdn.com/bqgcd/qusi12x4f3ey365rast71zac7ld72vj2.jpg!/format/webp;https://images.xiecdn.com/bqgcd/81m33ab9supjtjj690d30devvmgm8fuv.jpg!/format/webp;https://images.xiecdn.com/bqgcd/1g0t18qzge4m67t3ochx3wfglljcvvcz.jpg!/format/webp;https://images.xiecdn.com/bqgcd/3gpisx912dqk5mpl59z6msh0x9tqfca8.jpg!/format/webp;https://images.xiecdn.com/bqgcd/dklkhwajodnezrsw7bmdng49j7m3rvg3.jpg!/format/webp;https://images.xiecdn.com/bqgcd/gxypvu1vocie7k180cx8ucvnrglgf77e.jpg!/format/webp;https://images.xiecdn.com/bqgcd/7iwaofzj58mpzpq5edwqe36hoxewepj3.jpg!/format/webp;https://images.xiecdn.com/bqgcd/2nl85upnm09rzfykd6fpn1egrwymt0i4.jpg!/format/webp;https://images.xiecdn.com/bqgcd/w10ic7lsan5rmcjx7lbf4vv5g64sqqto.jpg!/format/webp;https://images.xiecdn.com/bqgcd/1m5akms8wj29p12taj36m0dcrpcacz3b.jpg!/format/webp;https://images.xiecdn.com/bqgcd/veac0ftd24hk73lgldbmv6klw3417ena.jpg!/format/webp;https://images.xiecdn.com/bqgcd/uw86pzsmj13fqaw6m1fwqv187aes0ts8.jpg!/format/webp;https://images.xiecdn.com/bqgcd/y5esp7ptwdqgpdiu7i2fu62ykyh617py.jpg!/format/webp;https://images.xiecdn.com/bqgcd/cw8yykclkfk02bsmr3xq2j9uzyn9vxoe.jpg!/format/webp;https://images.xiecdn.com/bqgcd/xr7cdnj18xcxjlkif3oirzyv0cfjuqyu.jpg!/format/webp;https://images.xiecdn.com/bqgcd/hsjktk6aqnyv2pwy3oimzu03q7p3yymq.jpg!/format/webp;https://images.xiecdn.com/bqgcd/g8chv8z8u17i7vhhbcb14xqfj04kssdx.jpg!/format/webp;https://images.xiecdn.com/bqgcd/b636mml610h1wa3sug3h5z0igw6pnw90.jpg!/format/webp;https://images.xiecdn.com/bqgcd/ddaxidkfly87f0mtpo7twxu01l5hgz2j.jpg!/format/webp;https://images.xiecdn.com/bqgcd/e0xlu3xt8h1ar7q9vhr3kh3iu8xdz5r6.jpg!/format/webp;https://images.xiecdn.com/bqgcd/7sz5cvcp0jr192edu9lfzkyjs1ss1c3b.jpg!/format/webp;https://images.xiecdn.com/bqgcd/h00mml2t3qd83y6ntrvuzs4hwgd7bsq6.jpg!/format/webp;https://images.xiecdn.com/bqgcd/lhhpdnxsn80b0v3lbl80cocov6n22xbw.jpg!/format/webp;https://images.xiecdn.com/bqgcd/dqucebaoptyubt4d3svqfi70tg200tan.jpg!/format/webp","2206642","False","待结构与图片去重","核验是否为独立鞋型或仅为配色/加绒/别名变体"
"搜鞋网在线","K6116","1659844","2023夏季新款透气一脚蹬懒人情侣鞋","55.00","黑白;全黑;白色;灰色","35;36;37;38;39;40;41;42;43;44;45","2023年4月24日","https://bqgcd.sooxie.com/detail/1659844","https://images.xiecdn.com/bqgcd/gbzo82qcgerewdbn1lcmrojkjsnyf8t3.jpg!firstwebp","30","https://images.xiecdn.com/bqgcd/mbv0otgjoxcaa2mvquku2yjja8yvufzp.jpg!/format/webp;https://images.xiecdn.com/bqgcd/k9i2vmbruieetg0p4nddeslmxiej40wi.jpg!/format/webp;https://images.xiecdn.com/bqgcd/xr55j1noc4ei22ou9quv05e4kh991i75.jpg!/format/webp;https://images.xiecdn.com/bqgcd/mglgp09gio159jmayk1l3a57avxanfyd.jpg!/format/webp;https://images.xiecdn.com/bqgcd/v4dx34ujzq8vw47606ymc5fquw0xwmle.jpg!/format/webp;https://images.xiecdn.com/bqgcd/ztfif8dtuid57rm64n6eny5wi9mlkvir.jpg!/format/webp;https://images.xiecdn.com/bqgcd/wjddb0y5vxu0zuk8vawzsu9aa5vvk4k7.jpg!/format/webp;https://images.xiecdn.com/bqgcd/q9yk6d6wrelfbe5uxzyvwk3hh4aktrc8.jpg!/format/webp;https://images.xiecdn.com/bqgcd/f0cfz474vq7qpr9zdmce5vr28ggbds24.jpg!/format/webp;https://images.xiecdn.com/bqgcd/cgrqjo8ifyklh6ybijho2gkm0hqws8ww.jpg!/format/webp;https://images.xiecdn.com/bqgcd/3zkb81ke1ocgunw0pzi92hm400pq8yld.jpg!/format/webp;https://images.xiecdn.com/bqgcd/m4fdcf2uz4fj3jj6g61jujsa581ik9yu.jpg!/format/webp;https://images.xiecdn.com/bqgcd/8dc7fkrkmqcvvf64255kan8da70vr3kx.jpg!/format/webp;https://images.xiecdn.com/bqgcd/bp98nr16vxw9j3lu0acnh4ap3wg3nn1a.jpg!/format/webp;https://images.xiecdn.com/bqgcd/h6syyf5el2njsevev5jt3ascb0p0yyea.jpg!/format/webp;https://images.xiecdn.com/bqgcd/wzk6sq3h69zujqrf927lj8gfyeango0z.jpg!/format/webp;https://images.xiecdn.com/bqgcd/px3n7r71tpf1j5s6ybytquctwc64xk1d.jpg!/format/webp;https://images.xiecdn.com/bqgcd/67o7s0n539niasmrggoyz4bnpmy3fvrb.jpg!/format/webp;https://images.xiecdn.com/bqgcd/hhz2zgcvygosjkd21idsffjgm9xa8zo6.jpg!/format/webp;https://images.xiecdn.com/bqgcd/mzroptc3s1zgrjyn3ilnnti4amrzk68n.jpg!/format/webp;https://images.xiecdn.com/bqgcd/mcj0g4lw6ttuy6pa3lkxaatyv7d3p7al.jpg!/format/webp;https://images.xiecdn.com/bqgcd/ixkulxe394kcn0vx6i22f2zy8etx7x3p.jpg!/format/webp;https://images.xiecdn.com/bqgcd/kjdzikfc3vi5utkszbgnklkyjrad4zbi.jpg!/format/webp;https://images.xiecdn.com/bqgcd/ulaaj8fi30p4ulkz2kno54cwslwlkrw9.jpg!/format/webp;https://images.xiecdn.com/bqgcd/e840w9dgrt5w0j8qmcrtp0uwv1686wq3.jpg!/format/webp;https://images.xiecdn.com/bqgcd/w7i5r2ljkotemfp7mq36tgsnu8w59yde.jpg!/format/webp;https://images.xiecdn.com/bqgcd/m4tgf7u6lhqjzkrzjtjdja8qdw1jh6kh.jpg!/format/webp;https://images.xiecdn.com/bqgcd/w3jw74i6ilhjodfqe4x68i3l3v4ipilx.jpg!/format/webp;https://images.xiecdn.com/bqgcd/r0c18gvlomxc0m6zizzcrrschrs318m4.jpg!/format/webp;https://images.xiecdn.com/bqgcd/9h8vqj3bfosjk8j82x0g58r346yy4zt1.jpg!/format/webp","1723783","True","本地货号已存在","核验国际站状态"
"搜鞋网在线","K6116-1","1763985","2024秋冬加绒一脚蹬男女懒人鞋【贝强工厂店】","57.00","黑白加绒;全黑加绒","35;36;37;38;39;40;41;42;43;44;45","2023年9月16日","https://bqgcd.sooxie.com/detail/1763985","https://images.xiecdn.com/bqgcd/bvhfgopn932ku2yro36wn2t1496dcw66.jpg!firstwebp","10","https://images.xiecdn.com/bqgcd/5vcvwwphd0q4ojuocq3oltgjq115zdir.jpg!/format/webp;https://images.xiecdn.com/bqgcd/xf2zf99jldp9i1bsr5chhn5ewx0en3a7.jpg!/format/webp;https://images.xiecdn.com/bqgcd/figvutv4cf33otv6ldlk9swkspgt2z4f.jpg!/format/webp;https://images.xiecdn.com/bqgcd/tlseloyen61bptfgskndi0xd6p5aejbx.jpg!/format/webp;https://images.xiecdn.com/bqgcd/02sbh0ojzhu6mhc3e8nucqp9mgwo3gbt.jpg!/format/webp;https://images.xiecdn.com/bqgcd/5i8lrec3ugfa2rhntguw1yrc8nxcj9r6.jpg!/format/webp;https://images.xiecdn.com/bqgcd/ebh1wotp2jtym3h5lepqrx2p00j4l55f.jpg!/format/webp;https://images.xiecdn.com/bqgcd/ozq9923rhgu7a3gzgv93wh596wk2ssn1.jpg!/format/webp;https://images.xiecdn.com/bqgcd/6pcvbaymqcu3qvas5iquw4v3s496iyr1.jpg!/format/webp;https://images.xiecdn.com/bqgcd/7mehukklromg5ntoez9rtbcct71momsv.jpg!/format/webp","1834346","False","待结构与图片去重","核验是否为独立鞋型或仅为配色/加绒/别名变体"
"搜鞋网在线","K6212","1785370","【工厂】2024新款一脚蹬套脚休闲男女鞋","53.00","黑白;全黑;灰色;白色;蓝色","35;36;37;38;39;40;41;42;43;44;45","2023年10月11日","https://bqgcd.sooxie.com/detail/1785370","https://images.xiecdn.com/bqgcd/g0clonbmmofks12fgjkhbj6gl247zpz1.jpg!firstwebp","30","https://images.xiecdn.com/bqgcd/ux0b7s7dzwgrkardxpq21as70otr82hr.jpg!/format/webp;https://images.xiecdn.com/bqgcd/v4cp8vb58i8f1cfm0jcsn0rwv3fn13y7.jpg!/format/webp;https://images.xiecdn.com/bqgcd/ta3mzkdnv59qhei2ditp85xiy4x1n990.jpg!/format/webp;https://images.xiecdn.com/bqgcd/rfj1wropdsro2suxjjwmzrm5vmlslekh.jpg!/format/webp;https://images.xiecdn.com/bqgcd/9t08m2a0i3zo15k118541dohd0lowj4s.jpg!/format/webp;https://images.xiecdn.com/bqgcd/idj5bfn63ixhjjypky30hgbxfioa9epp.jpg!/format/webp;https://images.xiecdn.com/bqgcd/nm4kguojujf46vm8sledpak5l423nav0.jpg!/format/webp;https://images.xiecdn.com/bqgcd/epaxhwwzilos9n32mx1owzxue7kygfx7.jpg!/format/webp;https://images.xiecdn.com/bqgcd/9rc07k5bfdj851muten5y1vq2yq0gjzv.jpg!/format/webp;https://images.xiecdn.com/bqgcd/vb9il5kvdm4jxif4j6s1mhq6n156110l.jpg!/format/webp;https://images.xiecdn.com/bqgcd/oa6c7mrdlik9b6swk2cq75d1frmewoak.jpg!/format/webp;https://images.xiecdn.com/bqgcd/zixvrr8gde5xotgo58xf0uwfkvz8tix2.jpg!/format/webp;https://images.xiecdn.com/bqgcd/qm0y24xks344l005fsj6b5vzaez5lq56.jpg!/format/webp;https://images.xiecdn.com/bqgcd/q5znbd7k2ivb6nlrlz9svhusbgkmnthg.jpg!/format/webp;https://images.xiecdn.com/bqgcd/cltgfj8by0msh7cw6tm0tvlpvs0c6v1l.jpg!/format/webp;https://images.xiecdn.com/bqgcd/afau9kq4c11z8m6pqbb7oezeqade2tdj.jpg!/format/webp;https://images.xiecdn.com/bqgcd/bh8rreeiv7bnvidcy05208cilxlqkmsl.jpg!/format/webp;https://images.xiecdn.com/bqgcd/aqovaq3iok5v24n5cpdqv8nlvkelicsw.jpg!/format/webp;https://images.xiecdn.com/bqgcd/le4ykl69cjbec8b9lsj30kyt6yz6pr6i.jpg!/format/webp;https://images.xiecdn.com/bqgcd/10fqcrdl0tp2nvu2htrzzo92aiwxbcti.jpg!/format/webp;https://images.xiecdn.com/bqgcd/pkxwmdtwv1sg4c1pvyt9t8ln0l6meyok.jpg!/format/webp;https://images.xiecdn.com/bqgcd/kp87fgzz59ytxg6ntizymdexmqhnpuls.jpg!/format/webp;https://images.xiecdn.com/bqgcd/tyivyarzejh3bjh0c3o20ncdsx2rb9o4.jpg!/format/webp;https://images.xiecdn.com/bqgcd/ul1ot37tbvz8f26hlbvodpavqqjkbgbb.jpg!/format/webp;https://images.xiecdn.com/bqgcd/ooj5jz5rk334q9py7my9dqlnlyygn2l0.jpg!/format/webp;https://images.xiecdn.com/bqgcd/xkaojs1or1gczq5e6dpwf50k0wc27noq.jpg!/format/webp;https://images.xiecdn.com/bqgcd/czwtc280o7lkuprktjhjarcozpmx8a0b.jpg!/format/webp;https://images.xiecdn.com/bqgcd/n9tviikdd2doi1h0cvm6d3dgt2xbkzee.jpg!/format/webp;https://images.xiecdn.com/bqgcd/nho7tfn7ga8gco0v6j85qdq5strve7wu.jpg!/format/webp;https://images.xiecdn.com/bqgcd/5lv6nhymgbmmzel354bqexlp6zre4eot.jpg!/format/webp","1857483","True","本地货号已存在","核验国际站状态"
"搜鞋网在线","K6689","1665897","2023夏季新款一脚蹬懒人鞋百搭男女鞋","53.00","黑白;全黑;灰色","35;36;37;38;39;40;41;42;43;44;45","2023年5月1日","https://bqgcd.sooxie.com/detail/1665897","https://images.xiecdn.com/bqgcd/q7zeskks0e1n59fn44o9fn89dyvrdvgj.jpg!firstwebp","24","https://images.xiecdn.com/bqgcd/tocb9vh8jyj92xtwui8xdgoo0xnha66c.jpg!/format/webp;https://images.xiecdn.com/bqgcd/9cp1fnn1f4inpm7i2lugdyeayayq4d52.jpg!/format/webp;https://images.xiecdn.com/bqgcd/adt8xbsdu68l430mdlak9q0dmes1akjm.jpg!/format/webp;https://images.xiecdn.com/bqgcd/xa8jo0mry6o4oy3of5uu9cjzxec4anxh.jpg!/format/webp;https://images.xiecdn.com/bqgcd/zmlj3h5469taxmmen1bca73wln1qn1yu.jpg!/format/webp;https://images.xiecdn.com/bqgcd/e4c1e3cxuc085na1ahkz2er9ov8ft1rq.jpg!/format/webp;https://images.xiecdn.com/bqgcd/jr7rvofj8flrrv9aqy1v4b5aljjfgbiw.jpg!/format/webp;https://images.xiecdn.com/bqgcd/fsp5iat3n91xl1jn3tdfvdrgb1qlrj3q.jpg!/format/webp;https://images.xiecdn.com/bqgcd/nms4kqqdhgjr1slhc1wpa6d51i8xfo39.jpg!/format/webp;https://images.xiecdn.com/bqgcd/az4fda9wz3pja4524mff8wtcc0w8jop0.jpg!/format/webp;https://images.xiecdn.com/bqgcd/uf8tt1ougtix96nr247iezz1rhh9i919.jpg!/format/webp;https://images.xiecdn.com/bqgcd/doq30gx7or422ffu574m67hpb7j4069x.jpg!/format/webp;https://images.xiecdn.com/bqgcd/yuung9a4jmbfb5kqtq8bhuomu1kjdyrc.jpg!/format/webp;https://images.xiecdn.com/bqgcd/ifiexi3mn9r6duwkr70f8kwjxjbphejb.jpg!/format/webp;https://images.xiecdn.com/bqgcd/bcrabi0gypcgcdxal98dctoe9nhmui8n.jpg!/format/webp;https://images.xiecdn.com/bqgcd/jmj3jxd241fssiul4j76fezwsvi9wact.jpg!/format/webp;https://images.xiecdn.com/bqgcd/jm142tperqxkhejfsrn9v7w3fye0jpq8.jpg!/format/webp;https://images.xiecdn.com/bqgcd/a3f9ewhwtr01a2eznx6dg6mw7a225cs7.jpg!/format/webp;https://images.xiecdn.com/bqgcd/po4u68rg2psh8cy7c37n1rckmldsd3hu.jpg!/format/webp;https://images.xiecdn.com/bqgcd/3f6zjx1nzoq49hm8x0cq9temuw1vml4j.jpg!/format/webp;https://images.xiecdn.com/bqgcd/wkuunw6tq4ptmrsr8bzdnbzzguyjwkgv.jpg!/format/webp;https://images.xiecdn.com/bqgcd/m2fibht2s1r33pqgfse66oy5x4aglj4a.jpg!/format/webp;https://images.xiecdn.com/bqgcd/7q1xavy1h8f3qhgyxcekvefybfw8pptg.jpg!/format/webp;https://images.xiecdn.com/bqgcd/9dpsv07k2sfzlzeh4rfzgmjarezaspd1.jpg!/format/webp","1730192","False","待结构与图片去重","核验是否为独立鞋型或仅为配色/加绒/别名变体"
"搜鞋网在线","L0017","2393363","夏季新款男女运动鞋休闲跑步鞋","65.00","摩卡棕;骑士黑;海沙白;夜幕黑白;海螺橙;全黑加绒;黑白加绒","35;36;37;38;39;40;41;42;43;44;45","2026年1月13日","https://bqgcd.sooxie.com/detail/2393363","https://images.xiecdn.com/bqgcd/wpohzu7pot7sbqsl1tzgt1ddvlewb8tn.jpg!firstwebp","24","https://images.xiecdn.com/bqgcd/086w5p8yeoezvbb4jydw1d4oz2s5w3uj.jpg!/format/webp;https://images.xiecdn.com/bqgcd/nn95pm54knckvp5wqtgidfhv9rjjzj50.jpg!/format/webp;https://images.xiecdn.com/bqgcd/i0plawybtf21uup99jsy6o5wd1easxjw.jpg!/format/webp;https://images.xiecdn.com/bqgcd/yqa52a5kwynr68lvoweguj4ypn4zj49m.jpg!/format/webp;https://images.xiecdn.com/bqgcd/1rkux6frawbdnazi8362ed432q1af7g7.jpg!/format/webp;https://images.xiecdn.com/bqgcd/t842iyja66irr8kh9imd56bbtapnjrj7.jpg!/format/webp;https://images.xiecdn.com/bqgcd/kb1a1jey6bpv0rr9jur6nbtlk1a3cbx1.jpg!/format/webp;https://images.xiecdn.com/bqgcd/a76v0ifgr3ff7s22m3255y6x86mj2bwg.jpg!/format/webp;https://images.xiecdn.com/bqgcd/kh1fuz0i3myx4ve3aik4fq6i8bt5qqx3.jpg!/format/webp;https://images.xiecdn.com/bqgcd/sz0bm4ilzcvm3eydj3rca08vu8cef5sf.jpg!/format/webp;https://images.xiecdn.com/bqgcd/ov3b2rpmywlxxi04s8gv8klh5vl217ot.jpg!/format/webp;https://images.xiecdn.com/bqgcd/qrozr3ubglpabn0wvvo2hdp6rzfa1j7w.jpg!/format/webp;https://images.xiecdn.com/bqgcd/2hobhr4elg7e0bixh153g2hg6aj6a6d9.jpg!/format/webp;https://images.xiecdn.com/bqgcd/49i8zr95m490z04v1gutz3z44do1uois.jpg!/format/webp;https://images.xiecdn.com/bqgcd/5xkxt6gb3fhiv88cti32i2q9ez9n1kda.jpg!/format/webp;https://images.xiecdn.com/bqgcd/tvvbw39m89i9ngacsr9m0x29j52gtt2h.jpg!/format/webp;https://images.xiecdn.com/bqgcd/ybsvc02z0ovro2xa7o50khchq6wocq66.jpg!/format/webp;https://images.xiecdn.com/bqgcd/qv0akdbntb6flp1rxqx3j5up59exy1tu.jpg!/format/webp;https://images.xiecdn.com/bqgcd/umn6j10qml24u6kc660unbt1ggmidwqj.jpg!/format/webp;https://images.xiecdn.com/bqgcd/ps250p3h8wpptb3porryk0pt4eupqg8j.jpg!/format/webp;https://images.xiecdn.com/bqgcd/6ueh9jpud1j9lx6g1fuxxi5vqilx5aft.jpg!/format/webp;https://images.xiecdn.com/bqgcd/9duzgkxe55zss80ejmapft3jz7rttz7j.jpg!/format/webp;https://images.xiecdn.com/bqgcd/ufcmbk3shlr14neh9xmhwcv9foltxyi4.jpg!/format/webp;https://images.xiecdn.com/bqgcd/ipqcwtso4s2c1068rmal2rnxav5fl24r.jpg!/format/webp","2578171","True","本地货号已存在","核验国际站状态"
"搜鞋网在线","L1009","2409644","夏季新款网面运动舒适跑步鞋","68.00","骑士黑;黑熊猫;浅灰绿;白熊猫","36;37;38;39;40;41;42;43;44;45","2026年3月3日","https://bqgcd.sooxie.com/detail/2409644","https://images.xiecdn.com/bqgcd/efkjww96ycnfg438vf59fs12yq34vezb.jpg!firstwebp","30","https://images.xiecdn.com/bqgcd/i9s7pitubd8wfissoua4v41yuvab87k4.jpg!/format/webp;https://images.xiecdn.com/bqgcd/qcnk05o5cdgch74dptulu325i599790l.jpg!/format/webp;https://images.xiecdn.com/bqgcd/o3xh5u22nu7oijv1arc5fz1cibdbslaf.jpg!/format/webp;https://images.xiecdn.com/bqgcd/m896m4z5c359rznx8wiq393k0dizsdcj.jpg!/format/webp;https://images.xiecdn.com/bqgcd/qz22eduumg6276e2lx5j3kk11q7rpult.jpg!/format/webp;https://images.xiecdn.com/bqgcd/l2u2vglky0siwh4bhkc6fkj4j6se2diu.jpg!/format/webp;https://images.xiecdn.com/bqgcd/nyug9k6jwtj49c3ayu8rpn7pkqtyqdce.jpg!/format/webp;https://images.xiecdn.com/bqgcd/qo1rp5r34ojflombmydlj97rm33yq3zd.jpg!/format/webp;https://images.xiecdn.com/bqgcd/1josavjp1wujyigsm2bs3e3i6nhv53rg.jpg!/format/webp;https://images.xiecdn.com/bqgcd/229cpvof0j2a26gqgirte1ox1lw4bwfu.jpg!/format/webp;https://images.xiecdn.com/bqgcd/khuyymz8w045xf7vb20jcfigt247483d.jpg!/format/webp;https://images.xiecdn.com/bqgcd/h29umbr20b0kzmqbu0dpjhyp9kkt7bxm.jpg!/format/webp;https://images.xiecdn.com/bqgcd/ftc0t8zc1bd5fikmqzcaom6ocamlpixo.jpg!/format/webp;https://images.xiecdn.com/bqgcd/mes4uggicpb0wpjtwliggpyhgz67lyab.jpg!/format/webp;https://images.xiecdn.com/bqgcd/ifgpi8ywuumb2lqcqrhjtc1r00rbmgfk.jpg!/format/webp;https://images.xiecdn.com/bqgcd/ao5nrmmaq1inhp32opoxsjexc5ub5ype.jpg!/format/webp;https://images.xiecdn.com/bqgcd/bfda0qyw6gyo279qvbbmk4v4xwvwqlob.jpg!/format/webp;https://images.xiecdn.com/bqgcd/ihquiju1ff4l7yltic7t3vdm6tuah0hj.jpg!/format/webp;https://images.xiecdn.com/bqgcd/bb6djkka56lwadulrohzmlr8th1oab9h.jpg!/format/webp;https://images.xiecdn.com/bqgcd/hbxpjnveusgcsiplteho4odbkcmv6vrt.jpg!/format/webp;https://images.xiecdn.com/bqgcd/jcerszqlblyyaxpyk86ewyh3yil70h9s.jpg!/format/webp;https://images.xiecdn.com/bqgcd/muiyeysx8caz2wswsarmwg7edng4tubi.jpg!/format/webp;https://images.xiecdn.com/bqgcd/btrnckifm3p3paga3vthy8isrluu08xl.jpg!/format/webp;https://images.xiecdn.com/bqgcd/176lh8ocqhdim99nozxb9vgck7k6qws1.jpg!/format/webp;https://images.xiecdn.com/bqgcd/9ho9i7rx9qjtszsquposvv5pqrhvqumr.jpg!/format/webp;https://images.xiecdn.com/bqgcd/7d45wnuu1fudicg7xrngnm81bbis1kas.jpg!/format/webp;https://images.xiecdn.com/bqgcd/eirbhqgni9925l6f21c79y78oot5hict.jpg!/format/webp;https://images.xiecdn.com/bqgcd/531mnq10xku33squdkrrstj47yum3bi4.jpg!/format/webp;https://images.xiecdn.com/bqgcd/ezxnj0wq1vbzv3d2jp26pkuins9kjalc.jpg!/format/webp;https://images.xiecdn.com/bqgcd/qy2ld3pvch6zvi6dbatsiu8bx67pk28x.jpg!/format/webp","2595493","True","本地货号已存在","核验国际站状态"
"搜鞋网在线","L1026","2456481","夏季新款软弹厚底轻便运动跑步鞋","65.00","黑白;全黑;橘色;浅绿","35;36;37;38;39;40;41;42;43;44;45","2026年4月23日","https://bqgcd.sooxie.com/detail/2456481","https://images.xiecdn.com/bqgcd/dzbharkpsn1zril07vjio7qqadx2pt6g.jpg!firstwebp","21","https://images.xiecdn.com/bqgcd/r3l36x2g7zjk3a4qh9z94qc886p95cht.jpg!/format/webp;https://images.xiecdn.com/bqgcd/15nw8fcih3taadb8bj7x77obs87xv98i.jpg!/format/webp;https://images.xiecdn.com/bqgcd/ty9dacvz6nyhqg8lnv104gnwptln4622.jpg!/format/webp;https://images.xiecdn.com/bqgcd/sst6hh0aedsm365zh6e26swdomkaoge3.jpg!/format/webp;https://images.xiecdn.com/bqgcd/sil2sb7rtz7zgadfm86n01sforlnsqxb.jpg!/format/webp;https://images.xiecdn.com/bqgcd/i91jihydh5wvsuppt0rfiqew1ssbu7k8.jpg!/format/webp;https://images.xiecdn.com/bqgcd/ldowhym4hrnz5zp3fag1wlmempsbd1v3.jpg!/format/webp;https://images.xiecdn.com/bqgcd/mvbom3uoh5b8rv6v9cq1rhjzz2kp24kq.jpg!/format/webp;https://images.xiecdn.com/bqgcd/t3qdvmabvaxy1s7g9en9uag2yzeksgex.jpg!/format/webp;https://images.xiecdn.com/bqgcd/5rsebwjxjy882horb1ttgl0ql7nn0jzj.jpg!/format/webp;https://images.xiecdn.com/bqgcd/ux9iwbp5d4c0vxrohv2zalnywagwhs68.jpg!/format/webp;https://images.xiecdn.com/bqgcd/6e90xvtj11dxxsi0ytpwnr3n65z5cxw6.jpg!/format/webp;https://images.xiecdn.com/bqgcd/laf55qzgq24b3wm7xxsfevnxry6h8scd.jpg!/format/webp;https://images.xiecdn.com/bqgcd/0uawqzapfcd9pudzwtx8lnof82x204va.jpg!/format/webp;https://images.xiecdn.com/bqgcd/fibe37w8ffercpfoqmtd5339sd7mrq2r.jpg!/format/webp;https://images.xiecdn.com/bqgcd/mpd2qgwty2dgjtlfjldqj9dpcv6sezy9.jpg!/format/webp;https://images.xiecdn.com/bqgcd/3zji7el16kua6atwajbicxqo1l71b9ke.jpg!/format/webp;https://images.xiecdn.com/bqgcd/qbs2lr565j23r4epkvrys41b7rc3yasd.jpg!/format/webp;https://images.xiecdn.com/bqgcd/xts0aczfgl3mkpw71f6dq0tvep88y7ev.jpg!/format/webp;https://images.xiecdn.com/bqgcd/n2o34bhs1qod179ty6fgw319uxq6b1m1.jpg!/format/webp;https://images.xiecdn.com/bqgcd/zdshvolfff3cqfvlfddqlhg7j2fls82m.jpg!/format/webp","2645268","True","本地货号已存在","核验国际站状态"
"搜鞋网在线","M8506","2275092","2025秋季新款一脚蹬套脚休闲男女厚底健步鞋","58.00","白红;黑白;全黑","35;36;37;38;39;40;41;42;43;44;45","2025年7月24日","https://bqgcd.sooxie.com/detail/2275092","https://images.xiecdn.com/bqgcd/5gw09scoi50brva0c66ad8oqfono3a0j.jpg!firstwebp","24","https://images.xiecdn.com/bqgcd/1unj0xw96p455ky55hq4ymhn8tdetfvf.jpg!/format/webp;https://images.xiecdn.com/bqgcd/i62egxa9fyw6i5awjtuk0zism8kudm48.jpg!/format/webp;https://images.xiecdn.com/bqgcd/05v6a87nvtdnma6frbml6ek710egp8mg.jpg!/format/webp;https://images.xiecdn.com/bqgcd/zp7lnctyes93zdiuswpldujoa8l4jduk.jpg!/format/webp;https://images.xiecdn.com/bqgcd/mt785xbxx9t57yjm4rq62yw7nlhgyxt7.jpg!/format/webp;https://images.xiecdn.com/bqgcd/yhwikneszndocmqpuouqpcryrjzzbmz3.jpg!/format/webp;https://images.xiecdn.com/bqgcd/6g4au8lni3ud5yczg1qk930eh7g63ra2.jpg!/format/webp;https://images.xiecdn.com/bqgcd/xaw3eec686ap0yu3enpcycwztb83wury.jpg!/format/webp;https://images.xiecdn.com/bqgcd/fdkx1bk4zhpp0l60rgxyj7pju4mgam4p.jpg!/format/webp;https://images.xiecdn.com/bqgcd/mgte3iza4mfisiancsi58mtp6sqghg1h.jpg!/format/webp;https://images.xiecdn.com/bqgcd/8d2l7l46et5xsa6jawovvzuon7tkbe6e.jpg!/format/webp;https://images.xiecdn.com/bqgcd/hc6c6ej6pfxjspsexnnp598sk8zy3qyp.jpg!/format/webp;https://images.xiecdn.com/bqgcd/0bd0kb5t53knakc3cxeb2v3ivrqkhn70.jpg!/format/webp;https://images.xiecdn.com/bqgcd/b9rnk0a0nf6118rz9eo4yk9behuuhd2k.jpg!/format/webp;https://images.xiecdn.com/bqgcd/pspyxegs67wm4gyztw5h977d1ighy8fn.jpg!/format/webp;https://images.xiecdn.com/bqgcd/ael541hp9hr6b4ubdz28fkvnoc92bu92.jpg!/format/webp;https://images.xiecdn.com/bqgcd/kei9bmig357uyxlyfdgqcuqauqix8qch.jpg!/format/webp;https://images.xiecdn.com/bqgcd/dqedqfbtialsaukdd0wjsx304su3zq9v.jpg!/format/webp;https://images.xiecdn.com/bqgcd/mm6ufspfbaszrealxbn7va6nzxfrhwaw.jpg!/format/webp;https://images.xiecdn.com/bqgcd/48mkq3bdq5hcpbaslxhvck9s65exedtm.jpg!/format/webp;https://images.xiecdn.com/bqgcd/c4af8qhgitue29bb4clm9kwdgk0187bi.jpg!/format/webp;https://images.xiecdn.com/bqgcd/bjo63knbipxw5nq92ux0d0fewnjak099.jpg!/format/webp;https://images.xiecdn.com/bqgcd/i2dmk7hwlkzfogk5q1yffmrex97frvv7.jpg!/format/webp;https://images.xiecdn.com/bqgcd/fdda22iv4oyyd7yguz3ukgp8xeirlgoj.jpg!/format/webp","2453773","True","本地货号已存在","核验国际站状态"
"搜鞋网在线","M8812","2467446","夏季新款一脚蹬男女情侣运动鞋懒人鞋","58.00","米白;黑白;全黑","35;36;37;38;39;40;41;42;43;44;45","2026年5月7日","https://bqgcd.sooxie.com/detail/2467446","https://images.xiecdn.com/bqgcd/ciwz861654e198cf54gheql2k6l6ok44.jpg!firstwebp","25","https://images.xiecdn.com/bqgcd/pb4zc637vhmavz4brbqs1az94ql2rv4l.jpg!/format/webp;https://images.xiecdn.com/bqgcd/hjsq92c8zgu9otghs4dpahq2qrsnjrqe.jpg!/format/webp;https://images.xiecdn.com/bqgcd/d9vb88qfovgjdhftu1lelz2u9ei6vrfv.jpg!/format/webp;https://images.xiecdn.com/bqgcd/gvdx6nn1hlzh776us2d3t4gtbi9pqlzn.jpg!/format/webp;https://images.xiecdn.com/bqgcd/clmwx12haqw8vvinr8qantmshlzzkk39.jpg!/format/webp;https://images.xiecdn.com/bqgcd/7bzifqrcj1zb3cg7bissbtz2eapxl8qe.jpg!/format/webp;https://images.xiecdn.com/bqgcd/s3v17k6f8fnbhfwnye9i7fjl3a6w9jii.jpg!/format/webp;https://images.xiecdn.com/bqgcd/zrf0qtmnk9nirvrk9obrfvq4c390lhwo.jpg!/format/webp;https://images.xiecdn.com/bqgcd/bs1ewekxfmrghiixlhnw44gma8cb37an.jpg!/format/webp;https://images.xiecdn.com/bqgcd/q69xcwtu8muc3ah30mtbzzhjylbaes35.jpg!/format/webp;https://images.xiecdn.com/bqgcd/w5f57avma3hcwkzhdz7vray7w8fkbv9i.jpg!/format/webp;https://images.xiecdn.com/bqgcd/yi0cj14zgktbtcprjkwcrzicgcbieaov.jpg!/format/webp;https://images.xiecdn.com/bqgcd/rcpwmfdmir1s5qp72l296ynk6drln32u.jpg!/format/webp;https://images.xiecdn.com/bqgcd/kaeosc5oni9rob4z21sh9hc8lsxbsqj5.jpg!/format/webp;https://images.xiecdn.com/bqgcd/aszdzg400u7hypvhmfbbvsym0uczw7d7.jpg!/format/webp;https://images.xiecdn.com/bqgcd/ky3sc2hmaorofu0656pbo0ub2s0w4hc0.jpg!/format/webp;https://images.xiecdn.com/bqgcd/26efe04bm7dd9p9dwjd8y84pq0299cv2.jpg!/format/webp;https://images.xiecdn.com/bqgcd/q14lmqziuo5i1ydrbe4ugiaw0euuc0hv.jpg!/format/webp;https://images.xiecdn.com/bqgcd/3buruhwybyxz28lq6we9z2g4u9jrw40i.jpg!/format/webp;https://images.xiecdn.com/bqgcd/mtdyt8k3cm61ff2ffefqrez2m3swwgdm.jpg!/format/webp;https://images.xiecdn.com/bqgcd/n5015g4ejtcpb67rd2zlk64l2f05wlen.jpg!/format/webp;https://images.xiecdn.com/bqgcd/1140cgus8tr760xq6j3sxwdutz4sxmlf.jpg!/format/webp;https://images.xiecdn.com/bqgcd/2dvum2cnnkqw2hi3wanda963jdyaim7z.jpg!/format/webp;https://images.xiecdn.com/bqgcd/t9le6q9u2zb2aju9dyvt5kj29ioxnef7.jpg!/format/webp;https://images.xiecdn.com/bqgcd/3phti9tg80z4ka2w0dy4twci2w09sdre.jpg!/format/webp","2656921","False","待结构与图片去重","核验是否为独立鞋型或仅为配色/加绒/别名变体"
"搜鞋网在线","M889","2073631","【工厂】2024新款一脚蹬套脚时尚休闲加绒棉鞋男女鞋","58.00","黑白;白色;全黑;黑白加绒;全黑加绒","35;36;37;38;39;40;41;42;43;44;45","2024年10月21日","https://bqgcd.sooxie.com/detail/2073631","https://images.xiecdn.com/bqgcd/c808ssw5dujp5gkz01svx3i6kv6iwcxw.JPG!firstwebp","13","https://images.xiecdn.com/bqgcd/r59y3e3erulr9bwikxigcnm1euci5yp4.jpg!/format/webp;https://images.xiecdn.com/bqgcd/2fvest54dmwe4gkmfw6ed53pjwrrlov9.jpg!/format/webp;https://images.xiecdn.com/bqgcd/1s70qav4dun8iws76g4whvdu0wqwxj7x.jpg!/format/webp;https://images.xiecdn.com/bqgcd/w4us3zjtidbfnqveib6j8kbld47s1xq3.jpg!/format/webp;https://images.xiecdn.com/bqgcd/gwurc4icjffemkh3avx1ch12xec0e78z.jpg!/format/webp;https://images.xiecdn.com/bqgcd/hn8ku9i54892v4c29xgi0l1v769qna0z.jpg!/format/webp;https://images.xiecdn.com/bqgcd/wscfgb63q7ywzpnjoc3dr31wtdow5lun.jpg!/format/webp;https://images.xiecdn.com/bqgcd/hqmz8c53kqa9s2nf1mzpelifl5pditfs.jpg!/format/webp;https://images.xiecdn.com/bqgcd/0oytpw9sn0hx1d32d0yfyklskj1jpoai.jpg!/format/webp;https://images.xiecdn.com/bqgcd/q7t3gj36qfnceor54idepw9hd9wysawa.jpg!/format/webp;https://images.xiecdn.com/bqgcd/426y6zlj26kgai7ddbu7jczj5j1uxl6s.jpg!/format/webp;https://images.xiecdn.com/bqgcd/041qp9dbppfpvcyv5zlb5aqjijm1a3ao.jpg!/format/webp;https://images.xiecdn.com/bqgcd/2wdz53l92fdak3tprgf4by1ptaoc5yc6.jpg!/format/webp","2242197","False","待结构与图片去重","核验是否为独立鞋型或仅为配色/加绒/别名变体"
"搜鞋网在线","R1218","2444467","2026夏季新款镂空飞织网面包头板鞋","55.00","米白;黑白;全黑;灰色;浅粉","35;36;37;38;39;40;41;42;43;44;45","2026年4月11日","https://bqgcd.sooxie.com/detail/2444467","https://images.xiecdn.com/bqgcd/cdmtusbt4docih00vhe0taf01qurr5f1.jpg!firstwebp","24","https://images.xiecdn.com/bqgcd/5fhpdp393ne496km2dhf3hbiccksyrzp.jpg!/format/webp;https://images.xiecdn.com/bqgcd/gf8h460hzvfpole16vwo6ppydc6eyyz3.jpg!/format/webp;https://images.xiecdn.com/bqgcd/wdrdh74iv03azb1hf91edantn0ja893o.jpg!/format/webp;https://images.xiecdn.com/bqgcd/12b5ethldrhq87o9ssht4fjpzkaz94mw.jpg!/format/webp;https://images.xiecdn.com/bqgcd/sf7xo68og0y2el00tbdet0zjgs6tw7zk.jpg!/format/webp;https://images.xiecdn.com/bqgcd/q9g5t70acfjwauzga53eim8berfc566p.jpg!/format/webp;https://images.xiecdn.com/bqgcd/v0yy0iw3wukntcxowi1frd4n9k7qty2m.jpg!/format/webp;https://images.xiecdn.com/bqgcd/awe3pqa1bz6b4q81oubhtytr66nzwsse.jpg!/format/webp;https://images.xiecdn.com/bqgcd/fkba9ih7de57812x8s9vxqn80vjk3pen.jpg!/format/webp;https://images.xiecdn.com/bqgcd/1yq718087spymetd9lmbncrmm7wbp8gd.jpg!/format/webp;https://images.xiecdn.com/bqgcd/bvwkavc3hqvhu8ghiw92fvn629tlkeqc.jpg!/format/webp;https://images.xiecdn.com/bqgcd/7v0r7nvyf202hlkedade49tv3g7x5nne.jpg!/format/webp;https://images.xiecdn.com/bqgcd/3zbooi83jjvfpe8v39iqiwqzq1jywer6.jpg!/format/webp;https://images.xiecdn.com/bqgcd/dh4v2g3p5nt20f8kjeq2si78yfczyytx.jpg!/format/webp;https://images.xiecdn.com/bqgcd/kw11bpbiagepya25aufjzougqf0tdlk7.jpg!/format/webp;https://images.xiecdn.com/bqgcd/15j01aft99puwj9ohiqq4n4lgiket043.jpg!/format/webp;https://images.xiecdn.com/bqgcd/0ky9r5hvk6o4j0prhbiyy93a6bgrtcl8.jpg!/format/webp;https://images.xiecdn.com/bqgcd/25sl2mbwl5zfp5e23pxnfhw8qyjl0xbx.jpg!/format/webp;https://images.xiecdn.com/bqgcd/w2ni6yky8zgidei8rxi8qk3faw5lv77t.jpg!/format/webp;https://images.xiecdn.com/bqgcd/1257v6mpdcxny21nm2oqh9nbegs1p24m.jpg!/format/webp;https://images.xiecdn.com/bqgcd/2pmulwjfb03ghk0v1xx2c5zpqbi96hzx.jpg!/format/webp;https://images.xiecdn.com/bqgcd/lemfp9wuo2q3z6g7pbfagftjit5ojah9.jpg!/format/webp;https://images.xiecdn.com/bqgcd/rm7hvzu7uve6j8x8rz9pvgmc2csamu0a.jpg!/format/webp;https://images.xiecdn.com/bqgcd/jk630c60zgk5mcbym7scwav197ud08x0.jpg!/format/webp","2632429","True","本地货号已存在","核验国际站状态"
"搜鞋网在线","R1601","2470222","新款帆布板鞋青年男女休闲包头鞋","55.00","黑白;全黑","35;36;37;38;39;40;41;42;43;44;45","2026年5月11日","https://bqgcd.sooxie.com/detail/2470222","https://images.xiecdn.com/bqgcd/k9tnh35eydubwptt81jgbynmie13a7ol.jpg!firstwebp","27","https://images.xiecdn.com/bqgcd/hdd0duxbqmni78b10ij134sd9cjgldjb.jpg!/format/webp;https://images.xiecdn.com/bqgcd/a4d782vncwq9e0j9y1yqdr6it012tv0a.jpg!/format/webp;https://images.xiecdn.com/bqgcd/8iqrxxr06yp3mwx9pfgd1m4acl6mrdpz.jpg!/format/webp;https://images.xiecdn.com/bqgcd/4ldpzqt6oq5hww0x7aevai60t7qhrarg.jpg!/format/webp;https://images.xiecdn.com/bqgcd/82he3erm3zqilnf4rz0ibhn0l9upbeg6.jpg!/format/webp;https://images.xiecdn.com/bqgcd/htpd5ssimrcjynrvdwut52qyhq6azp25.jpg!/format/webp;https://images.xiecdn.com/bqgcd/04peve09yswv4f993lccc1y2hy5xt98f.jpg!/format/webp;https://images.xiecdn.com/bqgcd/d672ts2rbi6o2j08lxn8rtz462f9dhml.jpg!/format/webp;https://images.xiecdn.com/bqgcd/jo2qcib4ctym4ocxg2k2jrq74bxrnxw2.jpg!/format/webp;https://images.xiecdn.com/bqgcd/fqm8d5iwi3ua2x7ghc60wh149o6oox18.jpg!/format/webp;https://images.xiecdn.com/bqgcd/otr5dzfect3gf786bdorjwhswhk603hj.jpg!/format/webp;https://images.xiecdn.com/bqgcd/2ikr36mdge4ed04la76lgspbiwknav33.jpg!/format/webp;https://images.xiecdn.com/bqgcd/406zdi5u524dx6u6etfx10w090yjydbw.jpg!/format/webp;https://images.xiecdn.com/bqgcd/gx9bip51kbdji4nkc59ezjcfloma6kpl.jpg!/format/webp;https://images.xiecdn.com/bqgcd/sse2yfeefm1akjgg714e3uys9r9skkbl.jpg!/format/webp;https://images.xiecdn.com/bqgcd/cnl3c9hot6vqwn6hy1cdrew31kppnb6k.jpg!/format/webp;https://images.xiecdn.com/bqgcd/8spsghm3v106n64e9kxnc9yw9osssi0b.jpg!/format/webp;https://images.xiecdn.com/bqgcd/2pefkze4vpr7ws9w8y8oc1heodxpfw91.jpg!/format/webp;https://images.xiecdn.com/bqgcd/grwk6akopc9ijfvdq246kdbjkh4ewjlw.jpg!/format/webp;https://images.xiecdn.com/bqgcd/br05utby25baw14wed84lijryatvi1ek.jpg!/format/webp;https://images.xiecdn.com/bqgcd/s7qwq5c3ev7qrbfsozgcracr5cgs5j4y.jpg!/format/webp;https://images.xiecdn.com/bqgcd/r4mywk2bsuwi3y5287tag5oyue99khd7.jpg!/format/webp;https://images.xiecdn.com/bqgcd/pbfpxtmxnfnzbbgo2yywaw58dyy1mcjk.jpg!/format/webp;https://images.xiecdn.com/bqgcd/ufg5o4g783eozmbwdnilxgzadzg6x07k.jpg!/format/webp;https://images.xiecdn.com/bqgcd/6icbk3jtasied11u0gq0dt2lbtt5pnxu.jpg!/format/webp;https://images.xiecdn.com/bqgcd/yghb32o7p0bc919wki1t8fd51fo19hfy.jpg!/format/webp;https://images.xiecdn.com/bqgcd/y4axf2obg2shku6158qqluhc6sstf7qh.jpg!/format/webp","2659834","True","本地货号已存在","核验国际站状态"
"搜鞋网在线","R1811","2337818","2026春季新款厚底一脚蹬懒人鞋轻便包头板鞋","58.00","黑白;全黑;灰色;绿色;米白;粉色","35;36;37;38;39;40;41;42;43;44;45","2025年10月13日","https://bqgcd.sooxie.com/detail/2337818","https://images.xiecdn.com/bqgcd/40kuu07byfj7b96c0p0czavz4m1aa5oq.jpg!firstwebp","27","https://images.xiecdn.com/bqgcd/6ddorrjy8pqnfy4cgavmzkg7xcsfow7l.jpg!/format/webp;https://images.xiecdn.com/bqgcd/d49p6l2uen4rjl2cdtt5q6bx2feja6du.jpg!/format/webp;https://images.xiecdn.com/bqgcd/c9kr3t1rhmnf5ph3gs8d10gdxge47f78.jpg!/format/webp;https://images.xiecdn.com/bqgcd/c6vapvsd35bynab0w1uccoeg6iqfo0dk.jpg!/format/webp;https://images.xiecdn.com/bqgcd/4gsd6nayho3tlu243f3r4j190dsun0qa.jpg!/format/webp;https://images.xiecdn.com/bqgcd/uql2w0c49x5yhe3uoobog96b9s8vb0ru.jpg!/format/webp;https://images.xiecdn.com/bqgcd/rxcpm4orrww9v2kz6pyez4q0pnojsxtg.jpg!/format/webp;https://images.xiecdn.com/bqgcd/gfe8jppmwx01jq0zynefpyt22fr3nz98.jpg!/format/webp;https://images.xiecdn.com/bqgcd/f35igfm95hojne9i1vktb5h92om4kgcd.jpg!/format/webp;https://images.xiecdn.com/bqgcd/3wuaen5b880qlkralukbukk89sc4xkvi.jpg!/format/webp;https://images.xiecdn.com/bqgcd/bmal65efy10pc2nn5k8hmo1eix2igw6l.jpg!/format/webp;https://images.xiecdn.com/bqgcd/q97x05ps08a1q3l88xbrnpajy36hgyx0.jpg!/format/webp;https://images.xiecdn.com/bqgcd/6db6oor4omdg42ihcebxfiwplyw72zfh.jpg!/format/webp;https://images.xiecdn.com/bqgcd/3dvvmvkc9cgyizt7wzn5b7b97cbngukc.jpg!/format/webp;https://images.xiecdn.com/bqgcd/68gcz2s8qbypvdpwttcalw1ztdfn9s06.jpg!/format/webp;https://images.xiecdn.com/bqgcd/fkizjip6omraxigdfvxmmhibp2ka4cro.jpg!/format/webp;https://images.xiecdn.com/bqgcd/bft6rmnnrj1pckxrhxkrtywhcoel6j76.jpg!/format/webp;https://images.xiecdn.com/bqgcd/l4dmotv95fokh72w8zrk2vdnvsphcwke.jpg!/format/webp;https://images.xiecdn.com/bqgcd/8vdqsqxv4qsewvwwrtadltimzfwghqij.jpg!/format/webp;https://images.xiecdn.com/bqgcd/odrjhkyobdv9um0rlyl5b4qhriaoofin.jpg!/format/webp;https://images.xiecdn.com/bqgcd/j364alv4qom230x3jo0t56y1kpwaib1m.jpg!/format/webp;https://images.xiecdn.com/bqgcd/wzvq2kr0030zki6lcs58eie0qv527o1g.jpg!/format/webp;https://images.xiecdn.com/bqgcd/i9rnk3tfbqvgkp8fr2lh7ii7trucv3cn.jpg!/format/webp;https://images.xiecdn.com/bqgcd/crb4h8bgybzr12g1ujen31nvhia272k6.jpg!/format/webp;https://images.xiecdn.com/bqgcd/hlur1qdu44cngmzpqp8rm2cuo1xm5ppn.jpg!/format/webp;https://images.xiecdn.com/bqgcd/90cph476u7b3431jfzeiqtb6ko7dm7uh.jpg!/format/webp;https://images.xiecdn.com/bqgcd/ke1ihib9mt1nkrhozr7jmvpl75ts584r.jpg!/format/webp","2519638","True","本地货号已存在","核验国际站状态"
"搜鞋网在线","T5503","2210994","【工厂】2025夏季新款镂空透气休闲情侣款","55.00","黑色;灰色;米白;粉色","35;36;37;38;39;40;41;42;43;44;45","2025年4月21日","https://bqgcd.sooxie.com/detail/2210994","https://images.xiecdn.com/bqgcd/y6e7a3irty7knvq1gfjyd5kqnsfdf16k.jpg!firstwebp","16","https://images.xiecdn.com/bqgcd/q3pxg6vnlcmyg0jcduh8f2orueje9db2.jpg!/format/webp;https://images.xiecdn.com/bqgcd/8ujk3f5m7kge56pu2d2wlciortl555ti.jpg!/format/webp;https://images.xiecdn.com/bqgcd/pynjhjr3u7a57211m9no2r4ojfypemy0.jpg!/format/webp;https://images.xiecdn.com/bqgcd/1crp5r5uzbzdr277qegc4oevrfs88je4.jpg!/format/webp;https://images.xiecdn.com/bqgcd/9dz12hme3i1u1v2cvbtqnjd9lzmjdimb.jpg!/format/webp;https://images.xiecdn.com/bqgcd/ae2bby0zzqdf3b7rpjvhrhusdz4xfzqk.jpg!/format/webp;https://images.xiecdn.com/bqgcd/k3j4to3sl5785pwccw5mpqwscorg3jud.jpg!/format/webp;https://images.xiecdn.com/bqgcd/fv8s26q23boz9n9cwn9r7ni66wagwojm.jpg!/format/webp;https://images.xiecdn.com/bqgcd/htegmodff7c9r1cunq3zxkq7ay068s9q.jpg!/format/webp;https://images.xiecdn.com/bqgcd/5fi4qwqwpg7usr6x9ua3m4elx892am79.jpg!/format/webp;https://images.xiecdn.com/bqgcd/nb39b7aj6ekp89hudgxjwjtv3pbifz08.jpg!/format/webp;https://images.xiecdn.com/bqgcd/aff3n0py08jphuc2q2lv3iicywofijyd.jpg!/format/webp;https://images.xiecdn.com/bqgcd/77s8lziyaezptpp93824xdo65jt9g26b.jpg!/format/webp;https://images.xiecdn.com/bqgcd/9bhnzrlrkiiz7bq69941xrp9ffp9vtob.jpg!/format/webp;https://images.xiecdn.com/bqgcd/aesa69doaskl30a1rfsaa0tncvo87n1q.jpg!/format/webp;https://images.xiecdn.com/bqgcd/aam8b67g4nfjmdrcu1sqcbkc841pg32m.jpg!/format/webp","2386254","False","待结构与图片去重","核验是否为独立鞋型或仅为配色/加绒/别名变体"
"搜鞋网在线","T5505","2202224","【工厂】2025新款一脚蹬套脚休闲健步鞋","53.00","黑色;灰色;棕色","35;36;37;38;39;40;41;42;43;44;45","2025年4月13日","https://bqgcd.sooxie.com/detail/2202224","https://images.xiecdn.com/bqgcd/zneh0y5zydohxj1uzqm522jsh8yc6irw.jpg!firstwebp","19","https://images.xiecdn.com/bqgcd/59koju9yqus4mphjlubb2xnbjzbbni4o.jpg!/format/webp;https://images.xiecdn.com/bqgcd/eu692tnaa0trkduwe7ajun1es2k0rg9w.jpg!/format/webp;https://images.xiecdn.com/bqgcd/g4aog2jh1gn2pa6zwhginj2p86t6t5jv.jpg!/format/webp;https://images.xiecdn.com/bqgcd/capbyvfkptq0fkdadddk646z3j75zn46.jpg!/format/webp;https://images.xiecdn.com/bqgcd/uiexuxbv6witx8ha7ag22f94uaixhc8n.jpg!/format/webp;https://images.xiecdn.com/bqgcd/r5fxvb4vmlj6h29uds9r04ys04swvbvj.jpg!/format/webp;https://images.xiecdn.com/bqgcd/85vih1a286sillb29jr445fxzjs8h8ju.jpg!/format/webp;https://images.xiecdn.com/bqgcd/gpdg5yv6jo0uvek73tjomn6k2feccshh.jpg!/format/webp;https://images.xiecdn.com/bqgcd/63sbp7b0poko9mn7qsiq0v02x0tuxu13.jpg!/format/webp;https://images.xiecdn.com/bqgcd/05ebgmtgudpju81udb0f7g5ub1j7mbo4.jpg!/format/webp;https://images.xiecdn.com/bqgcd/u9xx8ol98w3ll1t2zeaj4u7mq3wr5rgo.jpg!/format/webp;https://images.xiecdn.com/bqgcd/zebdq8dzri9yx98gl3yhb58hduikzedb.jpg!/format/webp;https://images.xiecdn.com/bqgcd/karqysd9jldbb5ppe8xojrd9om9lnb3n.jpg!/format/webp;https://images.xiecdn.com/bqgcd/2p2dvj38392403aahf74f7kg6p3bkvhb.jpg!/format/webp;https://images.xiecdn.com/bqgcd/5tfxj5jebnxr87fxyk3g47g9pmqwszw9.jpg!/format/webp;https://images.xiecdn.com/bqgcd/m22mchikaq9uax2ap4j72htnwecywolw.jpg!/format/webp;https://images.xiecdn.com/bqgcd/o0kadsssmz7s7xhena75bi9dmtrabbxq.jpg!/format/webp;https://images.xiecdn.com/bqgcd/dddg2tfg32yqy67ulig4b94ceuw818ev.jpg!/format/webp;https://images.xiecdn.com/bqgcd/l4rka4f0uvw5yjq1oe9l3eymtsbw36qr.jpg!/format/webp","2377029","False","待结构与图片去重","核验是否为独立鞋型或仅为配色/加绒/别名变体"
"搜鞋网在线","T55836","2189660","【工厂】2025新款一脚蹬套脚休闲男女健步鞋","53.00","黑色;灰色;枣红","35;36;37;38;39;40;41;42;43;44;45","2025年3月31日","https://bqgcd.sooxie.com/detail/2189660","https://images.xiecdn.com/bqgcd/2u140631vng8yykcxo311wrpc5h3z4fq.JPG!firstwebp","9","https://images.xiecdn.com/bqgcd/dnvrrwc2wo41jdy57sxsv63ea9uid81p.jpg!/format/webp;https://images.xiecdn.com/bqgcd/yau6gelb7gocq6wodjemlnrw2si09yj3.jpg!/format/webp;https://images.xiecdn.com/bqgcd/kfbdz6loxqtfffglqtqhfj10h2h8hg5m.jpg!/format/webp;https://images.xiecdn.com/bqgcd/wscatcnpaijbfegl54qo1k2cix03vujh.jpg!/format/webp;https://images.xiecdn.com/bqgcd/rqmuzzgt4o8ut047t5ms2b6sn7vgms3q.jpg!/format/webp;https://images.xiecdn.com/bqgcd/w7wvmdrdnfbtyk2dri6qk9sicw8vl9ph.jpg!/format/webp;https://images.xiecdn.com/bqgcd/u0kcxx1y6lhkgk91wrpxunb82h6byeg0.jpg!/format/webp;https://images.xiecdn.com/bqgcd/g7rabhnalyx2g7x1w1fmxum187vi1fq4.jpg!/format/webp;https://images.xiecdn.com/bqgcd/fd74bps5zx6pkd36x1znfivsvj7by579.jpg!/format/webp","2363849","True","本地货号已存在","核验国际站状态"
"搜鞋网在线","ZX2116","2514462","外贸速卖通跨境爆款宽头一脚蹬舒适大码板鞋【工厂直销】","55.00","全黑;黑白;绿色;灰色;米白","38;39;40;41;42;43;44;45;46;47","2026年7月27日","https://bqgcd.sooxie.com/detail/2514462","https://images.xiecdn.com/bqgcd/franaplv1lmmdneqsatzn6gblp3l1i4s.JPG!firstwebp","22","https://images.xiecdn.com/bqgcd/qr8o59vqliu39suok4fqh3zsch4bb4ju.jpg!/format/webp;https://images.xiecdn.com/bqgcd/aa4ucf7ruzk9u1ddr8a4duo17eca9ixv.jpg!/format/webp;https://images.xiecdn.com/bqgcd/22y0269a13wf7dy18523elzxxe1dsvtj.jpg!/format/webp;https://images.xiecdn.com/bqgcd/x9aiozpfnv6ctyzvrlyzfnhrp7nw5fgn.jpg!/format/webp;https://images.xiecdn.com/bqgcd/gz006j6935z2mvr8edgqcuit7ktphd1t.jpg!/format/webp;https://images.xiecdn.com/bqgcd/8am0bh8w92peenub9e3btcz47gl9lcbx.jpg!/format/webp;https://images.xiecdn.com/bqgcd/5770ltyqaorw6tema0inityfbv76v88k.jpg!/format/webp;https://images.xiecdn.com/bqgcd/hw4bacsk6odsynvsrf53qj8t2753nogl.jpg!/format/webp;https://images.xiecdn.com/bqgcd/h4gp5synglvvinfsbivg9tbk5apvinz3.jpg!/format/webp;https://images.xiecdn.com/bqgcd/uwwmpkym97viw1xza2f7kfkq2lae9u2k.jpg!/format/webp;https://images.xiecdn.com/bqgcd/l1ho4mlhbgusnrxteptrgbwguhcskwfx.jpg!/format/webp;https://images.xiecdn.com/bqgcd/8jdlzlr8u9bokom0x02b5owcew6s5qta.jpg!/format/webp;https://images.xiecdn.com/bqgcd/u9ccze0u219zu2mgibp6hri8sjnzju93.jpg!/format/webp;https://images.xiecdn.com/bqgcd/vv5x1myiz0163tbxq9cfpuwkttvlw9wg.jpg!/format/webp;https://images.xiecdn.com/bqgcd/yuens72cdiitg6yn9ewdrs41ln1cyrx1.jpg!/format/webp;https://images.xiecdn.com/bqgcd/dn3h4kjvukupu6f83fvkm1m6vrecuqgb.jpg!/format/webp;https://images.xiecdn.com/bqgcd/z9mbar164kqiblpbjswq0xc90raixnzz.jpg!/format/webp;https://images.xiecdn.com/bqgcd/pgydyyyvkavoe7ksmceayuxuuigcjo9w.jpg!/format/webp;https://images.xiecdn.com/bqgcd/quye9u4s6i840l755geukzusxdkdhm1w.jpg!/format/webp;https://images.xiecdn.com/bqgcd/onn5q8wlry6kvm13m07131jddbiiizx2.jpg!/format/webp;https://images.xiecdn.com/bqgcd/9xxg5olm7stt1l1oeev1idb1n3t8qi5n.jpg!/format/webp;https://images.xiecdn.com/bqgcd/xujqh8fwa45verpw6b76z2cfwk9o93cz.jpg!/format/webp","2707112","True","本地货号已存在","核验国际站状态"
"搜鞋网在线","ZX2212","2517215","外贸速卖通跨境爆款宽头一脚蹬舒适大码休闲鞋【工厂】","55.00","杏色;蓝色;白色;灰色;黑白;全黑","38;39;40;41;42;43;44;45;46;47","2026年8月2日","https://bqgcd.sooxie.com/detail/2517215","https://images.xiecdn.com/bqgcd/j1svd4db2rb1zrp4klo12wxgwuu4zif6.jpg!firstwebp","19","https://images.xiecdn.com/bqgcd/td22pqoq2n4vfh11z6slcrwvsg19avg8.jpg!/format/webp;https://images.xiecdn.com/bqgcd/c7e271e5lpwf6z9lrsq45bxqo1py98vp.jpg!/format/webp;https://images.xiecdn.com/bqgcd/vgphxg2n75hunpnnearm2sdxipj6hgve.JPG!/format/webp;https://images.xiecdn.com/bqgcd/aa7ajaopvnq23e71pkkyj4ahfclpwmu4.jpg!/format/webp;https://images.xiecdn.com/bqgcd/gkx4g9yweekg6iu9x3xhi9pi3hwr80vg.jpg!/format/webp;https://images.xiecdn.com/bqgcd/7m8zbs5kibp0krp7oqx8mvq70aotpr1e.jpg!/format/webp;https://images.xiecdn.com/bqgcd/07s81p6w5jf5cgvy98xnt14yaukh94xx.jpg!/format/webp;https://images.xiecdn.com/bqgcd/n7tp7tak7w7vtp2ahfivv8p8e3ct83at.jpg!/format/webp;https://images.xiecdn.com/bqgcd/567wckiz1d6r3ykpjlkx2x1iyddxfmy4.jpg!/format/webp;https://images.xiecdn.com/bqgcd/szt2jhajmcyu4bbk6f0lv15qik5eae1f.jpg!/format/webp;https://images.xiecdn.com/bqgcd/fqzdxl9rz9eestmm6kzktrf79486rvcb.jpg!/format/webp;https://images.xiecdn.com/bqgcd/ir7aimofam4ddih66t1krmj7pwx2odg5.jpg!/format/webp;https://images.xiecdn.com/bqgcd/eszakwuvhodizioop6za9uedvb5jh1fx.jpg!/format/webp;https://images.xiecdn.com/bqgcd/p9m418sa2z69buw2hjp220glzfsdch5x.jpg!/format/webp;https://images.xiecdn.com/bqgcd/cl7otp0mqocsy03mdo2anj4esbyjt4l9.jpg!/format/webp;https://images.xiecdn.com/bqgcd/t5ymbvfgxom912mmh6qzwca254qslz2b.jpg!/format/webp;https://images.xiecdn.com/bqgcd/dke2yc9cv36t80u7kcxijlwff1g98y0d.jpg!/format/webp;https://images.xiecdn.com/bqgcd/ysvg9o3dnxdv6zizz7mjk3w26cus6h5d.jpg!/format/webp;https://images.xiecdn.com/bqgcd/e8a0b8278rb7md1iyl58aiedzcze2kzv.jpg!/format/webp","2709634","False","待结构与图片去重","核验是否为独立鞋型或仅为配色/加绒/别名变体"
